purchase_id,purchase_date,category,product_name,amount,channel,store_name,customer_id,customer_last_name,gender,age,prefecture,register_date,total_purchases,total_spent,customer_segment,is_first_purchase,days_since_last_in_category
PR0000004,2025-05-19,PC・タブレット,ノートPC 15型,117191,店舗,横浜駅前店,C00001,田中,男,55,神奈川県,2024-08-13,5,979774,VIP,False,
PR0000005,2025-06-04,エアコン,エアコン 14畳用,245112,EC,,C00001,田中,男,55,神奈川県,2024-08-13,5,979774,VIP,False,
PR0000003,2025-01-26,カメラ・ビデオ,ドローン,138878,店舗,新宿店,C00001,田中,男,55,神奈川県,2024-08-13,5,979774,VIP,False,
PR0000002,2025-07-27,スマートフォン,スタンダード 128GB,170748,EC,,C00001,田中,男,55,神奈川県,2024-08-13,5,979774,VIP,False,
PR0000001,2024-10-06,洗濯機,コンパクト洗濯機,307845,EC,,C00001,田中,男,55,神奈川県,2024-08-13,5,979774,VIP,True,
PR0000007,2025-04-29,テレビ,有機EL 55型,57733,店舗,秋葉原店,C00002,前田,女,51,広島県,2021-09-10,3,331219,Loyal,False,
PR0000006,2024-07-24,洗濯機,ドラム式洗濯機,230292,店舗,札幌駅前店,C00002,前田,女,51,広島県,2021-09-10,3,331219,Loyal,True,
PR0000008,2025-02-22,美容家電・小物,ヘアアイロン,43194,店舗,秋葉原店,C00002,前田,女,51,広島県,2021-09-10,3,331219,Loyal,False,
PR0000011,2025-12-31,エアコン,エアコン 10畳用,170287,店舗,大阪梅田店,C00003,高橋,女,39,広島県,2022-03-10,3,583871,Loyal,False,
PR0000009,2023-08-04,オーディオ,ホームオーディオ,184006,店舗,名古屋栄店,C00003,高橋,女,39,広島県,2022-03-10,3,583871,Loyal,True,
PR0000010,2025-03-10,テレビ,有機EL 55型,229578,店舗,大阪梅田店,C00003,高橋,女,39,広島県,2022-03-10,3,583871,Loyal,False,
PR0000014,2025-06-30,カメラ・ビデオ,交換レンズ,162137,EC,,C00004,山本,男,53,大阪府,2023-06-27,3,360003,Loyal,False,
PR0000013,2025-06-06,テレビ,有機EL 75型,169122,EC,,C00004,山本,男,53,大阪府,2023-06-27,3,360003,Loyal,True,
PR0000012,2025-07-13,美容家電・小物,ヘアアイロン,28744,EC,,C00004,山本,男,53,大阪府,2023-06-27,3,360003,Loyal,False,
PR0000016,2025-07-22,スマートフォン,Pro モデル 512GB,177992,EC,,C00005,山本,女,52,広島県,2025-04-08,2,419662,Regular,True,
PR0000015,2025-09-06,テレビ,4K テレビ 50型,241670,店舗,福岡天神店,C00005,山本,女,52,広島県,2025-04-08,2,419662,Regular,False,
PR0000017,2025-03-07,カメラ・ビデオ,アクションカメラ,211232,店舗,名古屋栄店,C00006,山田,男,49,東京都,2023-07-12,2,290160,Regular,False,
PR0000018,2024-08-28,ゲーム・玩具,ゲームソフト,78928,店舗,名古屋栄店,C00006,山田,男,49,東京都,2023-07-12,2,290160,Regular,True,
PR0000019,2025-04-01,ゲーム・玩具,ゲームソフト,70971,店舗,横浜駅前店,C00007,鈴木,男,32,北海道,2023-07-11,2,111418,Regular,False,
PR0000020,2025-03-11,美容家電・小物,電気シェーバー,40447,店舗,新宿店,C00007,鈴木,男,32,北海道,2023-07-11,2,111418,Regular,True,
PR0000022,2026-02-11,PC・タブレット,ノートPC 13型,234197,店舗,福岡天神店,C00008,石川,男,57,愛知県,2026-01-17,3,702087,Loyal,True,
PR0000021,2026-03-30,スマートフォン,Pro モデル 512GB,123201,店舗,渋谷店,C00008,石川,男,57,愛知県,2026-01-17,3,702087,Loyal,False,
PR0000023,2026-02-26,洗濯機,全自動 8kg,344689,店舗,大阪梅田店,C00008,石川,男,57,愛知県,2026-01-17,3,702087,Loyal,False,
PR0000024,2023-10-17,スマートフォン,ミドルレンジ機種,60805,店舗,渋谷店,C00009,渡辺,女,53,大阪府,2023-03-19,1,60805,Inactive,True,
PR0000025,2026-03-17,PC・タブレット,ノートPC 15型,322922,EC,,C00010,佐藤,女,38,愛知県,2025-10-12,2,391125,Regular,False,
PR0000026,2026-03-03,美容家電・小物,マッサージガン,68203,店舗,池袋店,C00010,佐藤,女,38,愛知県,2025-10-12,2,391125,Regular,True,
PR0000030,2021-09-12,エアコン,エアコン 18畳用,174097,店舗,秋葉原店,C00011,加藤,女,22,兵庫県,2021-09-02,5,415402,Loyal,True,
PR0000031,2022-05-22,オーディオ,Bluetoothスピーカー,45008,店舗,新宿店,C00011,加藤,女,22,兵庫県,2021-09-02,5,415402,Loyal,False,
PR0000027,2024-12-07,ゲーム・玩具,携帯ゲーム機,62218,EC,,C00011,加藤,女,22,兵庫県,2021-09-02,5,415402,Loyal,False,
PR0000028,2022-10-01,美容家電・小物,美顔器,61021,EC,,C00011,加藤,女,22,兵庫県,2021-09-02,5,415402,Loyal,False,
PR0000029,2025-02-20,美容家電・小物,美顔器,73058,店舗,渋谷店,C00011,加藤,女,22,兵庫県,2021-09-02,5,415402,Loyal,False,873
PR0000036,2025-04-13,PC・タブレット,ノートPC 13型,62604,EC,,C00012,村上,女,42,愛知県,2023-05-29,5,854693,VIP,False,
PR0000033,2024-10-13,ゲーム・玩具,ゲームソフト,15008,EC,,C00012,村上,女,42,愛知県,2023-05-29,5,854693,VIP,False,
PR0000035,2025-10-02,テレビ,4K テレビ 50型,438848,EC,,C00012,村上,女,42,愛知県,2023-05-29,5,854693,VIP,False,
PR0000034,2023-12-29,洗濯機,全自動 8kg,330949,EC,,C00012,村上,女,42,愛知県,2023-05-29,5,854693,VIP,True,
PR0000032,2024-03-22,美容家電・小物,ヘアアイロン,7284,EC,,C00012,村上,女,42,愛知県,2023-05-29,5,854693,VIP,False,
PR0000038,2025-05-08,スマートフォン,ミドルレンジ機種,46038,EC,,C00013,佐々木,女,41,北海道,2021-08-28,2,61143,Regular,False,
PR0000037,2024-07-05,美容家電・小物,マッサージガン,15105,店舗,渋谷店,C00013,佐々木,女,41,北海道,2021-08-28,2,61143,Regular,True,
PR0000040,2023-04-19,カメラ・ビデオ,アクションカメラ,281620,EC,,C00015,山本,男,49,東京都,2021-08-25,2,290486,Inactive,False,
PR0000039,2022-07-31,ゲーム・玩具,VR ゴーグル,8866,EC,,C00015,山本,男,49,東京都,2021-08-25,2,290486,Inactive,True,
PR0000042,2024-11-02,スマートフォン,スタンダード 128GB,162462,店舗,秋葉原店,C00016,遠藤,男,39,千葉県,2022-08-16,2,505098,Regular,False,
PR0000041,2023-02-07,冷蔵庫,フレンチドア 700L,342636,店舗,福岡天神店,C00016,遠藤,男,39,千葉県,2022-08-16,2,505098,Regular,True,
PR0000043,2025-07-17,スマートフォン,スタンダード 128GB,60459,店舗,大阪梅田店,C00017,佐々木,男,38,神奈川県,2022-08-10,2,161128,Regular,False,
PR0000044,2022-11-25,冷蔵庫,冷蔵庫 400L,100669,EC,,C00017,佐々木,男,38,神奈川県,2022-08-10,2,161128,Regular,True,
PR0000045,2022-11-07,PC・タブレット,ノートPC 15型,65047,EC,,C00018,前田,男,34,東京都,2022-09-30,3,367428,Loyal,True,
PR0000046,2025-09-06,エアコン,エアコン 6畳用,280236,EC,,C00018,前田,男,34,東京都,2022-09-30,3,367428,Loyal,False,
PR0000047,2023-05-22,ゲーム・玩具,ゲームソフト,22145,EC,,C00018,前田,男,34,東京都,2022-09-30,3,367428,Loyal,False,
PR0000048,2022-02-21,テレビ,有機EL 55型,100036,EC,,C00019,村上,女,51,福岡県,2021-06-19,2,553882,Regular,True,
PR0000049,2025-05-04,冷蔵庫,コンパクト冷蔵庫,453846,店舗,渋谷店,C00019,村上,女,51,福岡県,2021-06-19,2,553882,Regular,False,
PR0000050,2026-02-03,スマートフォン,スタンダード 128GB,66977,店舗,福岡天神店,C00020,近藤,女,63,福岡県,2022-11-14,2,356518,Regular,True,
PR0000051,2026-03-30,テレビ,プロジェクター,289541,店舗,渋谷店,C00020,近藤,女,63,福岡県,2022-11-14,2,356518,Regular,False,
PR0000052,2025-09-01,PC・タブレット,ゲーミングPC,216091,店舗,池袋店,C00021,井上,女,25,東京都,2021-11-03,2,381415,Regular,False,
PR0000053,2022-11-20,テレビ,4K テレビ 65型,165324,店舗,大阪梅田店,C00021,井上,女,25,東京都,2021-11-03,2,381415,Regular,True,
PR0000054,2023-12-06,スマートフォン,ミドルレンジ機種,84710,店舗,福岡天神店,C00022,中村,男,54,千葉県,2023-08-30,2,128844,Inactive,True,
PR0000055,2024-01-25,美容家電・小物,電動歯ブラシ,44134,店舗,名古屋栄店,C00022,中村,男,54,千葉県,2023-08-30,2,128844,Inactive,False,
PR0000056,2023-12-28,テレビ,有機EL 75型,273988,EC,,C00023,山田,女,22,千葉県,2023-09-11,1,273988,Inactive,True,
PR0000058,2024-04-11,PC・タブレット,ゲーミングPC,219747,店舗,名古屋栄店,C00024,中村,女,45,宮城県,2023-12-28,5,696042,VIP,True,
PR0000060,2024-09-14,エアコン,業務用エアコン,180721,店舗,横浜駅前店,C00024,中村,女,45,宮城県,2023-12-28,5,696042,VIP,False,
PR0000059,2024-12-04,オーディオ,Bluetoothスピーカー,115320,EC,,C00024,中村,女,45,宮城県,2023-12-28,5,696042,VIP,False,
PR0000061,2024-09-17,冷蔵庫,冷蔵庫 500L,158947,店舗,天王寺店,C00024,中村,女,45,宮城県,2023-12-28,5,696042,VIP,False,
PR0000057,2025-11-21,美容家電・小物,ヘアアイロン,21307,店舗,名古屋栄店,C00024,中村,女,45,宮城県,2023-12-28,5,696042,VIP,False,
PR0000064,2024-02-19,エアコン,エアコン 14畳用,232825,店舗,池袋店,C00025,清水,女,47,京都府,2021-10-04,4,637937,Loyal,False,
PR0000062,2022-02-15,ゲーム・玩具,VR ゴーグル,48072,店舗,渋谷店,C00025,清水,女,47,京都府,2021-10-04,4,637937,Loyal,True,
PR0000063,2026-02-19,ゲーム・玩具,ゲームソフト,10444,店舗,札幌駅前店,C00025,清水,女,47,京都府,2021-10-04,4,637937,Loyal,False,1465
PR0000065,2026-01-24,洗濯機,乾燥機能付き 10kg,346596,店舗,横浜駅前店,C00025,清水,女,47,京都府,2021-10-04,4,637937,Loyal,False,
PR0000070,2023-09-17,PC・タブレット,タブレット 10型,215324,EC,,C00026,青木,男,49,広島県,2022-08-22,5,689952,VIP,False,
PR0000068,2025-12-19,オーディオ,ターンテーブル,47746,EC,,C00026,青木,男,49,広島県,2022-08-22,5,689952,VIP,False,
PR0000067,2024-01-20,ゲーム・玩具,ボードゲーム,66220,EC,,C00026,青木,男,49,広島県,2022-08-22,5,689952,VIP,False,
PR0000069,2023-08-22,冷蔵庫,冷蔵庫 500L,338126,EC,,C00026,青木,男,49,広島県,2022-08-22,5,689952,VIP,True,
PR0000066,2025-04-15,美容家電・小物,美顔器,22536,EC,,C00026,青木,男,49,広島県,2022-08-22,5,689952,VIP,False,
PR0000071,2026-01-18,テレビ,4K テレビ 50型,226316,店舗,池袋店,C00027,伊藤,男,43,兵庫県,2025-06-10,2,394847,Regular,True,
PR0000072,2026-03-12,洗濯機,乾燥機能付き 10kg,168531,EC,,C00027,伊藤,男,43,兵庫県,2025-06-10,2,394847,Regular,False,
PR0000078,2024-01-01,PC・タブレット,ノートPC 15型,55081,店舗,名古屋栄店,C00028,加藤,男,39,東京都,2022-03-06,7,955792,VIP,False,
PR0000075,2022-03-17,エアコン,エアコン 14畳用,370081,店舗,池袋店,C00028,加藤,男,39,東京都,2022-03-06,7,955792,VIP,True,
PR0000079,2024-10-21,カメラ・ビデオ,アクションカメラ,299563,店舗,秋葉原店,C00028,加藤,男,39,東京都,2022-03-06,7,955792,VIP,False,
PR0000073,2024-03-05,スマートフォン,コンパクトモデル,45279,店舗,池袋店,C00028,加藤,男,39,東京都,2022-03-06,7,955792,VIP,False,
PR0000074,2026-03-03,スマートフォン,最新スマホ 256GB,98332,店舗,札幌駅前店,C00028,加藤,男,39,東京都,2022-03-06,7,955792,VIP,False,728
PR0000076,2022-04-03,美容家電・小物,ドライヤー,36835,店舗,池袋店,C00028,加藤,男,39,東京都,2022-03-06,7,955792,VIP,False,
PR0000077,2024-09-20,美容家電・小物,マッサージガン,50621,店舗,渋谷店,C00028,加藤,男,39,東京都,2022-03-06,7,955792,VIP,False,901
PR0000082,2024-08-28,PC・タブレット,タブレット 10型,83788,EC,,C00029,中村,男,51,福岡県,2024-07-15,3,628836,Loyal,True,
PR0000081,2024-10-24,スマートフォン,ハイエンド 1TB,116800,EC,,C00029,中村,男,51,福岡県,2024-07-15,3,628836,Loyal,False,
PR0000080,2026-01-08,冷蔵庫,フレンチドア 700L,428248,店舗,福岡天神店,C00029,中村,男,51,福岡県,2024-07-15,3,628836,Loyal,False,
PR0000083,2025-07-19,オーディオ,ワイヤレスイヤホン,108426,EC,,C00030,山崎,男,67,埼玉県,2022-08-12,2,304484,Regular,True,
PR0000084,2026-01-24,スマートフォン,コンパクトモデル,196058,店舗,福岡天神店,C00030,山崎,男,67,埼玉県,2022-08-12,2,304484,Regular,False,
PR0000085,2021-11-30,洗濯機,全自動 8kg,225597,店舗,名古屋栄店,C00031,田中,男,51,宮城県,2021-09-22,1,225597,Inactive,True,
PR0000087,2026-03-10,PC・タブレット,ノートPC 13型,61735,EC,,C00032,坂本,女,40,北海道,2025-03-28,4,427814,Loyal,False,
PR0000089,2025-08-06,オーディオ,Bluetoothスピーカー,106251,EC,,C00032,坂本,女,40,北海道,2025-03-28,4,427814,Loyal,False,
PR0000086,2025-04-22,洗濯機,乾燥機能付き 10kg,251222,店舗,札幌駅前店,C00032,坂本,女,40,北海道,2025-03-28,4,427814,Loyal,True,
PR0000088,2025-09-04,美容家電・小物,電気シェーバー,8606,EC,,C00032,坂本,女,40,北海道,2025-03-28,4,427814,Loyal,False,
PR0000091,2024-03-15,PC・タブレット,ゲーミングPC,140178,店舗,大阪梅田店,C00033,加藤,男,22,神奈川県,2023-04-06,3,167098,Regular,False,
PR0000092,2023-09-24,ゲーム・玩具,携帯ゲーム機,12882,店舗,秋葉原店,C00033,加藤,男,22,神奈川県,2023-04-06,3,167098,Regular,True,
PR0000090,2024-05-18,美容家電・小物,ドライヤー,14038,店舗,秋葉原店,C00033,加藤,男,22,神奈川県,2023-04-06,3,167098,Regular,False,
PR0000094,2026-01-28,テレビ,スマートテレビ 43型,303266,店舗,秋葉原店,C00034,松本,男,53,兵庫県,2024-12-20,2,689575,Regular,True,
PR0000093,2026-03-13,冷蔵庫,コンパクト冷蔵庫,386309,EC,,C00034,松本,男,53,兵庫県,2024-12-20,2,689575,Regular,False,
PR0000096,2023-11-04,スマートフォン,ミドルレンジ機種,134601,店舗,渋谷店,C00035,小林,男,45,東京都,2022-08-22,3,667269,Loyal,True,
PR0000097,2026-02-02,スマートフォン,最新スマホ 256GB,80712,店舗,天王寺店,C00035,小林,男,45,東京都,2022-08-22,3,667269,Loyal,False,821
PR0000095,2024-08-06,冷蔵庫,コンパクト冷蔵庫,451956,店舗,横浜駅前店,C00035,小林,男,45,東京都,2022-08-22,3,667269,Loyal,False,
PR0000098,2026-03-19,エアコン,業務用エアコン,371968,店舗,渋谷店,C00036,中島,女,70,神奈川県,2023-10-11,5,901085,VIP,False,
PR0000100,2024-03-15,オーディオ,ワイヤレスイヤホン,47513,店舗,名古屋栄店,C00036,中島,女,70,神奈川県,2023-10-11,5,901085,VIP,False,
PR0000101,2023-11-03,冷蔵庫,冷蔵庫 500L,184655,店舗,新宿店,C00036,中島,女,70,神奈川県,2023-10-11,5,901085,VIP,True,
PR0000099,2023-11-04,洗濯機,縦型洗濯機,231251,店舗,天王寺店,C00036,中島,女,70,神奈川県,2023-10-11,5,901085,VIP,False,
PR0000102,2026-01-26,美容家電・小物,電気シェーバー,65698,店舗,名古屋栄店,C00036,中島,女,70,神奈川県,2023-10-11,5,901085,VIP,False,
PR0000103,2025-05-12,テレビ,スマートテレビ 43型,163347,EC,,C00037,石井,男,49,神奈川県,2023-12-24,2,499342,Regular,False,
PR0000104,2024-11-15,洗濯機,全自動 8kg,335995,EC,,C00037,石井,男,49,神奈川県,2023-12-24,2,499342,Regular,True,
PR0000106,2025-09-28,PC・タブレット,ノートPC 13型,261232,店舗,札幌駅前店,C00038,山崎,男,36,北海道,2025-01-17,3,479499,Loyal,False,
PR0000107,2025-04-08,オーディオ,ヘッドホン,77991,店舗,天王寺店,C00038,山崎,男,36,北海道,2025-01-17,3,479499,Loyal,True,
PR0000105,2025-04-11,テレビ,4K テレビ 50型,140276,店舗,新宿店,C00038,山崎,男,36,北海道,2025-01-17,3,479499,Loyal,False,
PR0000109,2023-02-22,エアコン,エアコン 14畳用,167324,店舗,池袋店,C00039,小川,女,48,北海道,2022-07-22,2,242371,Inactive,True,
PR0000108,2023-11-19,スマートフォン,ミドルレンジ機種,75047,店舗,池袋店,C00039,小川,女,48,北海道,2022-07-22,2,242371,Inactive,False,
PR0000111,2026-01-21,PC・タブレット,ノートPC 13型,114459,店舗,福岡天神店,C00040,山本,男,65,大阪府,2025-11-01,2,188773,Regular,True,
PR0000110,2026-02-25,ゲーム・玩具,携帯ゲーム機,74314,EC,,C00040,山本,男,65,大阪府,2025-11-01,2,188773,Regular,False,
PR0000112,2021-12-19,オーディオ,ターンテーブル,41830,EC,,C00041,山下,女,56,愛知県,2021-10-27,1,41830,Inactive,True,
PR0000113,2025-12-09,PC・タブレット,ノートPC 15型,334932,EC,,C00042,伊藤,女,63,東京都,2023-05-02,1,334932,Light,True,
PR0000115,2023-07-23,スマートフォン,最新スマホ 256GB,172710,EC,,C00043,佐藤,女,48,福岡県,2021-10-13,2,469307,Inactive,False,
PR0000114,2022-01-12,洗濯機,縦型洗濯機,296597,店舗,名古屋栄店,C00043,佐藤,女,48,福岡県,2021-10-13,2,469307,Inactive,True,
PR0000120,2025-04-06,オーディオ,ホームオーディオ,188871,店舗,池袋店,C00044,山田,女,46,北海道,2024-07-15,5,1035320,VIP,False,
PR0000117,2025-07-16,スマートフォン,最新スマホ 256GB,77269,店舗,渋谷店,C00044,山田,女,46,北海道,2024-07-15,5,1035320,VIP,False,
PR0000118,2024-12-26,テレビ,4K テレビ 50型,453621,店舗,大阪梅田店,C00044,山田,女,46,北海道,2024-07-15,5,1035320,VIP,False,
PR0000119,2025-03-13,冷蔵庫,冷蔵庫 400L,258016,店舗,大阪梅田店,C00044,山田,女,46,北海道,2024-07-15,5,1035320,VIP,False,
PR0000116,2024-07-28,美容家電・小物,電動歯ブラシ,57543,店舗,福岡天神店,C00044,山田,女,46,北海道,2024-07-15,5,1035320,VIP,True,
PR0000121,2025-04-07,スマートフォン,Pro モデル 512GB,189310,店舗,新宿店,C00045,村上,男,56,広島県,2024-03-05,1,189310,Light,True,
PR0000123,2025-07-13,スマートフォン,ミドルレンジ機種,45567,店舗,新宿店,C00046,藤田,女,47,兵庫県,2025-03-17,2,62420,Regular,True,
PR0000122,2025-11-25,美容家電・小物,マッサージガン,16853,店舗,横浜駅前店,C00046,藤田,女,47,兵庫県,2025-03-17,2,62420,Regular,False,
PR0000126,2025-09-17,エアコン,業務用エアコン,352229,店舗,横浜駅前店,C00047,中島,女,46,神奈川県,2025-05-12,3,497735,Loyal,False,
PR0000125,2026-02-20,テレビ,プロジェクター,131139,店舗,渋谷店,C00047,中島,女,46,神奈川県,2025-05-12,3,497735,Loyal,False,
PR0000124,2025-07-09,美容家電・小物,美顔器,14367,EC,,C00047,中島,女,46,神奈川県,2025-05-12,3,497735,Loyal,True,
PR0000131,2024-04-03,PC・タブレット,ゲーミングPC,301371,EC,,C00048,中村,女,30,東京都,2022-04-22,9,1533726,VIP,False,
PR0000130,2025-01-14,エアコン,エアコン 18畳用,363175,店舗,新宿店,C00048,中村,女,30,東京都,2022-04-22,9,1533726,VIP,False,
PR0000133,2025-03-03,オーディオ,ターンテーブル,157628,店舗,天王寺店,C00048,中村,女,30,東京都,2022-04-22,9,1533726,VIP,False,
PR0000134,2024-01-08,カメラ・ビデオ,交換レンズ,231195,EC,,C00048,中村,女,30,東京都,2022-04-22,9,1533726,VIP,False,
PR0000135,2023-01-16,ゲーム・玩具,コントローラ,34558,店舗,渋谷店,C00048,中村,女,30,東京都,2022-04-22,9,1533726,VIP,True,
PR0000129,2025-08-04,スマートフォン,Pro モデル 512GB,32462,EC,,C00048,中村,女,30,東京都,2022-04-22,9,1533726,VIP,False,
PR0000132,2024-08-22,テレビ,4K テレビ 65型,360029,EC,,C00048,中村,女,30,東京都,2022-04-22,9,1533726,VIP,False,
PR0000127,2023-04-01,美容家電・小物,電気シェーバー,37052,店舗,新宿店,C00048,中村,女,30,東京都,2022-04-22,9,1533726,VIP,False,
PR0000128,2025-05-03,美容家電・小物,電動歯ブラシ,16256,EC,,C00048,中村,女,30,東京都,2022-04-22,9,1533726,VIP,False,763
PR0000136,2025-01-23,PC・タブレット,ノートPC 13型,230546,EC,,C00049,加藤,男,24,福岡県,2024-08-18,1,230546,Light,True,
PR0000139,2026-02-07,PC・タブレット,ノートPC 15型,152950,店舗,名古屋栄店,C00050,渡辺,男,74,愛知県,2025-10-29,3,757109,Loyal,False,
PR0000137,2025-11-30,カメラ・ビデオ,コンパクトデジカメ,136540,店舗,札幌駅前店,C00050,渡辺,男,74,愛知県,2025-10-29,3,757109,Loyal,True,
PR0000138,2026-01-21,テレビ,スマートテレビ 43型,467619,店舗,札幌駅前店,C00050,渡辺,男,74,愛知県,2025-10-29,3,757109,Loyal,False,
PR0000143,2023-03-01,PC・タブレット,2-in-1 PC,98342,店舗,横浜駅前店,C00051,山本,男,22,北海道,2022-10-12,6,676991,VIP,False,
PR0000145,2025-03-24,オーディオ,サウンドバー,80910,店舗,大阪梅田店,C00051,山本,男,22,北海道,2022-10-12,6,676991,VIP,False,
PR0000141,2024-09-21,カメラ・ビデオ,コンパクトデジカメ,69177,EC,,C00051,山本,男,22,北海道,2022-10-12,6,676991,VIP,False,
PR0000142,2022-10-13,ゲーム・玩具,VR ゴーグル,23585,店舗,札幌駅前店,C00051,山本,男,22,北海道,2022-10-12,6,676991,VIP,True,
PR0000140,2024-02-24,スマートフォン,最新スマホ 256GB,96947,店舗,渋谷店,C00051,山本,男,22,北海道,2022-10-12,6,676991,VIP,False,
PR0000144,2024-07-23,テレビ,プロジェクター,308030,店舗,名古屋栄店,C00051,山本,男,22,北海道,2022-10-12,6,676991,VIP,False,
PR0000146,2025-06-29,エアコン,エアコン 10畳用,193318,店舗,名古屋栄店,C00052,斎藤,男,75,北海道,2025-02-25,3,334452,Loyal,False,
PR0000148,2025-03-10,オーディオ,Bluetoothスピーカー,91256,店舗,池袋店,C00052,斎藤,男,75,北海道,2025-02-25,3,334452,Loyal,True,
PR0000147,2025-10-10,ゲーム・玩具,据置型ゲーム機,49878,EC,,C00052,斎藤,男,75,北海道,2025-02-25,3,334452,Loyal,False,
PR0000152,2024-10-28,PC・タブレット,2-in-1 PC,68704,EC,,C00053,吉田,男,33,大阪府,2023-08-21,6,789846,VIP,False,
PR0000154,2024-02-03,カメラ・ビデオ,交換レンズ,186678,店舗,天王寺店,C00053,吉田,男,33,大阪府,2023-08-21,6,789846,VIP,True,
PR0000149,2024-03-17,スマートフォン,コンパクトモデル,150239,店舗,札幌駅前店,C00053,吉田,男,33,大阪府,2023-08-21,6,789846,VIP,False,
PR0000150,2026-03-06,スマートフォン,ミドルレンジ機種,195297,EC,,C00053,吉田,男,33,大阪府,2023-08-21,6,789846,VIP,False,719
PR0000153,2025-09-01,冷蔵庫,冷蔵庫 500L,116626,店舗,天王寺店,C00053,吉田,男,33,大阪府,2023-08-21,6,789846,VIP,False,
PR0000151,2026-01-15,美容家電・小物,電気シェーバー,72302,店舗,福岡天神店,C00053,吉田,男,33,大阪府,2023-08-21,6,789846,VIP,False,
PR0000158,2023-10-22,PC・タブレット,タブレット 10型,79042,店舗,秋葉原店,C00054,藤田,女,64,京都府,2022-05-28,4,399659,Loyal,False,
PR0000156,2024-06-06,エアコン,エアコン 10畳用,152953,店舗,横浜駅前店,C00054,藤田,女,64,京都府,2022-05-28,4,399659,Loyal,False,
PR0000157,2022-07-12,洗濯機,乾燥機能付き 10kg,131495,店舗,名古屋栄店,C00054,藤田,女,64,京都府,2022-05-28,4,399659,Loyal,True,
PR0000155,2023-09-11,美容家電・小物,ドライヤー,36169,店舗,大阪梅田店,C00054,藤田,女,64,京都府,2022-05-28,4,399659,Loyal,False,
PR0000166,2024-12-02,PC・タブレット,2-in-1 PC,64094,店舗,札幌駅前店,C00055,前田,女,40,兵庫県,2024-05-06,8,772323,VIP,False,
PR0000161,2025-10-11,エアコン,業務用エアコン,90277,EC,,C00055,前田,女,40,兵庫県,2024-05-06,8,772323,VIP,False,
PR0000164,2025-07-09,オーディオ,サウンドバー,160962,店舗,天王寺店,C00055,前田,女,40,兵庫県,2024-05-06,8,772323,VIP,False,
PR0000162,2024-06-08,カメラ・ビデオ,ミラーレス一眼,69548,店舗,横浜駅前店,C00055,前田,女,40,兵庫県,2024-05-06,8,772323,VIP,True,
PR0000165,2026-03-29,ゲーム・玩具,VR ゴーグル,18047,店舗,横浜駅前店,C00055,前田,女,40,兵庫県,2024-05-06,8,772323,VIP,False,
PR0000163,2025-09-30,スマートフォン,Pro モデル 512GB,57344,店舗,横浜駅前店,C00055,前田,女,40,兵庫県,2024-05-06,8,772323,VIP,False,
PR0000160,2026-03-04,洗濯機,乾燥機能付き 10kg,256437,店舗,新宿店,C00055,前田,女,40,兵庫県,2024-05-06,8,772323,VIP,False,
PR0000159,2025-05-07,美容家電・小物,ドライヤー,55614,店舗,横浜駅前店,C00055,前田,女,40,兵庫県,2024-05-06,8,772323,VIP,False,
PR0000167,2025-04-22,スマートフォン,コンパクトモデル,85422,EC,,C00056,森,女,66,愛知県,2022-09-23,3,203775,Loyal,False,
PR0000169,2024-07-08,テレビ,プロジェクター,102050,店舗,名古屋栄店,C00056,森,女,66,愛知県,2022-09-23,3,203775,Loyal,True,
PR0000168,2025-01-16,美容家電・小物,ヘアアイロン,16303,EC,,C00056,森,女,66,愛知県,2022-09-23,3,203775,Loyal,False,
PR0000171,2024-05-30,スマートフォン,最新スマホ 256GB,141988,EC,,C00057,坂本,男,33,千葉県,2022-06-05,2,377727,Regular,False,
PR0000170,2023-01-25,テレビ,有機EL 75型,235739,EC,,C00057,坂本,男,33,千葉県,2022-06-05,2,377727,Regular,True,
PR0000172,2022-12-14,冷蔵庫,コンパクト冷蔵庫,380491,EC,,C00058,石川,男,54,福岡県,2022-11-06,1,380491,Inactive,True,
PR0000173,2026-01-15,スマートフォン,最新スマホ 256GB,174633,EC,,C00059,松本,女,34,神奈川県,2025-05-10,3,693383,Loyal,False,
PR0000175,2025-11-22,冷蔵庫,冷蔵庫 400L,470900,店舗,天王寺店,C00059,松本,女,34,神奈川県,2025-05-10,3,693383,Loyal,False,
PR0000174,2025-08-18,美容家電・小物,電動歯ブラシ,47850,EC,,C00059,松本,女,34,神奈川県,2025-05-10,3,693383,Loyal,True,
PR0000176,2024-09-11,PC・タブレット,ワークステーション,178291,店舗,天王寺店,C00060,森,女,57,埼玉県,2022-07-02,3,313245,Loyal,False,
PR0000178,2023-08-17,オーディオ,ワイヤレスイヤホン,89342,EC,,C00060,森,女,57,埼玉県,2022-07-02,3,313245,Loyal,True,
PR0000177,2025-02-22,美容家電・小物,美顔器,45612,店舗,天王寺店,C00060,森,女,57,埼玉県,2022-07-02,3,313245,Loyal,False,
PR0000179,2022-12-09,PC・タブレット,2-in-1 PC,132947,EC,,C00062,清水,女,40,兵庫県,2021-08-09,1,132947,Inactive,True,
PR0000181,2026-01-05,スマートフォン,最新スマホ 256GB,33278,EC,,C00063,石川,女,67,神奈川県,2026-01-02,3,388292,Loyal,True,
PR0000182,2026-03-22,冷蔵庫,フレンチドア 700L,346088,店舗,渋谷店,C00063,石川,女,67,神奈川県,2026-01-02,3,388292,Loyal,False,
PR0000180,2026-02-09,美容家電・小物,ドライヤー,8926,EC,,C00063,石川,女,67,神奈川県,2026-01-02,3,388292,Loyal,False,
PR0000183,2024-02-16,スマートフォン,最新スマホ 256GB,166508,店舗,秋葉原店,C00064,小川,男,48,兵庫県,2022-06-01,1,166508,Inactive,True,
PR0000189,2025-04-18,PC・タブレット,ワークステーション,117993,店舗,秋葉原店,C00065,小林,女,52,愛知県,2025-03-22,8,1214125,VIP,True,
PR0000190,2025-09-21,エアコン,エアコン 18畳用,114728,店舗,秋葉原店,C00065,小林,女,52,愛知県,2025-03-22,8,1214125,VIP,False,
PR0000191,2025-10-29,ゲーム・玩具,携帯ゲーム機,22207,店舗,渋谷店,C00065,小林,女,52,愛知県,2025-03-22,8,1214125,VIP,False,
PR0000184,2025-04-27,スマートフォン,最新スマホ 256GB,190069,店舗,新宿店,C00065,小林,女,52,愛知県,2025-03-22,8,1214125,VIP,False,
PR0000185,2026-03-17,テレビ,有機EL 75型,287770,店舗,横浜駅前店,C00065,小林,女,52,愛知県,2025-03-22,8,1214125,VIP,False,
PR0000187,2025-05-11,冷蔵庫,冷蔵庫 400L,252538,店舗,池袋店,C00065,小林,女,52,愛知県,2025-03-22,8,1214125,VIP,False,
PR0000186,2026-01-09,洗濯機,コンパクト洗濯機,172697,店舗,池袋店,C00065,小林,女,52,愛知県,2025-03-22,8,1214125,VIP,False,
PR0000188,2025-08-13,美容家電・小物,ヘアアイロン,56123,店舗,横浜駅前店,C00065,小林,女,52,愛知県,2025-03-22,8,1214125,VIP,False,
PR0000192,2024-03-23,洗濯機,乾燥機能付き 10kg,167206,店舗,渋谷店,C00066,鈴木,女,37,東京都,2024-03-13,2,172743,Regular,True,
PR0000193,2024-12-31,美容家電・小物,電気シェーバー,5537,店舗,名古屋栄店,C00066,鈴木,女,37,東京都,2024-03-13,2,172743,Regular,False,
PR0000196,2025-11-26,ゲーム・玩具,ゲームソフト,77223,店舗,福岡天神店,C00067,岡田,男,22,愛知県,2023-03-02,3,170169,Regular,False,
PR0000194,2024-09-29,スマートフォン,最新スマホ 256GB,48809,店舗,横浜駅前店,C00067,岡田,男,22,愛知県,2023-03-02,3,170169,Regular,False,
PR0000195,2023-09-30,美容家電・小物,電気シェーバー,44137,EC,,C00067,岡田,男,22,愛知県,2023-03-02,3,170169,Regular,True,
PR0000197,2025-10-26,エアコン,エアコン 10畳用,208826,店舗,横浜駅前店,C00068,中村,女,47,兵庫県,2023-10-30,2,383564,Regular,False,
PR0000198,2024-10-06,テレビ,スマートテレビ 43型,174738,EC,,C00068,中村,女,47,兵庫県,2023-10-30,2,383564,Regular,True,
PR0000201,2025-01-01,カメラ・ビデオ,コンパクトデジカメ,217177,店舗,天王寺店,C00069,小川,男,39,埼玉県,2023-08-26,3,353682,Loyal,True,
PR0000200,2026-01-19,スマートフォン,ハイエンド 1TB,67030,EC,,C00069,小川,男,39,埼玉県,2023-08-26,3,353682,Loyal,False,
PR0000199,2025-12-08,美容家電・小物,ヘアアイロン,69475,店舗,大阪梅田店,C00069,小川,男,39,埼玉県,2023-08-26,3,353682,Loyal,False,
PR0000202,2025-04-17,PC・タブレット,ワークステーション,111524,EC,,C00071,井上,男,51,千葉県,2023-10-22,2,176533,Regular,False,
PR0000203,2024-01-12,美容家電・小物,電動歯ブラシ,65009,EC,,C00071,井上,男,51,千葉県,2023-10-22,2,176533,Regular,True,
PR0000204,2023-02-04,カメラ・ビデオ,アクションカメラ,125393,店舗,渋谷店,C00072,山下,男,75,神奈川県,2022-06-17,2,148235,Inactive,False,
PR0000205,2022-11-01,ゲーム・玩具,ボードゲーム,22842,店舗,札幌駅前店,C00072,山下,男,75,神奈川県,2022-06-17,2,148235,Inactive,True,
PR0000206,2026-02-16,エアコン,エアコン 14畳用,170422,店舗,池袋店,C00073,遠藤,女,38,愛知県,2022-02-21,1,170422,Light,True,
PR0000210,2023-12-26,PC・タブレット,ノートPC 13型,203065,店舗,福岡天神店,C00075,池田,男,42,広島県,2022-10-04,4,871658,Loyal,True,
PR0000207,2024-09-14,スマートフォン,スタンダード 128GB,160569,店舗,大阪梅田店,C00075,池田,男,42,広島県,2022-10-04,4,871658,Loyal,False,
PR0000208,2025-04-22,テレビ,4K テレビ 65型,468631,店舗,秋葉原店,C00075,池田,男,42,広島県,2022-10-04,4,871658,Loyal,False,
PR0000209,2024-05-22,美容家電・小物,電動歯ブラシ,39393,店舗,秋葉原店,C00075,池田,男,42,広島県,2022-10-04,4,871658,Loyal,False,
PR0000213,2024-12-01,PC・タブレット,ノートPC 13型,211406,店舗,横浜駅前店,C00076,井上,男,44,大阪府,2023-04-03,5,1217516,VIP,False,
PR0000212,2023-12-28,カメラ・ビデオ,交換レンズ,148546,店舗,天王寺店,C00076,井上,男,44,大阪府,2023-04-03,5,1217516,VIP,False,
PR0000211,2025-01-04,ゲーム・玩具,携帯ゲーム機,49514,店舗,名古屋栄店,C00076,井上,男,44,大阪府,2023-04-03,5,1217516,VIP,False,
PR0000214,2024-03-06,テレビ,4K テレビ 50型,457514,店舗,名古屋栄店,C00076,井上,男,44,大阪府,2023-04-03,5,1217516,VIP,False,
PR0000215,2023-04-25,冷蔵庫,冷蔵庫 500L,350536,EC,,C00076,井上,男,44,大阪府,2023-04-03,5,1217516,VIP,True,
PR0000217,2024-05-07,スマートフォン,Pro モデル 512GB,46968,EC,,C00077,森,男,22,京都府,2023-07-26,2,128140,Regular,True,
PR0000216,2024-07-26,洗濯機,全自動 8kg,81172,EC,,C00077,森,男,22,京都府,2023-07-26,2,128140,Regular,False,
PR0000221,2024-07-26,オーディオ,ヘッドホン,193195,店舗,名古屋栄店,C00078,山口,男,45,宮城県,2022-10-16,6,717882,VIP,False,
PR0000222,2023-05-16,カメラ・ビデオ,ドローン,73590,店舗,渋谷店,C00078,山口,男,45,宮城県,2022-10-16,6,717882,VIP,True,
PR0000218,2024-10-03,スマートフォン,最新スマホ 256GB,63410,店舗,池袋店,C00078,山口,男,45,宮城県,2022-10-16,6,717882,VIP,False,
PR0000223,2024-02-11,テレビ,スマートテレビ 43型,311636,店舗,名古屋栄店,C00078,山口,男,45,宮城県,2022-10-16,6,717882,VIP,False,
PR0000219,2023-09-19,美容家電・小物,美顔器,30326,EC,,C00078,山口,男,45,宮城県,2022-10-16,6,717882,VIP,False,
PR0000220,2025-12-18,美容家電・小物,ドライヤー,45725,EC,,C00078,山口,男,45,宮城県,2022-10-16,6,717882,VIP,False,821
PR0000224,2025-09-25,洗濯機,全自動 8kg,340539,店舗,福岡天神店,C00079,加藤,女,46,千葉県,2025-05-16,2,364461,Regular,False,
PR0000225,2025-09-17,美容家電・小物,美顔器,23922,店舗,福岡天神店,C00079,加藤,女,46,千葉県,2025-05-16,2,364461,Regular,True,
PR0000226,2022-12-22,美容家電・小物,ヘアアイロン,64212,店舗,新宿店,C00080,前田,女,73,愛知県,2021-08-19,1,64212,Inactive,True,
PR0000228,2025-10-18,スマートフォン,ハイエンド 1TB,121342,EC,,C00081,森,女,62,福岡県,2023-04-01,3,255781,Loyal,False,
PR0000229,2024-03-13,洗濯機,全自動 8kg,84577,EC,,C00081,森,女,62,福岡県,2023-04-01,3,255781,Loyal,False,
PR0000227,2023-12-13,美容家電・小物,マッサージガン,49862,店舗,渋谷店,C00081,森,女,62,福岡県,2023-04-01,3,255781,Loyal,True,
PR0000230,2025-07-14,スマートフォン,ハイエンド 1TB,150960,店舗,福岡天神店,C00082,鈴木,女,64,宮城県,2021-12-18,2,516344,Regular,False,
PR0000231,2022-09-08,テレビ,スマートテレビ 43型,365384,店舗,名古屋栄店,C00082,鈴木,女,64,宮城県,2021-12-18,2,516344,Regular,True,
PR0000239,2021-11-11,PC・タブレット,ノートPC 13型,333505,EC,,C00083,高橋,男,26,千葉県,2021-04-08,9,1376021,VIP,False,
PR0000240,2025-02-23,PC・タブレット,ワークステーション,257286,店舗,名古屋栄店,C00083,高橋,男,26,千葉県,2021-04-08,9,1376021,VIP,False,1200
PR0000238,2021-10-05,オーディオ,ヘッドホン,60901,店舗,新宿店,C00083,高橋,男,26,千葉県,2021-04-08,9,1376021,VIP,True,
PR0000235,2022-08-11,カメラ・ビデオ,交換レンズ,215894,店舗,福岡天神店,C00083,高橋,男,26,千葉県,2021-04-08,9,1376021,VIP,False,
PR0000236,2025-09-21,ゲーム・玩具,ボードゲーム,29738,EC,,C00083,高橋,男,26,千葉県,2021-04-08,9,1376021,VIP,False,
PR0000232,2022-10-04,スマートフォン,Pro モデル 512GB,195963,EC,,C00083,高橋,男,26,千葉県,2021-04-08,9,1376021,VIP,False,
PR0000233,2024-11-17,スマートフォン,コンパクトモデル,69566,店舗,池袋店,C00083,高橋,男,26,千葉県,2021-04-08,9,1376021,VIP,False,775
PR0000234,2024-02-20,テレビ,4K テレビ 50型,158141,EC,,C00083,高橋,男,26,千葉県,2021-04-08,9,1376021,VIP,False,
PR0000237,2025-04-23,美容家電・小物,美顔器,55027,店舗,福岡天神店,C00083,高橋,男,26,千葉県,2021-04-08,9,1376021,VIP,False,
PR0000241,2026-01-11,美容家電・小物,マッサージガン,5402,店舗,渋谷店,C00084,橋本,女,43,京都府,2022-01-01,1,5402,Light,True,
PR0000242,2025-05-07,エアコン,エアコン 18畳用,155427,EC,,C00085,阿部,女,49,広島県,2024-07-10,1,155427,Light,True,
PR0000243,2025-01-09,スマートフォン,ハイエンド 1TB,95936,店舗,渋谷店,C00086,前田,男,42,福岡県,2022-12-24,2,255482,Regular,True,
PR0000244,2025-01-30,冷蔵庫,冷蔵庫 500L,159546,店舗,福岡天神店,C00086,前田,男,42,福岡県,2022-12-24,2,255482,Regular,False,
PR0000247,2025-12-29,PC・タブレット,ノートPC 15型,92259,店舗,札幌駅前店,C00087,山下,女,48,大阪府,2025-11-23,5,1216904,VIP,True,
PR0000249,2026-03-21,カメラ・ビデオ,ミラーレス一眼,192655,店舗,秋葉原店,C00087,山下,女,48,大阪府,2025-11-23,5,1216904,VIP,False,
PR0000248,2026-01-15,テレビ,4K テレビ 65型,443064,店舗,横浜駅前店,C00087,山下,女,48,大阪府,2025-11-23,5,1216904,VIP,False,
PR0000245,2026-03-18,冷蔵庫,冷蔵庫 400L,476342,店舗,札幌駅前店,C00087,山下,女,48,大阪府,2025-11-23,5,1216904,VIP,False,
PR0000246,2026-03-16,美容家電・小物,ドライヤー,12584,EC,,C00087,山下,女,48,大阪府,2025-11-23,5,1216904,VIP,False,
PR0000251,2026-02-28,テレビ,スマートテレビ 43型,408197,EC,,C00088,後藤,男,22,宮城県,2025-11-02,2,652334,Regular,True,
PR0000250,2026-03-28,洗濯機,ドラム式洗濯機,244137,店舗,名古屋栄店,C00088,後藤,男,22,宮城県,2025-11-02,2,652334,Regular,False,
PR0000254,2024-11-29,PC・タブレット,ノートPC 15型,155016,店舗,天王寺店,C00089,後藤,男,64,愛知県,2024-11-03,8,1391756,VIP,False,
PR0000255,2025-03-04,エアコン,エアコン 10畳用,257194,店舗,天王寺店,C00089,後藤,男,64,愛知県,2024-11-03,8,1391756,VIP,False,
PR0000256,2025-04-13,カメラ・ビデオ,ビデオカメラ,113238,EC,,C00089,後藤,男,64,愛知県,2024-11-03,8,1391756,VIP,False,
PR0000259,2025-01-23,ゲーム・玩具,ボードゲーム,15326,店舗,横浜駅前店,C00089,後藤,男,64,愛知県,2024-11-03,8,1391756,VIP,False,
PR0000257,2024-12-23,スマートフォン,ミドルレンジ機種,51688,店舗,池袋店,C00089,後藤,男,64,愛知県,2024-11-03,8,1391756,VIP,False,
PR0000252,2025-09-03,テレビ,有機EL 55型,320710,店舗,新宿店,C00089,後藤,男,64,愛知県,2024-11-03,8,1391756,VIP,False,
PR0000253,2024-11-25,冷蔵庫,冷蔵庫 400L,418026,EC,,C00089,後藤,男,64,愛知県,2024-11-03,8,1391756,VIP,True,
PR0000258,2025-04-11,美容家電・小物,電気シェーバー,60558,店舗,渋谷店,C00089,後藤,男,64,愛知県,2024-11-03,8,1391756,VIP,False,
PR0000261,2025-03-15,ゲーム・玩具,ボードゲーム,27182,EC,,C00091,橋本,男,56,兵庫県,2022-02-22,2,145594,Regular,False,
PR0000260,2023-08-28,スマートフォン,ミドルレンジ機種,118412,EC,,C00091,橋本,男,56,兵庫県,2022-02-22,2,145594,Regular,True,
PR0000264,2022-06-23,エアコン,エアコン 18畳用,236487,店舗,福岡天神店,C00092,吉田,女,22,北海道,2022-05-19,3,762132,Loyal,True,
PR0000262,2024-07-03,オーディオ,ワイヤレスイヤホン,100878,店舗,福岡天神店,C00092,吉田,女,22,北海道,2022-05-19,3,762132,Loyal,False,
PR0000263,2023-06-18,テレビ,プロジェクター,424767,店舗,新宿店,C00092,吉田,女,22,北海道,2022-05-19,3,762132,Loyal,False,
PR0000266,2025-12-22,PC・タブレット,ノートPC 13型,89331,EC,,C00093,阿部,女,29,大阪府,2021-11-30,2,540918,Regular,False,
PR0000265,2023-11-13,テレビ,プロジェクター,451587,EC,,C00093,阿部,女,29,大阪府,2021-11-30,2,540918,Regular,True,
PR0000268,2024-01-16,PC・タブレット,ゲーミングPC,224938,EC,,C00094,田中,男,45,神奈川県,2021-10-06,5,1258493,VIP,False,
PR0000271,2022-05-13,エアコン,エアコン 14畳用,319448,EC,,C00094,田中,男,45,神奈川県,2021-10-06,5,1258493,VIP,True,
PR0000270,2024-06-20,スマートフォン,最新スマホ 256GB,105277,EC,,C00094,田中,男,45,神奈川県,2021-10-06,5,1258493,VIP,False,
PR0000267,2025-10-27,テレビ,有機EL 75型,270323,店舗,渋谷店,C00094,田中,男,45,神奈川県,2021-10-06,5,1258493,VIP,False,
PR0000269,2023-09-05,洗濯機,乾燥機能付き 10kg,338507,EC,,C00094,田中,男,45,神奈川県,2021-10-06,5,1258493,VIP,False,
PR0000274,2023-09-09,オーディオ,Bluetoothスピーカー,122103,店舗,福岡天神店,C00095,木村,女,27,大阪府,2022-07-11,3,269385,Loyal,False,
PR0000272,2022-10-15,美容家電・小物,美顔器,69771,EC,,C00095,木村,女,27,大阪府,2022-07-11,3,269385,Loyal,True,
PR0000273,2026-01-24,美容家電・小物,ドライヤー,77511,店舗,大阪梅田店,C00095,木村,女,27,大阪府,2022-07-11,3,269385,Loyal,False,1197
PR0000276,2025-03-22,エアコン,エアコン 10畳用,185423,店舗,福岡天神店,C00096,木村,女,31,京都府,2024-09-22,2,259166,Regular,False,
PR0000275,2024-11-02,美容家電・小物,ヘアアイロン,73743,店舗,新宿店,C00096,木村,女,31,京都府,2024-09-22,2,259166,Regular,True,
PR0000279,2024-03-05,PC・タブレット,タブレット 10型,210386,EC,,C00097,高橋,女,42,千葉県,2023-08-14,3,571545,Loyal,True,
PR0000278,2025-03-05,エアコン,エアコン 14畳用,245399,EC,,C00097,高橋,女,42,千葉県,2023-08-14,3,571545,Loyal,False,
PR0000277,2024-08-24,スマートフォン,最新スマホ 256GB,115760,EC,,C00097,高橋,女,42,千葉県,2023-08-14,3,571545,Loyal,False,
PR0000280,2024-12-10,スマートフォン,Pro モデル 512GB,53519,店舗,大阪梅田店,C00098,林,女,53,神奈川県,2022-01-16,2,344901,Regular,False,
PR0000281,2023-09-11,冷蔵庫,冷蔵庫 400L,291382,店舗,名古屋栄店,C00098,林,女,53,神奈川県,2022-01-16,2,344901,Regular,True,
PR0000284,2024-05-28,PC・タブレット,ノートPC 13型,307887,EC,,C00099,佐藤,女,61,兵庫県,2023-03-08,3,1111335,Loyal,True,
PR0000283,2024-10-05,テレビ,プロジェクター,458705,店舗,札幌駅前店,C00099,佐藤,女,61,兵庫県,2023-03-08,3,1111335,Loyal,False,
PR0000282,2024-10-13,洗濯機,縦型洗濯機,344743,店舗,札幌駅前店,C00099,佐藤,女,61,兵庫県,2023-03-08,3,1111335,Loyal,False,
PR0000286,2026-02-02,オーディオ,サウンドバー,119500,店舗,名古屋栄店,C00100,坂本,男,28,兵庫県,2025-10-01,4,714460,Loyal,False,
PR0000285,2025-10-09,ゲーム・玩具,コントローラ,48158,店舗,渋谷店,C00100,坂本,男,28,兵庫県,2025-10-01,4,714460,Loyal,True,
PR0000288,2025-10-24,スマートフォン,スタンダード 128GB,138709,店舗,福岡天神店,C00100,坂本,男,28,兵庫県,2025-10-01,4,714460,Loyal,False,
PR0000287,2026-03-05,テレビ,4K テレビ 50型,408093,EC,,C00100,坂本,男,28,兵庫県,2025-10-01,4,714460,Loyal,False,
PR0000289,2022-11-17,カメラ・ビデオ,ドローン,47947,店舗,大阪梅田店,C00101,小林,男,43,広島県,2021-04-05,2,129232,Inactive,True,
PR0000290,2023-07-14,スマートフォン,コンパクトモデル,81285,店舗,渋谷店,C00101,小林,男,43,広島県,2021-04-05,2,129232,Inactive,False,
PR0000292,2026-01-31,スマートフォン,最新スマホ 256GB,169846,店舗,大阪梅田店,C00103,佐々木,女,51,北海道,2025-11-02,2,317145,Regular,True,
PR0000291,2026-03-17,冷蔵庫,コンパクト冷蔵庫,147299,店舗,福岡天神店,C00103,佐々木,女,51,北海道,2025-11-02,2,317145,Regular,False,
PR0000293,2025-04-07,PC・タブレット,タブレット 10型,114112,店舗,大阪梅田店,C00104,中島,男,40,京都府,2022-01-30,1,114112,Light,True,
PR0000295,2024-11-12,PC・タブレット,ノートPC 15型,124245,店舗,横浜駅前店,C00105,小川,男,49,神奈川県,2024-09-22,2,153288,Regular,True,
PR0000294,2026-01-06,オーディオ,ヘッドホン,29043,店舗,池袋店,C00105,小川,男,49,神奈川県,2024-09-22,2,153288,Regular,False,
PR0000298,2023-01-18,PC・タブレット,タブレット 10型,295784,EC,,C00106,木村,男,45,愛知県,2022-10-26,5,994562,VIP,True,
PR0000300,2026-03-14,エアコン,エアコン 14畳用,211792,EC,,C00106,木村,男,45,愛知県,2022-10-26,5,994562,VIP,False,
PR0000297,2025-04-23,スマートフォン,Pro モデル 512GB,99931,EC,,C00106,木村,男,45,愛知県,2022-10-26,5,994562,VIP,False,
PR0000296,2025-12-27,テレビ,有機EL 55型,355350,EC,,C00106,木村,男,45,愛知県,2022-10-26,5,994562,VIP,False,
PR0000299,2025-06-08,美容家電・小物,ヘアアイロン,31705,EC,,C00106,木村,男,45,愛知県,2022-10-26,5,994562,VIP,False,
PR0000303,2022-09-28,カメラ・ビデオ,ビデオカメラ,229932,店舗,大阪梅田店,C00107,前田,女,45,京都府,2022-07-30,3,602995,Loyal,True,
PR0000301,2022-10-07,冷蔵庫,冷蔵庫 500L,308895,店舗,大阪梅田店,C00107,前田,女,45,京都府,2022-07-30,3,602995,Loyal,False,
PR0000302,2024-10-30,美容家電・小物,電動歯ブラシ,64168,店舗,渋谷店,C00107,前田,女,45,京都府,2022-07-30,3,602995,Loyal,False,
PR0000304,2023-01-12,エアコン,エアコン 18畳用,204686,店舗,横浜駅前店,C00108,山下,女,22,兵庫県,2022-09-26,3,342772,Loyal,True,
PR0000306,2024-04-19,ゲーム・玩具,VR ゴーグル,59293,店舗,札幌駅前店,C00108,山下,女,22,兵庫県,2022-09-26,3,342772,Loyal,False,
PR0000305,2025-06-28,美容家電・小物,ヘアアイロン,78793,店舗,札幌駅前店,C00108,山下,女,22,兵庫県,2022-09-26,3,342772,Loyal,False,
PR0000307,2024-09-03,PC・タブレット,ノートPC 13型,301807,店舗,福岡天神店,C00109,森,男,44,兵庫県,2024-03-13,3,595680,Loyal,True,
PR0000309,2025-12-13,カメラ・ビデオ,コンパクトデジカメ,280785,EC,,C00109,森,男,44,兵庫県,2024-03-13,3,595680,Loyal,False,
PR0000308,2025-05-11,ゲーム・玩具,VR ゴーグル,13088,店舗,横浜駅前店,C00109,森,男,44,兵庫県,2024-03-13,3,595680,Loyal,False,
PR0000312,2024-02-16,PC・タブレット,ワークステーション,89117,EC,,C00111,坂本,女,75,北海道,2023-06-15,3,216360,Loyal,True,
PR0000311,2025-08-01,オーディオ,ワイヤレスイヤホン,79948,EC,,C00111,坂本,女,75,北海道,2023-06-15,3,216360,Loyal,False,
PR0000310,2025-05-02,美容家電・小物,マッサージガン,47295,EC,,C00111,坂本,女,75,北海道,2023-06-15,3,216360,Loyal,False,
PR0000315,2025-11-15,スマートフォン,ハイエンド 1TB,44495,店舗,天王寺店,C00112,山田,男,60,広島県,2023-01-06,3,414512,Loyal,False,
PR0000314,2025-09-24,冷蔵庫,冷蔵庫 600L 大型,158215,店舗,秋葉原店,C00112,山田,男,60,広島県,2023-01-06,3,414512,Loyal,False,
PR0000313,2024-06-04,洗濯機,コンパクト洗濯機,211802,店舗,池袋店,C00112,山田,男,60,広島県,2023-01-06,3,414512,Loyal,True,
PR0000317,2026-02-16,エアコン,エアコン 10畳用,114517,店舗,福岡天神店,C00113,中島,男,41,愛知県,2026-01-27,3,402688,Loyal,True,
PR0000316,2026-02-24,オーディオ,ターンテーブル,121441,店舗,名古屋栄店,C00113,中島,男,41,愛知県,2026-01-27,3,402688,Loyal,False,
PR0000318,2026-03-25,スマートフォン,スタンダード 128GB,166730,店舗,天王寺店,C00113,中島,男,41,愛知県,2026-01-27,3,402688,Loyal,False,
PR0000319,2023-03-19,洗濯機,縦型洗濯機,216631,店舗,天王寺店,C00114,木村,男,45,広島県,2022-04-30,2,247721,Regular,True,
PR0000320,2026-03-14,美容家電・小物,マッサージガン,31090,EC,,C00114,木村,男,45,広島県,2022-04-30,2,247721,Regular,False,
PR0000321,2025-10-22,PC・タブレット,ノートPC 15型,155156,店舗,渋谷店,C00115,山本,女,45,千葉県,2024-07-25,1,155156,Light,True,
PR0000322,2024-03-10,スマートフォン,スタンダード 128GB,84004,店舗,渋谷店,C00116,坂本,男,58,宮城県,2022-09-07,2,268252,Inactive,False,
PR0000323,2023-09-03,テレビ,スマートテレビ 43型,184248,店舗,横浜駅前店,C00116,坂本,男,58,宮城県,2022-09-07,2,268252,Inactive,True,
PR0000325,2025-10-30,PC・タブレット,2-in-1 PC,148294,店舗,渋谷店,C00117,前田,女,26,京都府,2025-03-20,2,309652,Regular,True,
PR0000324,2025-11-02,テレビ,有機EL 55型,161358,店舗,天王寺店,C00117,前田,女,26,京都府,2025-03-20,2,309652,Regular,False,
PR0000328,2023-03-01,PC・タブレット,2-in-1 PC,69550,店舗,大阪梅田店,C00118,小川,女,46,神奈川県,2022-10-28,4,540462,Loyal,True,
PR0000326,2023-08-12,スマートフォン,ミドルレンジ機種,92454,EC,,C00118,小川,女,46,神奈川県,2022-10-28,4,540462,Loyal,False,
PR0000327,2025-08-13,スマートフォン,スタンダード 128GB,128614,EC,,C00118,小川,女,46,神奈川県,2022-10-28,4,540462,Loyal,False,732
PR0000329,2024-07-13,洗濯機,全自動 8kg,249844,EC,,C00118,小川,女,46,神奈川県,2022-10-28,4,540462,Loyal,False,
PR0000330,2024-01-29,ゲーム・玩具,コントローラ,10887,店舗,福岡天神店,C00119,田中,女,69,大阪府,2022-01-22,4,435454,Loyal,False,
PR0000332,2023-02-09,スマートフォン,ミドルレンジ機種,165832,EC,,C00119,田中,女,69,大阪府,2022-01-22,4,435454,Loyal,True,
PR0000333,2025-06-18,スマートフォン,Pro モデル 512GB,115868,店舗,秋葉原店,C00119,田中,女,69,大阪府,2022-01-22,4,435454,Loyal,False,860
PR0000331,2023-10-03,洗濯機,乾燥機能付き 10kg,142867,EC,,C00119,田中,女,69,大阪府,2022-01-22,4,435454,Loyal,False,
PR0000335,2025-06-08,PC・タブレット,ノートPC 13型,258274,店舗,福岡天神店,C00120,長谷川,男,45,宮城県,2022-03-22,2,449113,Regular,False,
PR0000334,2023-10-14,カメラ・ビデオ,アクションカメラ,190839,店舗,札幌駅前店,C00120,長谷川,男,45,宮城県,2022-03-22,2,449113,Regular,True,
PR0000337,2022-10-20,PC・タブレット,ワークステーション,182447,店舗,天王寺店,C00121,木村,男,45,兵庫県,2021-10-27,4,699849,Loyal,True,
PR0000338,2025-12-10,PC・タブレット,タブレット 10型,50835,店舗,名古屋栄店,C00121,木村,男,45,兵庫県,2021-10-27,4,699849,Loyal,False,1147
PR0000339,2025-12-11,エアコン,エアコン 18畳用,252664,店舗,新宿店,C00121,木村,男,45,兵庫県,2021-10-27,4,699849,Loyal,False,
PR0000336,2024-01-31,洗濯機,コンパクト洗濯機,213903,店舗,新宿店,C00121,木村,男,45,兵庫県,2021-10-27,4,699849,Loyal,False,
PR0000342,2022-12-04,テレビ,有機EL 75型,376582,EC,,C00122,中村,男,54,北海道,2022-02-19,3,560246,Loyal,True,
PR0000340,2024-07-08,冷蔵庫,冷蔵庫 500L,130661,EC,,C00122,中村,男,54,北海道,2022-02-19,3,560246,Loyal,False,
PR0000341,2025-05-09,美容家電・小物,ドライヤー,53003,EC,,C00122,中村,男,54,北海道,2022-02-19,3,560246,Loyal,False,
PR0000343,2024-09-21,スマートフォン,ミドルレンジ機種,32168,店舗,渋谷店,C00123,遠藤,女,31,宮城県,2023-11-29,1,32168,Light,True,
PR0000346,2022-08-27,オーディオ,ヘッドホン,71347,店舗,名古屋栄店,C00124,鈴木,女,43,愛知県,2022-07-01,3,289720,Loyal,True,
PR0000344,2024-07-21,カメラ・ビデオ,交換レンズ,213185,店舗,大阪梅田店,C00124,鈴木,女,43,愛知県,2022-07-01,3,289720,Loyal,False,
PR0000345,2023-08-22,美容家電・小物,マッサージガン,5188,EC,,C00124,鈴木,女,43,愛知県,2022-07-01,3,289720,Loyal,False,
PR0000350,2025-09-24,PC・タブレット,ノートPC 15型,230872,店舗,新宿店,C00125,山本,女,33,京都府,2021-07-26,9,889181,VIP,False,
PR0000351,2022-12-13,エアコン,業務用エアコン,229776,店舗,天王寺店,C00125,山本,女,33,京都府,2021-07-26,9,889181,VIP,False,
PR0000347,2023-06-10,オーディオ,サウンドバー,18973,店舗,池袋店,C00125,山本,女,33,京都府,2021-07-26,9,889181,VIP,False,
PR0000355,2024-07-15,ゲーム・玩具,ゲームソフト,12741,店舗,札幌駅前店,C00125,山本,女,33,京都府,2021-07-26,9,889181,VIP,False,
PR0000352,2022-03-24,スマートフォン,コンパクトモデル,40332,店舗,大阪梅田店,C00125,山本,女,33,京都府,2021-07-26,9,889181,VIP,True,
PR0000353,2023-12-19,スマートフォン,スタンダード 128GB,43634,店舗,札幌駅前店,C00125,山本,女,33,京都府,2021-07-26,9,889181,VIP,False,635
PR0000354,2026-02-07,スマートフォン,Pro モデル 512GB,127733,店舗,名古屋栄店,C00125,山本,女,33,京都府,2021-07-26,9,889181,VIP,False,781
PR0000349,2022-04-15,冷蔵庫,冷蔵庫 400L,149481,店舗,名古屋栄店,C00125,山本,女,33,京都府,2021-07-26,9,889181,VIP,False,
PR0000348,2025-06-15,美容家電・小物,マッサージガン,35639,店舗,札幌駅前店,C00125,山本,女,33,京都府,2021-07-26,9,889181,VIP,False,
PR0000356,2025-11-09,PC・タブレット,2-in-1 PC,347687,店舗,天王寺店,C00126,近藤,女,32,埼玉県,2025-07-23,2,397968,Regular,True,
PR0000357,2026-03-15,美容家電・小物,電気シェーバー,50281,店舗,池袋店,C00126,近藤,女,32,埼玉県,2025-07-23,2,397968,Regular,False,
PR0000362,2026-01-31,エアコン,エアコン 6畳用,394739,店舗,新宿店,C00127,田中,女,35,大阪府,2022-12-28,5,733925,VIP,False,
PR0000358,2023-02-07,ゲーム・玩具,据置型ゲーム機,64096,店舗,渋谷店,C00127,田中,女,35,大阪府,2022-12-28,5,733925,VIP,True,
PR0000361,2024-07-25,冷蔵庫,コンパクト冷蔵庫,201691,店舗,渋谷店,C00127,田中,女,35,大阪府,2022-12-28,5,733925,VIP,False,
PR0000359,2023-09-02,美容家電・小物,電気シェーバー,38695,店舗,札幌駅前店,C00127,田中,女,35,大阪府,2022-12-28,5,733925,VIP,False,
PR0000360,2026-02-06,美容家電・小物,マッサージガン,34704,EC,,C00127,田中,女,35,大阪府,2022-12-28,5,733925,VIP,False,888
PR0000363,2024-07-12,オーディオ,ヘッドホン,147197,店舗,福岡天神店,C00128,吉田,男,22,神奈川県,2023-03-20,1,147197,Light,True,
PR0000364,2023-08-20,テレビ,プロジェクター,291036,店舗,渋谷店,C00129,伊藤,男,55,愛知県,2021-06-17,2,614332,Inactive,True,
PR0000365,2023-11-24,洗濯機,ドラム式洗濯機,323296,店舗,池袋店,C00129,伊藤,男,55,愛知県,2021-06-17,2,614332,Inactive,False,
PR0000366,2024-04-22,PC・タブレット,ゲーミングPC,70520,店舗,名古屋栄店,C00130,遠藤,男,28,兵庫県,2022-08-25,4,537131,Loyal,False,
PR0000367,2024-09-16,カメラ・ビデオ,交換レンズ,215221,店舗,大阪梅田店,C00130,遠藤,男,28,兵庫県,2022-08-25,4,537131,Loyal,False,
PR0000368,2023-06-06,スマートフォン,スタンダード 128GB,61500,店舗,大阪梅田店,C00130,遠藤,男,28,兵庫県,2022-08-25,4,537131,Loyal,True,
PR0000369,2025-07-16,スマートフォン,ハイエンド 1TB,189890,店舗,名古屋栄店,C00130,遠藤,男,28,兵庫県,2022-08-25,4,537131,Loyal,False,771
PR0000370,2025-09-08,カメラ・ビデオ,ビデオカメラ,55446,店舗,福岡天神店,C00131,山下,男,66,広島県,2025-06-07,2,311474,Regular,True,
PR0000371,2026-03-09,テレビ,スマートテレビ 43型,256028,店舗,秋葉原店,C00131,山下,男,66,広島県,2025-06-07,2,311474,Regular,False,
PR0000372,2023-11-08,PC・タブレット,ワークステーション,266122,EC,,C00132,木村,女,42,兵庫県,2022-07-23,2,402585,Regular,True,
PR0000373,2025-12-25,オーディオ,ホームオーディオ,136463,EC,,C00132,木村,女,42,兵庫県,2022-07-23,2,402585,Regular,False,
PR0000374,2024-01-02,PC・タブレット,ノートPC 13型,255457,店舗,秋葉原店,C00133,松本,男,55,東京都,2023-01-29,4,729958,Loyal,False,
PR0000376,2023-12-22,オーディオ,ヘッドホン,131000,店舗,横浜駅前店,C00133,松本,男,55,東京都,2023-01-29,4,729958,Loyal,True,
PR0000377,2025-05-04,洗濯機,乾燥機能付き 10kg,331669,店舗,名古屋栄店,C00133,松本,男,55,東京都,2023-01-29,4,729958,Loyal,False,
PR0000375,2024-02-24,美容家電・小物,ヘアアイロン,11832,EC,,C00133,松本,男,55,東京都,2023-01-29,4,729958,Loyal,False,
PR0000379,2023-01-24,PC・タブレット,タブレット 10型,120268,店舗,秋葉原店,C00134,石井,男,54,広島県,2021-10-02,2,434121,Inactive,False,
PR0000378,2021-11-08,エアコン,業務用エアコン,313853,店舗,福岡天神店,C00134,石井,男,54,広島県,2021-10-02,2,434121,Inactive,True,
PR0000380,2022-02-03,テレビ,4K テレビ 50型,143896,EC,,C00135,伊藤,女,45,北海道,2021-06-08,1,143896,Inactive,True,
PR0000385,2025-09-07,PC・タブレット,ワークステーション,343480,店舗,渋谷店,C00136,鈴木,女,56,愛知県,2023-12-29,8,1090556,VIP,False,
PR0000387,2026-02-08,エアコン,業務用エアコン,144127,EC,,C00136,鈴木,女,56,愛知県,2023-12-29,8,1090556,VIP,False,
PR0000383,2024-02-12,オーディオ,ホームオーディオ,86815,店舗,札幌駅前店,C00136,鈴木,女,56,愛知県,2023-12-29,8,1090556,VIP,True,
PR0000386,2024-10-28,カメラ・ビデオ,コンパクトデジカメ,164386,店舗,横浜駅前店,C00136,鈴木,女,56,愛知県,2023-12-29,8,1090556,VIP,False,
PR0000388,2026-02-21,テレビ,4K テレビ 65型,102676,店舗,名古屋栄店,C00136,鈴木,女,56,愛知県,2023-12-29,8,1090556,VIP,False,
PR0000381,2025-03-14,冷蔵庫,冷蔵庫 600L 大型,123402,店舗,新宿店,C00136,鈴木,女,56,愛知県,2023-12-29,8,1090556,VIP,False,
PR0000384,2024-11-20,洗濯機,ドラム式洗濯機,111227,店舗,秋葉原店,C00136,鈴木,女,56,愛知県,2023-12-29,8,1090556,VIP,False,
PR0000382,2025-09-02,美容家電・小物,電気シェーバー,14443,EC,,C00136,鈴木,女,56,愛知県,2023-12-29,8,1090556,VIP,False,
PR0000392,2025-08-22,PC・タブレット,ノートPC 13型,325024,店舗,池袋店,C00137,後藤,女,45,福岡県,2023-01-21,4,805977,Loyal,False,
PR0000390,2026-03-11,エアコン,エアコン 6畳用,272008,EC,,C00137,後藤,女,45,福岡県,2023-01-21,4,805977,Loyal,False,
PR0000389,2023-05-13,カメラ・ビデオ,ドローン,170628,EC,,C00137,後藤,女,45,福岡県,2023-01-21,4,805977,Loyal,True,
PR0000391,2025-02-26,ゲーム・玩具,コントローラ,38317,EC,,C00137,後藤,女,45,福岡県,2023-01-21,4,805977,Loyal,False,
PR0000394,2025-07-01,テレビ,4K テレビ 65型,368992,店舗,福岡天神店,C00138,清水,男,28,愛知県,2022-04-26,2,445283,Regular,True,
PR0000393,2025-12-04,美容家電・小物,マッサージガン,76291,店舗,大阪梅田店,C00138,清水,男,28,愛知県,2022-04-26,2,445283,Regular,False,
PR0000397,2025-05-17,PC・タブレット,ノートPC 15型,335113,EC,,C00139,高橋,男,24,愛知県,2024-08-01,3,578647,Loyal,False,
PR0000395,2025-09-18,ゲーム・玩具,ボードゲーム,59395,EC,,C00139,高橋,男,24,愛知県,2024-08-01,3,578647,Loyal,False,
PR0000396,2024-10-02,スマートフォン,ミドルレンジ機種,184139,EC,,C00139,高橋,男,24,愛知県,2024-08-01,3,578647,Loyal,True,
PR0000399,2025-06-17,PC・タブレット,ノートPC 15型,266244,店舗,池袋店,C00140,井上,男,43,埼玉県,2023-08-17,4,543030,Loyal,False,
PR0000398,2025-09-09,エアコン,エアコン 18畳用,82699,EC,,C00140,井上,男,43,埼玉県,2023-08-17,4,543030,Loyal,False,
PR0000401,2024-08-16,スマートフォン,スタンダード 128GB,55978,店舗,渋谷店,C00140,井上,男,43,埼玉県,2023-08-17,4,543030,Loyal,True,
PR0000400,2025-02-11,洗濯機,縦型洗濯機,138109,店舗,横浜駅前店,C00140,井上,男,43,埼玉県,2023-08-17,4,543030,Loyal,False,
PR0000402,2024-09-02,エアコン,業務用エアコン,308467,店舗,札幌駅前店,C00141,橋本,女,42,大阪府,2023-04-28,2,356794,Regular,True,
PR0000403,2025-10-25,スマートフォン,Pro モデル 512GB,48327,EC,,C00141,橋本,女,42,大阪府,2023-04-28,2,356794,Regular,False,
PR0000406,2024-03-30,PC・タブレット,ワークステーション,229393,EC,,C00142,森,女,43,千葉県,2022-10-01,8,1216168,VIP,False,
PR0000408,2026-02-09,カメラ・ビデオ,ミラーレス一眼,198870,店舗,大阪梅田店,C00142,森,女,43,千葉県,2022-10-01,8,1216168,VIP,False,
PR0000411,2024-07-22,ゲーム・玩具,ゲームソフト,73220,EC,,C00142,森,女,43,千葉県,2022-10-01,8,1216168,VIP,False,
PR0000404,2025-10-20,スマートフォン,最新スマホ 256GB,30721,EC,,C00142,森,女,43,千葉県,2022-10-01,8,1216168,VIP,False,
PR0000410,2025-01-25,テレビ,4K テレビ 50型,124273,EC,,C00142,森,女,43,千葉県,2022-10-01,8,1216168,VIP,False,
PR0000407,2023-01-23,冷蔵庫,冷蔵庫 600L 大型,315686,EC,,C00142,森,女,43,千葉県,2022-10-01,8,1216168,VIP,True,
PR0000405,2024-03-04,洗濯機,乾燥機能付き 10kg,213932,EC,,C00142,森,女,43,千葉県,2022-10-01,8,1216168,VIP,False,
PR0000409,2024-02-17,美容家電・小物,電気シェーバー,30073,店舗,新宿店,C00142,森,女,43,千葉県,2022-10-01,8,1216168,VIP,False,
PR0000412,2023-02-02,テレビ,有機EL 75型,84299,店舗,横浜駅前店,C00143,山本,男,39,福岡県,2022-08-18,2,414230,Inactive,True,
PR0000413,2023-07-05,洗濯機,乾燥機能付き 10kg,329931,店舗,福岡天神店,C00143,山本,男,39,福岡県,2022-08-18,2,414230,Inactive,False,
PR0000414,2026-03-06,PC・タブレット,ワークステーション,61081,EC,,C00144,後藤,女,22,京都府,2025-09-15,5,548238,VIP,False,
PR0000416,2025-11-13,エアコン,エアコン 10畳用,209647,EC,,C00144,後藤,女,22,京都府,2025-09-15,5,548238,VIP,False,
PR0000417,2026-01-27,ゲーム・玩具,ゲームソフト,32292,EC,,C00144,後藤,女,22,京都府,2025-09-15,5,548238,VIP,False,
PR0000415,2025-10-03,テレビ,4K テレビ 65型,190011,EC,,C00144,後藤,女,22,京都府,2025-09-15,5,548238,VIP,False,
PR0000418,2025-09-23,美容家電・小物,電動歯ブラシ,55207,EC,,C00144,後藤,女,22,京都府,2025-09-15,5,548238,VIP,True,
PR0000419,2024-02-13,エアコン,エアコン 14畳用,248528,EC,,C00145,後藤,男,46,神奈川県,2021-09-06,6,939833,VIP,False,
PR0000420,2022-12-20,オーディオ,ヘッドホン,184534,EC,,C00145,後藤,男,46,神奈川県,2021-09-06,6,939833,VIP,False,
PR0000421,2025-10-29,スマートフォン,コンパクトモデル,112522,店舗,福岡天神店,C00145,後藤,男,46,神奈川県,2021-09-06,6,939833,VIP,False,
PR0000424,2024-09-10,冷蔵庫,コンパクト冷蔵庫,304851,EC,,C00145,後藤,男,46,神奈川県,2021-09-06,6,939833,VIP,False,
PR0000422,2022-11-03,美容家電・小物,ドライヤー,38825,EC,,C00145,後藤,男,46,神奈川県,2021-09-06,6,939833,VIP,True,
PR0000423,2025-03-22,美容家電・小物,電気シェーバー,50573,EC,,C00145,後藤,男,46,神奈川県,2021-09-06,6,939833,VIP,False,870
PR0000425,2023-01-23,スマートフォン,ハイエンド 1TB,188030,EC,,C00146,林,男,53,福岡県,2021-06-11,1,188030,Inactive,True,
PR0000427,2026-02-05,テレビ,4K テレビ 65型,419122,EC,,C00147,遠藤,男,54,大阪府,2025-08-28,3,795317,Loyal,False,
PR0000428,2025-10-09,冷蔵庫,冷蔵庫 400L,163539,EC,,C00147,遠藤,男,54,大阪府,2025-08-28,3,795317,Loyal,True,
PR0000426,2025-12-23,洗濯機,乾燥機能付き 10kg,212656,EC,,C00147,遠藤,男,54,大阪府,2025-08-28,3,795317,Loyal,False,
PR0000430,2023-12-05,テレビ,プロジェクター,429922,EC,,C00148,小林,女,33,大阪府,2023-03-20,2,464464,Inactive,False,
PR0000429,2023-10-14,美容家電・小物,ヘアアイロン,34542,店舗,天王寺店,C00148,小林,女,33,大阪府,2023-03-20,2,464464,Inactive,True,
PR0000431,2024-11-09,テレビ,4K テレビ 65型,229356,店舗,福岡天神店,C00149,伊藤,男,64,埼玉県,2024-05-27,2,262334,Regular,True,
PR0000432,2025-10-18,美容家電・小物,美顔器,32978,店舗,名古屋栄店,C00149,伊藤,男,64,埼玉県,2024-05-27,2,262334,Regular,False,
PR0000433,2024-11-30,PC・タブレット,タブレット 10型,114893,EC,,C00150,加藤,女,32,埼玉県,2023-10-25,3,451242,Loyal,False,
PR0000434,2024-02-15,エアコン,エアコン 10畳用,282546,EC,,C00150,加藤,女,32,埼玉県,2023-10-25,3,451242,Loyal,True,
PR0000435,2024-09-23,美容家電・小物,美顔器,53803,EC,,C00150,加藤,女,32,埼玉県,2023-10-25,3,451242,Loyal,False,
PR0000436,2024-04-24,PC・タブレット,ゲーミングPC,101146,店舗,渋谷店,C00151,村上,男,25,埼玉県,2022-05-08,2,448818,Regular,True,
PR0000437,2026-03-19,テレビ,スマートテレビ 43型,347672,店舗,渋谷店,C00151,村上,男,25,埼玉県,2022-05-08,2,448818,Regular,False,
PR0000438,2025-01-18,テレビ,4K テレビ 50型,386320,店舗,渋谷店,C00152,坂本,男,52,東京都,2024-11-10,2,781516,Regular,True,
PR0000439,2026-03-22,冷蔵庫,冷蔵庫 500L,395196,店舗,新宿店,C00152,坂本,男,52,東京都,2024-11-10,2,781516,Regular,False,
PR0000440,2023-12-20,カメラ・ビデオ,交換レンズ,263232,店舗,札幌駅前店,C00154,林,女,25,愛知県,2022-12-09,1,263232,Inactive,True,
PR0000441,2021-12-19,美容家電・小物,美顔器,59098,店舗,渋谷店,C00155,伊藤,女,42,福岡県,2021-10-13,1,59098,Inactive,True,
PR0000442,2025-12-05,カメラ・ビデオ,アクションカメラ,223484,店舗,渋谷店,C00156,中村,男,49,京都府,2025-04-15,1,223484,Light,True,
PR0000443,2026-03-24,カメラ・ビデオ,ビデオカメラ,84490,店舗,名古屋栄店,C00157,長谷川,男,36,大阪府,2021-11-11,1,84490,Light,True,
PR0000445,2024-07-27,PC・タブレット,ゲーミングPC,230582,店舗,札幌駅前店,C00158,高橋,女,54,宮城県,2023-05-16,3,406549,Loyal,False,
PR0000446,2025-06-20,オーディオ,サウンドバー,165598,店舗,天王寺店,C00158,高橋,女,54,宮城県,2023-05-16,3,406549,Loyal,False,
PR0000444,2023-12-01,美容家電・小物,ドライヤー,10369,店舗,渋谷店,C00158,高橋,女,54,宮城県,2023-05-16,3,406549,Loyal,True,
PR0000450,2023-07-30,PC・タブレット,2-in-1 PC,160184,EC,,C00159,石井,女,72,埼玉県,2022-07-26,5,771845,VIP,True,
PR0000449,2025-07-19,エアコン,エアコン 10畳用,155299,店舗,札幌駅前店,C00159,石井,女,72,埼玉県,2022-07-26,5,771845,VIP,False,
PR0000448,2024-01-02,テレビ,プロジェクター,239113,EC,,C00159,石井,女,72,埼玉県,2022-07-26,5,771845,VIP,False,
PR0000451,2023-09-02,洗濯機,コンパクト洗濯機,211947,店舗,札幌駅前店,C00159,石井,女,72,埼玉県,2022-07-26,5,771845,VIP,False,
PR0000447,2024-07-24,美容家電・小物,電動歯ブラシ,5302,店舗,秋葉原店,C00159,石井,女,72,埼玉県,2022-07-26,5,771845,VIP,False,
PR0000453,2025-08-18,スマートフォン,最新スマホ 256GB,35581,店舗,天王寺店,C00160,佐々木,女,22,兵庫県,2025-04-09,2,84270,Regular,True,
PR0000452,2026-01-23,美容家電・小物,電気シェーバー,48689,EC,,C00160,佐々木,女,22,兵庫県,2025-04-09,2,84270,Regular,False,
PR0000454,2023-12-18,スマートフォン,最新スマホ 256GB,193231,EC,,C00161,石井,男,53,愛知県,2023-03-20,3,278744,Loyal,True,
PR0000455,2026-03-08,スマートフォン,スタンダード 128GB,59033,EC,,C00161,石井,男,53,愛知県,2023-03-20,3,278744,Loyal,False,811
PR0000456,2024-02-21,美容家電・小物,ヘアアイロン,26480,EC,,C00161,石井,男,53,愛知県,2023-03-20,3,278744,Loyal,False,
PR0000458,2022-12-16,テレビ,プロジェクター,268238,店舗,渋谷店,C00162,藤田,女,31,京都府,2021-10-27,2,312160,Regular,True,
PR0000457,2024-09-15,美容家電・小物,美顔器,43922,店舗,池袋店,C00162,藤田,女,31,京都府,2021-10-27,2,312160,Regular,False,
PR0000460,2022-09-15,PC・タブレット,タブレット 10型,221349,店舗,横浜駅前店,C00163,石川,男,33,北海道,2022-09-05,6,1026514,VIP,True,
PR0000461,2025-12-09,PC・タブレット,ノートPC 15型,141305,店舗,札幌駅前店,C00163,石川,男,33,北海道,2022-09-05,6,1026514,VIP,False,1181
PR0000459,2022-12-13,エアコン,エアコン 14畳用,169967,店舗,大阪梅田店,C00163,石川,男,33,北海道,2022-09-05,6,1026514,VIP,False,
PR0000463,2024-04-13,テレビ,4K テレビ 50型,222775,店舗,池袋店,C00163,石川,男,33,北海道,2022-09-05,6,1026514,VIP,False,
PR0000462,2025-04-02,洗濯機,コンパクト洗濯機,247559,店舗,秋葉原店,C00163,石川,男,33,北海道,2022-09-05,6,1026514,VIP,False,
PR0000464,2024-11-29,美容家電・小物,マッサージガン,23559,店舗,天王寺店,C00163,石川,男,33,北海道,2022-09-05,6,1026514,VIP,False,
PR0000466,2025-03-10,PC・タブレット,ワークステーション,211669,店舗,福岡天神店,C00165,木村,男,28,福岡県,2022-07-12,3,496532,Loyal,False,
PR0000465,2023-11-07,オーディオ,ホームオーディオ,110008,店舗,福岡天神店,C00165,木村,男,28,福岡県,2022-07-12,3,496532,Loyal,True,
PR0000467,2026-02-01,テレビ,プロジェクター,174855,店舗,大阪梅田店,C00165,木村,男,28,福岡県,2022-07-12,3,496532,Loyal,False,
PR0000468,2025-10-26,PC・タブレット,ノートPC 13型,172480,店舗,福岡天神店,C00167,小川,男,43,大阪府,2024-11-09,2,316129,Regular,False,
PR0000469,2025-06-28,カメラ・ビデオ,ビデオカメラ,143649,店舗,秋葉原店,C00167,小川,男,43,大阪府,2024-11-09,2,316129,Regular,True,
PR0000470,2022-05-26,冷蔵庫,冷蔵庫 500L,438723,店舗,名古屋栄店,C00168,中村,女,34,北海道,2022-01-16,1,438723,Inactive,True,
PR0000471,2023-12-02,PC・タブレット,ノートPC 15型,248941,店舗,新宿店,C00169,高橋,女,44,兵庫県,2021-09-20,3,348769,Loyal,False,
PR0000472,2022-03-02,美容家電・小物,ヘアアイロン,33307,店舗,新宿店,C00169,高橋,女,44,兵庫県,2021-09-20,3,348769,Loyal,True,
PR0000473,2025-01-08,美容家電・小物,ヘアアイロン,66521,店舗,池袋店,C00169,高橋,女,44,兵庫県,2021-09-20,3,348769,Loyal,False,1043
PR0000475,2024-10-04,エアコン,エアコン 14畳用,323503,店舗,名古屋栄店,C00170,中村,女,39,京都府,2024-02-26,2,416118,Regular,True,
PR0000474,2025-09-25,スマートフォン,ハイエンド 1TB,92615,店舗,大阪梅田店,C00170,中村,女,39,京都府,2024-02-26,2,416118,Regular,False,
PR0000480,2023-07-27,PC・タブレット,2-in-1 PC,65667,店舗,名古屋栄店,C00171,山崎,男,22,北海道,2023-03-06,9,1379575,VIP,False,
PR0000483,2024-03-09,エアコン,業務用エアコン,324949,EC,,C00171,山崎,男,22,北海道,2023-03-06,9,1379575,VIP,False,
PR0000481,2025-11-20,ゲーム・玩具,ボードゲーム,48268,店舗,池袋店,C00171,山崎,男,22,北海道,2023-03-06,9,1379575,VIP,False,
PR0000477,2023-06-11,スマートフォン,最新スマホ 256GB,72315,EC,,C00171,山崎,男,22,北海道,2023-03-06,9,1379575,VIP,True,
PR0000478,2025-08-14,スマートフォン,Pro モデル 512GB,199810,店舗,福岡天神店,C00171,山崎,男,22,北海道,2023-03-06,9,1379575,VIP,False,795
PR0000476,2025-11-19,テレビ,4K テレビ 50型,115831,店舗,福岡天神店,C00171,山崎,男,22,北海道,2023-03-06,9,1379575,VIP,False,
PR0000484,2024-10-01,冷蔵庫,冷蔵庫 500L,415524,店舗,池袋店,C00171,山崎,男,22,北海道,2023-03-06,9,1379575,VIP,False,
PR0000479,2026-02-16,洗濯機,乾燥機能付き 10kg,88742,店舗,新宿店,C00171,山崎,男,22,北海道,2023-03-06,9,1379575,VIP,False,
PR0000482,2024-08-12,美容家電・小物,電動歯ブラシ,48469,店舗,秋葉原店,C00171,山崎,男,22,北海道,2023-03-06,9,1379575,VIP,False,
PR0000485,2021-10-16,PC・タブレット,ノートPC 13型,270370,EC,,C00172,石川,男,42,京都府,2021-06-21,4,672734,Loyal,False,
PR0000486,2025-06-10,PC・タブレット,ノートPC 13型,204670,EC,,C00172,石川,男,42,京都府,2021-06-21,4,672734,Loyal,False,1333
PR0000487,2021-07-11,スマートフォン,Pro モデル 512GB,77978,店舗,大阪梅田店,C00172,石川,男,42,京都府,2021-06-21,4,672734,Loyal,True,
PR0000488,2024-06-05,スマートフォン,ミドルレンジ機種,119716,店舗,池袋店,C00172,石川,男,42,京都府,2021-06-21,4,672734,Loyal,False,1060
PR0000491,2024-12-10,ゲーム・玩具,携帯ゲーム機,79552,店舗,福岡天神店,C00173,坂本,男,43,福岡県,2024-01-24,3,187801,Regular,False,
PR0000490,2024-07-22,テレビ,スマートテレビ 43型,91108,店舗,福岡天神店,C00173,坂本,男,43,福岡県,2024-01-24,3,187801,Regular,True,
PR0000489,2026-02-06,美容家電・小物,ドライヤー,17141,EC,,C00173,坂本,男,43,福岡県,2024-01-24,3,187801,Regular,False,
PR0000492,2025-04-26,PC・タブレット,タブレット 10型,346194,店舗,横浜駅前店,C00174,村上,男,22,広島県,2025-03-08,2,359340,Regular,True,
PR0000493,2025-10-22,ゲーム・玩具,コントローラ,13146,EC,,C00174,村上,男,22,広島県,2025-03-08,2,359340,Regular,False,
PR0000495,2024-07-05,エアコン,エアコン 14畳用,124419,店舗,渋谷店,C00175,山下,女,35,北海道,2023-03-29,2,200234,Regular,True,
PR0000494,2024-10-05,美容家電・小物,マッサージガン,75815,店舗,秋葉原店,C00175,山下,女,35,北海道,2023-03-29,2,200234,Regular,False,
PR0000497,2024-01-08,スマートフォン,Pro モデル 512GB,67823,店舗,天王寺店,C00176,岡田,女,41,千葉県,2022-05-21,4,420610,Loyal,False,
PR0000496,2022-08-26,洗濯機,縦型洗濯機,279997,EC,,C00176,岡田,女,41,千葉県,2022-05-21,4,420610,Loyal,True,
PR0000498,2023-06-09,美容家電・小物,美顔器,61807,EC,,C00176,岡田,女,41,千葉県,2022-05-21,4,420610,Loyal,False,
PR0000499,2026-03-01,美容家電・小物,電気シェーバー,10983,EC,,C00176,岡田,女,41,千葉県,2022-05-21,4,420610,Loyal,False,996
PR0000500,2022-02-26,PC・タブレット,ゲーミングPC,322695,EC,,C00177,村上,女,62,愛知県,2021-07-07,3,584947,Loyal,True,
PR0000501,2022-03-18,エアコン,業務用エアコン,133242,店舗,札幌駅前店,C00177,村上,女,62,愛知県,2021-07-07,3,584947,Loyal,False,
PR0000502,2025-08-18,スマートフォン,ハイエンド 1TB,129010,EC,,C00177,村上,女,62,愛知県,2021-07-07,3,584947,Loyal,False,
PR0000503,2025-11-17,PC・タブレット,ゲーミングPC,58998,店舗,福岡天神店,C00178,鈴木,女,25,千葉県,2024-10-18,2,205802,Regular,True,
PR0000504,2026-01-26,オーディオ,ヘッドホン,146804,店舗,横浜駅前店,C00178,鈴木,女,25,千葉県,2024-10-18,2,205802,Regular,False,
PR0000505,2026-01-24,ゲーム・玩具,VR ゴーグル,71697,EC,,C00179,岡田,男,47,大阪府,2025-11-17,1,71697,Light,True,
PR0000506,2023-01-04,PC・タブレット,ノートPC 13型,177101,店舗,池袋店,C00180,小川,男,48,愛知県,2021-05-01,3,347240,Inactive,False,
PR0000507,2022-04-18,ゲーム・玩具,ゲームソフト,67079,EC,,C00180,小川,男,48,愛知県,2021-05-01,3,347240,Inactive,True,
PR0000508,2023-11-06,スマートフォン,ミドルレンジ機種,103060,EC,,C00180,小川,男,48,愛知県,2021-05-01,3,347240,Inactive,False,
PR0000510,2023-12-30,エアコン,エアコン 6畳用,346662,店舗,天王寺店,C00181,吉田,女,36,広島県,2022-11-08,3,594321,Loyal,True,
PR0000509,2026-02-14,スマートフォン,コンパクトモデル,190054,店舗,天王寺店,C00181,吉田,女,36,広島県,2022-11-08,3,594321,Loyal,False,
PR0000511,2024-06-02,美容家電・小物,ドライヤー,57605,店舗,大阪梅田店,C00181,吉田,女,36,広島県,2022-11-08,3,594321,Loyal,False,
PR0000512,2021-07-31,オーディオ,ヘッドホン,40095,EC,,C00182,田中,男,37,広島県,2021-06-05,3,78411,Regular,True,
PR0000513,2021-08-26,ゲーム・玩具,据置型ゲーム機,11730,EC,,C00182,田中,男,37,広島県,2021-06-05,3,78411,Regular,False,
PR0000514,2025-11-04,ゲーム・玩具,ボードゲーム,26586,EC,,C00182,田中,男,37,広島県,2021-06-05,3,78411,Regular,False,1531
PR0000518,2026-01-19,PC・タブレット,ワークステーション,105373,EC,,C00183,遠藤,男,57,埼玉県,2023-07-05,5,1026541,VIP,False,
PR0000515,2024-03-21,スマートフォン,スタンダード 128GB,142509,EC,,C00183,遠藤,男,57,埼玉県,2023-07-05,5,1026541,VIP,False,
PR0000519,2023-10-18,テレビ,プロジェクター,291347,EC,,C00183,遠藤,男,57,埼玉県,2023-07-05,5,1026541,VIP,True,
PR0000517,2024-08-29,冷蔵庫,コンパクト冷蔵庫,462862,EC,,C00183,遠藤,男,57,埼玉県,2023-07-05,5,1026541,VIP,False,
PR0000516,2024-09-18,美容家電・小物,マッサージガン,24450,店舗,大阪梅田店,C00183,遠藤,男,57,埼玉県,2023-07-05,5,1026541,VIP,False,
PR0000520,2025-06-15,冷蔵庫,コンパクト冷蔵庫,243433,EC,,C00184,吉田,女,49,東京都,2024-11-19,2,315973,Regular,True,
PR0000521,2025-07-28,美容家電・小物,電気シェーバー,72540,EC,,C00184,吉田,女,49,東京都,2024-11-19,2,315973,Regular,False,
PR0000523,2025-06-22,オーディオ,ホームオーディオ,186962,EC,,C00185,坂本,男,53,千葉県,2024-04-02,2,465366,Regular,True,
PR0000522,2026-02-05,テレビ,4K テレビ 65型,278404,EC,,C00185,坂本,男,53,千葉県,2024-04-02,2,465366,Regular,False,
PR0000524,2026-03-22,テレビ,4K テレビ 50型,423329,店舗,横浜駅前店,C00186,渡辺,男,42,愛知県,2026-01-23,3,580679,Loyal,False,
PR0000526,2026-02-07,洗濯機,縦型洗濯機,101440,店舗,横浜駅前店,C00186,渡辺,男,42,愛知県,2026-01-23,3,580679,Loyal,False,
PR0000525,2026-01-25,美容家電・小物,マッサージガン,55910,EC,,C00186,渡辺,男,42,愛知県,2026-01-23,3,580679,Loyal,True,
PR0000527,2024-11-23,PC・タブレット,タブレット 10型,80786,店舗,横浜駅前店,C00187,斎藤,女,26,福岡県,2023-08-30,2,181114,Regular,False,
PR0000528,2024-03-25,オーディオ,ヘッドホン,100328,店舗,渋谷店,C00187,斎藤,女,26,福岡県,2023-08-30,2,181114,Regular,True,
PR0000529,2024-02-09,冷蔵庫,フレンチドア 700L,343854,EC,,C00188,清水,男,22,福岡県,2022-11-13,1,343854,Inactive,True,
PR0000534,2025-03-28,エアコン,エアコン 14畳用,211814,店舗,札幌駅前店,C00189,山崎,男,59,神奈川県,2021-09-16,7,1106110,VIP,False,
PR0000533,2023-05-17,オーディオ,Bluetoothスピーカー,112556,店舗,池袋店,C00189,山崎,男,59,神奈川県,2021-09-16,7,1106110,VIP,False,
PR0000531,2023-02-11,スマートフォン,スタンダード 128GB,140418,店舗,渋谷店,C00189,山崎,男,59,神奈川県,2021-09-16,7,1106110,VIP,True,
PR0000532,2025-02-07,スマートフォン,最新スマホ 256GB,58068,店舗,名古屋栄店,C00189,山崎,男,59,神奈川県,2021-09-16,7,1106110,VIP,False,727
PR0000530,2023-12-09,テレビ,有機EL 75型,366799,EC,,C00189,山崎,男,59,神奈川県,2021-09-16,7,1106110,VIP,False,
PR0000536,2023-02-13,洗濯機,全自動 8kg,200373,店舗,天王寺店,C00189,山崎,男,59,神奈川県,2021-09-16,7,1106110,VIP,False,
PR0000535,2024-11-26,美容家電・小物,ドライヤー,16082,EC,,C00189,山崎,男,59,神奈川県,2021-09-16,7,1106110,VIP,False,
PR0000537,2024-10-27,カメラ・ビデオ,ミラーレス一眼,245424,店舗,新宿店,C00190,前田,男,39,北海道,2021-12-27,1,245424,Light,True,
PR0000538,2023-01-01,PC・タブレット,ノートPC 13型,132059,店舗,新宿店,C00191,山本,女,22,広島県,2022-05-01,3,349790,Loyal,False,
PR0000539,2022-10-24,エアコン,エアコン 6畳用,157982,店舗,大阪梅田店,C00191,山本,女,22,広島県,2022-05-01,3,349790,Loyal,True,
PR0000540,2024-12-30,美容家電・小物,電気シェーバー,59749,店舗,天王寺店,C00191,山本,女,22,広島県,2022-05-01,3,349790,Loyal,False,
PR0000542,2026-01-01,PC・タブレット,ワークステーション,341934,店舗,横浜駅前店,C00192,吉田,女,55,京都府,2023-01-30,3,557310,Loyal,False,
PR0000543,2024-05-27,エアコン,業務用エアコン,169092,EC,,C00192,吉田,女,55,京都府,2023-01-30,3,557310,Loyal,False,
PR0000541,2023-07-02,美容家電・小物,ドライヤー,46284,EC,,C00192,吉田,女,55,京都府,2023-01-30,3,557310,Loyal,True,
PR0000544,2023-07-08,カメラ・ビデオ,ビデオカメラ,180758,EC,,C00193,林,女,55,兵庫県,2022-07-20,2,491134,Regular,True,
PR0000545,2026-02-06,テレビ,スマートテレビ 43型,310376,店舗,福岡天神店,C00193,林,女,55,兵庫県,2022-07-20,2,491134,Regular,False,
PR0000547,2024-08-15,カメラ・ビデオ,交換レンズ,51379,店舗,福岡天神店,C00194,池田,男,32,宮城県,2023-10-19,2,358134,Regular,True,
PR0000546,2024-09-25,洗濯機,コンパクト洗濯機,306755,店舗,札幌駅前店,C00194,池田,男,32,宮城県,2023-10-19,2,358134,Regular,False,
PR0000550,2024-08-15,スマートフォン,コンパクトモデル,64113,店舗,新宿店,C00195,高橋,女,29,埼玉県,2021-05-08,3,186084,Regular,False,
PR0000548,2023-05-02,美容家電・小物,電気シェーバー,62787,店舗,秋葉原店,C00195,高橋,女,29,埼玉県,2021-05-08,3,186084,Regular,True,
PR0000549,2026-03-23,美容家電・小物,電動歯ブラシ,59184,店舗,横浜駅前店,C00195,高橋,女,29,埼玉県,2021-05-08,3,186084,Regular,False,1056
PR0000551,2022-06-05,カメラ・ビデオ,ドローン,111203,EC,,C00196,山下,男,42,福岡県,2021-09-29,1,111203,Inactive,True,
PR0000558,2025-12-23,PC・タブレット,ワークステーション,318856,店舗,横浜駅前店,C00197,山下,男,59,北海道,2025-07-25,7,1185010,VIP,False,
PR0000556,2025-08-26,エアコン,エアコン 10畳用,387183,店舗,大阪梅田店,C00197,山下,男,59,北海道,2025-07-25,7,1185010,VIP,False,
PR0000552,2026-01-28,オーディオ,ワイヤレスイヤホン,79825,店舗,福岡天神店,C00197,山下,男,59,北海道,2025-07-25,7,1185010,VIP,False,
PR0000557,2025-08-08,ゲーム・玩具,据置型ゲーム機,49870,店舗,札幌駅前店,C00197,山下,男,59,北海道,2025-07-25,7,1185010,VIP,True,
PR0000553,2025-11-17,スマートフォン,ハイエンド 1TB,117475,EC,,C00197,山下,男,59,北海道,2025-07-25,7,1185010,VIP,False,
PR0000555,2025-11-30,テレビ,スマートテレビ 43型,198289,店舗,札幌駅前店,C00197,山下,男,59,北海道,2025-07-25,7,1185010,VIP,False,
PR0000554,2026-02-07,美容家電・小物,マッサージガン,33512,店舗,福岡天神店,C00197,山下,男,59,北海道,2025-07-25,7,1185010,VIP,False,
PR0000560,2024-10-16,PC・タブレット,ノートPC 13型,346633,EC,,C00198,村上,男,22,大阪府,2021-10-03,6,940439,VIP,False,
PR0000562,2023-04-09,オーディオ,サウンドバー,124991,店舗,大阪梅田店,C00198,村上,男,22,大阪府,2021-10-03,6,940439,VIP,False,
PR0000561,2023-01-10,ゲーム・玩具,コントローラ,17427,店舗,渋谷店,C00198,村上,男,22,大阪府,2021-10-03,6,940439,VIP,False,
PR0000559,2024-09-02,スマートフォン,ハイエンド 1TB,169683,店舗,池袋店,C00198,村上,男,22,大阪府,2021-10-03,6,940439,VIP,False,
PR0000563,2021-11-16,テレビ,有機EL 55型,101093,店舗,秋葉原店,C00198,村上,男,22,大阪府,2021-10-03,6,940439,VIP,True,
PR0000564,2024-09-22,洗濯機,全自動 8kg,180612,店舗,天王寺店,C00198,村上,男,22,大阪府,2021-10-03,6,940439,VIP,False,
PR0000565,2024-02-12,PC・タブレット,ノートPC 13型,348590,EC,,C00199,鈴木,男,29,宮城県,2022-06-08,7,1078066,VIP,False,
PR0000569,2025-12-31,エアコン,エアコン 14畳用,120428,店舗,横浜駅前店,C00199,鈴木,男,29,宮城県,2022-06-08,7,1078066,VIP,False,
PR0000571,2025-12-28,オーディオ,ターンテーブル,101599,店舗,横浜駅前店,C00199,鈴木,男,29,宮城県,2022-06-08,7,1078066,VIP,False,
PR0000566,2025-04-10,スマートフォン,最新スマホ 256GB,76383,店舗,天王寺店,C00199,鈴木,男,29,宮城県,2022-06-08,7,1078066,VIP,False,
PR0000567,2025-06-06,テレビ,プロジェクター,208456,店舗,天王寺店,C00199,鈴木,男,29,宮城県,2022-06-08,7,1078066,VIP,False,
PR0000568,2025-09-19,洗濯機,乾燥機能付き 10kg,153380,EC,,C00199,鈴木,男,29,宮城県,2022-06-08,7,1078066,VIP,False,
PR0000570,2023-12-10,美容家電・小物,マッサージガン,69230,店舗,渋谷店,C00199,鈴木,男,29,宮城県,2022-06-08,7,1078066,VIP,True,
PR0000572,2025-03-20,ゲーム・玩具,据置型ゲーム機,15881,店舗,札幌駅前店,C00200,斎藤,女,34,京都府,2025-01-23,1,15881,Light,True,
PR0000574,2022-10-05,カメラ・ビデオ,ドローン,60115,店舗,大阪梅田店,C00201,遠藤,男,59,福岡県,2021-12-28,2,450964,Inactive,False,
PR0000573,2022-08-31,冷蔵庫,フレンチドア 700L,390849,店舗,名古屋栄店,C00201,遠藤,男,59,福岡県,2021-12-28,2,450964,Inactive,True,
PR0000575,2024-10-25,美容家電・小物,ドライヤー,56728,店舗,横浜駅前店,C00202,小川,男,36,千葉県,2021-05-12,1,56728,Light,True,
PR0000576,2023-08-12,美容家電・小物,ヘアアイロン,61647,店舗,新宿店,C00203,小川,女,63,神奈川県,2022-04-15,1,61647,Inactive,True,
PR0000578,2024-06-15,オーディオ,ターンテーブル,133839,店舗,横浜駅前店,C00204,後藤,女,46,兵庫県,2024-05-11,2,272301,Regular,True,
PR0000577,2025-01-14,スマートフォン,コンパクトモデル,138462,店舗,秋葉原店,C00204,後藤,女,46,兵庫県,2024-05-11,2,272301,Regular,False,
PR0000579,2025-06-19,オーディオ,ヘッドホン,16120,EC,,C00205,後藤,男,73,広島県,2024-11-21,2,171940,Regular,False,
PR0000580,2025-04-03,冷蔵庫,フレンチドア 700L,155820,店舗,札幌駅前店,C00205,後藤,男,73,広島県,2024-11-21,2,171940,Regular,True,
PR0000584,2025-04-14,PC・タブレット,ワークステーション,175755,EC,,C00206,藤田,男,40,兵庫県,2022-12-15,5,503699,VIP,False,
PR0000585,2024-05-29,ゲーム・玩具,コントローラ,38849,EC,,C00206,藤田,男,40,兵庫県,2022-12-15,5,503699,VIP,False,
PR0000581,2024-09-30,スマートフォン,最新スマホ 256GB,141267,EC,,C00206,藤田,男,40,兵庫県,2022-12-15,5,503699,VIP,False,
PR0000582,2025-10-20,テレビ,スマートテレビ 43型,120376,EC,,C00206,藤田,男,40,兵庫県,2022-12-15,5,503699,VIP,False,
PR0000583,2024-04-09,美容家電・小物,ヘアアイロン,27452,EC,,C00206,藤田,男,40,兵庫県,2022-12-15,5,503699,VIP,True,
PR0000586,2023-09-15,スマートフォン,コンパクトモデル,180804,EC,,C00207,中島,男,40,愛知県,2021-05-27,2,356050,Regular,True,
PR0000587,2026-03-23,スマートフォン,スタンダード 128GB,175246,EC,,C00207,中島,男,40,愛知県,2021-05-27,2,356050,Regular,False,920
PR0000588,2026-02-15,オーディオ,ターンテーブル,91119,店舗,渋谷店,C00208,山下,男,51,埼玉県,2024-12-10,3,312388,Loyal,False,
PR0000590,2025-03-12,スマートフォン,スタンダード 128GB,136862,店舗,大阪梅田店,C00208,山下,男,51,埼玉県,2024-12-10,3,312388,Loyal,True,
PR0000589,2025-04-27,テレビ,プロジェクター,84407,店舗,新宿店,C00208,山下,男,51,埼玉県,2024-12-10,3,312388,Loyal,False,
PR0000591,2022-07-16,オーディオ,ホームオーディオ,142551,店舗,福岡天神店,C00209,石川,男,33,宮城県,2021-09-25,1,142551,Inactive,True,
PR0000593,2023-08-21,PC・タブレット,2-in-1 PC,55272,店舗,大阪梅田店,C00210,佐藤,女,49,千葉県,2022-07-20,2,156041,Regular,True,
PR0000592,2024-08-23,スマートフォン,スタンダード 128GB,100769,EC,,C00210,佐藤,女,49,千葉県,2022-07-20,2,156041,Regular,False,
PR0000595,2026-03-18,PC・タブレット,ワークステーション,291978,EC,,C00211,青木,男,25,神奈川県,2026-01-08,5,609568,VIP,False,
PR0000596,2026-01-24,エアコン,エアコン 10畳用,102936,EC,,C00211,青木,男,25,神奈川県,2026-01-08,5,609568,VIP,True,
PR0000598,2026-03-04,カメラ・ビデオ,ビデオカメラ,126203,EC,,C00211,青木,男,25,神奈川県,2026-01-08,5,609568,VIP,False,
PR0000597,2026-01-24,スマートフォン,ハイエンド 1TB,50686,EC,,C00211,青木,男,25,神奈川県,2026-01-08,5,609568,VIP,True,
PR0000594,2026-03-28,美容家電・小物,ヘアアイロン,37765,EC,,C00211,青木,男,25,神奈川県,2026-01-08,5,609568,VIP,False,
PR0000599,2024-03-27,PC・タブレット,ノートPC 15型,153040,店舗,新宿店,C00212,藤田,女,44,千葉県,2023-11-23,4,697674,Loyal,True,
PR0000600,2024-05-27,エアコン,エアコン 14畳用,345327,EC,,C00212,藤田,女,44,千葉県,2023-11-23,4,697674,Loyal,False,
PR0000602,2025-09-14,洗濯機,コンパクト洗濯機,151006,店舗,天王寺店,C00212,藤田,女,44,千葉県,2023-11-23,4,697674,Loyal,False,
PR0000601,2025-09-05,美容家電・小物,マッサージガン,48301,店舗,札幌駅前店,C00212,藤田,女,44,千葉県,2023-11-23,4,697674,Loyal,False,
PR0000604,2024-12-31,スマートフォン,スタンダード 128GB,30267,店舗,札幌駅前店,C00213,山本,男,22,京都府,2023-02-18,2,35526,Regular,False,
PR0000603,2023-12-19,美容家電・小物,ヘアアイロン,5259,店舗,池袋店,C00213,山本,男,22,京都府,2023-02-18,2,35526,Regular,True,
PR0000605,2025-09-10,PC・タブレット,ワークステーション,219309,EC,,C00214,中村,男,38,埼玉県,2023-09-12,5,1190847,VIP,False,
PR0000607,2026-03-13,カメラ・ビデオ,ミラーレス一眼,259116,店舗,新宿店,C00214,中村,男,38,埼玉県,2023-09-12,5,1190847,VIP,False,
PR0000609,2025-07-23,ゲーム・玩具,ボードゲーム,8244,店舗,渋谷店,C00214,中村,男,38,埼玉県,2023-09-12,5,1190847,VIP,True,
PR0000606,2025-08-27,テレビ,スマートテレビ 43型,314723,店舗,札幌駅前店,C00214,中村,男,38,埼玉県,2023-09-12,5,1190847,VIP,False,
PR0000608,2026-02-21,冷蔵庫,コンパクト冷蔵庫,389455,店舗,秋葉原店,C00214,中村,男,38,埼玉県,2023-09-12,5,1190847,VIP,False,
PR0000610,2023-03-16,オーディオ,ホームオーディオ,154319,店舗,秋葉原店,C00215,吉田,女,29,宮城県,2021-06-08,3,576122,Loyal,True,
PR0000611,2025-07-04,スマートフォン,ハイエンド 1TB,155980,EC,,C00215,吉田,女,29,宮城県,2021-06-08,3,576122,Loyal,False,
PR0000612,2023-07-07,テレビ,4K テレビ 50型,265823,店舗,天王寺店,C00215,吉田,女,29,宮城県,2021-06-08,3,576122,Loyal,False,
PR0000614,2026-02-03,PC・タブレット,ノートPC 13型,264859,店舗,池袋店,C00216,加藤,女,36,北海道,2024-07-23,2,324165,Regular,False,
PR0000613,2025-11-17,美容家電・小物,ヘアアイロン,59306,店舗,渋谷店,C00216,加藤,女,36,北海道,2024-07-23,2,324165,Regular,True,
PR0000615,2021-06-17,スマートフォン,最新スマホ 256GB,35786,店舗,福岡天神店,C00217,藤田,男,58,大阪府,2021-04-25,1,35786,Inactive,True,
PR0000616,2025-08-28,PC・タブレット,タブレット 10型,174916,店舗,札幌駅前店,C00218,鈴木,男,45,千葉県,2025-08-28,4,583633,Loyal,True,
PR0000618,2026-01-07,カメラ・ビデオ,ミラーレス一眼,158094,店舗,渋谷店,C00218,鈴木,男,45,千葉県,2025-08-28,4,583633,Loyal,False,
PR0000617,2026-01-07,スマートフォン,ハイエンド 1TB,86760,店舗,渋谷店,C00218,鈴木,男,45,千葉県,2025-08-28,4,583633,Loyal,False,
PR0000619,2025-09-16,洗濯機,縦型洗濯機,163863,店舗,新宿店,C00218,鈴木,男,45,千葉県,2025-08-28,4,583633,Loyal,False,
PR0000621,2026-03-06,冷蔵庫,コンパクト冷蔵庫,228965,店舗,池袋店,C00219,橋本,女,43,広島県,2023-10-26,2,404476,Regular,False,
PR0000620,2024-07-20,洗濯機,コンパクト洗濯機,175511,EC,,C00219,橋本,女,43,広島県,2023-10-26,2,404476,Regular,True,
PR0000622,2023-01-02,エアコン,エアコン 18畳用,372619,EC,,C00220,前田,男,55,広島県,2021-07-30,4,886276,Loyal,True,
PR0000624,2023-09-20,スマートフォン,コンパクトモデル,53733,EC,,C00220,前田,男,55,広島県,2021-07-30,4,886276,Loyal,False,
PR0000625,2026-02-14,スマートフォン,ミドルレンジ機種,120174,店舗,天王寺店,C00220,前田,男,55,広島県,2021-07-30,4,886276,Loyal,False,878
PR0000623,2023-01-27,洗濯機,全自動 8kg,339750,EC,,C00220,前田,男,55,広島県,2021-07-30,4,886276,Loyal,False,
PR0000626,2026-03-04,美容家電・小物,ヘアアイロン,49645,EC,,C00221,山田,男,41,宮城県,2025-02-09,1,49645,Light,True,
PR0000627,2026-03-27,冷蔵庫,冷蔵庫 500L,367110,店舗,新宿店,C00222,田中,男,57,東京都,2025-12-10,2,433852,Regular,False,
PR0000628,2026-01-03,美容家電・小物,ヘアアイロン,66742,店舗,福岡天神店,C00222,田中,男,57,東京都,2025-12-10,2,433852,Regular,True,
PR0000630,2026-03-26,PC・タブレット,タブレット 10型,119969,店舗,天王寺店,C00223,後藤,男,52,宮城県,2023-09-04,2,153789,Regular,False,
PR0000629,2024-04-17,スマートフォン,ハイエンド 1TB,33820,店舗,天王寺店,C00223,後藤,男,52,宮城県,2023-09-04,2,153789,Regular,True,
PR0000631,2024-09-27,エアコン,エアコン 10畳用,133696,EC,,C00224,山崎,女,59,大阪府,2024-06-25,3,336171,Loyal,True,
PR0000633,2025-01-08,スマートフォン,最新スマホ 256GB,49865,EC,,C00224,山崎,女,59,大阪府,2024-06-25,3,336171,Loyal,False,
PR0000632,2025-11-26,洗濯機,全自動 8kg,152610,店舗,福岡天神店,C00224,山崎,女,59,大阪府,2024-06-25,3,336171,Loyal,False,
PR0000634,2024-08-31,ゲーム・玩具,ゲームソフト,65296,店舗,池袋店,C00225,遠藤,男,49,千葉県,2024-01-27,3,726443,Loyal,True,
PR0000636,2026-02-19,スマートフォン,ミドルレンジ機種,175068,EC,,C00225,遠藤,男,49,千葉県,2024-01-27,3,726443,Loyal,False,
PR0000635,2024-12-26,テレビ,プロジェクター,486079,店舗,札幌駅前店,C00225,遠藤,男,49,千葉県,2024-01-27,3,726443,Loyal,False,
PR0000638,2022-11-07,エアコン,業務用エアコン,348254,EC,,C00226,伊藤,女,39,広島県,2022-09-03,2,505610,Inactive,True,
PR0000637,2024-01-16,スマートフォン,コンパクトモデル,157356,EC,,C00226,伊藤,女,39,広島県,2022-09-03,2,505610,Inactive,False,
PR0000639,2024-04-30,スマートフォン,ミドルレンジ機種,124311,店舗,秋葉原店,C00227,吉田,男,49,神奈川県,2024-02-02,1,124311,Light,True,
PR0000641,2026-01-31,エアコン,エアコン 10畳用,352650,店舗,池袋店,C00228,山本,女,63,愛知県,2024-12-21,3,477503,Loyal,False,
PR0000640,2025-08-09,スマートフォン,最新スマホ 256GB,115707,店舗,札幌駅前店,C00228,山本,女,63,愛知県,2024-12-21,3,477503,Loyal,False,
PR0000642,2025-02-05,美容家電・小物,電動歯ブラシ,9146,店舗,名古屋栄店,C00228,山本,女,63,愛知県,2024-12-21,3,477503,Loyal,True,
PR0000643,2022-12-26,スマートフォン,最新スマホ 256GB,131647,EC,,C00229,山口,男,40,千葉県,2022-03-02,2,232541,Regular,True,
PR0000644,2025-07-24,スマートフォン,ハイエンド 1TB,100894,店舗,福岡天神店,C00229,山口,男,40,千葉県,2022-03-02,2,232541,Regular,False,941
PR0000645,2024-06-12,洗濯機,ドラム式洗濯機,192005,EC,,C00230,石井,男,74,北海道,2023-05-27,1,192005,Light,True,
PR0000646,2025-04-24,PC・タブレット,ゲーミングPC,228901,店舗,渋谷店,C00231,木村,男,38,兵庫県,2023-01-11,3,359821,Loyal,False,
PR0000648,2023-09-18,スマートフォン,コンパクトモデル,71482,EC,,C00231,木村,男,38,兵庫県,2023-01-11,3,359821,Loyal,True,
PR0000647,2025-08-27,美容家電・小物,ヘアアイロン,59438,店舗,新宿店,C00231,木村,男,38,兵庫県,2023-01-11,3,359821,Loyal,False,
PR0000649,2025-02-21,PC・タブレット,2-in-1 PC,99008,EC,,C00232,高橋,男,41,北海道,2024-08-05,3,344161,Loyal,False,
PR0000651,2025-08-22,エアコン,エアコン 18畳用,173150,店舗,渋谷店,C00232,高橋,男,41,北海道,2024-08-05,3,344161,Loyal,False,
PR0000650,2025-02-11,ゲーム・玩具,携帯ゲーム機,72003,店舗,横浜駅前店,C00232,高橋,男,41,北海道,2024-08-05,3,344161,Loyal,True,
PR0000652,2022-07-21,PC・タブレット,ノートPC 13型,146863,EC,,C00233,山田,女,51,大阪府,2021-07-13,5,658829,VIP,False,
PR0000653,2025-12-09,PC・タブレット,ノートPC 15型,196021,EC,,C00233,山田,女,51,大阪府,2021-07-13,5,658829,VIP,False,1237
PR0000656,2024-10-31,ゲーム・玩具,VR ゴーグル,77250,EC,,C00233,山田,女,51,大阪府,2021-07-13,5,658829,VIP,False,
PR0000654,2022-05-12,スマートフォン,ミドルレンジ機種,142359,店舗,池袋店,C00233,山田,女,51,大阪府,2021-07-13,5,658829,VIP,True,
PR0000655,2024-08-06,スマートフォン,ミドルレンジ機種,96336,EC,,C00233,山田,女,51,大阪府,2021-07-13,5,658829,VIP,False,817
PR0000657,2025-06-21,オーディオ,ターンテーブル,182453,EC,,C00234,坂本,男,43,広島県,2025-04-12,2,284025,Regular,False,
PR0000658,2025-06-06,テレビ,有機EL 55型,101572,EC,,C00234,坂本,男,43,広島県,2025-04-12,2,284025,Regular,True,
PR0000659,2024-08-30,PC・タブレット,タブレット 10型,243436,EC,,C00235,橋本,女,48,神奈川県,2023-12-08,3,506124,Loyal,True,
PR0000661,2024-12-04,洗濯機,コンパクト洗濯機,193916,EC,,C00235,橋本,女,48,神奈川県,2023-12-08,3,506124,Loyal,False,
PR0000660,2025-04-06,美容家電・小物,マッサージガン,68772,店舗,池袋店,C00235,橋本,女,48,神奈川県,2023-12-08,3,506124,Loyal,False,
PR0000662,2023-08-09,エアコン,エアコン 18畳用,80720,店舗,大阪梅田店,C00236,石川,男,44,神奈川県,2021-08-25,1,80720,Inactive,True,
PR0000667,2024-05-08,PC・タブレット,ワークステーション,132198,店舗,福岡天神店,C00237,山本,女,58,北海道,2022-09-10,8,1122974,VIP,False,
PR0000666,2025-11-15,エアコン,エアコン 10畳用,250499,EC,,C00237,山本,女,58,北海道,2022-09-10,8,1122974,VIP,False,
PR0000669,2025-03-11,カメラ・ビデオ,アクションカメラ,43420,EC,,C00237,山本,女,58,北海道,2022-09-10,8,1122974,VIP,False,
PR0000663,2022-11-20,スマートフォン,Pro モデル 512GB,113236,店舗,大阪梅田店,C00237,山本,女,58,北海道,2022-09-10,8,1122974,VIP,True,
PR0000664,2024-12-31,スマートフォン,ハイエンド 1TB,161616,店舗,札幌駅前店,C00237,山本,女,58,北海道,2022-09-10,8,1122974,VIP,False,772
PR0000665,2023-10-23,テレビ,有機EL 55型,207209,EC,,C00237,山本,女,58,北海道,2022-09-10,8,1122974,VIP,False,
PR0000670,2024-04-14,洗濯機,ドラム式洗濯機,186475,店舗,名古屋栄店,C00237,山本,女,58,北海道,2022-09-10,8,1122974,VIP,False,
PR0000668,2025-06-05,美容家電・小物,電気シェーバー,28321,店舗,池袋店,C00237,山本,女,58,北海道,2022-09-10,8,1122974,VIP,False,
PR0000673,2024-11-26,洗濯機,全自動 8kg,167751,EC,,C00238,鈴木,女,34,兵庫県,2021-04-06,3,247306,Loyal,False,
PR0000671,2022-10-19,美容家電・小物,美顔器,73529,店舗,秋葉原店,C00238,鈴木,女,34,兵庫県,2021-04-06,3,247306,Loyal,True,
PR0000672,2025-05-23,美容家電・小物,電動歯ブラシ,6026,店舗,池袋店,C00238,鈴木,女,34,兵庫県,2021-04-06,3,247306,Loyal,False,947
PR0000674,2022-08-01,エアコン,エアコン 10畳用,356180,店舗,福岡天神店,C00239,長谷川,女,50,兵庫県,2021-07-28,3,412923,Loyal,False,
PR0000675,2022-07-16,美容家電・小物,電動歯ブラシ,35923,店舗,秋葉原店,C00239,長谷川,女,50,兵庫県,2021-07-28,3,412923,Loyal,True,
PR0000676,2026-01-17,美容家電・小物,電気シェーバー,20820,店舗,名古屋栄店,C00239,長谷川,女,50,兵庫県,2021-07-28,3,412923,Loyal,False,1281
PR0000677,2023-08-15,スマートフォン,ミドルレンジ機種,170581,店舗,福岡天神店,C00240,吉田,男,22,福岡県,2021-12-30,2,237415,Regular,True,
PR0000678,2026-02-21,スマートフォン,コンパクトモデル,66834,店舗,渋谷店,C00240,吉田,男,22,福岡県,2021-12-30,2,237415,Regular,False,921
PR0000679,2025-08-08,スマートフォン,スタンダード 128GB,153127,店舗,名古屋栄店,C00241,小川,女,54,広島県,2023-01-13,1,153127,Light,True,
PR0000684,2026-02-07,エアコン,エアコン 6畳用,231059,店舗,札幌駅前店,C00242,山本,女,61,千葉県,2026-01-13,5,818368,VIP,True,
PR0000680,2026-02-15,スマートフォン,Pro モデル 512GB,101423,店舗,名古屋栄店,C00242,山本,女,61,千葉県,2026-01-13,5,818368,VIP,False,
PR0000683,2026-02-10,テレビ,有機EL 55型,185657,店舗,天王寺店,C00242,山本,女,61,千葉県,2026-01-13,5,818368,VIP,False,
PR0000681,2026-03-25,冷蔵庫,冷蔵庫 400L,276404,EC,,C00242,山本,女,61,千葉県,2026-01-13,5,818368,VIP,False,
PR0000682,2026-03-26,美容家電・小物,マッサージガン,23825,店舗,池袋店,C00242,山本,女,61,千葉県,2026-01-13,5,818368,VIP,False,
PR0000685,2022-02-13,冷蔵庫,冷蔵庫 400L,414889,店舗,天王寺店,C00243,近藤,男,63,大阪府,2021-12-21,1,414889,Inactive,True,
PR0000686,2022-08-30,PC・タブレット,タブレット 10型,83663,店舗,池袋店,C00244,清水,女,40,宮城県,2021-07-18,2,153984,Inactive,True,
PR0000687,2023-06-14,美容家電・小物,ヘアアイロン,70321,EC,,C00244,清水,女,40,宮城県,2021-07-18,2,153984,Inactive,False,
PR0000688,2025-02-19,ゲーム・玩具,携帯ゲーム機,11428,EC,,C00245,中島,男,22,東京都,2021-12-21,2,270523,Regular,False,
PR0000689,2024-08-21,テレビ,スマートテレビ 43型,259095,EC,,C00245,中島,男,22,東京都,2021-12-21,2,270523,Regular,True,
PR0000693,2025-03-29,PC・タブレット,タブレット 10型,106292,EC,,C00246,渡辺,男,44,神奈川県,2022-09-04,8,1117845,VIP,False,
PR0000694,2024-06-09,エアコン,エアコン 14畳用,278127,店舗,秋葉原店,C00246,渡辺,男,44,神奈川県,2022-09-04,8,1117845,VIP,False,
PR0000695,2023-05-08,カメラ・ビデオ,アクションカメラ,254977,店舗,秋葉原店,C00246,渡辺,男,44,神奈川県,2022-09-04,8,1117845,VIP,True,
PR0000692,2024-03-31,ゲーム・玩具,コントローラ,41163,店舗,名古屋栄店,C00246,渡辺,男,44,神奈川県,2022-09-04,8,1117845,VIP,False,
PR0000690,2025-12-27,スマートフォン,ミドルレンジ機種,46777,店舗,名古屋栄店,C00246,渡辺,男,44,神奈川県,2022-09-04,8,1117845,VIP,False,
PR0000691,2024-12-05,テレビ,有機EL 55型,50544,店舗,名古屋栄店,C00246,渡辺,男,44,神奈川県,2022-09-04,8,1117845,VIP,False,
PR0000697,2026-02-16,洗濯機,縦型洗濯機,314277,EC,,C00246,渡辺,男,44,神奈川県,2022-09-04,8,1117845,VIP,False,
PR0000696,2024-11-04,美容家電・小物,ドライヤー,25688,EC,,C00246,渡辺,男,44,神奈川県,2022-09-04,8,1117845,VIP,False,
PR0000699,2026-01-01,エアコン,エアコン 18畳用,180158,店舗,天王寺店,C00247,阿部,女,44,愛知県,2025-07-24,2,204684,Regular,True,
PR0000698,2026-01-10,美容家電・小物,電気シェーバー,24526,店舗,名古屋栄店,C00247,阿部,女,44,愛知県,2025-07-24,2,204684,Regular,False,
PR0000701,2026-02-25,PC・タブレット,ノートPC 15型,287048,店舗,天王寺店,C00248,池田,女,40,兵庫県,2025-09-07,2,345297,Regular,False,
PR0000700,2025-12-29,美容家電・小物,電気シェーバー,58249,店舗,天王寺店,C00248,池田,女,40,兵庫県,2025-09-07,2,345297,Regular,True,
PR0000702,2023-07-21,ゲーム・玩具,コントローラ,78015,EC,,C00249,渡辺,女,29,神奈川県,2022-03-16,1,78015,Inactive,True,
PR0000704,2022-05-31,PC・タブレット,タブレット 10型,306586,店舗,新宿店,C00250,村上,男,45,宮城県,2021-07-14,2,375768,Regular,True,
PR0000703,2025-06-12,ゲーム・玩具,ゲームソフト,69182,店舗,横浜駅前店,C00250,村上,男,45,宮城県,2021-07-14,2,375768,Regular,False,
PR0000706,2026-03-05,カメラ・ビデオ,交換レンズ,94168,店舗,渋谷店,C00251,村上,女,22,埼玉県,2024-06-16,2,129626,Regular,False,
PR0000705,2024-12-28,スマートフォン,ミドルレンジ機種,35458,EC,,C00251,村上,女,22,埼玉県,2024-06-16,2,129626,Regular,True,
PR0000708,2025-10-11,オーディオ,ワイヤレスイヤホン,22035,EC,,C00252,坂本,男,38,福岡県,2025-05-11,3,794562,Loyal,False,
PR0000707,2025-12-27,テレビ,有機EL 55型,443663,EC,,C00252,坂本,男,38,福岡県,2025-05-11,3,794562,Loyal,False,
PR0000709,2025-09-19,洗濯機,乾燥機能付き 10kg,328864,EC,,C00252,坂本,男,38,福岡県,2025-05-11,3,794562,Loyal,True,
PR0000713,2022-05-10,ゲーム・玩具,コントローラ,43319,EC,,C00253,岡田,男,32,広島県,2021-09-26,4,606789,Loyal,True,
PR0000711,2023-01-25,スマートフォン,ミドルレンジ機種,131137,EC,,C00253,岡田,男,32,広島県,2021-09-26,4,606789,Loyal,False,
PR0000712,2025-03-27,スマートフォン,コンパクトモデル,199065,EC,,C00253,岡田,男,32,広島県,2021-09-26,4,606789,Loyal,False,792
PR0000710,2023-02-18,テレビ,有機EL 75型,233268,EC,,C00253,岡田,男,32,広島県,2021-09-26,4,606789,Loyal,False,
PR0000714,2025-11-28,カメラ・ビデオ,交換レンズ,187543,店舗,秋葉原店,C00254,後藤,男,60,宮城県,2025-11-21,2,631738,Regular,True,
PR0000715,2026-01-29,冷蔵庫,コンパクト冷蔵庫,444195,店舗,池袋店,C00254,後藤,男,60,宮城県,2025-11-21,2,631738,Regular,False,
PR0000716,2025-03-09,エアコン,エアコン 18畳用,100476,店舗,渋谷店,C00255,鈴木,男,66,千葉県,2021-06-28,4,207724,Loyal,False,
PR0000717,2024-01-12,ゲーム・玩具,ゲームソフト,65517,店舗,大阪梅田店,C00255,鈴木,男,66,千葉県,2021-06-28,4,207724,Loyal,False,
PR0000718,2023-09-16,美容家電・小物,マッサージガン,18639,店舗,横浜駅前店,C00255,鈴木,男,66,千葉県,2021-06-28,4,207724,Loyal,True,
PR0000719,2026-01-22,美容家電・小物,ヘアアイロン,23092,店舗,池袋店,C00255,鈴木,男,66,千葉県,2021-06-28,4,207724,Loyal,False,859
PR0000722,2025-07-07,エアコン,エアコン 6畳用,127749,店舗,天王寺店,C00256,松本,男,30,大阪府,2025-04-16,3,222212,Loyal,False,
PR0000721,2025-08-10,オーディオ,ヘッドホン,47948,EC,,C00256,松本,男,30,大阪府,2025-04-16,3,222212,Loyal,False,
PR0000720,2025-06-17,スマートフォン,ハイエンド 1TB,46515,EC,,C00256,松本,男,30,大阪府,2025-04-16,3,222212,Loyal,True,
PR0000724,2026-02-14,カメラ・ビデオ,ミラーレス一眼,101046,EC,,C00257,中村,男,43,兵庫県,2025-07-08,3,363980,Loyal,False,
PR0000725,2025-09-24,スマートフォン,スタンダード 128GB,84051,EC,,C00257,中村,男,43,兵庫県,2025-07-08,3,363980,Loyal,False,
PR0000723,2025-07-29,洗濯機,乾燥機能付き 10kg,178883,EC,,C00257,中村,男,43,兵庫県,2025-07-08,3,363980,Loyal,True,
PR0000726,2025-07-15,エアコン,エアコン 6畳用,97526,EC,,C00258,小林,女,56,兵庫県,2025-05-01,2,180623,Regular,True,
PR0000727,2026-03-07,カメラ・ビデオ,ドローン,83097,店舗,大阪梅田店,C00258,小林,女,56,兵庫県,2025-05-01,2,180623,Regular,False,
PR0000730,2022-03-27,ゲーム・玩具,ボードゲーム,42832,店舗,新宿店,C00259,岡田,男,36,京都府,2021-10-28,3,173381,Regular,True,
PR0000728,2024-08-05,スマートフォン,最新スマホ 256GB,85351,店舗,秋葉原店,C00259,岡田,男,36,京都府,2021-10-28,3,173381,Regular,False,
PR0000729,2023-11-30,美容家電・小物,マッサージガン,45198,店舗,秋葉原店,C00259,岡田,男,36,京都府,2021-10-28,3,173381,Regular,False,
PR0000732,2025-09-30,エアコン,エアコン 10畳用,351562,EC,,C00260,藤田,男,63,神奈川県,2024-12-22,3,794062,Loyal,False,
PR0000731,2026-03-30,スマートフォン,最新スマホ 256GB,187199,EC,,C00260,藤田,男,63,神奈川県,2024-12-22,3,794062,Loyal,False,
PR0000733,2025-07-24,冷蔵庫,冷蔵庫 400L,255301,店舗,大阪梅田店,C00260,藤田,男,63,神奈川県,2024-12-22,3,794062,Loyal,True,
PR0000734,2024-07-02,PC・タブレット,ノートPC 13型,345958,店舗,横浜駅前店,C00261,遠藤,女,22,北海道,2024-05-03,1,345958,Light,True,
PR0000737,2024-10-16,PC・タブレット,タブレット 10型,302325,店舗,札幌駅前店,C00262,青木,女,43,大阪府,2022-10-11,4,422812,Loyal,False,
PR0000738,2025-03-27,ゲーム・玩具,コントローラ,47024,店舗,秋葉原店,C00262,青木,女,43,大阪府,2022-10-11,4,422812,Loyal,False,
PR0000735,2023-03-17,美容家電・小物,マッサージガン,13800,店舗,大阪梅田店,C00262,青木,女,43,大阪府,2022-10-11,4,422812,Loyal,True,
PR0000736,2026-01-31,美容家電・小物,美顔器,59663,店舗,天王寺店,C00262,青木,女,43,大阪府,2022-10-11,4,422812,Loyal,False,1051
PR0000740,2026-03-08,PC・タブレット,ノートPC 13型,100127,EC,,C00263,鈴木,男,55,兵庫県,2022-09-01,2,368816,Regular,True,
PR0000739,2026-03-15,エアコン,業務用エアコン,268689,EC,,C00263,鈴木,男,55,兵庫県,2022-09-01,2,368816,Regular,False,
PR0000741,2025-09-04,オーディオ,ホームオーディオ,116322,EC,,C00264,石川,女,48,東京都,2025-06-19,2,239027,Regular,True,
PR0000742,2025-12-24,テレビ,4K テレビ 50型,122705,店舗,札幌駅前店,C00264,石川,女,48,東京都,2025-06-19,2,239027,Regular,False,
PR0000745,2023-11-05,カメラ・ビデオ,アクションカメラ,297721,EC,,C00265,加藤,女,40,愛知県,2021-06-12,4,886433,Loyal,False,
PR0000743,2022-09-29,スマートフォン,ハイエンド 1TB,168305,EC,,C00265,加藤,女,40,愛知県,2021-06-12,4,886433,Loyal,False,
PR0000744,2025-01-02,スマートフォン,Pro モデル 512GB,110348,EC,,C00265,加藤,女,40,愛知県,2021-06-12,4,886433,Loyal,False,826
PR0000746,2022-04-20,テレビ,有機EL 55型,310059,EC,,C00265,加藤,女,40,愛知県,2021-06-12,4,886433,Loyal,True,
PR0000748,2025-03-12,スマートフォン,Pro モデル 512GB,175846,店舗,秋葉原店,C00266,坂本,女,22,福岡県,2025-02-12,2,298151,Regular,True,
PR0000747,2026-03-19,洗濯機,全自動 8kg,122305,店舗,天王寺店,C00266,坂本,女,22,福岡県,2025-02-12,2,298151,Regular,False,
PR0000750,2024-05-15,PC・タブレット,ノートPC 15型,198363,店舗,天王寺店,C00267,山田,男,54,大阪府,2021-04-07,2,341544,Regular,False,
PR0000749,2022-02-16,カメラ・ビデオ,アクションカメラ,143181,店舗,札幌駅前店,C00267,山田,男,54,大阪府,2021-04-07,2,341544,Regular,True,
PR0000753,2025-05-04,エアコン,エアコン 10畳用,210822,EC,,C00268,山本,女,42,京都府,2025-03-15,3,379746,Loyal,True,
PR0000751,2025-11-12,スマートフォン,スタンダード 128GB,89304,EC,,C00268,山本,女,42,京都府,2025-03-15,3,379746,Loyal,False,
PR0000752,2025-09-29,美容家電・小物,美顔器,79620,店舗,渋谷店,C00268,山本,女,42,京都府,2025-03-15,3,379746,Loyal,False,
PR0000754,2025-05-20,オーディオ,ワイヤレスイヤホン,75265,店舗,秋葉原店,C00269,池田,男,40,福岡県,2023-06-16,1,75265,Light,True,
PR0000755,2026-01-09,オーディオ,サウンドバー,181429,EC,,C00270,渡辺,男,22,北海道,2025-09-12,2,241715,Regular,True,
PR0000756,2026-02-28,美容家電・小物,電動歯ブラシ,60286,店舗,秋葉原店,C00270,渡辺,男,22,北海道,2025-09-12,2,241715,Regular,False,
PR0000758,2022-10-30,PC・タブレット,2-in-1 PC,171575,店舗,渋谷店,C00272,青木,女,51,愛知県,2021-07-15,2,225175,Regular,True,
PR0000757,2025-02-22,スマートフォン,最新スマホ 256GB,53600,店舗,新宿店,C00272,青木,女,51,愛知県,2021-07-15,2,225175,Regular,False,
PR0000760,2025-03-03,テレビ,4K テレビ 50型,429593,店舗,福岡天神店,C00273,藤田,女,50,埼玉県,2023-04-27,2,497942,Regular,False,
PR0000759,2024-09-10,美容家電・小物,電気シェーバー,68349,店舗,秋葉原店,C00273,藤田,女,50,埼玉県,2023-04-27,2,497942,Regular,True,
PR0000762,2025-12-26,テレビ,有機EL 55型,141478,EC,,C00274,長谷川,女,51,福岡県,2025-04-02,3,642287,Loyal,False,
PR0000763,2025-09-28,冷蔵庫,冷蔵庫 500L,167693,店舗,名古屋栄店,C00274,長谷川,女,51,福岡県,2025-04-02,3,642287,Loyal,True,
PR0000761,2025-11-26,洗濯機,全自動 8kg,333116,店舗,大阪梅田店,C00274,長谷川,女,51,福岡県,2025-04-02,3,642287,Loyal,False,
PR0000764,2025-07-17,オーディオ,ワイヤレスイヤホン,42867,店舗,天王寺店,C00275,高橋,男,54,大阪府,2024-11-05,2,123808,Regular,False,
PR0000765,2025-05-08,スマートフォン,ハイエンド 1TB,80941,店舗,新宿店,C00275,高橋,男,54,大阪府,2024-11-05,2,123808,Regular,True,
PR0000767,2025-11-21,冷蔵庫,フレンチドア 700L,180492,EC,,C00276,井上,男,43,京都府,2023-12-25,2,468192,Regular,False,
PR0000766,2025-03-01,洗濯機,全自動 8kg,287700,店舗,秋葉原店,C00276,井上,男,43,京都府,2023-12-25,2,468192,Regular,True,
PR0000768,2024-07-16,PC・タブレット,ワークステーション,70446,店舗,大阪梅田店,C00277,阿部,女,22,千葉県,2024-03-20,2,145663,Regular,False,
PR0000769,2024-07-14,美容家電・小物,電動歯ブラシ,75217,店舗,天王寺店,C00277,阿部,女,22,千葉県,2024-03-20,2,145663,Regular,True,
PR0000770,2025-04-11,ゲーム・玩具,VR ゴーグル,41914,店舗,名古屋栄店,C00278,斎藤,女,35,宮城県,2024-01-24,2,95440,Regular,True,
PR0000771,2025-06-19,美容家電・小物,ヘアアイロン,53526,EC,,C00278,斎藤,女,35,宮城県,2024-01-24,2,95440,Regular,False,
PR0000773,2023-06-17,エアコン,エアコン 6畳用,90684,店舗,福岡天神店,C00279,岡田,男,33,埼玉県,2022-06-25,2,484117,Regular,True,
PR0000772,2024-06-12,冷蔵庫,冷蔵庫 500L,393433,店舗,大阪梅田店,C00279,岡田,男,33,埼玉県,2022-06-25,2,484117,Regular,False,
PR0000778,2025-12-01,PC・タブレット,2-in-1 PC,245393,店舗,渋谷店,C00280,井上,女,61,神奈川県,2025-10-22,6,1467456,VIP,False,
PR0000779,2025-11-20,エアコン,エアコン 14畳用,313121,店舗,新宿店,C00280,井上,女,61,神奈川県,2025-10-22,6,1467456,VIP,True,
PR0000775,2026-02-21,カメラ・ビデオ,コンパクトデジカメ,236135,EC,,C00280,井上,女,61,神奈川県,2025-10-22,6,1467456,VIP,False,
PR0000774,2025-12-18,テレビ,スマートテレビ 43型,335215,店舗,池袋店,C00280,井上,女,61,神奈川県,2025-10-22,6,1467456,VIP,False,
PR0000777,2026-02-26,洗濯機,縦型洗濯機,273265,EC,,C00280,井上,女,61,神奈川県,2025-10-22,6,1467456,VIP,False,
PR0000776,2025-11-20,美容家電・小物,電動歯ブラシ,64327,EC,,C00280,井上,女,61,神奈川県,2025-10-22,6,1467456,VIP,True,
PR0000782,2026-01-12,カメラ・ビデオ,ドローン,182575,店舗,新宿店,C00281,佐々木,男,49,広島県,2025-12-11,3,412532,Loyal,True,
PR0000780,2026-03-14,冷蔵庫,フレンチドア 700L,215630,店舗,池袋店,C00281,佐々木,男,49,広島県,2025-12-11,3,412532,Loyal,False,
PR0000781,2026-03-07,美容家電・小物,電気シェーバー,14327,店舗,福岡天神店,C00281,佐々木,男,49,広島県,2025-12-11,3,412532,Loyal,False,
PR0000784,2025-11-10,テレビ,有機EL 75型,169038,店舗,天王寺店,C00282,渡辺,女,31,東京都,2025-09-15,3,619998,Loyal,True,
PR0000785,2026-03-28,冷蔵庫,コンパクト冷蔵庫,422176,店舗,新宿店,C00282,渡辺,女,31,東京都,2025-09-15,3,619998,Loyal,False,
PR0000783,2026-02-21,美容家電・小物,ヘアアイロン,28784,店舗,池袋店,C00282,渡辺,女,31,東京都,2025-09-15,3,619998,Loyal,False,
PR0000787,2026-01-11,カメラ・ビデオ,アクションカメラ,265839,店舗,札幌駅前店,C00283,佐々木,男,41,京都府,2021-04-05,2,316064,Regular,False,
PR0000786,2023-04-03,美容家電・小物,電動歯ブラシ,50225,EC,,C00283,佐々木,男,41,京都府,2021-04-05,2,316064,Regular,True,
PR0000788,2026-03-06,美容家電・小物,マッサージガン,52092,店舗,大阪梅田店,C00284,山口,男,66,福岡県,2026-01-12,1,52092,Light,True,
PR0000792,2023-12-01,スマートフォン,ハイエンド 1TB,96946,EC,,C00285,小林,男,35,埼玉県,2022-03-31,6,855670,VIP,False,
PR0000793,2025-12-05,スマートフォン,ハイエンド 1TB,66097,EC,,C00285,小林,男,35,埼玉県,2022-03-31,6,855670,VIP,False,735
PR0000790,2022-04-28,テレビ,有機EL 55型,184891,EC,,C00285,小林,男,35,埼玉県,2022-03-31,6,855670,VIP,True,
PR0000794,2025-01-12,冷蔵庫,コンパクト冷蔵庫,201123,EC,,C00285,小林,男,35,埼玉県,2022-03-31,6,855670,VIP,False,
PR0000791,2024-03-17,洗濯機,全自動 8kg,237703,EC,,C00285,小林,男,35,埼玉県,2022-03-31,6,855670,VIP,False,
PR0000789,2024-09-24,美容家電・小物,電気シェーバー,68910,EC,,C00285,小林,男,35,埼玉県,2022-03-31,6,855670,VIP,False,
PR0000795,2024-06-24,エアコン,エアコン 10畳用,178308,EC,,C00286,鈴木,女,58,京都府,2023-12-27,2,331291,Regular,True,
PR0000796,2024-07-19,スマートフォン,ミドルレンジ機種,152983,EC,,C00286,鈴木,女,58,京都府,2023-12-27,2,331291,Regular,False,
PR0000797,2024-09-23,スマートフォン,コンパクトモデル,101377,店舗,新宿店,C00287,橋本,男,61,福岡県,2023-05-26,2,409398,Regular,True,
PR0000798,2025-09-02,洗濯機,乾燥機能付き 10kg,308021,店舗,名古屋栄店,C00287,橋本,男,61,福岡県,2023-05-26,2,409398,Regular,False,
PR0000801,2025-07-28,PC・タブレット,ゲーミングPC,315248,EC,,C00288,坂本,女,43,東京都,2024-06-01,3,501536,Loyal,False,
PR0000800,2025-10-18,スマートフォン,Pro モデル 512GB,130986,EC,,C00288,坂本,女,43,東京都,2024-06-01,3,501536,Loyal,False,
PR0000799,2024-07-24,美容家電・小物,美顔器,55302,EC,,C00288,坂本,女,43,東京都,2024-06-01,3,501536,Loyal,True,
PR0000802,2025-11-15,PC・タブレット,ワークステーション,152142,EC,,C00289,田中,男,22,広島県,2024-08-04,2,648359,Regular,True,
PR0000803,2026-01-28,テレビ,有機EL 75型,496217,EC,,C00289,田中,男,22,広島県,2024-08-04,2,648359,Regular,False,
PR0000804,2021-12-17,PC・タブレット,ワークステーション,187202,EC,,C00290,遠藤,男,26,宮城県,2021-08-23,3,407718,Loyal,True,
PR0000805,2026-03-06,PC・タブレット,ゲーミングPC,159153,EC,,C00290,遠藤,男,26,宮城県,2021-08-23,3,407718,Loyal,False,1540
PR0000806,2022-08-13,ゲーム・玩具,VR ゴーグル,61363,EC,,C00290,遠藤,男,26,宮城県,2021-08-23,3,407718,Loyal,False,
PR0000807,2025-06-24,美容家電・小物,マッサージガン,9230,店舗,札幌駅前店,C00291,前田,女,64,北海道,2021-07-18,1,9230,Light,True,
PR0000813,2025-05-19,PC・タブレット,ワークステーション,149201,EC,,C00292,加藤,女,38,埼玉県,2022-03-21,9,1542896,VIP,False,
PR0000816,2022-06-28,オーディオ,ホームオーディオ,107673,EC,,C00292,加藤,女,38,埼玉県,2022-03-21,9,1542896,VIP,True,
PR0000810,2022-09-06,カメラ・ビデオ,ドローン,237421,EC,,C00292,加藤,女,38,埼玉県,2022-03-21,9,1542896,VIP,False,
PR0000812,2022-10-04,ゲーム・玩具,コントローラ,57499,店舗,天王寺店,C00292,加藤,女,38,埼玉県,2022-03-21,9,1542896,VIP,False,
PR0000808,2022-09-18,スマートフォン,ミドルレンジ機種,123251,EC,,C00292,加藤,女,38,埼玉県,2022-03-21,9,1542896,VIP,False,
PR0000809,2024-06-25,スマートフォン,ハイエンド 1TB,80745,EC,,C00292,加藤,女,38,埼玉県,2022-03-21,9,1542896,VIP,False,646
PR0000814,2023-02-09,冷蔵庫,冷蔵庫 400L,455051,EC,,C00292,加藤,女,38,埼玉県,2022-03-21,9,1542896,VIP,False,
PR0000815,2025-06-22,洗濯機,全自動 8kg,298069,EC,,C00292,加藤,女,38,埼玉県,2022-03-21,9,1542896,VIP,False,
PR0000811,2026-03-30,美容家電・小物,電気シェーバー,33986,EC,,C00292,加藤,女,38,埼玉県,2022-03-21,9,1542896,VIP,False,
PR0000818,2025-01-14,PC・タブレット,ノートPC 15型,93008,EC,,C00293,近藤,女,37,東京都,2023-07-01,3,434172,Loyal,False,
PR0000819,2024-04-04,冷蔵庫,冷蔵庫 400L,315083,店舗,大阪梅田店,C00293,近藤,女,37,東京都,2023-07-01,3,434172,Loyal,True,
PR0000817,2024-08-31,美容家電・小物,美顔器,26081,EC,,C00293,近藤,女,37,東京都,2023-07-01,3,434172,Loyal,False,
PR0000821,2025-07-22,PC・タブレット,ノートPC 13型,317460,店舗,名古屋栄店,C00294,小川,女,42,北海道,2023-10-10,2,387266,Regular,False,
PR0000820,2025-05-09,テレビ,スマートテレビ 43型,69806,店舗,新宿店,C00294,小川,女,42,北海道,2023-10-10,2,387266,Regular,True,
PR0000822,2024-05-16,PC・タブレット,ノートPC 15型,128553,EC,,C00295,森,男,35,大阪府,2024-02-02,2,151908,Regular,True,
PR0000823,2025-01-01,ゲーム・玩具,コントローラ,23355,店舗,名古屋栄店,C00295,森,男,35,大阪府,2024-02-02,2,151908,Regular,False,
PR0000825,2023-12-18,PC・タブレット,ゲーミングPC,151567,店舗,札幌駅前店,C00296,前田,女,43,千葉県,2023-06-28,2,583610,Inactive,False,
PR0000824,2023-09-30,テレビ,有機EL 75型,432043,店舗,天王寺店,C00296,前田,女,43,千葉県,2023-06-28,2,583610,Inactive,True,
PR0000827,2024-06-05,エアコン,エアコン 10畳用,138648,店舗,大阪梅田店,C00297,坂本,男,53,福岡県,2021-10-02,3,451265,Loyal,False,
PR0000826,2022-12-07,オーディオ,ワイヤレスイヤホン,159106,店舗,秋葉原店,C00297,坂本,男,53,福岡県,2021-10-02,3,451265,Loyal,True,
PR0000828,2025-04-19,スマートフォン,最新スマホ 256GB,153511,EC,,C00297,坂本,男,53,福岡県,2021-10-02,3,451265,Loyal,False,
PR0000830,2026-01-12,オーディオ,Bluetoothスピーカー,43810,店舗,名古屋栄店,C00298,木村,女,48,愛知県,2025-09-14,2,111776,Regular,False,
PR0000829,2025-10-15,美容家電・小物,美顔器,67966,店舗,福岡天神店,C00298,木村,女,48,愛知県,2025-09-14,2,111776,Regular,True,
PR0000831,2025-09-22,スマートフォン,Pro モデル 512GB,176131,EC,,C00299,森,男,24,千葉県,2023-11-27,2,439541,Regular,False,
PR0000832,2024-03-03,冷蔵庫,冷蔵庫 400L,263410,EC,,C00299,森,男,24,千葉県,2023-11-27,2,439541,Regular,True,
PR0000833,2024-02-01,エアコン,エアコン 18畳用,354533,店舗,名古屋栄店,C00300,小林,男,43,神奈川県,2024-01-01,2,478342,Inactive,False,
PR0000834,2024-01-30,スマートフォン,最新スマホ 256GB,123809,EC,,C00300,小林,男,43,神奈川県,2024-01-01,2,478342,Inactive,True,
PR0000836,2024-03-29,PC・タブレット,ノートPC 13型,298921,店舗,新宿店,C00301,井上,男,31,福岡県,2023-04-12,2,458470,Regular,True,
PR0000835,2025-05-10,エアコン,エアコン 18畳用,159549,店舗,横浜駅前店,C00301,井上,男,31,福岡県,2023-04-12,2,458470,Regular,False,
PR0000838,2023-12-27,カメラ・ビデオ,ドローン,193263,店舗,大阪梅田店,C00302,渡辺,女,53,兵庫県,2023-02-24,2,254382,Inactive,False,
PR0000837,2023-04-06,美容家電・小物,ドライヤー,61119,EC,,C00302,渡辺,女,53,兵庫県,2023-02-24,2,254382,Inactive,True,
PR0000839,2025-07-03,エアコン,業務用エアコン,122804,店舗,横浜駅前店,C00303,山本,男,42,広島県,2022-06-05,1,122804,Light,True,
PR0000841,2024-07-15,PC・タブレット,2-in-1 PC,165753,EC,,C00304,石井,男,40,神奈川県,2022-01-24,5,903394,VIP,False,
PR0000840,2023-07-25,ゲーム・玩具,携帯ゲーム機,67299,EC,,C00304,石井,男,40,神奈川県,2022-01-24,5,903394,VIP,False,
PR0000843,2023-10-29,スマートフォン,スタンダード 128GB,153525,EC,,C00304,石井,男,40,神奈川県,2022-01-24,5,903394,VIP,False,
PR0000844,2025-10-22,スマートフォン,Pro モデル 512GB,171626,店舗,名古屋栄店,C00304,石井,男,40,神奈川県,2022-01-24,5,903394,VIP,False,724
PR0000842,2022-04-06,テレビ,4K テレビ 65型,345191,EC,,C00304,石井,男,40,神奈川県,2022-01-24,5,903394,VIP,True,
PR0000846,2025-05-01,エアコン,エアコン 6畳用,151080,店舗,渋谷店,C00305,村上,女,53,広島県,2023-07-12,3,207139,Loyal,True,
PR0000845,2025-10-30,スマートフォン,Pro モデル 512GB,36711,EC,,C00305,村上,女,53,広島県,2023-07-12,3,207139,Loyal,False,
PR0000847,2025-10-10,美容家電・小物,ヘアアイロン,19348,EC,,C00305,村上,女,53,広島県,2023-07-12,3,207139,Loyal,False,
PR0000848,2023-01-12,エアコン,エアコン 10畳用,386573,EC,,C00306,加藤,女,50,埼玉県,2021-11-08,2,810533,Inactive,False,
PR0000849,2022-05-03,冷蔵庫,コンパクト冷蔵庫,423960,店舗,新宿店,C00306,加藤,女,50,埼玉県,2021-11-08,2,810533,Inactive,True,
PR0000850,2025-09-19,スマートフォン,ハイエンド 1TB,137693,店舗,天王寺店,C00307,遠藤,女,46,愛知県,2025-08-30,3,364654,Loyal,True,
PR0000852,2025-12-12,冷蔵庫,コンパクト冷蔵庫,206173,店舗,札幌駅前店,C00307,遠藤,女,46,愛知県,2025-08-30,3,364654,Loyal,False,
PR0000851,2025-12-11,美容家電・小物,マッサージガン,20788,店舗,札幌駅前店,C00307,遠藤,女,46,愛知県,2025-08-30,3,364654,Loyal,False,
PR0000853,2024-10-25,美容家電・小物,電気シェーバー,75657,EC,,C00308,山本,女,28,兵庫県,2021-10-17,1,75657,Light,True,
PR0000854,2025-05-16,カメラ・ビデオ,ドローン,110974,店舗,大阪梅田店,C00309,藤田,女,59,千葉県,2023-07-08,1,110974,Light,True,
PR0000856,2025-01-14,スマートフォン,スタンダード 128GB,85849,EC,,C00310,遠藤,女,38,北海道,2024-03-16,2,159987,Regular,False,
PR0000855,2025-01-01,美容家電・小物,マッサージガン,74138,店舗,名古屋栄店,C00310,遠藤,女,38,北海道,2024-03-16,2,159987,Regular,True,
PR0000858,2026-01-07,PC・タブレット,ゲーミングPC,235705,店舗,札幌駅前店,C00311,石井,男,30,愛知県,2021-07-17,2,338023,Regular,False,
PR0000857,2025-09-19,洗濯機,縦型洗濯機,102318,EC,,C00311,石井,男,30,愛知県,2021-07-17,2,338023,Regular,True,
PR0000859,2021-12-14,スマートフォン,Pro モデル 512GB,162194,EC,,C00312,阿部,男,26,福岡県,2021-11-21,2,257605,Regular,True,
PR0000860,2024-08-08,スマートフォン,最新スマホ 256GB,95411,EC,,C00312,阿部,男,26,福岡県,2021-11-21,2,257605,Regular,False,968
PR0000862,2025-06-09,オーディオ,ターンテーブル,27863,EC,,C00313,阿部,女,22,千葉県,2024-11-07,4,591632,Loyal,False,
PR0000861,2024-12-28,スマートフォン,スタンダード 128GB,123214,店舗,札幌駅前店,C00313,阿部,女,22,千葉県,2024-11-07,4,591632,Loyal,False,
PR0000864,2024-11-13,冷蔵庫,フレンチドア 700L,426704,店舗,池袋店,C00313,阿部,女,22,千葉県,2024-11-07,4,591632,Loyal,True,
PR0000863,2024-12-02,美容家電・小物,電動歯ブラシ,13851,EC,,C00313,阿部,女,22,千葉県,2024-11-07,4,591632,Loyal,False,
PR0000866,2025-05-31,ゲーム・玩具,コントローラ,50426,店舗,池袋店,C00314,橋本,女,50,宮城県,2024-12-18,2,126232,Regular,False,
PR0000865,2025-05-17,美容家電・小物,美顔器,75806,店舗,渋谷店,C00314,橋本,女,50,宮城県,2024-12-18,2,126232,Regular,True,
PR0000868,2024-10-02,PC・タブレット,ゲーミングPC,188424,店舗,池袋店,C00315,松本,男,30,埼玉県,2022-10-07,5,583189,VIP,False,
PR0000867,2025-03-23,オーディオ,Bluetoothスピーカー,170432,店舗,天王寺店,C00315,松本,男,30,埼玉県,2022-10-07,5,583189,VIP,False,
PR0000870,2024-09-15,スマートフォン,ハイエンド 1TB,48388,店舗,札幌駅前店,C00315,松本,男,30,埼玉県,2022-10-07,5,583189,VIP,False,
PR0000869,2024-09-13,洗濯機,乾燥機能付き 10kg,138319,店舗,福岡天神店,C00315,松本,男,30,埼玉県,2022-10-07,5,583189,VIP,True,
PR0000871,2025-03-24,美容家電・小物,マッサージガン,37626,店舗,福岡天神店,C00315,松本,男,30,埼玉県,2022-10-07,5,583189,VIP,False,
PR0000872,2025-12-16,オーディオ,ワイヤレスイヤホン,72363,店舗,大阪梅田店,C00316,後藤,男,35,兵庫県,2025-08-26,1,72363,Light,True,
PR0000873,2025-06-12,オーディオ,Bluetoothスピーカー,173464,EC,,C00317,近藤,女,46,愛知県,2023-05-30,1,173464,Light,True,
PR0000875,2025-12-07,PC・タブレット,ゲーミングPC,336745,EC,,C00318,斎藤,女,43,埼玉県,2025-03-27,4,479035,Loyal,False,
PR0000874,2025-05-09,ゲーム・玩具,コントローラ,42708,EC,,C00318,斎藤,女,43,埼玉県,2025-03-27,4,479035,Loyal,True,
PR0000876,2026-03-12,スマートフォン,ミドルレンジ機種,55919,EC,,C00318,斎藤,女,43,埼玉県,2025-03-27,4,479035,Loyal,False,
PR0000877,2025-08-02,美容家電・小物,電気シェーバー,43663,EC,,C00318,斎藤,女,43,埼玉県,2025-03-27,4,479035,Loyal,False,
PR0000878,2023-09-28,PC・タブレット,ノートPC 15型,194775,店舗,横浜駅前店,C00319,山崎,女,53,神奈川県,2022-06-06,1,194775,Inactive,True,
PR0000881,2024-12-21,PC・タブレット,タブレット 10型,59927,店舗,新宿店,C00320,林,男,56,宮城県,2023-10-25,8,1159008,VIP,False,
PR0000886,2024-07-26,カメラ・ビデオ,交換レンズ,231813,店舗,名古屋栄店,C00320,林,男,56,宮城県,2023-10-25,8,1159008,VIP,False,
PR0000885,2024-01-18,ゲーム・玩具,コントローラ,42834,店舗,新宿店,C00320,林,男,56,宮城県,2023-10-25,8,1159008,VIP,False,
PR0000883,2026-01-15,スマートフォン,ミドルレンジ機種,193189,EC,,C00320,林,男,56,宮城県,2023-10-25,8,1159008,VIP,False,
PR0000879,2025-12-25,テレビ,スマートテレビ 43型,103684,EC,,C00320,林,男,56,宮城県,2023-10-25,8,1159008,VIP,False,
PR0000880,2025-12-02,冷蔵庫,冷蔵庫 500L,414900,EC,,C00320,林,男,56,宮城県,2023-10-25,8,1159008,VIP,False,
PR0000884,2024-02-20,洗濯機,ドラム式洗濯機,91054,EC,,C00320,林,男,56,宮城県,2023-10-25,8,1159008,VIP,False,
PR0000882,2024-01-06,美容家電・小物,美顔器,21607,EC,,C00320,林,男,56,宮城県,2023-10-25,8,1159008,VIP,True,
PR0000888,2025-04-14,エアコン,業務用エアコン,327879,店舗,新宿店,C00322,青木,男,42,神奈川県,2022-01-06,2,334178,Regular,False,
PR0000887,2025-03-02,美容家電・小物,ヘアアイロン,6299,店舗,福岡天神店,C00322,青木,男,42,神奈川県,2022-01-06,2,334178,Regular,True,
PR0000889,2024-04-01,美容家電・小物,ドライヤー,50254,店舗,福岡天神店,C00323,石井,女,53,福岡県,2022-11-07,1,50254,Inactive,True,
PR0000892,2025-06-14,スマートフォン,コンパクトモデル,89275,店舗,池袋店,C00324,遠藤,男,43,宮城県,2023-07-18,3,285892,Loyal,False,
PR0000890,2025-09-29,テレビ,4K テレビ 50型,138131,店舗,新宿店,C00324,遠藤,男,43,宮城県,2023-07-18,3,285892,Loyal,False,
PR0000891,2025-04-27,美容家電・小物,ドライヤー,58486,店舗,大阪梅田店,C00324,遠藤,男,43,宮城県,2023-07-18,3,285892,Loyal,True,
PR0000894,2022-07-04,エアコン,エアコン 10畳用,325855,EC,,C00325,村上,男,64,東京都,2022-03-03,3,764760,Loyal,True,
PR0000895,2024-11-01,カメラ・ビデオ,アクションカメラ,127347,EC,,C00325,村上,男,64,東京都,2022-03-03,3,764760,Loyal,False,
PR0000893,2024-10-30,テレビ,有機EL 75型,311558,EC,,C00325,村上,男,64,東京都,2022-03-03,3,764760,Loyal,False,
PR0000896,2023-11-30,スマートフォン,Pro モデル 512GB,177528,EC,,C00326,渡辺,女,40,神奈川県,2023-09-11,3,733085,Loyal,True,
PR0000897,2026-03-07,スマートフォン,スタンダード 128GB,103373,店舗,秋葉原店,C00326,渡辺,女,40,神奈川県,2023-09-11,3,733085,Loyal,False,828
PR0000898,2025-05-10,テレビ,4K テレビ 50型,452184,EC,,C00326,渡辺,女,40,神奈川県,2023-09-11,3,733085,Loyal,False,
PR0000902,2026-03-06,スマートフォン,コンパクトモデル,196166,店舗,札幌駅前店,C00327,鈴木,男,51,愛知県,2026-01-22,4,687849,Loyal,False,
PR0000899,2026-02-09,テレビ,スマートテレビ 43型,250865,EC,,C00327,鈴木,男,51,愛知県,2026-01-22,4,687849,Loyal,True,
PR0000900,2026-03-24,冷蔵庫,冷蔵庫 500L,196267,店舗,名古屋栄店,C00327,鈴木,男,51,愛知県,2026-01-22,4,687849,Loyal,False,
PR0000901,2026-02-18,美容家電・小物,電動歯ブラシ,44551,EC,,C00327,鈴木,男,51,愛知県,2026-01-22,4,687849,Loyal,False,
PR0000903,2025-06-25,スマートフォン,コンパクトモデル,185470,店舗,札幌駅前店,C00328,石川,女,59,大阪府,2023-08-01,3,581887,Loyal,False,
PR0000904,2024-07-22,冷蔵庫,冷蔵庫 500L,341625,店舗,名古屋栄店,C00328,石川,女,59,大阪府,2023-08-01,3,581887,Loyal,False,
PR0000905,2024-04-24,美容家電・小物,ヘアアイロン,54792,店舗,渋谷店,C00328,石川,女,59,大阪府,2023-08-01,3,581887,Loyal,True,
PR0000906,2025-05-29,美容家電・小物,ドライヤー,58509,EC,,C00329,岡田,女,47,東京都,2024-09-13,1,58509,Light,True,
PR0000908,2024-04-17,スマートフォン,スタンダード 128GB,63526,EC,,C00330,田中,男,63,北海道,2022-02-02,2,314989,Inactive,False,
PR0000907,2022-07-16,テレビ,有機EL 75型,251463,EC,,C00330,田中,男,63,北海道,2022-02-02,2,314989,Inactive,True,
PR0000910,2024-03-07,スマートフォン,最新スマホ 256GB,187155,店舗,池袋店,C00331,渡辺,男,44,東京都,2023-09-13,2,266305,Inactive,True,
PR0000909,2024-03-08,美容家電・小物,マッサージガン,79150,店舗,福岡天神店,C00331,渡辺,男,44,東京都,2023-09-13,2,266305,Inactive,False,
PR0000912,2024-10-25,オーディオ,Bluetoothスピーカー,17140,店舗,大阪梅田店,C00332,清水,男,55,宮城県,2024-01-11,3,325327,Loyal,False,
PR0000911,2024-09-13,スマートフォン,Pro モデル 512GB,104902,EC,,C00332,清水,男,55,宮城県,2024-01-11,3,325327,Loyal,False,
PR0000913,2024-04-20,テレビ,プロジェクター,203285,店舗,秋葉原店,C00332,清水,男,55,宮城県,2024-01-11,3,325327,Loyal,True,
PR0000916,2022-02-02,PC・タブレット,タブレット 10型,273171,EC,,C00333,小林,男,54,福岡県,2021-09-14,5,1325745,VIP,True,
PR0000917,2025-11-22,PC・タブレット,ゲーミングPC,173971,店舗,池袋店,C00333,小林,男,54,福岡県,2021-09-14,5,1325745,VIP,False,1389
PR0000914,2023-10-17,エアコン,エアコン 18畳用,280506,EC,,C00333,小林,男,54,福岡県,2021-09-14,5,1325745,VIP,False,
PR0000918,2024-08-05,スマートフォン,Pro モデル 512GB,100194,店舗,大阪梅田店,C00333,小林,男,54,福岡県,2021-09-14,5,1325745,VIP,False,
PR0000915,2025-07-14,テレビ,4K テレビ 50型,497903,EC,,C00333,小林,男,54,福岡県,2021-09-14,5,1325745,VIP,False,
PR0000921,2024-05-09,オーディオ,サウンドバー,192160,店舗,札幌駅前店,C00334,前田,男,29,神奈川県,2022-02-02,3,583614,Loyal,True,
PR0000919,2025-05-25,カメラ・ビデオ,交換レンズ,209446,店舗,福岡天神店,C00334,前田,男,29,神奈川県,2022-02-02,3,583614,Loyal,False,
PR0000920,2025-03-11,スマートフォン,ハイエンド 1TB,182008,店舗,新宿店,C00334,前田,男,29,神奈川県,2022-02-02,3,583614,Loyal,False,
PR0000923,2023-07-20,スマートフォン,コンパクトモデル,46455,店舗,池袋店,C00335,吉田,男,48,東京都,2022-11-05,2,292478,Regular,True,
PR0000922,2025-12-16,テレビ,スマートテレビ 43型,246023,店舗,新宿店,C00335,吉田,男,48,東京都,2022-11-05,2,292478,Regular,False,
PR0000924,2025-10-18,スマートフォン,スタンダード 128GB,72957,店舗,横浜駅前店,C00336,前田,女,50,宮城県,2022-12-02,1,72957,Light,True,
PR0000925,2023-03-09,PC・タブレット,ノートPC 13型,179151,EC,,C00337,渡辺,男,35,東京都,2021-11-20,1,179151,Inactive,True,
PR0000928,2026-02-01,洗濯機,乾燥機能付き 10kg,87572,EC,,C00338,松本,女,36,福岡県,2021-11-20,3,162832,Regular,False,
PR0000926,2022-06-17,美容家電・小物,ヘアアイロン,50696,EC,,C00338,松本,女,36,福岡県,2021-11-20,3,162832,Regular,True,
PR0000927,2025-03-30,美容家電・小物,ドライヤー,24564,EC,,C00338,松本,女,36,福岡県,2021-11-20,3,162832,Regular,False,1017
PR0000930,2025-09-13,スマートフォン,ハイエンド 1TB,69123,EC,,C00339,阿部,男,22,福岡県,2023-12-03,3,156250,Regular,False,
PR0000929,2026-03-25,テレビ,有機EL 55型,72983,店舗,大阪梅田店,C00339,阿部,男,22,福岡県,2023-12-03,3,156250,Regular,False,
PR0000931,2025-01-04,美容家電・小物,マッサージガン,14144,EC,,C00339,阿部,男,22,福岡県,2023-12-03,3,156250,Regular,True,
PR0000932,2024-09-07,美容家電・小物,電動歯ブラシ,6072,EC,,C00340,鈴木,女,25,東京都,2022-09-08,1,6072,Light,True,
PR0000933,2026-02-26,オーディオ,ホームオーディオ,106134,店舗,大阪梅田店,C00341,高橋,男,46,大阪府,2025-11-05,3,632936,Loyal,False,
PR0000934,2025-12-12,テレビ,スマートテレビ 43型,147604,店舗,横浜駅前店,C00341,高橋,男,46,大阪府,2025-11-05,3,632936,Loyal,False,
PR0000935,2025-11-22,冷蔵庫,冷蔵庫 600L 大型,379198,EC,,C00341,高橋,男,46,大阪府,2025-11-05,3,632936,Loyal,True,
PR0000936,2026-03-18,PC・タブレット,ワークステーション,240796,店舗,秋葉原店,C00342,橋本,男,60,福岡県,2024-04-26,4,648399,Loyal,False,
PR0000937,2024-10-27,スマートフォン,最新スマホ 256GB,30888,店舗,池袋店,C00342,橋本,男,60,福岡県,2024-04-26,4,648399,Loyal,False,
PR0000939,2024-12-03,テレビ,スマートテレビ 43型,311323,店舗,渋谷店,C00342,橋本,男,60,福岡県,2024-04-26,4,648399,Loyal,False,
PR0000938,2024-09-07,美容家電・小物,ドライヤー,65392,EC,,C00342,橋本,男,60,福岡県,2024-04-26,4,648399,Loyal,True,
PR0000941,2024-08-04,エアコン,エアコン 14畳用,329603,EC,,C00343,鈴木,男,30,神奈川県,2023-05-05,3,775214,Loyal,False,
PR0000940,2025-02-08,カメラ・ビデオ,コンパクトデジカメ,40616,店舗,大阪梅田店,C00343,鈴木,男,30,神奈川県,2023-05-05,3,775214,Loyal,False,
PR0000942,2024-06-05,テレビ,4K テレビ 65型,404995,EC,,C00343,鈴木,男,30,神奈川県,2023-05-05,3,775214,Loyal,True,
PR0000943,2024-03-02,エアコン,エアコン 10畳用,259449,店舗,秋葉原店,C00344,橋本,男,48,愛知県,2023-07-18,1,259449,Inactive,True,
PR0000944,2026-02-20,冷蔵庫,コンパクト冷蔵庫,134644,EC,,C00345,田中,男,24,埼玉県,2021-05-16,1,134644,Light,True,
PR0000947,2023-10-04,PC・タブレット,ワークステーション,342222,EC,,C00346,遠藤,男,55,北海道,2022-03-06,6,1525548,VIP,False,
PR0000948,2022-07-29,カメラ・ビデオ,アクションカメラ,200901,店舗,天王寺店,C00346,遠藤,男,55,北海道,2022-03-06,6,1525548,VIP,False,
PR0000945,2023-01-15,スマートフォン,最新スマホ 256GB,64136,店舗,秋葉原店,C00346,遠藤,男,55,北海道,2022-03-06,6,1525548,VIP,False,
PR0000946,2025-01-23,スマートフォン,ハイエンド 1TB,170763,店舗,秋葉原店,C00346,遠藤,男,55,北海道,2022-03-06,6,1525548,VIP,False,739
PR0000949,2022-05-22,テレビ,有機EL 75型,399091,店舗,新宿店,C00346,遠藤,男,55,北海道,2022-03-06,6,1525548,VIP,False,
PR0000950,2022-03-15,冷蔵庫,冷蔵庫 600L 大型,348435,店舗,大阪梅田店,C00346,遠藤,男,55,北海道,2022-03-06,6,1525548,VIP,True,
PR0000952,2025-09-19,スマートフォン,最新スマホ 256GB,165974,店舗,札幌駅前店,C00347,池田,女,47,神奈川県,2025-05-08,2,209828,Regular,True,
PR0000951,2026-02-05,美容家電・小物,美顔器,43854,店舗,札幌駅前店,C00347,池田,女,47,神奈川県,2025-05-08,2,209828,Regular,False,
PR0000954,2024-08-25,PC・タブレット,ノートPC 15型,320183,EC,,C00348,遠藤,男,32,大阪府,2023-12-20,3,665725,Loyal,True,
PR0000953,2024-09-08,ゲーム・玩具,ゲームソフト,54816,店舗,天王寺店,C00348,遠藤,男,32,大阪府,2023-12-20,3,665725,Loyal,False,
PR0000955,2025-12-10,洗濯機,全自動 8kg,290726,店舗,横浜駅前店,C00348,遠藤,男,32,大阪府,2023-12-20,3,665725,Loyal,False,
PR0000956,2025-01-05,PC・タブレット,ノートPC 13型,312806,EC,,C00349,松本,男,44,愛知県,2024-06-29,2,483680,Regular,True,
PR0000957,2025-07-21,スマートフォン,最新スマホ 256GB,170874,EC,,C00349,松本,男,44,愛知県,2024-06-29,2,483680,Regular,False,
PR0000958,2023-04-16,ゲーム・玩具,VR ゴーグル,35413,EC,,C00350,前田,男,58,東京都,2022-09-11,2,449954,Inactive,True,
PR0000959,2023-07-02,テレビ,スマートテレビ 43型,414541,EC,,C00350,前田,男,58,東京都,2022-09-11,2,449954,Inactive,False,
PR0000961,2025-05-11,オーディオ,ホームオーディオ,22327,店舗,渋谷店,C00351,山本,男,34,千葉県,2024-01-28,2,267414,Regular,False,
PR0000960,2024-09-12,テレビ,プロジェクター,245087,店舗,横浜駅前店,C00351,山本,男,34,千葉県,2024-01-28,2,267414,Regular,True,
PR0000966,2026-01-31,PC・タブレット,2-in-1 PC,160397,EC,,C00352,山口,男,52,愛知県,2025-06-11,8,1469372,VIP,False,
PR0000965,2026-01-01,エアコン,エアコン 6畳用,302118,店舗,横浜駅前店,C00352,山口,男,52,愛知県,2025-06-11,8,1469372,VIP,False,
PR0000963,2026-03-23,カメラ・ビデオ,ビデオカメラ,296837,店舗,渋谷店,C00352,山口,男,52,愛知県,2025-06-11,8,1469372,VIP,False,
PR0000962,2026-02-22,ゲーム・玩具,ゲームソフト,54769,店舗,名古屋栄店,C00352,山口,男,52,愛知県,2025-06-11,8,1469372,VIP,False,
PR0000964,2025-11-09,スマートフォン,Pro モデル 512GB,81784,店舗,福岡天神店,C00352,山口,男,52,愛知県,2025-06-11,8,1469372,VIP,False,
PR0000969,2025-08-23,テレビ,スマートテレビ 43型,87824,店舗,秋葉原店,C00352,山口,男,52,愛知県,2025-06-11,8,1469372,VIP,True,
PR0000967,2026-03-29,冷蔵庫,コンパクト冷蔵庫,252758,店舗,大阪梅田店,C00352,山口,男,52,愛知県,2025-06-11,8,1469372,VIP,False,
PR0000968,2025-12-15,洗濯機,コンパクト洗濯機,232885,店舗,名古屋栄店,C00352,山口,男,52,愛知県,2025-06-11,8,1469372,VIP,False,
PR0000971,2026-02-27,エアコン,エアコン 6畳用,335714,EC,,C00353,山崎,女,38,兵庫県,2025-10-24,3,871160,Loyal,False,
PR0000972,2026-03-30,スマートフォン,最新スマホ 256GB,51702,店舗,秋葉原店,C00353,山崎,女,38,兵庫県,2025-10-24,3,871160,Loyal,False,
PR0000970,2026-02-22,テレビ,有機EL 75型,483744,店舗,池袋店,C00353,山崎,女,38,兵庫県,2025-10-24,3,871160,Loyal,True,
PR0000976,2022-04-01,カメラ・ビデオ,ミラーレス一眼,197661,店舗,名古屋栄店,C00354,渡辺,女,55,兵庫県,2021-08-14,6,1302198,Inactive,False,
PR0000973,2022-02-20,スマートフォン,スタンダード 128GB,70968,EC,,C00354,渡辺,女,55,兵庫県,2021-08-14,6,1302198,Inactive,False,
PR0000974,2024-04-21,スマートフォン,ミドルレンジ機種,185240,EC,,C00354,渡辺,女,55,兵庫県,2021-08-14,6,1302198,Inactive,False,791
PR0000978,2023-02-15,テレビ,プロジェクター,391187,EC,,C00354,渡辺,女,55,兵庫県,2021-08-14,6,1302198,Inactive,False,
PR0000977,2021-12-25,冷蔵庫,フレンチドア 700L,307995,店舗,秋葉原店,C00354,渡辺,女,55,兵庫県,2021-08-14,6,1302198,Inactive,True,
PR0000975,2023-12-05,洗濯機,縦型洗濯機,149147,EC,,C00354,渡辺,女,55,兵庫県,2021-08-14,6,1302198,Inactive,False,
PR0000980,2025-08-21,PC・タブレット,ワークステーション,107313,店舗,池袋店,C00355,木村,男,44,宮城県,2021-09-25,2,208522,Regular,False,
PR0000979,2025-07-01,スマートフォン,最新スマホ 256GB,101209,店舗,天王寺店,C00355,木村,男,44,宮城県,2021-09-25,2,208522,Regular,True,
PR0000981,2024-07-26,PC・タブレット,タブレット 10型,194764,EC,,C00356,山崎,男,40,北海道,2021-07-24,5,904651,VIP,False,
PR0000984,2023-05-24,ゲーム・玩具,ゲームソフト,68899,EC,,C00356,山崎,男,40,北海道,2021-07-24,5,904651,VIP,True,
PR0000983,2023-12-31,スマートフォン,スタンダード 128GB,170198,店舗,札幌駅前店,C00356,山崎,男,40,北海道,2021-07-24,5,904651,VIP,False,
PR0000982,2025-02-19,テレビ,4K テレビ 65型,414949,店舗,札幌駅前店,C00356,山崎,男,40,北海道,2021-07-24,5,904651,VIP,False,
PR0000985,2026-03-21,美容家電・小物,ヘアアイロン,55841,店舗,札幌駅前店,C00356,山崎,男,40,北海道,2021-07-24,5,904651,VIP,False,
PR0000986,2025-01-27,スマートフォン,最新スマホ 256GB,101478,EC,,C00357,後藤,女,56,宮城県,2023-12-19,1,101478,Light,True,
PR0000992,2024-04-27,PC・タブレット,ワークステーション,166903,EC,,C00358,加藤,女,47,千葉県,2024-02-14,7,1330326,VIP,True,
PR0000993,2025-08-10,エアコン,業務用エアコン,156965,店舗,横浜駅前店,C00358,加藤,女,47,千葉県,2024-02-14,7,1330326,VIP,False,
PR0000990,2025-03-27,オーディオ,ワイヤレスイヤホン,171259,店舗,秋葉原店,C00358,加藤,女,47,千葉県,2024-02-14,7,1330326,VIP,False,
PR0000988,2024-09-14,スマートフォン,Pro モデル 512GB,179931,店舗,札幌駅前店,C00358,加藤,女,47,千葉県,2024-02-14,7,1330326,VIP,False,
PR0000991,2025-05-17,テレビ,プロジェクター,134931,店舗,名古屋栄店,C00358,加藤,女,47,千葉県,2024-02-14,7,1330326,VIP,False,
PR0000989,2025-11-12,冷蔵庫,コンパクト冷蔵庫,479502,店舗,大阪梅田店,C00358,加藤,女,47,千葉県,2024-02-14,7,1330326,VIP,False,
PR0000987,2025-02-08,美容家電・小物,ヘアアイロン,40835,店舗,横浜駅前店,C00358,加藤,女,47,千葉県,2024-02-14,7,1330326,VIP,False,
PR0000994,2021-10-08,冷蔵庫,コンパクト冷蔵庫,338277,店舗,新宿店,C00359,鈴木,女,44,東京都,2021-06-01,1,338277,Inactive,True,
PR0000995,2025-09-02,洗濯機,ドラム式洗濯機,109909,店舗,福岡天神店,C00360,遠藤,男,71,広島県,2022-12-07,1,109909,Light,True,
PR0000996,2023-08-10,カメラ・ビデオ,ビデオカメラ,78124,店舗,名古屋栄店,C00361,田中,女,37,愛知県,2022-09-30,2,151981,Inactive,True,
PR0000997,2023-11-30,美容家電・小物,美顔器,73857,店舗,池袋店,C00361,田中,女,37,愛知県,2022-09-30,2,151981,Inactive,False,
PR0000999,2023-08-16,ゲーム・玩具,携帯ゲーム機,41040,店舗,秋葉原店,C00362,林,女,22,愛知県,2022-01-31,2,57123,Inactive,True,
PR0000998,2024-03-23,美容家電・小物,電動歯ブラシ,16083,EC,,C00362,林,女,22,愛知県,2022-01-31,2,57123,Inactive,False,
PR0001000,2025-05-27,PC・タブレット,2-in-1 PC,322321,店舗,福岡天神店,C00363,田中,女,54,埼玉県,2024-11-14,2,396736,Regular,True,
PR0001001,2025-07-12,オーディオ,ワイヤレスイヤホン,74415,店舗,名古屋栄店,C00363,田中,女,54,埼玉県,2024-11-14,2,396736,Regular,False,
PR0001003,2025-05-11,PC・タブレット,2-in-1 PC,150497,店舗,福岡天神店,C00364,小林,男,22,京都府,2024-01-04,5,979569,VIP,False,
PR0001002,2024-09-27,オーディオ,ホームオーディオ,125286,EC,,C00364,小林,男,22,京都府,2024-01-04,5,979569,VIP,False,
PR0001005,2025-12-12,カメラ・ビデオ,交換レンズ,178666,EC,,C00364,小林,男,22,京都府,2024-01-04,5,979569,VIP,False,
PR0001006,2024-05-19,スマートフォン,ハイエンド 1TB,153341,店舗,渋谷店,C00364,小林,男,22,京都府,2024-01-04,5,979569,VIP,True,
PR0001004,2026-01-07,テレビ,4K テレビ 50型,371779,EC,,C00364,小林,男,22,京都府,2024-01-04,5,979569,VIP,False,
PR0001007,2024-06-07,エアコン,業務用エアコン,386981,EC,,C00365,阿部,女,31,宮城県,2023-08-25,1,386981,Light,True,
PR0001010,2021-11-16,オーディオ,ホームオーディオ,193412,EC,,C00367,長谷川,男,71,京都府,2021-10-11,3,588213,Loyal,True,
PR0001008,2025-07-10,スマートフォン,Pro モデル 512GB,138651,EC,,C00367,長谷川,男,71,京都府,2021-10-11,3,588213,Loyal,False,
PR0001009,2025-01-10,冷蔵庫,コンパクト冷蔵庫,256150,EC,,C00367,長谷川,男,71,京都府,2021-10-11,3,588213,Loyal,False,
PR0001015,2025-01-05,カメラ・ビデオ,ドローン,149293,EC,,C00368,林,男,22,東京都,2024-04-12,5,380853,Loyal,True,
PR0001012,2025-09-02,ゲーム・玩具,据置型ゲーム機,78129,EC,,C00368,林,男,22,東京都,2024-04-12,5,380853,Loyal,False,
PR0001011,2025-09-03,スマートフォン,ハイエンド 1TB,55987,EC,,C00368,林,男,22,東京都,2024-04-12,5,380853,Loyal,False,
PR0001014,2025-05-17,テレビ,スマートテレビ 43型,83362,店舗,横浜駅前店,C00368,林,男,22,東京都,2024-04-12,5,380853,Loyal,False,
PR0001013,2025-09-27,美容家電・小物,電気シェーバー,14082,EC,,C00368,林,男,22,東京都,2024-04-12,5,380853,Loyal,False,
PR0001017,2025-04-02,PC・タブレット,ノートPC 13型,110471,EC,,C00369,森,男,26,北海道,2023-07-11,2,439471,Regular,False,
PR0001016,2024-11-06,テレビ,4K テレビ 65型,329000,店舗,横浜駅前店,C00369,森,男,26,北海道,2023-07-11,2,439471,Regular,True,
PR0001018,2026-03-15,テレビ,プロジェクター,115376,EC,,C00370,伊藤,男,60,福岡県,2025-10-14,1,115376,Light,True,
PR0001020,2025-09-09,PC・タブレット,ノートPC 15型,104878,店舗,新宿店,C00371,林,女,45,東京都,2025-08-14,3,259227,Loyal,True,
PR0001019,2026-01-15,洗濯機,ドラム式洗濯機,112625,店舗,渋谷店,C00371,林,女,45,東京都,2025-08-14,3,259227,Loyal,False,
PR0001021,2025-09-12,美容家電・小物,ドライヤー,41724,店舗,渋谷店,C00371,林,女,45,東京都,2025-08-14,3,259227,Loyal,False,
PR0001022,2024-12-16,テレビ,スマートテレビ 43型,185962,店舗,名古屋栄店,C00372,長谷川,女,28,神奈川県,2022-08-11,2,223773,Regular,True,
PR0001023,2025-06-11,美容家電・小物,マッサージガン,37811,EC,,C00372,長谷川,女,28,神奈川県,2022-08-11,2,223773,Regular,False,
PR0001025,2026-01-25,PC・タブレット,ノートPC 13型,301334,店舗,秋葉原店,C00373,小川,男,41,北海道,2025-01-27,2,486167,Regular,False,
PR0001024,2025-11-18,洗濯機,縦型洗濯機,184833,店舗,札幌駅前店,C00373,小川,男,41,北海道,2025-01-27,2,486167,Regular,True,
PR0001026,2021-10-17,スマートフォン,ミドルレンジ機種,106957,EC,,C00374,村上,男,51,広島県,2021-07-16,2,209242,Regular,True,
PR0001027,2024-04-29,スマートフォン,スタンダード 128GB,102285,EC,,C00374,村上,男,51,広島県,2021-07-16,2,209242,Regular,False,925
PR0001029,2024-09-16,エアコン,エアコン 14畳用,229820,店舗,札幌駅前店,C00375,吉田,女,49,埼玉県,2023-05-14,2,292721,Regular,True,
PR0001028,2024-10-03,美容家電・小物,マッサージガン,62901,店舗,横浜駅前店,C00375,吉田,女,49,埼玉県,2023-05-14,2,292721,Regular,False,
PR0001031,2024-08-12,ゲーム・玩具,携帯ゲーム機,77429,EC,,C00376,山崎,男,22,神奈川県,2022-06-19,3,206071,Loyal,False,
PR0001032,2022-11-19,テレビ,4K テレビ 65型,111538,店舗,秋葉原店,C00376,山崎,男,22,神奈川県,2022-06-19,3,206071,Loyal,True,
PR0001030,2024-04-02,美容家電・小物,ドライヤー,17104,EC,,C00376,山崎,男,22,神奈川県,2022-06-19,3,206071,Loyal,False,
PR0001035,2024-10-11,PC・タブレット,タブレット 10型,183028,EC,,C00377,村上,女,63,大阪府,2022-01-07,4,431587,Loyal,False,
PR0001036,2025-12-10,洗濯機,ドラム式洗濯機,194955,店舗,秋葉原店,C00377,村上,女,63,大阪府,2022-01-07,4,431587,Loyal,False,
PR0001033,2022-01-14,美容家電・小物,電気シェーバー,44398,店舗,新宿店,C00377,村上,女,63,大阪府,2022-01-07,4,431587,Loyal,True,
PR0001034,2025-05-30,美容家電・小物,ヘアアイロン,9206,店舗,渋谷店,C00377,村上,女,63,大阪府,2022-01-07,4,431587,Loyal,False,1232
PR0001038,2025-10-19,エアコン,業務用エアコン,261978,店舗,横浜駅前店,C00378,阿部,女,42,福岡県,2025-09-01,2,390086,Regular,True,
PR0001037,2026-02-06,スマートフォン,ミドルレンジ機種,128108,店舗,福岡天神店,C00378,阿部,女,42,福岡県,2025-09-01,2,390086,Regular,False,
PR0001039,2023-07-10,ゲーム・玩具,VR ゴーグル,29422,店舗,天王寺店,C00379,山崎,男,34,千葉県,2021-07-19,1,29422,Inactive,True,
PR0001040,2024-03-08,PC・タブレット,タブレット 10型,105873,店舗,天王寺店,C00380,長谷川,男,53,東京都,2023-05-15,3,459589,Loyal,True,
PR0001042,2026-03-20,冷蔵庫,フレンチドア 700L,322888,店舗,札幌駅前店,C00380,長谷川,男,53,東京都,2023-05-15,3,459589,Loyal,False,
PR0001041,2025-07-24,美容家電・小物,電気シェーバー,30828,店舗,新宿店,C00380,長谷川,男,53,東京都,2023-05-15,3,459589,Loyal,False,
PR0001043,2022-09-09,カメラ・ビデオ,ドローン,60032,店舗,横浜駅前店,C00381,前田,男,51,福岡県,2022-03-25,4,660362,Loyal,True,
PR0001045,2023-06-30,スマートフォン,コンパクトモデル,55496,店舗,横浜駅前店,C00381,前田,男,51,福岡県,2022-03-25,4,660362,Loyal,False,
PR0001046,2025-09-14,スマートフォン,コンパクトモデル,127519,店舗,天王寺店,C00381,前田,男,51,福岡県,2022-03-25,4,660362,Loyal,False,807
PR0001044,2023-09-01,冷蔵庫,フレンチドア 700L,417315,店舗,池袋店,C00381,前田,男,51,福岡県,2022-03-25,4,660362,Loyal,False,
PR0001047,2025-09-11,美容家電・小物,電動歯ブラシ,15936,店舗,名古屋栄店,C00382,山本,男,47,京都府,2023-02-21,1,15936,Light,True,
PR0001048,2024-05-02,洗濯機,ドラム式洗濯機,165563,店舗,名古屋栄店,C00383,山口,男,49,京都府,2022-12-27,1,165563,Light,True,
PR0001050,2026-03-30,PC・タブレット,ノートPC 15型,213069,店舗,福岡天神店,C00384,山口,女,70,千葉県,2025-06-27,2,291401,Regular,False,
PR0001049,2025-09-19,美容家電・小物,電動歯ブラシ,78332,EC,,C00384,山口,女,70,千葉県,2025-06-27,2,291401,Regular,True,
PR0001051,2023-09-13,スマートフォン,最新スマホ 256GB,194562,EC,,C00385,小川,男,58,北海道,2022-12-06,1,194562,Inactive,True,
PR0001052,2026-03-16,スマートフォン,Pro モデル 512GB,152847,店舗,札幌駅前店,C00386,井上,女,56,神奈川県,2026-01-13,1,152847,Light,True,
PR0001054,2023-05-22,PC・タブレット,2-in-1 PC,71647,EC,,C00387,清水,男,46,神奈川県,2022-06-05,2,107268,Regular,True,
PR0001053,2025-05-20,スマートフォン,Pro モデル 512GB,35621,EC,,C00387,清水,男,46,神奈川県,2022-06-05,2,107268,Regular,False,
PR0001055,2024-12-07,テレビ,スマートテレビ 43型,338348,EC,,C00388,高橋,女,32,愛知県,2022-02-19,2,629263,Regular,True,
PR0001056,2025-04-24,洗濯機,全自動 8kg,290915,EC,,C00388,高橋,女,32,愛知県,2022-02-19,2,629263,Regular,False,
PR0001058,2025-11-22,PC・タブレット,ノートPC 13型,251631,EC,,C00389,近藤,女,55,広島県,2025-10-06,3,483587,Loyal,True,
PR0001057,2026-03-04,冷蔵庫,冷蔵庫 400L,114319,EC,,C00389,近藤,女,55,広島県,2025-10-06,3,483587,Loyal,False,
PR0001059,2025-12-11,洗濯機,全自動 8kg,117637,EC,,C00389,近藤,女,55,広島県,2025-10-06,3,483587,Loyal,False,
PR0001061,2023-07-07,PC・タブレット,ワークステーション,81020,店舗,池袋店,C00390,山崎,女,23,兵庫県,2021-09-25,2,323667,Regular,True,
PR0001060,2024-05-31,洗濯機,ドラム式洗濯機,242647,店舗,天王寺店,C00390,山崎,女,23,兵庫県,2021-09-25,2,323667,Regular,False,
PR0001063,2023-11-24,冷蔵庫,冷蔵庫 600L 大型,376390,EC,,C00391,山下,男,64,埼玉県,2022-06-25,2,440312,Regular,True,
PR0001062,2024-12-19,美容家電・小物,ドライヤー,63922,店舗,渋谷店,C00391,山下,男,64,埼玉県,2022-06-25,2,440312,Regular,False,
PR0001066,2026-02-20,ゲーム・玩具,ゲームソフト,63680,店舗,札幌駅前店,C00392,林,男,32,神奈川県,2025-05-29,3,142683,Regular,False,
PR0001065,2025-09-14,スマートフォン,Pro モデル 512GB,63827,店舗,横浜駅前店,C00392,林,男,32,神奈川県,2025-05-29,3,142683,Regular,True,
PR0001064,2025-12-10,美容家電・小物,電気シェーバー,15176,店舗,天王寺店,C00392,林,男,32,神奈川県,2025-05-29,3,142683,Regular,False,
PR0001068,2023-03-28,エアコン,エアコン 18畳用,316221,店舗,池袋店,C00393,前田,女,29,大阪府,2022-11-28,2,446431,Regular,True,
PR0001067,2025-06-27,スマートフォン,ミドルレンジ機種,130210,店舗,名古屋栄店,C00393,前田,女,29,大阪府,2022-11-28,2,446431,Regular,False,
PR0001069,2025-10-21,PC・タブレット,ノートPC 15型,345965,EC,,C00394,遠藤,男,30,神奈川県,2023-04-21,5,759917,VIP,False,
PR0001072,2025-05-26,エアコン,エアコン 18畳用,84241,EC,,C00394,遠藤,男,30,神奈川県,2023-04-21,5,759917,VIP,False,
PR0001071,2024-11-22,オーディオ,サウンドバー,183447,EC,,C00394,遠藤,男,30,神奈川県,2023-04-21,5,759917,VIP,False,
PR0001073,2025-05-23,ゲーム・玩具,ボードゲーム,32899,EC,,C00394,遠藤,男,30,神奈川県,2023-04-21,5,759917,VIP,False,
PR0001070,2023-11-03,テレビ,有機EL 75型,113365,EC,,C00394,遠藤,男,30,神奈川県,2023-04-21,5,759917,VIP,True,
PR0001076,2024-09-28,エアコン,業務用エアコン,266839,店舗,札幌駅前店,C00395,山下,女,75,愛知県,2024-08-26,3,450221,Loyal,True,
PR0001074,2024-10-12,スマートフォン,スタンダード 128GB,100097,店舗,大阪梅田店,C00395,山下,女,75,愛知県,2024-08-26,3,450221,Loyal,False,
PR0001075,2025-06-14,洗濯機,コンパクト洗濯機,83285,店舗,横浜駅前店,C00395,山下,女,75,愛知県,2024-08-26,3,450221,Loyal,False,
PR0001077,2024-02-26,テレビ,有機EL 55型,272575,店舗,池袋店,C00396,青木,男,30,福岡県,2023-10-19,1,272575,Inactive,True,
PR0001079,2026-03-06,PC・タブレット,ワークステーション,221416,EC,,C00397,佐藤,男,41,広島県,2021-12-27,2,307936,Regular,False,
PR0001078,2022-07-29,テレビ,4K テレビ 65型,86520,EC,,C00397,佐藤,男,41,広島県,2021-12-27,2,307936,Regular,True,
PR0001080,2024-03-16,スマートフォン,スタンダード 128GB,190629,店舗,大阪梅田店,C00398,石川,男,34,東京都,2023-09-12,2,627805,Regular,True,
PR0001081,2026-03-10,テレビ,4K テレビ 65型,437176,EC,,C00398,石川,男,34,東京都,2023-09-12,2,627805,Regular,False,
PR0001082,2024-05-28,PC・タブレット,ワークステーション,126805,EC,,C00399,岡田,女,58,兵庫県,2023-12-29,3,404247,Loyal,True,
PR0001084,2025-02-26,カメラ・ビデオ,アクションカメラ,209658,EC,,C00399,岡田,女,58,兵庫県,2023-12-29,3,404247,Loyal,False,
PR0001083,2024-08-20,美容家電・小物,電動歯ブラシ,67784,EC,,C00399,岡田,女,58,兵庫県,2023-12-29,3,404247,Loyal,False,
PR0001086,2023-02-10,カメラ・ビデオ,ビデオカメラ,135435,店舗,秋葉原店,C00400,高橋,女,39,京都府,2021-10-06,2,405852,Inactive,False,
PR0001085,2022-03-08,テレビ,プロジェクター,270417,店舗,新宿店,C00400,高橋,女,39,京都府,2021-10-06,2,405852,Inactive,True,
PR0001088,2024-04-14,PC・タブレット,タブレット 10型,136320,EC,,C00401,山田,男,34,北海道,2024-04-06,3,759102,Loyal,True,
PR0001087,2026-01-14,カメラ・ビデオ,ビデオカメラ,242978,EC,,C00401,山田,男,34,北海道,2024-04-06,3,759102,Loyal,False,
PR0001089,2026-02-17,テレビ,有機EL 75型,379804,EC,,C00401,山田,男,34,北海道,2024-04-06,3,759102,Loyal,False,
PR0001091,2026-01-26,エアコン,エアコン 10畳用,252439,EC,,C00402,木村,男,42,広島県,2025-05-31,2,311362,Regular,False,
PR0001090,2025-10-25,オーディオ,ワイヤレスイヤホン,58923,EC,,C00402,木村,男,42,広島県,2025-05-31,2,311362,Regular,True,
PR0001094,2025-12-03,PC・タブレット,タブレット 10型,216301,店舗,横浜駅前店,C00403,近藤,女,50,福岡県,2022-05-23,3,303680,Loyal,False,
PR0001093,2023-10-26,オーディオ,ワイヤレスイヤホン,29293,店舗,大阪梅田店,C00403,近藤,女,50,福岡県,2022-05-23,3,303680,Loyal,True,
PR0001092,2023-12-29,美容家電・小物,美顔器,58086,EC,,C00403,近藤,女,50,福岡県,2022-05-23,3,303680,Loyal,False,
PR0001097,2023-05-12,エアコン,エアコン 6畳用,319680,店舗,天王寺店,C00404,山田,女,55,愛知県,2021-04-29,4,823418,Loyal,False,
PR0001098,2021-12-07,ゲーム・玩具,VR ゴーグル,76661,店舗,名古屋栄店,C00404,山田,女,55,愛知県,2021-04-29,4,823418,Loyal,True,
PR0001095,2024-02-11,テレビ,スマートテレビ 43型,374040,店舗,横浜駅前店,C00404,山田,女,55,愛知県,2021-04-29,4,823418,Loyal,False,
PR0001096,2024-11-09,美容家電・小物,ヘアアイロン,53037,店舗,名古屋栄店,C00404,山田,女,55,愛知県,2021-04-29,4,823418,Loyal,False,
PR0001100,2025-04-18,PC・タブレット,タブレット 10型,296194,店舗,大阪梅田店,C00405,佐藤,女,50,神奈川県,2023-01-15,3,683151,Loyal,False,
PR0001099,2026-02-01,エアコン,エアコン 18畳用,220846,店舗,札幌駅前店,C00405,佐藤,女,50,神奈川県,2023-01-15,3,683151,Loyal,False,
PR0001101,2023-12-18,スマートフォン,Pro モデル 512GB,166111,店舗,札幌駅前店,C00405,佐藤,女,50,神奈川県,2023-01-15,3,683151,Loyal,True,
PR0001102,2024-11-25,PC・タブレット,ノートPC 15型,333779,店舗,池袋店,C00406,伊藤,女,38,東京都,2023-10-11,2,606865,Regular,True,
PR0001103,2025-07-26,エアコン,エアコン 10畳用,273086,EC,,C00406,伊藤,女,38,東京都,2023-10-11,2,606865,Regular,False,
PR0001104,2025-10-13,PC・タブレット,ノートPC 13型,309891,店舗,天王寺店,C00407,加藤,女,30,広島県,2025-09-26,3,548144,Loyal,True,
PR0001106,2025-12-11,ゲーム・玩具,携帯ゲーム機,51149,店舗,渋谷店,C00407,加藤,女,30,広島県,2025-09-26,3,548144,Loyal,False,
PR0001105,2025-12-19,冷蔵庫,フレンチドア 700L,187104,店舗,新宿店,C00407,加藤,女,30,広島県,2025-09-26,3,548144,Loyal,False,
PR0001109,2025-11-27,PC・タブレット,タブレット 10型,190717,店舗,秋葉原店,C00408,山下,男,43,大阪府,2023-04-28,3,674962,Loyal,False,
PR0001108,2023-06-26,ゲーム・玩具,コントローラ,17822,店舗,札幌駅前店,C00408,山下,男,43,大阪府,2023-04-28,3,674962,Loyal,True,
PR0001107,2024-08-16,テレビ,有機EL 55型,466423,EC,,C00408,山下,男,43,大阪府,2023-04-28,3,674962,Loyal,False,
PR0001110,2024-04-06,冷蔵庫,冷蔵庫 400L,264254,店舗,横浜駅前店,C00409,山崎,女,44,福岡県,2023-11-22,1,264254,Inactive,True,
PR0001111,2025-10-30,PC・タブレット,ワークステーション,138250,EC,,C00410,斎藤,男,40,大阪府,2025-09-12,3,646444,Loyal,False,
PR0001113,2025-09-26,冷蔵庫,コンパクト冷蔵庫,472722,EC,,C00410,斎藤,男,40,大阪府,2025-09-12,3,646444,Loyal,True,
PR0001112,2025-11-22,美容家電・小物,マッサージガン,35472,EC,,C00410,斎藤,男,40,大阪府,2025-09-12,3,646444,Loyal,False,
PR0001115,2024-08-12,PC・タブレット,タブレット 10型,158822,EC,,C00411,山本,女,34,千葉県,2023-12-15,2,502131,Regular,True,
PR0001114,2025-01-09,冷蔵庫,コンパクト冷蔵庫,343309,店舗,池袋店,C00411,山本,女,34,千葉県,2023-12-15,2,502131,Regular,False,
PR0001117,2022-10-18,PC・タブレット,タブレット 10型,75095,店舗,天王寺店,C00412,渡辺,女,49,福岡県,2021-08-01,2,224191,Inactive,True,
PR0001116,2024-03-24,オーディオ,ヘッドホン,149096,店舗,渋谷店,C00412,渡辺,女,49,福岡県,2021-08-01,2,224191,Inactive,False,
PR0001118,2025-03-05,美容家電・小物,電動歯ブラシ,53096,店舗,池袋店,C00413,岡田,男,53,広島県,2022-03-03,1,53096,Light,True,
PR0001121,2025-12-12,ゲーム・玩具,VR ゴーグル,47106,EC,,C00414,近藤,男,39,京都府,2022-11-12,3,525977,Loyal,False,
PR0001120,2025-06-14,スマートフォン,ミドルレンジ機種,162546,店舗,渋谷店,C00414,近藤,男,39,京都府,2022-11-12,3,525977,Loyal,False,
PR0001119,2023-03-06,テレビ,プロジェクター,316325,店舗,横浜駅前店,C00414,近藤,男,39,京都府,2022-11-12,3,525977,Loyal,True,
PR0001123,2023-05-06,スマートフォン,コンパクトモデル,142877,店舗,秋葉原店,C00415,小林,女,68,東京都,2023-02-28,3,266641,Loyal,True,
PR0001124,2025-11-19,スマートフォン,Pro モデル 512GB,100609,店舗,秋葉原店,C00415,小林,女,68,東京都,2023-02-28,3,266641,Loyal,False,928
PR0001122,2023-07-26,美容家電・小物,ドライヤー,23155,店舗,渋谷店,C00415,小林,女,68,東京都,2023-02-28,3,266641,Loyal,False,
PR0001125,2025-05-12,PC・タブレット,2-in-1 PC,130299,店舗,大阪梅田店,C00416,中島,男,29,神奈川県,2024-04-15,5,800089,VIP,False,
PR0001128,2025-02-25,ゲーム・玩具,据置型ゲーム機,39007,EC,,C00416,中島,男,29,神奈川県,2024-04-15,5,800089,VIP,False,
PR0001126,2024-12-06,スマートフォン,Pro モデル 512GB,76934,店舗,秋葉原店,C00416,中島,男,29,神奈川県,2024-04-15,5,800089,VIP,False,
PR0001129,2024-10-28,テレビ,スマートテレビ 43型,479552,EC,,C00416,中島,男,29,神奈川県,2024-04-15,5,800089,VIP,True,
PR0001127,2024-11-23,美容家電・小物,マッサージガン,74297,店舗,名古屋栄店,C00416,中島,男,29,神奈川県,2024-04-15,5,800089,VIP,False,
PR0001130,2023-03-14,PC・タブレット,ワークステーション,64349,店舗,福岡天神店,C00417,松本,男,27,埼玉県,2022-05-19,2,279189,Regular,True,
PR0001131,2025-08-13,エアコン,エアコン 6畳用,214840,店舗,大阪梅田店,C00417,松本,男,27,埼玉県,2022-05-19,2,279189,Regular,False,
PR0001133,2025-07-02,PC・タブレット,ワークステーション,200976,店舗,渋谷店,C00418,小林,女,49,兵庫県,2025-04-22,3,372726,Loyal,False,
PR0001132,2025-11-17,スマートフォン,スタンダード 128GB,109871,店舗,秋葉原店,C00418,小林,女,49,兵庫県,2025-04-22,3,372726,Loyal,False,
PR0001134,2025-06-17,美容家電・小物,ドライヤー,61879,EC,,C00418,小林,女,49,兵庫県,2025-04-22,3,372726,Loyal,True,
PR0001135,2025-08-07,PC・タブレット,ゲーミングPC,53625,店舗,名古屋栄店,C00419,渡辺,女,24,兵庫県,2025-05-13,3,327209,Loyal,False,
PR0001137,2025-07-10,オーディオ,ホームオーディオ,118398,EC,,C00419,渡辺,女,24,兵庫県,2025-05-13,3,327209,Loyal,True,
PR0001136,2025-11-19,スマートフォン,ハイエンド 1TB,155186,EC,,C00419,渡辺,女,24,兵庫県,2025-05-13,3,327209,Loyal,False,
PR0001142,2023-07-11,PC・タブレット,ノートPC 15型,267746,EC,,C00420,中村,男,49,埼玉県,2023-04-21,7,1345724,VIP,True,
PR0001143,2026-02-01,エアコン,業務用エアコン,142865,EC,,C00420,中村,男,49,埼玉県,2023-04-21,7,1345724,VIP,False,
PR0001139,2024-11-04,カメラ・ビデオ,ミラーレス一眼,275692,EC,,C00420,中村,男,49,埼玉県,2023-04-21,7,1345724,VIP,False,
PR0001140,2024-06-20,スマートフォン,ハイエンド 1TB,170965,EC,,C00420,中村,男,49,埼玉県,2023-04-21,7,1345724,VIP,False,
PR0001141,2024-11-17,テレビ,4K テレビ 50型,360125,EC,,C00420,中村,男,49,埼玉県,2023-04-21,7,1345724,VIP,False,
PR0001144,2026-02-22,冷蔵庫,フレンチドア 700L,109421,EC,,C00420,中村,男,49,埼玉県,2023-04-21,7,1345724,VIP,False,
PR0001138,2025-12-16,美容家電・小物,ヘアアイロン,18910,EC,,C00420,中村,男,49,埼玉県,2023-04-21,7,1345724,VIP,False,
PR0001145,2025-12-04,ゲーム・玩具,据置型ゲーム機,74066,店舗,横浜駅前店,C00421,林,女,61,北海道,2025-08-15,3,210991,Loyal,False,
PR0001146,2025-09-29,スマートフォン,最新スマホ 256GB,95088,店舗,天王寺店,C00421,林,女,61,北海道,2025-08-15,3,210991,Loyal,True,
PR0001147,2026-03-25,美容家電・小物,美顔器,41837,店舗,名古屋栄店,C00421,林,女,61,北海道,2025-08-15,3,210991,Loyal,False,
PR0001148,2025-12-16,スマートフォン,最新スマホ 256GB,169488,店舗,福岡天神店,C00422,石川,男,44,京都府,2025-07-29,1,169488,Light,True,
PR0001149,2025-06-26,エアコン,エアコン 18畳用,97665,EC,,C00423,山下,男,44,北海道,2022-06-01,2,587956,Regular,False,
PR0001150,2023-12-14,テレビ,プロジェクター,490291,店舗,秋葉原店,C00423,山下,男,44,北海道,2022-06-01,2,587956,Regular,True,
PR0001151,2022-11-01,PC・タブレット,ノートPC 15型,334077,店舗,秋葉原店,C00424,石井,男,63,愛知県,2022-02-21,1,334077,Inactive,True,
PR0001152,2025-01-08,美容家電・小物,電気シェーバー,55065,店舗,秋葉原店,C00425,木村,女,30,広島県,2022-01-11,1,55065,Light,True,
PR0001154,2024-04-24,スマートフォン,コンパクトモデル,146554,店舗,天王寺店,C00426,岡田,女,49,京都府,2023-03-13,3,449235,Loyal,False,
PR0001155,2023-12-21,テレビ,スマートテレビ 43型,269013,EC,,C00426,岡田,女,49,京都府,2023-03-13,3,449235,Loyal,True,
PR0001153,2024-08-22,美容家電・小物,ヘアアイロン,33668,店舗,池袋店,C00426,岡田,女,49,京都府,2023-03-13,3,449235,Loyal,False,
PR0001157,2025-05-01,エアコン,エアコン 18畳用,354847,店舗,渋谷店,C00427,林,男,36,埼玉県,2023-01-13,2,390734,Regular,False,
PR0001156,2025-04-15,ゲーム・玩具,ボードゲーム,35887,EC,,C00427,林,男,36,埼玉県,2023-01-13,2,390734,Regular,True,
PR0001160,2025-03-16,PC・タブレット,ワークステーション,112674,店舗,天王寺店,C00428,佐々木,男,53,北海道,2023-07-22,3,530939,Loyal,False,
PR0001158,2025-09-14,冷蔵庫,冷蔵庫 400L,341299,店舗,新宿店,C00428,佐々木,男,53,北海道,2023-07-22,3,530939,Loyal,False,
PR0001159,2024-07-28,美容家電・小物,電気シェーバー,76966,店舗,渋谷店,C00428,佐々木,男,53,北海道,2023-07-22,3,530939,Loyal,True,
PR0001162,2025-11-02,冷蔵庫,コンパクト冷蔵庫,467466,EC,,C00429,小林,女,65,福岡県,2025-08-15,2,489290,Regular,True,
PR0001161,2025-12-19,美容家電・小物,電動歯ブラシ,21824,店舗,秋葉原店,C00429,小林,女,65,福岡県,2025-08-15,2,489290,Regular,False,
PR0001163,2023-10-03,冷蔵庫,フレンチドア 700L,156849,店舗,渋谷店,C00430,池田,男,69,宮城県,2023-08-12,2,404203,Inactive,True,
PR0001164,2024-03-13,洗濯機,ドラム式洗濯機,247354,店舗,名古屋栄店,C00430,池田,男,69,宮城県,2023-08-12,2,404203,Inactive,False,
PR0001165,2025-06-15,エアコン,エアコン 6畳用,184743,EC,,C00431,阿部,女,50,京都府,2024-02-05,2,421970,Regular,False,
PR0001166,2024-03-05,洗濯機,コンパクト洗濯機,237227,店舗,名古屋栄店,C00431,阿部,女,50,京都府,2024-02-05,2,421970,Regular,True,
PR0001170,2021-09-29,カメラ・ビデオ,ドローン,194963,EC,,C00432,清水,女,27,大阪府,2021-06-12,5,665455,VIP,True,
PR0001171,2026-02-11,カメラ・ビデオ,交換レンズ,117125,EC,,C00432,清水,女,27,大阪府,2021-06-12,5,665455,VIP,False,1596
PR0001169,2023-01-20,ゲーム・玩具,コントローラ,12638,EC,,C00432,清水,女,27,大阪府,2021-06-12,5,665455,VIP,False,
PR0001167,2025-08-02,テレビ,4K テレビ 50型,190374,EC,,C00432,清水,女,27,大阪府,2021-06-12,5,665455,VIP,False,
PR0001168,2023-03-26,洗濯機,全自動 8kg,150355,EC,,C00432,清水,女,27,大阪府,2021-06-12,5,665455,VIP,False,
PR0001173,2025-06-28,PC・タブレット,ワークステーション,82848,店舗,天王寺店,C00433,高橋,男,46,大阪府,2021-05-06,3,204526,Loyal,False,
PR0001174,2024-10-13,ゲーム・玩具,据置型ゲーム機,22884,店舗,大阪梅田店,C00433,高橋,男,46,大阪府,2021-05-06,3,204526,Loyal,False,
PR0001172,2023-07-26,洗濯機,乾燥機能付き 10kg,98794,EC,,C00433,高橋,男,46,大阪府,2021-05-06,3,204526,Loyal,True,
PR0001175,2024-03-26,カメラ・ビデオ,アクションカメラ,78751,EC,,C00434,石井,男,57,大阪府,2021-07-15,2,143068,Regular,True,
PR0001176,2025-10-28,美容家電・小物,マッサージガン,64317,EC,,C00434,石井,男,57,大阪府,2021-07-15,2,143068,Regular,False,
PR0001180,2024-06-23,PC・タブレット,ノートPC 13型,243198,店舗,池袋店,C00435,清水,男,54,宮城県,2024-01-21,5,865041,VIP,True,
PR0001179,2025-02-08,オーディオ,サウンドバー,161807,店舗,福岡天神店,C00435,清水,男,54,宮城県,2024-01-21,5,865041,VIP,False,
PR0001177,2025-01-12,カメラ・ビデオ,ミラーレス一眼,43993,EC,,C00435,清水,男,54,宮城県,2024-01-21,5,865041,VIP,False,
PR0001181,2024-11-12,冷蔵庫,冷蔵庫 600L 大型,349503,EC,,C00435,清水,男,54,宮城県,2024-01-21,5,865041,VIP,False,
PR0001178,2024-12-28,美容家電・小物,電動歯ブラシ,66540,EC,,C00435,清水,男,54,宮城県,2024-01-21,5,865041,VIP,False,
PR0001182,2026-01-27,PC・タブレット,ノートPC 15型,286413,EC,,C00436,高橋,男,22,北海道,2026-01-10,6,845471,VIP,False,
PR0001185,2026-01-29,エアコン,エアコン 10畳用,298056,EC,,C00436,高橋,男,22,北海道,2026-01-10,6,845471,VIP,False,
PR0001184,2026-03-15,ゲーム・玩具,ボードゲーム,29627,店舗,福岡天神店,C00436,高橋,男,22,北海道,2026-01-10,6,845471,VIP,False,
PR0001187,2026-01-28,テレビ,4K テレビ 50型,71754,EC,,C00436,高橋,男,22,北海道,2026-01-10,6,845471,VIP,False,
PR0001183,2026-01-19,冷蔵庫,フレンチドア 700L,132310,EC,,C00436,高橋,男,22,北海道,2026-01-10,6,845471,VIP,True,
PR0001186,2026-02-20,美容家電・小物,ヘアアイロン,27311,EC,,C00436,高橋,男,22,北海道,2026-01-10,6,845471,VIP,False,
PR0001189,2024-08-05,PC・タブレット,ノートPC 13型,227685,店舗,大阪梅田店,C00437,渡辺,女,57,兵庫県,2024-05-29,2,517205,Regular,True,
PR0001188,2026-03-02,テレビ,プロジェクター,289520,EC,,C00437,渡辺,女,57,兵庫県,2024-05-29,2,517205,Regular,False,
PR0001193,2022-04-21,ゲーム・玩具,ボードゲーム,55907,EC,,C00438,渡辺,女,75,広島県,2022-01-20,4,406133,Loyal,True,
PR0001190,2022-05-24,スマートフォン,コンパクトモデル,131633,店舗,渋谷店,C00438,渡辺,女,75,広島県,2022-01-20,4,406133,Loyal,False,
PR0001191,2024-10-01,スマートフォン,最新スマホ 256GB,130206,EC,,C00438,渡辺,女,75,広島県,2022-01-20,4,406133,Loyal,False,861
PR0001192,2023-07-13,テレビ,有機EL 75型,88387,EC,,C00438,渡辺,女,75,広島県,2022-01-20,4,406133,Loyal,False,
PR0001195,2025-11-26,洗濯機,コンパクト洗濯機,174870,店舗,秋葉原店,C00439,阿部,男,41,兵庫県,2021-10-25,2,253571,Regular,False,
PR0001194,2025-05-21,美容家電・小物,電動歯ブラシ,78701,店舗,福岡天神店,C00439,阿部,男,41,兵庫県,2021-10-25,2,253571,Regular,True,
PR0001196,2025-02-20,カメラ・ビデオ,交換レンズ,192022,店舗,天王寺店,C00440,伊藤,男,65,北海道,2022-05-13,1,192022,Light,True,
PR0001199,2025-07-13,エアコン,業務用エアコン,341368,EC,,C00441,小川,女,36,東京都,2023-06-03,3,723564,Loyal,False,
PR0001197,2023-10-12,オーディオ,ヘッドホン,195862,EC,,C00441,小川,女,36,東京都,2023-06-03,3,723564,Loyal,True,
PR0001198,2025-10-20,スマートフォン,ハイエンド 1TB,186334,EC,,C00441,小川,女,36,東京都,2023-06-03,3,723564,Loyal,False,
PR0001201,2025-02-21,ゲーム・玩具,ボードゲーム,29345,店舗,池袋店,C00442,中村,女,43,埼玉県,2023-08-30,2,425801,Regular,True,
PR0001200,2025-09-28,冷蔵庫,冷蔵庫 400L,396456,EC,,C00442,中村,女,43,埼玉県,2023-08-30,2,425801,Regular,False,
PR0001206,2026-02-11,オーディオ,ワイヤレスイヤホン,125302,EC,,C00443,近藤,女,44,宮城県,2025-12-18,6,733563,VIP,False,
PR0001205,2025-12-29,カメラ・ビデオ,ミラーレス一眼,132093,店舗,福岡天神店,C00443,近藤,女,44,宮城県,2025-12-18,6,733563,VIP,False,
PR0001202,2026-03-08,スマートフォン,コンパクトモデル,154840,店舗,札幌駅前店,C00443,近藤,女,44,宮城県,2025-12-18,6,733563,VIP,False,
PR0001204,2026-01-06,冷蔵庫,冷蔵庫 600L 大型,213498,EC,,C00443,近藤,女,44,宮城県,2025-12-18,6,733563,VIP,False,
PR0001207,2025-12-27,洗濯機,ドラム式洗濯機,81742,店舗,福岡天神店,C00443,近藤,女,44,宮城県,2025-12-18,6,733563,VIP,True,
PR0001203,2026-03-04,美容家電・小物,電動歯ブラシ,26088,EC,,C00443,近藤,女,44,宮城県,2025-12-18,6,733563,VIP,False,
PR0001208,2025-12-19,スマートフォン,ミドルレンジ機種,165062,店舗,池袋店,C00444,前田,女,46,愛知県,2023-04-14,1,165062,Light,True,
PR0001210,2022-10-30,PC・タブレット,タブレット 10型,308520,EC,,C00445,坂本,女,33,千葉県,2021-12-21,3,496937,Loyal,True,
PR0001211,2025-11-16,エアコン,エアコン 6畳用,100346,EC,,C00445,坂本,女,33,千葉県,2021-12-21,3,496937,Loyal,False,
PR0001209,2024-05-21,スマートフォン,コンパクトモデル,88071,EC,,C00445,坂本,女,33,千葉県,2021-12-21,3,496937,Loyal,False,
PR0001213,2024-01-07,PC・タブレット,ゲーミングPC,194278,店舗,横浜駅前店,C00446,藤田,男,41,兵庫県,2023-09-19,3,603164,Loyal,True,
PR0001212,2024-04-28,ゲーム・玩具,据置型ゲーム機,69584,店舗,名古屋栄店,C00446,藤田,男,41,兵庫県,2023-09-19,3,603164,Loyal,False,
PR0001214,2025-12-16,洗濯機,ドラム式洗濯機,339302,EC,,C00446,藤田,男,41,兵庫県,2023-09-19,3,603164,Loyal,False,
PR0001217,2026-03-28,テレビ,有機EL 55型,422547,店舗,名古屋栄店,C00447,池田,女,34,宮城県,2025-06-01,3,593497,Loyal,False,
PR0001215,2025-08-29,洗濯機,乾燥機能付き 10kg,139046,店舗,池袋店,C00447,池田,女,34,宮城県,2025-06-01,3,593497,Loyal,True,
PR0001216,2026-02-27,美容家電・小物,ドライヤー,31904,店舗,横浜駅前店,C00447,池田,女,34,宮城県,2025-06-01,3,593497,Loyal,False,
PR0001224,2022-10-17,PC・タブレット,ワークステーション,277125,店舗,福岡天神店,C00448,木村,男,75,大阪府,2021-06-11,8,1445752,VIP,False,
PR0001225,2026-01-31,PC・タブレット,2-in-1 PC,113313,店舗,池袋店,C00448,木村,男,75,大阪府,2021-06-11,8,1445752,VIP,False,1202
PR0001218,2022-08-13,エアコン,エアコン 10畳用,358081,店舗,大阪梅田店,C00448,木村,男,75,大阪府,2021-06-11,8,1445752,VIP,True,
PR0001222,2023-10-17,スマートフォン,ハイエンド 1TB,190988,店舗,渋谷店,C00448,木村,男,75,大阪府,2021-06-11,8,1445752,VIP,False,
PR0001223,2026-03-14,スマートフォン,スタンダード 128GB,106197,EC,,C00448,木村,男,75,大阪府,2021-06-11,8,1445752,VIP,False,879
PR0001221,2024-11-21,テレビ,有機EL 55型,316936,店舗,天王寺店,C00448,木村,男,75,大阪府,2021-06-11,8,1445752,VIP,False,
PR0001219,2023-04-22,美容家電・小物,ドライヤー,65931,EC,,C00448,木村,男,75,大阪府,2021-06-11,8,1445752,VIP,False,
PR0001220,2025-12-08,美容家電・小物,ドライヤー,17181,店舗,渋谷店,C00448,木村,男,75,大阪府,2021-06-11,8,1445752,VIP,False,961
PR0001227,2023-11-26,PC・タブレット,タブレット 10型,219650,EC,,C00449,中村,女,33,大阪府,2023-03-13,3,612335,Loyal,True,
PR0001228,2024-05-21,エアコン,エアコン 14畳用,318025,EC,,C00449,中村,女,33,大阪府,2023-03-13,3,612335,Loyal,False,
PR0001226,2025-06-14,テレビ,有機EL 75型,74660,EC,,C00449,中村,女,33,大阪府,2023-03-13,3,612335,Loyal,False,
PR0001229,2025-04-17,オーディオ,ワイヤレスイヤホン,133747,店舗,名古屋栄店,C00450,森,男,45,東京都,2022-02-12,1,133747,Light,True,
PR0001233,2025-09-18,カメラ・ビデオ,交換レンズ,154971,EC,,C00451,鈴木,女,43,広島県,2025-03-17,6,1092264,VIP,False,
PR0001234,2026-02-13,ゲーム・玩具,VR ゴーグル,64978,EC,,C00451,鈴木,女,43,広島県,2025-03-17,6,1092264,VIP,False,
PR0001235,2026-03-20,スマートフォン,コンパクトモデル,159349,店舗,名古屋栄店,C00451,鈴木,女,43,広島県,2025-03-17,6,1092264,VIP,False,
PR0001230,2025-12-20,テレビ,スマートテレビ 43型,351182,EC,,C00451,鈴木,女,43,広島県,2025-03-17,6,1092264,VIP,False,
PR0001231,2025-09-05,洗濯機,全自動 8kg,295379,EC,,C00451,鈴木,女,43,広島県,2025-03-17,6,1092264,VIP,True,
PR0001232,2025-10-10,美容家電・小物,美顔器,66405,店舗,横浜駅前店,C00451,鈴木,女,43,広島県,2025-03-17,6,1092264,VIP,False,
PR0001237,2025-06-26,エアコン,エアコン 18畳用,366626,店舗,新宿店,C00452,遠藤,男,50,福岡県,2023-01-26,2,437452,Regular,False,
PR0001236,2024-08-30,スマートフォン,ミドルレンジ機種,70826,店舗,秋葉原店,C00452,遠藤,男,50,福岡県,2023-01-26,2,437452,Regular,True,
PR0001245,2024-02-17,エアコン,エアコン 6畳用,347913,店舗,札幌駅前店,C00453,佐々木,男,62,宮城県,2021-08-03,10,1652120,VIP,False,
PR0001242,2022-10-19,オーディオ,サウンドバー,177882,店舗,秋葉原店,C00453,佐々木,男,62,宮城県,2021-08-03,10,1652120,VIP,False,
PR0001247,2025-04-13,カメラ・ビデオ,アクションカメラ,95955,店舗,札幌駅前店,C00453,佐々木,男,62,宮城県,2021-08-03,10,1652120,VIP,False,
PR0001239,2021-11-05,スマートフォン,コンパクトモデル,168711,店舗,福岡天神店,C00453,佐々木,男,62,宮城県,2021-08-03,10,1652120,VIP,True,
PR0001240,2023-09-22,スマートフォン,Pro モデル 512GB,76412,店舗,天王寺店,C00453,佐々木,男,62,宮城県,2021-08-03,10,1652120,VIP,False,686
PR0001241,2025-09-05,スマートフォン,最新スマホ 256GB,52827,店舗,新宿店,C00453,佐々木,男,62,宮城県,2021-08-03,10,1652120,VIP,False,714
PR0001244,2025-01-30,テレビ,4K テレビ 65型,172466,店舗,大阪梅田店,C00453,佐々木,男,62,宮城県,2021-08-03,10,1652120,VIP,False,
PR0001246,2023-11-23,冷蔵庫,冷蔵庫 600L 大型,284642,店舗,秋葉原店,C00453,佐々木,男,62,宮城県,2021-08-03,10,1652120,VIP,False,
PR0001238,2024-09-07,洗濯機,縦型洗濯機,242579,EC,,C00453,佐々木,男,62,宮城県,2021-08-03,10,1652120,VIP,False,
PR0001243,2025-10-16,美容家電・小物,電動歯ブラシ,32733,店舗,天王寺店,C00453,佐々木,男,62,宮城県,2021-08-03,10,1652120,VIP,False,
PR0001248,2025-03-26,テレビ,有機EL 55型,206891,店舗,天王寺店,C00454,山崎,女,65,埼玉県,2024-01-30,1,206891,Light,True,
PR0001249,2025-05-21,エアコン,エアコン 6畳用,358489,EC,,C00455,後藤,男,22,北海道,2024-10-31,3,495579,Loyal,False,
PR0001250,2025-04-26,オーディオ,Bluetoothスピーカー,80534,EC,,C00455,後藤,男,22,北海道,2024-10-31,3,495579,Loyal,True,
PR0001251,2025-11-10,スマートフォン,スタンダード 128GB,56556,店舗,天王寺店,C00455,後藤,男,22,北海道,2024-10-31,3,495579,Loyal,False,
PR0001252,2025-05-25,ゲーム・玩具,携帯ゲーム機,39771,店舗,池袋店,C00456,山下,男,38,北海道,2021-06-03,2,236958,Regular,True,
PR0001253,2025-08-29,スマートフォン,ハイエンド 1TB,197187,店舗,福岡天神店,C00456,山下,男,38,北海道,2021-06-03,2,236958,Regular,False,
PR0001254,2023-07-03,PC・タブレット,2-in-1 PC,124526,店舗,札幌駅前店,C00457,遠藤,男,70,宮城県,2022-03-11,2,138089,Regular,True,
PR0001255,2025-06-27,美容家電・小物,電気シェーバー,13563,店舗,渋谷店,C00457,遠藤,男,70,宮城県,2022-03-11,2,138089,Regular,False,
PR0001256,2025-04-28,テレビ,有機EL 75型,327709,店舗,名古屋栄店,C00458,山崎,男,56,京都府,2023-09-26,2,394533,Regular,False,
PR0001257,2024-10-18,美容家電・小物,マッサージガン,66824,EC,,C00458,山崎,男,56,京都府,2023-09-26,2,394533,Regular,True,
PR0001258,2023-03-20,スマートフォン,ミドルレンジ機種,78110,EC,,C00459,伊藤,男,38,東京都,2022-12-26,3,361699,Loyal,True,
PR0001259,2025-07-16,スマートフォン,スタンダード 128GB,62906,店舗,渋谷店,C00459,伊藤,男,38,東京都,2022-12-26,3,361699,Loyal,False,849
PR0001260,2024-10-14,テレビ,有機EL 75型,220683,店舗,秋葉原店,C00459,伊藤,男,38,東京都,2022-12-26,3,361699,Loyal,False,
PR0001261,2025-07-15,冷蔵庫,フレンチドア 700L,446997,EC,,C00460,前田,女,42,宮城県,2024-12-25,2,465740,Regular,True,
PR0001262,2025-10-03,美容家電・小物,電動歯ブラシ,18743,EC,,C00460,前田,女,42,宮城県,2024-12-25,2,465740,Regular,False,
PR0001264,2024-03-19,オーディオ,ワイヤレスイヤホン,146034,店舗,池袋店,C00461,松本,男,74,北海道,2021-07-02,2,486416,Inactive,False,
PR0001263,2023-10-14,洗濯機,乾燥機能付き 10kg,340382,店舗,札幌駅前店,C00461,松本,男,74,北海道,2021-07-02,2,486416,Inactive,True,
PR0001266,2025-02-11,ゲーム・玩具,コントローラ,41295,EC,,C00462,吉田,男,44,東京都,2024-05-11,2,113849,Regular,True,
PR0001265,2025-11-20,美容家電・小物,電動歯ブラシ,72554,EC,,C00462,吉田,男,44,東京都,2024-05-11,2,113849,Regular,False,
PR0001268,2022-11-25,PC・タブレット,ノートPC 13型,250549,店舗,秋葉原店,C00463,吉田,男,46,神奈川県,2022-05-24,10,1637787,VIP,True,
PR0001275,2024-07-03,エアコン,エアコン 10畳用,367445,店舗,横浜駅前店,C00463,吉田,男,46,神奈川県,2022-05-24,10,1637787,VIP,False,
PR0001276,2023-10-31,オーディオ,ターンテーブル,132009,店舗,横浜駅前店,C00463,吉田,男,46,神奈川県,2022-05-24,10,1637787,VIP,False,
PR0001274,2023-04-02,カメラ・ビデオ,ドローン,280581,店舗,横浜駅前店,C00463,吉田,男,46,神奈川県,2022-05-24,10,1637787,VIP,False,
PR0001269,2024-12-10,ゲーム・玩具,VR ゴーグル,19624,EC,,C00463,吉田,男,46,神奈川県,2022-05-24,10,1637787,VIP,False,
PR0001272,2023-09-29,スマートフォン,最新スマホ 256GB,169703,店舗,福岡天神店,C00463,吉田,男,46,神奈川県,2022-05-24,10,1637787,VIP,False,
PR0001273,2025-09-24,スマートフォン,スタンダード 128GB,107247,店舗,秋葉原店,C00463,吉田,男,46,神奈川県,2022-05-24,10,1637787,VIP,False,726
PR0001267,2023-04-30,洗濯機,ドラム式洗濯機,251063,店舗,新宿店,C00463,吉田,男,46,神奈川県,2022-05-24,10,1637787,VIP,False,
PR0001270,2023-11-19,美容家電・小物,電気シェーバー,11005,店舗,福岡天神店,C00463,吉田,男,46,神奈川県,2022-05-24,10,1637787,VIP,False,
PR0001271,2026-03-20,美容家電・小物,電動歯ブラシ,48561,店舗,名古屋栄店,C00463,吉田,男,46,神奈川県,2022-05-24,10,1637787,VIP,False,852
PR0001277,2024-12-16,エアコン,エアコン 14畳用,81349,EC,,C00464,村上,男,38,大阪府,2024-10-17,1,81349,Light,True,
PR0001279,2023-05-24,PC・タブレット,ワークステーション,217012,EC,,C00465,阿部,女,42,埼玉県,2022-11-11,4,552834,Loyal,False,
PR0001278,2025-02-26,洗濯機,ドラム式洗濯機,263715,EC,,C00465,阿部,女,42,埼玉県,2022-11-11,4,552834,Loyal,False,
PR0001280,2022-11-23,美容家電・小物,美顔器,22640,EC,,C00465,阿部,女,42,埼玉県,2022-11-11,4,552834,Loyal,True,
PR0001281,2025-08-27,美容家電・小物,電気シェーバー,49467,EC,,C00465,阿部,女,42,埼玉県,2022-11-11,4,552834,Loyal,False,1008
PR0001282,2025-11-24,エアコン,エアコン 18畳用,186490,EC,,C00466,鈴木,男,49,兵庫県,2024-02-12,3,679365,Loyal,False,
PR0001284,2024-02-28,冷蔵庫,冷蔵庫 600L 大型,429432,EC,,C00466,鈴木,男,49,兵庫県,2024-02-12,3,679365,Loyal,True,
PR0001283,2024-09-13,美容家電・小物,ドライヤー,63443,EC,,C00466,鈴木,男,49,兵庫県,2024-02-12,3,679365,Loyal,False,
PR0001286,2025-06-09,エアコン,エアコン 18畳用,113873,店舗,渋谷店,C00467,村上,女,55,兵庫県,2023-08-23,2,292857,Regular,False,
PR0001285,2024-09-22,洗濯機,コンパクト洗濯機,178984,EC,,C00467,村上,女,55,兵庫県,2023-08-23,2,292857,Regular,True,
PR0001289,2024-03-16,PC・タブレット,タブレット 10型,182036,店舗,池袋店,C00468,加藤,男,38,北海道,2023-03-05,3,477722,Loyal,True,
PR0001288,2024-07-15,スマートフォン,Pro モデル 512GB,52398,店舗,名古屋栄店,C00468,加藤,男,38,北海道,2023-03-05,3,477722,Loyal,False,
PR0001287,2025-02-03,テレビ,4K テレビ 50型,243288,EC,,C00468,加藤,男,38,北海道,2023-03-05,3,477722,Loyal,False,
PR0001290,2026-03-16,ゲーム・玩具,ボードゲーム,15613,店舗,横浜駅前店,C00469,前田,男,53,埼玉県,2026-01-23,3,955208,Loyal,False,
PR0001292,2026-03-22,テレビ,有機EL 75型,497045,店舗,天王寺店,C00469,前田,男,53,埼玉県,2026-01-23,3,955208,Loyal,False,
PR0001291,2026-02-09,冷蔵庫,冷蔵庫 400L,442550,店舗,横浜駅前店,C00469,前田,男,53,埼玉県,2026-01-23,3,955208,Loyal,True,
PR0001293,2025-07-12,PC・タブレット,ゲーミングPC,201106,店舗,渋谷店,C00470,松本,男,30,愛知県,2021-04-15,3,277314,Loyal,False,
PR0001294,2023-02-02,美容家電・小物,マッサージガン,67137,EC,,C00470,松本,男,30,愛知県,2021-04-15,3,277314,Loyal,True,
PR0001295,2026-03-31,美容家電・小物,マッサージガン,9071,EC,,C00470,松本,男,30,愛知県,2021-04-15,3,277314,Loyal,False,1153
PR0001296,2023-12-27,PC・タブレット,タブレット 10型,79292,店舗,名古屋栄店,C00471,井上,男,37,広島県,2023-09-28,2,155465,Regular,True,
PR0001297,2024-12-21,美容家電・小物,マッサージガン,76173,店舗,渋谷店,C00471,井上,男,37,広島県,2023-09-28,2,155465,Regular,False,
PR0001300,2026-01-18,オーディオ,ヘッドホン,48346,EC,,C00472,伊藤,女,62,埼玉県,2025-11-17,3,222821,Loyal,False,
PR0001299,2026-03-27,ゲーム・玩具,VR ゴーグル,58413,店舗,名古屋栄店,C00472,伊藤,女,62,埼玉県,2025-11-17,3,222821,Loyal,False,
PR0001298,2025-11-29,テレビ,4K テレビ 50型,116062,店舗,秋葉原店,C00472,伊藤,女,62,埼玉県,2025-11-17,3,222821,Loyal,True,
PR0001302,2024-06-01,オーディオ,ホームオーディオ,186125,EC,,C00473,藤田,女,47,北海道,2022-10-12,2,242355,Regular,True,
PR0001301,2024-08-02,スマートフォン,最新スマホ 256GB,56230,EC,,C00473,藤田,女,47,北海道,2022-10-12,2,242355,Regular,False,
PR0001303,2023-01-03,PC・タブレット,2-in-1 PC,343365,EC,,C00474,山崎,女,71,神奈川県,2022-02-25,6,1094568,VIP,True,
PR0001306,2023-06-16,エアコン,エアコン 6畳用,198122,店舗,福岡天神店,C00474,山崎,女,71,神奈川県,2022-02-25,6,1094568,VIP,False,
PR0001308,2023-09-22,カメラ・ビデオ,ビデオカメラ,169486,店舗,福岡天神店,C00474,山崎,女,71,神奈川県,2022-02-25,6,1094568,VIP,False,
PR0001307,2024-03-14,テレビ,4K テレビ 50型,294313,店舗,秋葉原店,C00474,山崎,女,71,神奈川県,2022-02-25,6,1094568,VIP,False,
PR0001304,2023-02-19,美容家電・小物,電気シェーバー,38103,店舗,福岡天神店,C00474,山崎,女,71,神奈川県,2022-02-25,6,1094568,VIP,False,
PR0001305,2025-09-22,美容家電・小物,マッサージガン,51179,店舗,新宿店,C00474,山崎,女,71,神奈川県,2022-02-25,6,1094568,VIP,False,946
PR0001311,2025-12-26,エアコン,エアコン 18畳用,154690,EC,,C00475,小林,女,45,愛知県,2024-07-06,3,485090,Loyal,False,
PR0001310,2024-11-10,スマートフォン,ハイエンド 1TB,136656,店舗,名古屋栄店,C00475,小林,女,45,愛知県,2024-07-06,3,485090,Loyal,False,
PR0001309,2024-08-07,テレビ,有機EL 75型,193744,店舗,札幌駅前店,C00475,小林,女,45,愛知県,2024-07-06,3,485090,Loyal,True,
PR0001314,2025-04-29,PC・タブレット,タブレット 10型,62787,EC,,C00476,前田,男,36,千葉県,2023-12-21,4,404491,Loyal,False,
PR0001315,2024-07-17,エアコン,エアコン 14畳用,205795,EC,,C00476,前田,男,36,千葉県,2023-12-21,4,404491,Loyal,True,
PR0001313,2025-03-13,ゲーム・玩具,据置型ゲーム機,42994,EC,,C00476,前田,男,36,千葉県,2023-12-21,4,404491,Loyal,False,
PR0001312,2024-08-17,スマートフォン,スタンダード 128GB,92915,EC,,C00476,前田,男,36,千葉県,2023-12-21,4,404491,Loyal,False,
PR0001316,2022-06-26,スマートフォン,ハイエンド 1TB,183687,店舗,名古屋栄店,C00477,藤田,男,33,京都府,2022-03-03,3,655148,Loyal,True,
PR0001317,2025-01-13,スマートフォン,コンパクトモデル,100335,店舗,新宿店,C00477,藤田,男,33,京都府,2022-03-03,3,655148,Loyal,False,932
PR0001318,2022-12-28,テレビ,プロジェクター,371126,店舗,池袋店,C00477,藤田,男,33,京都府,2022-03-03,3,655148,Loyal,False,
PR0001320,2025-10-27,テレビ,スマートテレビ 43型,467006,EC,,C00478,清水,女,55,京都府,2023-11-13,2,720073,Regular,False,
PR0001319,2025-01-26,冷蔵庫,冷蔵庫 400L,253067,EC,,C00478,清水,女,55,京都府,2023-11-13,2,720073,Regular,True,
PR0001321,2026-02-05,カメラ・ビデオ,交換レンズ,253936,店舗,池袋店,C00479,中村,男,68,兵庫県,2024-10-10,2,275384,Regular,False,
PR0001322,2024-12-24,美容家電・小物,電気シェーバー,21448,店舗,名古屋栄店,C00479,中村,男,68,兵庫県,2024-10-10,2,275384,Regular,True,
PR0001323,2026-02-23,カメラ・ビデオ,アクションカメラ,138648,店舗,横浜駅前店,C00481,遠藤,男,56,神奈川県,2025-12-13,1,138648,Light,True,
PR0001325,2024-10-14,エアコン,エアコン 18畳用,212339,EC,,C00482,中島,男,42,千葉県,2023-12-09,2,285478,Regular,True,
PR0001324,2025-04-28,美容家電・小物,マッサージガン,73139,EC,,C00482,中島,男,42,千葉県,2023-12-09,2,285478,Regular,False,
PR0001326,2024-06-02,美容家電・小物,電気シェーバー,31166,店舗,渋谷店,C00483,前田,女,22,北海道,2024-04-04,1,31166,Light,True,
PR0001328,2024-10-23,ゲーム・玩具,ゲームソフト,32892,EC,,C00484,中村,男,28,愛知県,2024-08-25,3,107093,Regular,True,
PR0001329,2024-11-07,スマートフォン,ハイエンド 1TB,33168,店舗,天王寺店,C00484,中村,男,28,愛知県,2024-08-25,3,107093,Regular,False,
PR0001327,2025-01-13,美容家電・小物,ヘアアイロン,41033,店舗,渋谷店,C00484,中村,男,28,愛知県,2024-08-25,3,107093,Regular,False,
PR0001332,2024-04-07,PC・タブレット,ノートPC 15型,340270,店舗,横浜駅前店,C00485,坂本,男,44,東京都,2023-07-16,7,1351370,VIP,False,
PR0001333,2025-02-14,カメラ・ビデオ,ドローン,189900,店舗,秋葉原店,C00485,坂本,男,44,東京都,2023-07-16,7,1351370,VIP,False,
PR0001336,2024-08-26,ゲーム・玩具,携帯ゲーム機,45732,店舗,札幌駅前店,C00485,坂本,男,44,東京都,2023-07-16,7,1351370,VIP,False,
PR0001335,2025-07-09,スマートフォン,Pro モデル 512GB,185980,店舗,天王寺店,C00485,坂本,男,44,東京都,2023-07-16,7,1351370,VIP,False,
PR0001330,2023-10-20,冷蔵庫,冷蔵庫 500L,421146,店舗,名古屋栄店,C00485,坂本,男,44,東京都,2023-07-16,7,1351370,VIP,True,
PR0001334,2026-02-23,洗濯機,乾燥機能付き 10kg,108151,店舗,池袋店,C00485,坂本,男,44,東京都,2023-07-16,7,1351370,VIP,False,
PR0001331,2025-12-18,美容家電・小物,電気シェーバー,60191,EC,,C00485,坂本,男,44,東京都,2023-07-16,7,1351370,VIP,False,
PR0001339,2026-03-14,カメラ・ビデオ,交換レンズ,186322,店舗,横浜駅前店,C00486,坂本,男,46,京都府,2026-01-18,4,770195,Loyal,False,
PR0001340,2026-03-06,スマートフォン,コンパクトモデル,45103,店舗,天王寺店,C00486,坂本,男,46,京都府,2026-01-18,4,770195,Loyal,False,
PR0001337,2026-03-03,テレビ,プロジェクター,332105,店舗,池袋店,C00486,坂本,男,46,京都府,2026-01-18,4,770195,Loyal,False,
PR0001338,2026-01-20,冷蔵庫,冷蔵庫 400L,206665,店舗,大阪梅田店,C00486,坂本,男,46,京都府,2026-01-18,4,770195,Loyal,True,
PR0001341,2024-03-20,PC・タブレット,ノートPC 13型,183354,EC,,C00487,林,男,56,兵庫県,2022-11-22,2,302745,Regular,True,
PR0001342,2025-07-18,スマートフォン,スタンダード 128GB,119391,店舗,渋谷店,C00487,林,男,56,兵庫県,2022-11-22,2,302745,Regular,False,
PR0001344,2025-05-20,エアコン,エアコン 14畳用,178842,店舗,天王寺店,C00488,山本,男,46,北海道,2023-03-23,3,707577,Loyal,False,
PR0001345,2025-02-07,スマートフォン,ハイエンド 1TB,43614,店舗,新宿店,C00488,山本,男,46,北海道,2023-03-23,3,707577,Loyal,True,
PR0001343,2025-11-26,冷蔵庫,フレンチドア 700L,485121,EC,,C00488,山本,男,46,北海道,2023-03-23,3,707577,Loyal,False,
PR0001346,2025-09-17,美容家電・小物,電動歯ブラシ,48186,店舗,秋葉原店,C00489,山口,女,49,千葉県,2023-06-09,1,48186,Light,True,
PR0001347,2024-02-20,PC・タブレット,ワークステーション,159705,EC,,C00490,斎藤,女,40,京都府,2023-04-11,1,159705,Inactive,True,
PR0001349,2022-11-26,PC・タブレット,ノートPC 15型,254040,店舗,池袋店,C00491,近藤,女,66,広島県,2022-11-26,3,331244,Loyal,True,
PR0001348,2024-12-04,スマートフォン,ミドルレンジ機種,70122,店舗,渋谷店,C00491,近藤,女,66,広島県,2022-11-26,3,331244,Loyal,False,
PR0001350,2025-07-20,美容家電・小物,美顔器,7082,店舗,大阪梅田店,C00491,近藤,女,66,広島県,2022-11-26,3,331244,Loyal,False,
PR0001352,2026-03-30,PC・タブレット,タブレット 10型,111312,EC,,C00492,山田,男,55,広島県,2023-05-09,2,139138,Regular,False,
PR0001351,2026-03-04,美容家電・小物,マッサージガン,27826,EC,,C00492,山田,男,55,広島県,2023-05-09,2,139138,Regular,True,
PR0001354,2024-12-16,PC・タブレット,2-in-1 PC,100550,店舗,横浜駅前店,C00493,木村,男,44,愛知県,2023-05-29,3,540381,Loyal,True,
PR0001353,2025-09-20,スマートフォン,コンパクトモデル,151242,店舗,福岡天神店,C00493,木村,男,44,愛知県,2023-05-29,3,540381,Loyal,False,
PR0001355,2025-12-19,洗濯機,コンパクト洗濯機,288589,店舗,池袋店,C00493,木村,男,44,愛知県,2023-05-29,3,540381,Loyal,False,
PR0001358,2025-03-05,テレビ,スマートテレビ 43型,391186,店舗,渋谷店,C00494,阿部,男,39,北海道,2023-03-13,3,861088,Loyal,False,
PR0001357,2025-04-17,冷蔵庫,フレンチドア 700L,437263,EC,,C00494,阿部,男,39,北海道,2023-03-13,3,861088,Loyal,False,
PR0001356,2024-05-04,美容家電・小物,電動歯ブラシ,32639,店舗,天王寺店,C00494,阿部,男,39,北海道,2023-03-13,3,861088,Loyal,True,
PR0001360,2025-02-11,スマートフォン,最新スマホ 256GB,52569,店舗,福岡天神店,C00495,前田,男,44,千葉県,2024-05-01,2,116851,Regular,True,
PR0001359,2025-02-25,美容家電・小物,マッサージガン,64282,店舗,秋葉原店,C00495,前田,男,44,千葉県,2024-05-01,2,116851,Regular,False,
PR0001361,2025-12-20,カメラ・ビデオ,ミラーレス一眼,195460,店舗,大阪梅田店,C00496,岡田,男,22,愛知県,2025-09-07,1,195460,Light,True,
PR0001362,2024-10-29,エアコン,業務用エアコン,138772,EC,,C00497,鈴木,男,30,埼玉県,2023-11-18,2,192215,Regular,True,
PR0001363,2026-02-16,カメラ・ビデオ,ドローン,53443,店舗,大阪梅田店,C00497,鈴木,男,30,埼玉県,2023-11-18,2,192215,Regular,False,
PR0001364,2025-09-05,ゲーム・玩具,ゲームソフト,20649,EC,,C00498,高橋,男,44,兵庫県,2024-07-07,2,29979,Regular,False,
PR0001365,2025-06-22,美容家電・小物,美顔器,9330,店舗,福岡天神店,C00498,高橋,男,44,兵庫県,2024-07-07,2,29979,Regular,True,
PR0001366,2023-10-07,PC・タブレット,2-in-1 PC,56998,店舗,福岡天神店,C00499,森,女,47,北海道,2021-04-08,3,236926,Loyal,True,
PR0001367,2025-02-09,スマートフォン,コンパクトモデル,165026,店舗,札幌駅前店,C00499,森,女,47,北海道,2021-04-08,3,236926,Loyal,False,
PR0001368,2023-11-26,美容家電・小物,電動歯ブラシ,14902,EC,,C00499,森,女,47,北海道,2021-04-08,3,236926,Loyal,False,
PR0001369,2023-06-16,冷蔵庫,冷蔵庫 500L,237207,店舗,大阪梅田店,C00500,高橋,女,75,千葉県,2022-04-23,2,245034,Inactive,False,
PR0001370,2023-06-11,美容家電・小物,ドライヤー,7827,店舗,池袋店,C00500,高橋,女,75,千葉県,2022-04-23,2,245034,Inactive,True,
PR0001371,2023-11-23,PC・タブレット,ゲーミングPC,218655,店舗,横浜駅前店,C00501,石井,男,38,愛知県,2023-08-15,8,1914853,VIP,True,
PR0001373,2026-03-05,カメラ・ビデオ,ミラーレス一眼,284102,EC,,C00501,石井,男,38,愛知県,2023-08-15,8,1914853,VIP,False,
PR0001377,2025-03-15,ゲーム・玩具,コントローラ,52197,店舗,札幌駅前店,C00501,石井,男,38,愛知県,2023-08-15,8,1914853,VIP,False,
PR0001376,2024-10-27,スマートフォン,ミドルレンジ機種,171883,店舗,福岡天神店,C00501,石井,男,38,愛知県,2023-08-15,8,1914853,VIP,False,
PR0001375,2025-12-31,テレビ,有機EL 75型,414581,店舗,新宿店,C00501,石井,男,38,愛知県,2023-08-15,8,1914853,VIP,False,
PR0001378,2025-12-30,冷蔵庫,冷蔵庫 400L,456016,店舗,福岡天神店,C00501,石井,男,38,愛知県,2023-08-15,8,1914853,VIP,False,
PR0001374,2024-11-11,洗濯機,縦型洗濯機,241876,店舗,池袋店,C00501,石井,男,38,愛知県,2023-08-15,8,1914853,VIP,False,
PR0001372,2025-02-10,美容家電・小物,美顔器,75543,店舗,池袋店,C00501,石井,男,38,愛知県,2023-08-15,8,1914853,VIP,False,
PR0001380,2023-09-04,PC・タブレット,タブレット 10型,252760,EC,,C00502,青木,女,36,大阪府,2023-03-18,3,559903,Loyal,True,
PR0001381,2024-07-15,エアコン,エアコン 10畳用,109734,EC,,C00502,青木,女,36,大阪府,2023-03-18,3,559903,Loyal,False,
PR0001379,2025-02-03,オーディオ,ターンテーブル,197409,EC,,C00502,青木,女,36,大阪府,2023-03-18,3,559903,Loyal,False,
PR0001382,2024-11-01,PC・タブレット,ノートPC 13型,288411,EC,,C00503,山下,男,60,宮城県,2023-09-01,2,620271,Regular,False,
PR0001383,2023-09-26,テレビ,4K テレビ 65型,331860,EC,,C00503,山下,男,60,宮城県,2023-09-01,2,620271,Regular,True,
PR0001387,2025-12-25,オーディオ,ターンテーブル,102460,店舗,秋葉原店,C00504,石井,女,40,大阪府,2025-12-14,4,558561,Loyal,False,
PR0001385,2026-02-14,ゲーム・玩具,ボードゲーム,31516,店舗,渋谷店,C00504,石井,女,40,大阪府,2025-12-14,4,558561,Loyal,False,
PR0001384,2025-12-16,冷蔵庫,コンパクト冷蔵庫,384222,店舗,池袋店,C00504,石井,女,40,大阪府,2025-12-14,4,558561,Loyal,True,
PR0001386,2026-03-27,美容家電・小物,美顔器,40363,店舗,池袋店,C00504,石井,女,40,大阪府,2025-12-14,4,558561,Loyal,False,
PR0001389,2023-07-16,PC・タブレット,ノートPC 13型,197401,EC,,C00505,阿部,男,39,京都府,2021-08-09,9,1596433,VIP,False,
PR0001394,2026-02-06,カメラ・ビデオ,ドローン,274108,店舗,大阪梅田店,C00505,阿部,男,39,京都府,2021-08-09,9,1596433,VIP,False,
PR0001396,2025-06-19,ゲーム・玩具,据置型ゲーム機,51045,店舗,渋谷店,C00505,阿部,男,39,京都府,2021-08-09,9,1596433,VIP,False,
PR0001391,2024-04-01,スマートフォン,最新スマホ 256GB,84915,店舗,秋葉原店,C00505,阿部,男,39,京都府,2021-08-09,9,1596433,VIP,False,
PR0001392,2026-03-18,スマートフォン,コンパクトモデル,41573,店舗,名古屋栄店,C00505,阿部,男,39,京都府,2021-08-09,9,1596433,VIP,False,716
PR0001393,2024-03-03,テレビ,4K テレビ 65型,422582,店舗,横浜駅前店,C00505,阿部,男,39,京都府,2021-08-09,9,1596433,VIP,False,
PR0001388,2021-11-05,冷蔵庫,フレンチドア 700L,186268,EC,,C00505,阿部,男,39,京都府,2021-08-09,9,1596433,VIP,True,
PR0001395,2022-02-05,洗濯機,コンパクト洗濯機,291719,店舗,天王寺店,C00505,阿部,男,39,京都府,2021-08-09,9,1596433,VIP,False,
PR0001390,2025-11-27,美容家電・小物,ドライヤー,46822,店舗,札幌駅前店,C00505,阿部,男,39,京都府,2021-08-09,9,1596433,VIP,False,
PR0001400,2024-08-28,PC・タブレット,ゲーミングPC,86534,EC,,C00506,山本,女,44,広島県,2021-11-15,5,522593,VIP,True,
PR0001397,2025-04-30,ゲーム・玩具,据置型ゲーム機,18459,EC,,C00506,山本,女,44,広島県,2021-11-15,5,522593,VIP,False,
PR0001398,2025-03-28,スマートフォン,最新スマホ 256GB,127806,EC,,C00506,山本,女,44,広島県,2021-11-15,5,522593,VIP,False,
PR0001401,2025-01-30,冷蔵庫,フレンチドア 700L,228763,EC,,C00506,山本,女,44,広島県,2021-11-15,5,522593,VIP,False,
PR0001399,2026-02-23,美容家電・小物,ドライヤー,61031,EC,,C00506,山本,女,44,広島県,2021-11-15,5,522593,VIP,False,
PR0001403,2025-02-04,PC・タブレット,タブレット 10型,136123,店舗,札幌駅前店,C00507,山田,女,55,京都府,2021-10-21,2,424717,Regular,False,
PR0001402,2024-08-05,テレビ,有機EL 55型,288594,店舗,福岡天神店,C00507,山田,女,55,京都府,2021-10-21,2,424717,Regular,True,
PR0001405,2025-06-21,PC・タブレット,タブレット 10型,176035,EC,,C00508,林,男,36,宮城県,2022-08-29,3,738435,Loyal,False,
PR0001406,2024-01-07,スマートフォン,ハイエンド 1TB,85657,EC,,C00508,林,男,36,宮城県,2022-08-29,3,738435,Loyal,True,
PR0001404,2024-05-21,テレビ,有機EL 55型,476743,店舗,秋葉原店,C00508,林,男,36,宮城県,2022-08-29,3,738435,Loyal,False,
PR0001407,2025-10-15,PC・タブレット,2-in-1 PC,272036,EC,,C00509,遠藤,女,50,宮城県,2025-05-27,1,272036,Light,True,
PR0001408,2024-08-10,PC・タブレット,ノートPC 13型,333837,EC,,C00510,中島,女,40,埼玉県,2023-10-11,2,406277,Regular,True,
PR0001409,2025-11-13,美容家電・小物,ドライヤー,72440,店舗,秋葉原店,C00510,中島,女,40,埼玉県,2023-10-11,2,406277,Regular,False,
PR0001411,2024-09-11,カメラ・ビデオ,ビデオカメラ,228044,店舗,横浜駅前店,C00511,坂本,女,40,宮城県,2023-08-29,3,757715,Loyal,False,
PR0001410,2024-09-06,テレビ,スマートテレビ 43型,205546,店舗,秋葉原店,C00511,坂本,女,40,宮城県,2023-08-29,3,757715,Loyal,False,
PR0001412,2023-11-23,冷蔵庫,冷蔵庫 400L,324125,店舗,新宿店,C00511,坂本,女,40,宮城県,2023-08-29,3,757715,Loyal,True,
PR0001417,2025-12-06,オーディオ,サウンドバー,26875,店舗,横浜駅前店,C00512,近藤,男,22,宮城県,2022-04-22,5,685303,VIP,False,
PR0001416,2025-02-23,テレビ,プロジェクター,363737,店舗,池袋店,C00512,近藤,男,22,宮城県,2022-04-22,5,685303,VIP,False,
PR0001413,2022-06-05,冷蔵庫,フレンチドア 700L,212487,店舗,渋谷店,C00512,近藤,男,22,宮城県,2022-04-22,5,685303,VIP,True,
PR0001414,2022-09-14,美容家電・小物,美顔器,59313,店舗,大阪梅田店,C00512,近藤,男,22,宮城県,2022-04-22,5,685303,VIP,False,
PR0001415,2025-07-11,美容家電・小物,美顔器,22891,店舗,池袋店,C00512,近藤,男,22,宮城県,2022-04-22,5,685303,VIP,False,1031
PR0001418,2026-02-03,PC・タブレット,2-in-1 PC,269179,店舗,池袋店,C00513,伊藤,女,39,兵庫県,2023-02-17,4,744255,Loyal,False,
PR0001421,2023-04-03,カメラ・ビデオ,コンパクトデジカメ,298356,店舗,福岡天神店,C00513,伊藤,女,39,兵庫県,2023-02-17,4,744255,Loyal,True,
PR0001420,2024-07-28,洗濯機,ドラム式洗濯機,144407,店舗,名古屋栄店,C00513,伊藤,女,39,兵庫県,2023-02-17,4,744255,Loyal,False,
PR0001419,2025-10-29,美容家電・小物,マッサージガン,32313,店舗,新宿店,C00513,伊藤,女,39,兵庫県,2023-02-17,4,744255,Loyal,False,
PR0001424,2024-04-13,ゲーム・玩具,ボードゲーム,74029,店舗,池袋店,C00514,近藤,女,39,北海道,2023-08-03,3,347060,Loyal,True,
PR0001423,2025-03-18,テレビ,有機EL 55型,231507,店舗,大阪梅田店,C00514,近藤,女,39,北海道,2023-08-03,3,347060,Loyal,False,
PR0001422,2025-02-14,美容家電・小物,ヘアアイロン,41524,EC,,C00514,近藤,女,39,北海道,2023-08-03,3,347060,Loyal,False,
PR0001425,2024-03-01,ゲーム・玩具,ボードゲーム,54776,EC,,C00515,森,女,38,埼玉県,2024-02-15,2,150083,Inactive,True,
PR0001426,2024-03-20,テレビ,プロジェクター,95307,EC,,C00515,森,女,38,埼玉県,2024-02-15,2,150083,Inactive,False,
PR0001427,2024-07-10,美容家電・小物,マッサージガン,74330,EC,,C00516,長谷川,女,22,宮城県,2024-03-27,1,74330,Light,True,
PR0001428,2025-08-14,PC・タブレット,ノートPC 15型,117466,店舗,秋葉原店,C00517,遠藤,女,22,東京都,2022-12-28,2,174746,Regular,False,
PR0001429,2024-04-10,美容家電・小物,ヘアアイロン,57280,EC,,C00517,遠藤,女,22,東京都,2022-12-28,2,174746,Regular,True,
PR0001431,2024-09-30,スマートフォン,Pro モデル 512GB,47760,EC,,C00518,山本,男,57,東京都,2024-01-21,2,230029,Regular,True,
PR0001430,2025-07-11,テレビ,有機EL 75型,182269,EC,,C00518,山本,男,57,東京都,2024-01-21,2,230029,Regular,False,
PR0001433,2024-08-03,スマートフォン,ミドルレンジ機種,165349,店舗,秋葉原店,C00519,山本,女,22,大阪府,2023-03-29,3,330580,Loyal,False,
PR0001432,2024-02-15,洗濯機,コンパクト洗濯機,97244,店舗,大阪梅田店,C00519,山本,女,22,大阪府,2023-03-29,3,330580,Loyal,False,
PR0001434,2023-04-14,美容家電・小物,マッサージガン,67987,店舗,天王寺店,C00519,山本,女,22,大阪府,2023-03-29,3,330580,Loyal,True,
PR0001435,2025-09-24,スマートフォン,最新スマホ 256GB,155761,店舗,新宿店,C00520,長谷川,男,32,千葉県,2023-12-04,1,155761,Light,True,
PR0001436,2025-06-24,PC・タブレット,ノートPC 15型,291035,店舗,新宿店,C00521,斎藤,女,47,愛知県,2022-12-19,2,313126,Regular,False,
PR0001437,2025-04-14,美容家電・小物,電気シェーバー,22091,店舗,札幌駅前店,C00521,斎藤,女,47,愛知県,2022-12-19,2,313126,Regular,True,
PR0001438,2025-08-11,PC・タブレット,ノートPC 15型,103308,店舗,大阪梅田店,C00522,山本,女,37,埼玉県,2024-05-02,1,103308,Light,True,
PR0001439,2024-10-07,テレビ,スマートテレビ 43型,381707,EC,,C00523,山下,女,67,広島県,2023-03-13,2,395090,Regular,True,
PR0001440,2025-06-13,美容家電・小物,マッサージガン,13383,EC,,C00523,山下,女,67,広島県,2023-03-13,2,395090,Regular,False,
PR0001441,2026-03-04,冷蔵庫,冷蔵庫 600L 大型,403507,EC,,C00524,小林,男,53,福岡県,2025-11-18,1,403507,Light,True,
PR0001442,2024-05-02,スマートフォン,最新スマホ 256GB,90075,店舗,池袋店,C00525,森,女,47,千葉県,2024-03-11,3,397037,Loyal,True,
PR0001443,2025-07-29,洗濯機,コンパクト洗濯機,227020,店舗,天王寺店,C00525,森,女,47,千葉県,2024-03-11,3,397037,Loyal,False,
PR0001444,2026-01-12,美容家電・小物,美顔器,79942,店舗,大阪梅田店,C00525,森,女,47,千葉県,2024-03-11,3,397037,Loyal,False,
PR0001445,2025-10-13,洗濯機,乾燥機能付き 10kg,146304,EC,,C00526,橋本,男,61,北海道,2024-12-15,1,146304,Light,True,
PR0001448,2024-07-05,エアコン,エアコン 18畳用,254191,店舗,新宿店,C00527,渡辺,男,56,福岡県,2023-03-04,3,573865,Loyal,False,
PR0001447,2024-03-07,スマートフォン,最新スマホ 256GB,98222,店舗,渋谷店,C00527,渡辺,男,56,福岡県,2023-03-04,3,573865,Loyal,True,
PR0001446,2024-10-01,冷蔵庫,フレンチドア 700L,221452,店舗,名古屋栄店,C00527,渡辺,男,56,福岡県,2023-03-04,3,573865,Loyal,False,
PR0001453,2024-03-03,PC・タブレット,ワークステーション,69273,店舗,新宿店,C00528,加藤,男,32,愛知県,2023-11-08,5,365004,Loyal,True,
PR0001450,2024-03-31,オーディオ,ホームオーディオ,63910,店舗,天王寺店,C00528,加藤,男,32,愛知県,2023-11-08,5,365004,Loyal,False,
PR0001449,2025-12-21,ゲーム・玩具,据置型ゲーム機,29937,店舗,名古屋栄店,C00528,加藤,男,32,愛知県,2023-11-08,5,365004,Loyal,False,
PR0001451,2024-11-20,スマートフォン,ハイエンド 1TB,157793,店舗,池袋店,C00528,加藤,男,32,愛知県,2023-11-08,5,365004,Loyal,False,
PR0001452,2024-05-23,美容家電・小物,美顔器,44091,店舗,大阪梅田店,C00528,加藤,男,32,愛知県,2023-11-08,5,365004,Loyal,False,
PR0001455,2025-08-13,ゲーム・玩具,据置型ゲーム機,29019,店舗,秋葉原店,C00529,林,女,42,兵庫県,2024-04-05,2,73172,Regular,False,
PR0001454,2024-12-30,美容家電・小物,ヘアアイロン,44153,店舗,大阪梅田店,C00529,林,女,42,兵庫県,2024-04-05,2,73172,Regular,True,
PR0001456,2025-02-04,テレビ,4K テレビ 50型,158617,店舗,池袋店,C00530,山崎,男,60,兵庫県,2023-07-17,2,177137,Regular,True,
PR0001457,2025-07-31,美容家電・小物,電動歯ブラシ,18520,店舗,大阪梅田店,C00530,山崎,男,60,兵庫県,2023-07-17,2,177137,Regular,False,
PR0001459,2026-01-02,PC・タブレット,ノートPC 15型,285733,店舗,新宿店,C00531,木村,男,48,京都府,2025-10-03,3,1013720,Loyal,True,
PR0001458,2026-03-09,エアコン,業務用エアコン,322352,EC,,C00531,木村,男,48,京都府,2025-10-03,3,1013720,Loyal,False,
PR0001460,2026-02-09,テレビ,プロジェクター,405635,店舗,秋葉原店,C00531,木村,男,48,京都府,2025-10-03,3,1013720,Loyal,False,
PR0001462,2023-11-11,PC・タブレット,ノートPC 15型,119756,EC,,C00532,木村,男,22,大阪府,2021-04-27,2,518220,Regular,True,
PR0001461,2025-09-09,テレビ,4K テレビ 65型,398464,EC,,C00532,木村,男,22,大阪府,2021-04-27,2,518220,Regular,False,
PR0001463,2025-08-24,PC・タブレット,ワークステーション,125236,店舗,新宿店,C00533,長谷川,男,22,宮城県,2025-03-27,3,482387,Loyal,False,
PR0001465,2025-05-19,スマートフォン,最新スマホ 256GB,156019,店舗,渋谷店,C00533,長谷川,男,22,宮城県,2025-03-27,3,482387,Loyal,True,
PR0001464,2026-03-04,テレビ,4K テレビ 65型,201132,店舗,横浜駅前店,C00533,長谷川,男,22,宮城県,2025-03-27,3,482387,Loyal,False,
PR0001469,2024-06-16,PC・タブレット,ノートPC 15型,276969,EC,,C00534,山田,女,37,広島県,2021-05-14,7,1014921,VIP,False,
PR0001470,2023-11-04,ゲーム・玩具,ゲームソフト,73639,EC,,C00534,山田,女,37,広島県,2021-05-14,7,1014921,VIP,False,
PR0001467,2023-01-23,スマートフォン,最新スマホ 256GB,187157,EC,,C00534,山田,女,37,広島県,2021-05-14,7,1014921,VIP,False,
PR0001468,2025-05-15,スマートフォン,スタンダード 128GB,65392,EC,,C00534,山田,女,37,広島県,2021-05-14,7,1014921,VIP,False,843
PR0001466,2024-10-22,テレビ,有機EL 75型,338687,EC,,C00534,山田,女,37,広島県,2021-05-14,7,1014921,VIP,False,
PR0001471,2022-05-25,美容家電・小物,美顔器,24441,店舗,秋葉原店,C00534,山田,女,37,広島県,2021-05-14,7,1014921,VIP,True,
PR0001472,2024-10-19,美容家電・小物,美顔器,48636,店舗,横浜駅前店,C00534,山田,女,37,広島県,2021-05-14,7,1014921,VIP,False,878
PR0001475,2025-06-30,PC・タブレット,2-in-1 PC,291059,店舗,天王寺店,C00535,伊藤,女,50,福岡県,2021-06-13,3,639110,Loyal,False,
PR0001473,2026-01-16,エアコン,業務用エアコン,342958,店舗,横浜駅前店,C00535,伊藤,女,50,福岡県,2021-06-13,3,639110,Loyal,False,
PR0001474,2023-03-19,美容家電・小物,電動歯ブラシ,5093,店舗,横浜駅前店,C00535,伊藤,女,50,福岡県,2021-06-13,3,639110,Loyal,True,
PR0001477,2025-12-17,オーディオ,サウンドバー,30847,店舗,渋谷店,C00536,村上,男,44,京都府,2022-05-19,3,261428,Loyal,False,
PR0001478,2023-05-04,ゲーム・玩具,VR ゴーグル,28275,店舗,大阪梅田店,C00536,村上,男,44,京都府,2022-05-19,3,261428,Loyal,False,
PR0001476,2023-04-20,洗濯機,縦型洗濯機,202306,店舗,新宿店,C00536,村上,男,44,京都府,2022-05-19,3,261428,Loyal,True,
PR0001480,2026-01-24,オーディオ,ワイヤレスイヤホン,49954,EC,,C00537,池田,女,39,千葉県,2025-04-13,2,105620,Regular,True,
PR0001479,2026-02-18,美容家電・小物,電気シェーバー,55666,EC,,C00537,池田,女,39,千葉県,2025-04-13,2,105620,Regular,False,
PR0001483,2024-06-15,PC・タブレット,ゲーミングPC,328819,店舗,札幌駅前店,C00538,近藤,男,56,愛知県,2022-12-17,3,700763,Loyal,False,
PR0001482,2024-11-12,カメラ・ビデオ,アクションカメラ,84861,店舗,横浜駅前店,C00538,近藤,男,56,愛知県,2022-12-17,3,700763,Loyal,False,
PR0001481,2023-10-17,テレビ,4K テレビ 65型,287083,店舗,池袋店,C00538,近藤,男,56,愛知県,2022-12-17,3,700763,Loyal,True,
PR0001485,2025-05-09,スマートフォン,ハイエンド 1TB,70071,EC,,C00539,坂本,女,45,京都府,2023-04-03,2,436623,Regular,False,
PR0001484,2024-08-31,テレビ,プロジェクター,366552,店舗,秋葉原店,C00539,坂本,女,45,京都府,2023-04-03,2,436623,Regular,True,
PR0001486,2026-03-19,スマートフォン,最新スマホ 256GB,93704,店舗,福岡天神店,C00540,松本,男,44,宮城県,2025-10-22,1,93704,Light,True,
PR0001488,2024-01-25,スマートフォン,コンパクトモデル,192036,EC,,C00541,加藤,男,44,兵庫県,2023-10-20,2,398886,Regular,True,
PR0001487,2025-08-18,テレビ,スマートテレビ 43型,206850,店舗,札幌駅前店,C00541,加藤,男,44,兵庫県,2023-10-20,2,398886,Regular,False,
PR0001489,2024-10-07,オーディオ,Bluetoothスピーカー,89051,EC,,C00542,佐藤,女,40,東京都,2022-10-06,3,224381,Loyal,False,
PR0001490,2023-05-28,スマートフォン,Pro モデル 512GB,98323,EC,,C00542,佐藤,女,40,東京都,2022-10-06,3,224381,Loyal,True,
PR0001491,2025-12-17,スマートフォン,Pro モデル 512GB,37007,EC,,C00542,佐藤,女,40,東京都,2022-10-06,3,224381,Loyal,False,934
PR0001493,2023-12-21,スマートフォン,スタンダード 128GB,194108,店舗,渋谷店,C00543,山本,女,71,宮城県,2023-05-22,2,260717,Regular,True,
PR0001492,2025-08-15,美容家電・小物,美顔器,66609,EC,,C00543,山本,女,71,宮城県,2023-05-22,2,260717,Regular,False,
PR0001497,2025-01-15,エアコン,業務用エアコン,256682,EC,,C00544,森,男,46,埼玉県,2022-11-11,5,673114,VIP,False,
PR0001495,2024-12-22,カメラ・ビデオ,交換レンズ,143503,EC,,C00544,森,男,46,埼玉県,2022-11-11,5,673114,VIP,False,
PR0001494,2025-12-14,スマートフォン,最新スマホ 256GB,102347,店舗,福岡天神店,C00544,森,男,46,埼玉県,2022-11-11,5,673114,VIP,False,
PR0001498,2025-03-13,冷蔵庫,冷蔵庫 500L,108573,店舗,横浜駅前店,C00544,森,男,46,埼玉県,2022-11-11,5,673114,VIP,False,
PR0001496,2024-10-24,美容家電・小物,ドライヤー,62009,EC,,C00544,森,男,46,埼玉県,2022-11-11,5,673114,VIP,True,
PR0001499,2025-02-14,ゲーム・玩具,携帯ゲーム機,41726,店舗,渋谷店,C00545,佐々木,男,44,北海道,2021-06-06,2,202672,Regular,True,
PR0001500,2025-08-14,スマートフォン,最新スマホ 256GB,160946,店舗,池袋店,C00545,佐々木,男,44,北海道,2021-06-06,2,202672,Regular,False,
PR0001504,2025-06-03,エアコン,エアコン 18畳用,318609,店舗,渋谷店,C00546,伊藤,男,59,愛知県,2021-07-03,4,563978,Loyal,False,
PR0001503,2024-06-04,洗濯機,乾燥機能付き 10kg,186021,店舗,横浜駅前店,C00546,伊藤,男,59,愛知県,2021-07-03,4,563978,Loyal,False,
PR0001501,2022-05-03,美容家電・小物,美顔器,13391,店舗,札幌駅前店,C00546,伊藤,男,59,愛知県,2021-07-03,4,563978,Loyal,True,
PR0001502,2024-08-30,美容家電・小物,ヘアアイロン,45957,店舗,名古屋栄店,C00546,伊藤,男,59,愛知県,2021-07-03,4,563978,Loyal,False,850
PR0001507,2024-07-25,PC・タブレット,2-in-1 PC,287348,店舗,秋葉原店,C00547,小林,男,41,北海道,2024-04-11,5,629030,VIP,True,
PR0001505,2026-01-27,ゲーム・玩具,据置型ゲーム機,32948,店舗,大阪梅田店,C00547,小林,男,41,北海道,2024-04-11,5,629030,VIP,False,
PR0001506,2025-07-09,スマートフォン,Pro モデル 512GB,127664,店舗,新宿店,C00547,小林,男,41,北海道,2024-04-11,5,629030,VIP,False,
PR0001509,2025-12-16,テレビ,スマートテレビ 43型,122804,店舗,横浜駅前店,C00547,小林,男,41,北海道,2024-04-11,5,629030,VIP,False,
PR0001508,2025-12-04,美容家電・小物,ドライヤー,58266,店舗,渋谷店,C00547,小林,男,41,北海道,2024-04-11,5,629030,VIP,False,
PR0001510,2024-11-05,スマートフォン,ミドルレンジ機種,174180,EC,,C00548,林,女,37,福岡県,2024-08-15,5,1171309,VIP,True,
PR0001513,2025-02-20,テレビ,有機EL 55型,445513,EC,,C00548,林,女,37,福岡県,2024-08-15,5,1171309,VIP,False,
PR0001514,2025-07-27,冷蔵庫,冷蔵庫 500L,423425,EC,,C00548,林,女,37,福岡県,2024-08-15,5,1171309,VIP,False,
PR0001512,2026-03-08,洗濯機,縦型洗濯機,96474,店舗,横浜駅前店,C00548,林,女,37,福岡県,2024-08-15,5,1171309,VIP,False,
PR0001511,2024-11-09,美容家電・小物,電動歯ブラシ,31717,EC,,C00548,林,女,37,福岡県,2024-08-15,5,1171309,VIP,False,
PR0001515,2023-03-05,冷蔵庫,コンパクト冷蔵庫,393524,店舗,名古屋栄店,C00549,坂本,男,40,福岡県,2022-03-09,1,393524,Inactive,True,
PR0001516,2022-04-15,エアコン,エアコン 18畳用,288067,EC,,C00550,山本,男,60,東京都,2021-11-13,2,626235,Regular,True,
PR0001517,2024-06-29,冷蔵庫,コンパクト冷蔵庫,338168,EC,,C00550,山本,男,60,東京都,2021-11-13,2,626235,Regular,False,
PR0001519,2024-12-05,エアコン,エアコン 14畳用,130153,店舗,渋谷店,C00551,橋本,女,43,兵庫県,2024-11-26,2,424313,Regular,True,
PR0001518,2025-08-20,テレビ,プロジェクター,294160,EC,,C00551,橋本,女,43,兵庫県,2024-11-26,2,424313,Regular,False,
PR0001521,2025-08-24,PC・タブレット,ノートPC 13型,77017,店舗,大阪梅田店,C00552,中村,男,44,兵庫県,2025-01-12,3,282436,Loyal,True,
PR0001522,2025-10-09,オーディオ,ヘッドホン,163602,EC,,C00552,中村,男,44,兵庫県,2025-01-12,3,282436,Loyal,False,
PR0001520,2025-09-08,ゲーム・玩具,ゲームソフト,41817,店舗,大阪梅田店,C00552,中村,男,44,兵庫県,2025-01-12,3,282436,Loyal,False,
PR0001523,2025-10-06,美容家電・小物,電気シェーバー,11621,EC,,C00553,小川,男,75,大阪府,2024-06-23,1,11621,Light,True,
PR0001524,2026-01-03,スマートフォン,スタンダード 128GB,40571,EC,,C00554,坂本,男,64,神奈川県,2024-11-20,2,426827,Regular,True,
PR0001525,2026-03-27,テレビ,有機EL 75型,386256,店舗,札幌駅前店,C00554,坂本,男,64,神奈川県,2024-11-20,2,426827,Regular,False,
PR0001528,2025-11-19,PC・タブレット,2-in-1 PC,51500,店舗,新宿店,C00555,鈴木,男,29,兵庫県,2022-08-11,3,169119,Regular,False,
PR0001526,2023-11-02,ゲーム・玩具,VR ゴーグル,39195,店舗,新宿店,C00555,鈴木,男,29,兵庫県,2022-08-11,3,169119,Regular,True,
PR0001527,2025-08-12,美容家電・小物,電動歯ブラシ,78424,店舗,池袋店,C00555,鈴木,男,29,兵庫県,2022-08-11,3,169119,Regular,False,
PR0001530,2024-12-01,スマートフォン,ハイエンド 1TB,57406,EC,,C00556,山口,男,52,兵庫県,2023-08-22,2,251907,Regular,False,
PR0001529,2024-11-05,冷蔵庫,コンパクト冷蔵庫,194501,EC,,C00556,山口,男,52,兵庫県,2023-08-22,2,251907,Regular,True,
PR0001533,2025-11-16,スマートフォン,最新スマホ 256GB,30402,EC,,C00557,山口,男,38,千葉県,2025-09-12,3,114226,Regular,False,
PR0001531,2026-02-23,テレビ,有機EL 75型,57807,店舗,札幌駅前店,C00557,山口,男,38,千葉県,2025-09-12,3,114226,Regular,False,
PR0001532,2025-09-13,美容家電・小物,美顔器,26017,EC,,C00557,山口,男,38,千葉県,2025-09-12,3,114226,Regular,True,
PR0001534,2023-01-11,PC・タブレット,ノートPC 15型,241186,店舗,名古屋栄店,C00558,前田,男,55,広島県,2022-07-20,2,340342,Inactive,True,
PR0001535,2023-10-02,スマートフォン,コンパクトモデル,99156,店舗,札幌駅前店,C00558,前田,男,55,広島県,2022-07-20,2,340342,Inactive,False,
PR0001536,2025-06-06,美容家電・小物,マッサージガン,30608,EC,,C00559,阿部,女,53,大阪府,2021-08-01,1,30608,Light,True,
PR0001537,2025-11-06,ゲーム・玩具,ボードゲーム,16140,店舗,札幌駅前店,C00560,山下,女,41,広島県,2025-01-05,2,56621,Regular,False,
PR0001538,2025-06-19,美容家電・小物,美顔器,40481,EC,,C00560,山下,女,41,広島県,2025-01-05,2,56621,Regular,True,
PR0001540,2024-06-29,PC・タブレット,ワークステーション,280098,店舗,秋葉原店,C00561,山下,女,41,東京都,2021-08-15,4,895202,Loyal,False,
PR0001539,2023-06-02,エアコン,エアコン 10畳用,198236,店舗,福岡天神店,C00561,山下,女,41,東京都,2021-08-15,4,895202,Loyal,False,
PR0001541,2024-04-01,テレビ,スマートテレビ 43型,256248,EC,,C00561,山下,女,41,東京都,2021-08-15,4,895202,Loyal,False,
PR0001542,2022-03-22,洗濯機,乾燥機能付き 10kg,160620,EC,,C00561,山下,女,41,東京都,2021-08-15,4,895202,Loyal,True,
PR0001545,2023-09-07,テレビ,4K テレビ 65型,220346,EC,,C00562,近藤,男,75,神奈川県,2021-07-30,3,302980,Loyal,False,
PR0001543,2022-01-09,美容家電・小物,美顔器,8520,EC,,C00562,近藤,男,75,神奈川県,2021-07-30,3,302980,Loyal,True,
PR0001544,2025-01-12,美容家電・小物,ドライヤー,74114,EC,,C00562,近藤,男,75,神奈川県,2021-07-30,3,302980,Loyal,False,1099
PR0001546,2025-04-02,洗濯機,コンパクト洗濯機,149108,EC,,C00563,山本,女,55,広島県,2024-08-12,1,149108,Light,True,
PR0001547,2023-01-14,エアコン,エアコン 18畳用,278364,店舗,池袋店,C00564,加藤,男,51,埼玉県,2022-04-11,2,343149,Inactive,True,
PR0001548,2023-03-01,カメラ・ビデオ,ミラーレス一眼,64785,店舗,横浜駅前店,C00564,加藤,男,51,埼玉県,2022-04-11,2,343149,Inactive,False,
PR0001550,2023-02-10,PC・タブレット,ノートPC 15型,74395,店舗,池袋店,C00565,伊藤,男,57,千葉県,2022-10-27,2,134454,Regular,True,
PR0001549,2024-11-21,美容家電・小物,美顔器,60059,店舗,渋谷店,C00565,伊藤,男,57,千葉県,2022-10-27,2,134454,Regular,False,
PR0001551,2025-08-26,洗濯機,コンパクト洗濯機,314806,店舗,天王寺店,C00566,中島,男,72,福岡県,2022-01-07,2,383140,Regular,True,
PR0001552,2026-03-16,美容家電・小物,美顔器,68334,店舗,池袋店,C00566,中島,男,72,福岡県,2022-01-07,2,383140,Regular,False,
PR0001554,2025-03-25,PC・タブレット,ワークステーション,178191,店舗,秋葉原店,C00567,伊藤,男,34,宮城県,2024-10-05,2,303181,Regular,True,
PR0001553,2025-08-12,スマートフォン,Pro モデル 512GB,124990,店舗,名古屋栄店,C00567,伊藤,男,34,宮城県,2024-10-05,2,303181,Regular,False,
PR0001558,2025-12-18,PC・タブレット,ワークステーション,196726,EC,,C00568,青木,男,34,愛知県,2025-09-15,8,1221455,VIP,False,
PR0001555,2025-11-04,エアコン,エアコン 10畳用,98949,EC,,C00568,青木,男,34,愛知県,2025-09-15,8,1221455,VIP,False,
PR0001557,2025-11-12,オーディオ,ヘッドホン,142880,店舗,池袋店,C00568,青木,男,34,愛知県,2025-09-15,8,1221455,VIP,False,
PR0001559,2025-11-03,カメラ・ビデオ,ドローン,280681,EC,,C00568,青木,男,34,愛知県,2025-09-15,8,1221455,VIP,False,
PR0001561,2025-12-03,ゲーム・玩具,ボードゲーム,29015,EC,,C00568,青木,男,34,愛知県,2025-09-15,8,1221455,VIP,False,
PR0001562,2025-12-20,スマートフォン,スタンダード 128GB,76357,EC,,C00568,青木,男,34,愛知県,2025-09-15,8,1221455,VIP,False,
PR0001560,2025-10-05,テレビ,有機EL 55型,178946,EC,,C00568,青木,男,34,愛知県,2025-09-15,8,1221455,VIP,True,
PR0001556,2026-02-18,洗濯機,縦型洗濯機,217901,EC,,C00568,青木,男,34,愛知県,2025-09-15,8,1221455,VIP,False,
PR0001564,2024-08-26,エアコン,エアコン 14畳用,373743,店舗,横浜駅前店,C00569,山崎,男,51,広島県,2021-12-31,3,741103,Loyal,False,
PR0001563,2023-05-08,テレビ,プロジェクター,291920,店舗,池袋店,C00569,山崎,男,51,広島県,2021-12-31,3,741103,Loyal,True,
PR0001565,2025-05-21,美容家電・小物,ドライヤー,75440,店舗,大阪梅田店,C00569,山崎,男,51,広島県,2021-12-31,3,741103,Loyal,False,
PR0001566,2021-08-26,テレビ,4K テレビ 50型,347918,EC,,C00570,長谷川,女,35,大阪府,2021-07-22,3,443367,Loyal,True,
PR0001567,2023-06-12,美容家電・小物,美顔器,65754,EC,,C00570,長谷川,女,35,大阪府,2021-07-22,3,443367,Loyal,False,
PR0001568,2026-02-13,美容家電・小物,マッサージガン,29695,EC,,C00570,長谷川,女,35,大阪府,2021-07-22,3,443367,Loyal,False,977
PR0001569,2025-06-09,スマートフォン,ハイエンド 1TB,190287,店舗,渋谷店,C00571,青木,男,50,東京都,2024-05-15,4,820065,Loyal,False,
PR0001570,2025-08-16,テレビ,プロジェクター,254844,店舗,秋葉原店,C00571,青木,男,50,東京都,2024-05-15,4,820065,Loyal,False,
PR0001571,2024-08-16,冷蔵庫,冷蔵庫 500L,302947,EC,,C00571,青木,男,50,東京都,2024-05-15,4,820065,Loyal,True,
PR0001572,2026-02-17,美容家電・小物,ドライヤー,71987,EC,,C00571,青木,男,50,東京都,2024-05-15,4,820065,Loyal,False,
PR0001576,2025-06-29,カメラ・ビデオ,アクションカメラ,262732,EC,,C00572,中島,男,43,神奈川県,2024-03-02,5,630356,VIP,False,
PR0001577,2025-07-18,ゲーム・玩具,携帯ゲーム機,77314,店舗,池袋店,C00572,中島,男,43,神奈川県,2024-03-02,5,630356,VIP,False,
PR0001574,2024-06-19,スマートフォン,スタンダード 128GB,176440,店舗,横浜駅前店,C00572,中島,男,43,神奈川県,2024-03-02,5,630356,VIP,True,
PR0001573,2025-05-13,テレビ,プロジェクター,100242,店舗,大阪梅田店,C00572,中島,男,43,神奈川県,2024-03-02,5,630356,VIP,False,
PR0001575,2026-01-03,美容家電・小物,電気シェーバー,13628,EC,,C00572,中島,男,43,神奈川県,2024-03-02,5,630356,VIP,False,
PR0001579,2024-04-30,スマートフォン,コンパクトモデル,68583,EC,,C00573,山下,男,44,大阪府,2022-12-10,2,445075,Regular,False,
PR0001578,2023-05-25,冷蔵庫,冷蔵庫 400L,376492,EC,,C00573,山下,男,44,大阪府,2022-12-10,2,445075,Regular,True,
PR0001580,2025-07-13,冷蔵庫,フレンチドア 700L,486583,店舗,名古屋栄店,C00574,村上,男,40,宮城県,2025-07-11,1,486583,Light,True,
PR0001581,2022-11-13,スマートフォン,ハイエンド 1TB,72167,店舗,天王寺店,C00575,松本,女,55,埼玉県,2021-05-12,4,717405,Loyal,False,
PR0001582,2025-06-19,スマートフォン,最新スマホ 256GB,167685,店舗,池袋店,C00575,松本,女,55,埼玉県,2021-05-12,4,717405,Loyal,False,949
PR0001583,2021-09-17,テレビ,有機EL 55型,314290,EC,,C00575,松本,女,55,埼玉県,2021-05-12,4,717405,Loyal,True,
PR0001584,2022-03-25,冷蔵庫,フレンチドア 700L,163263,EC,,C00575,松本,女,55,埼玉県,2021-05-12,4,717405,Loyal,False,
PR0001586,2022-11-26,カメラ・ビデオ,ビデオカメラ,286096,店舗,大阪梅田店,C00576,山崎,男,41,埼玉県,2022-01-06,2,327982,Regular,True,
PR0001585,2026-01-24,ゲーム・玩具,据置型ゲーム機,41886,店舗,名古屋栄店,C00576,山崎,男,41,埼玉県,2022-01-06,2,327982,Regular,False,
PR0001587,2024-07-25,PC・タブレット,ワークステーション,188131,店舗,池袋店,C00577,小川,男,27,北海道,2022-02-05,4,339812,Loyal,False,
PR0001589,2024-12-07,ゲーム・玩具,携帯ゲーム機,20339,EC,,C00577,小川,男,27,北海道,2022-02-05,4,339812,Loyal,False,
PR0001590,2024-05-12,スマートフォン,ハイエンド 1TB,113733,店舗,横浜駅前店,C00577,小川,男,27,北海道,2022-02-05,4,339812,Loyal,True,
PR0001588,2025-11-11,美容家電・小物,ヘアアイロン,17609,店舗,渋谷店,C00577,小川,男,27,北海道,2022-02-05,4,339812,Loyal,False,
PR0001593,2024-04-02,テレビ,4K テレビ 65型,371669,EC,,C00578,池田,女,61,千葉県,2023-07-19,3,481608,Loyal,True,
PR0001592,2025-05-26,洗濯機,コンパクト洗濯機,99271,EC,,C00578,池田,女,61,千葉県,2023-07-19,3,481608,Loyal,False,
PR0001591,2025-09-17,美容家電・小物,ドライヤー,10668,店舗,秋葉原店,C00578,池田,女,61,千葉県,2023-07-19,3,481608,Loyal,False,
PR0001594,2023-03-08,PC・タブレット,ノートPC 13型,265081,EC,,C00579,斎藤,女,22,宮城県,2021-04-02,1,265081,Inactive,True,
PR0001596,2024-12-18,スマートフォン,ミドルレンジ機種,59766,EC,,C00580,橋本,女,64,千葉県,2024-12-14,2,95977,Regular,True,
PR0001595,2025-02-18,美容家電・小物,電動歯ブラシ,36211,EC,,C00580,橋本,女,64,千葉県,2024-12-14,2,95977,Regular,False,
PR0001598,2026-02-10,エアコン,業務用エアコン,319682,店舗,横浜駅前店,C00581,山口,男,42,千葉県,2025-06-30,2,393338,Regular,False,
PR0001597,2025-10-02,スマートフォン,コンパクトモデル,73656,店舗,新宿店,C00581,山口,男,42,千葉県,2025-06-30,2,393338,Regular,True,
PR0001600,2021-10-31,エアコン,業務用エアコン,118423,店舗,新宿店,C00583,小川,女,49,広島県,2021-05-04,3,373374,Loyal,True,
PR0001601,2023-05-14,オーディオ,サウンドバー,181768,店舗,渋谷店,C00583,小川,女,49,広島県,2021-05-04,3,373374,Loyal,False,
PR0001599,2026-01-18,スマートフォン,コンパクトモデル,73183,店舗,名古屋栄店,C00583,小川,女,49,広島県,2021-05-04,3,373374,Loyal,False,
PR0001603,2025-04-20,エアコン,エアコン 10畳用,102819,EC,,C00584,山口,女,63,広島県,2024-02-14,2,435768,Regular,False,
PR0001602,2024-09-27,テレビ,プロジェクター,332949,店舗,横浜駅前店,C00584,山口,女,63,広島県,2024-02-14,2,435768,Regular,True,
PR0001605,2024-05-19,カメラ・ビデオ,ミラーレス一眼,71056,店舗,池袋店,C00585,小林,男,22,兵庫県,2024-03-19,2,184523,Regular,False,
PR0001604,2024-04-07,スマートフォン,ミドルレンジ機種,113467,EC,,C00585,小林,男,22,兵庫県,2024-03-19,2,184523,Regular,True,
PR0001606,2023-11-04,スマートフォン,最新スマホ 256GB,197559,EC,,C00586,橋本,女,51,京都府,2023-09-03,1,197559,Inactive,True,
PR0001608,2024-12-12,スマートフォン,ハイエンド 1TB,58620,EC,,C00587,山田,女,51,愛知県,2023-12-09,4,822176,Loyal,False,
PR0001607,2024-05-27,テレビ,有機EL 75型,307104,EC,,C00587,山田,女,51,愛知県,2023-12-09,4,822176,Loyal,True,
PR0001610,2025-08-02,冷蔵庫,冷蔵庫 400L,415550,EC,,C00587,山田,女,51,愛知県,2023-12-09,4,822176,Loyal,False,
PR0001609,2026-01-03,美容家電・小物,ヘアアイロン,40902,EC,,C00587,山田,女,51,愛知県,2023-12-09,4,822176,Loyal,False,
PR0001611,2026-03-09,PC・タブレット,ノートPC 15型,241780,店舗,天王寺店,C00588,林,女,56,埼玉県,2025-12-08,2,316941,Regular,False,
PR0001612,2026-02-12,美容家電・小物,マッサージガン,75161,店舗,大阪梅田店,C00588,林,女,56,埼玉県,2025-12-08,2,316941,Regular,True,
PR0001613,2025-12-08,美容家電・小物,マッサージガン,26349,EC,,C00589,森,女,42,京都府,2024-03-08,1,26349,Light,True,
PR0001616,2026-01-27,スマートフォン,Pro モデル 512GB,143850,EC,,C00590,高橋,男,38,埼玉県,2025-05-23,3,400545,Loyal,False,
PR0001615,2025-06-04,テレビ,4K テレビ 50型,234848,店舗,横浜駅前店,C00590,高橋,男,38,埼玉県,2025-05-23,3,400545,Loyal,True,
PR0001614,2025-12-28,美容家電・小物,マッサージガン,21847,EC,,C00590,高橋,男,38,埼玉県,2025-05-23,3,400545,Loyal,False,
PR0001619,2025-09-12,カメラ・ビデオ,ミラーレス一眼,265768,EC,,C00591,中村,男,50,北海道,2025-01-13,3,703962,Loyal,True,
PR0001618,2026-01-28,スマートフォン,ミドルレンジ機種,97258,EC,,C00591,中村,男,50,北海道,2025-01-13,3,703962,Loyal,False,
PR0001617,2025-12-30,テレビ,4K テレビ 65型,340936,EC,,C00591,中村,男,50,北海道,2025-01-13,3,703962,Loyal,False,
PR0001620,2022-09-26,美容家電・小物,マッサージガン,39686,店舗,天王寺店,C00592,加藤,男,64,京都府,2022-02-28,2,96357,Regular,True,
PR0001621,2025-04-24,美容家電・小物,ドライヤー,56671,店舗,天王寺店,C00592,加藤,男,64,京都府,2022-02-28,2,96357,Regular,False,941
PR0001622,2025-02-17,スマートフォン,コンパクトモデル,90178,EC,,C00593,石井,女,42,広島県,2024-11-08,2,131715,Regular,True,
PR0001623,2025-08-02,美容家電・小物,美顔器,41537,店舗,福岡天神店,C00593,石井,女,42,広島県,2024-11-08,2,131715,Regular,False,
PR0001624,2025-03-29,冷蔵庫,フレンチドア 700L,496582,EC,,C00594,森,女,47,千葉県,2024-08-05,2,533175,Regular,True,
PR0001625,2025-10-03,美容家電・小物,マッサージガン,36593,EC,,C00594,森,女,47,千葉県,2024-08-05,2,533175,Regular,False,
PR0001626,2022-05-16,冷蔵庫,フレンチドア 700L,169506,店舗,渋谷店,C00595,石川,男,50,福岡県,2022-01-17,1,169506,Inactive,True,
PR0001628,2025-11-29,テレビ,4K テレビ 65型,83270,店舗,名古屋栄店,C00596,松本,男,30,埼玉県,2025-04-08,2,107905,Regular,False,
PR0001627,2025-05-03,美容家電・小物,ヘアアイロン,24635,店舗,名古屋栄店,C00596,松本,男,30,埼玉県,2025-04-08,2,107905,Regular,True,
PR0001629,2025-04-03,スマートフォン,スタンダード 128GB,185674,店舗,新宿店,C00597,伊藤,男,51,埼玉県,2023-10-31,1,185674,Light,True,
PR0001630,2021-06-19,テレビ,スマートテレビ 43型,337937,EC,,C00598,山田,女,34,京都府,2021-06-18,1,337937,Inactive,True,
PR0001632,2025-06-05,エアコン,エアコン 18畳用,176838,EC,,C00599,山下,男,40,愛知県,2025-04-21,4,863694,Loyal,True,
PR0001631,2026-02-23,ゲーム・玩具,ボードゲーム,13384,店舗,大阪梅田店,C00599,山下,男,40,愛知県,2025-04-21,4,863694,Loyal,False,
PR0001634,2025-09-17,スマートフォン,ハイエンド 1TB,198837,EC,,C00599,山下,男,40,愛知県,2025-04-21,4,863694,Loyal,False,
PR0001633,2025-07-13,テレビ,4K テレビ 50型,474635,EC,,C00599,山下,男,40,愛知県,2025-04-21,4,863694,Loyal,False,
PR0001635,2026-01-12,スマートフォン,ミドルレンジ機種,69280,店舗,札幌駅前店,C00600,前田,男,66,広島県,2025-12-15,3,399217,Loyal,False,
PR0001636,2026-01-26,冷蔵庫,コンパクト冷蔵庫,132101,店舗,渋谷店,C00600,前田,男,66,広島県,2025-12-15,3,399217,Loyal,False,
PR0001637,2025-12-24,洗濯機,全自動 8kg,197836,EC,,C00600,前田,男,66,広島県,2025-12-15,3,399217,Loyal,True,
PR0001638,2025-11-07,テレビ,有機EL 75型,383870,店舗,新宿店,C00601,前田,女,58,大阪府,2025-08-17,3,817311,Loyal,True,
PR0001639,2025-11-29,冷蔵庫,冷蔵庫 500L,381892,店舗,札幌駅前店,C00601,前田,女,58,大阪府,2025-08-17,3,817311,Loyal,False,
PR0001640,2026-01-08,美容家電・小物,マッサージガン,51549,店舗,渋谷店,C00601,前田,女,58,大阪府,2025-08-17,3,817311,Loyal,False,
PR0001641,2024-01-07,テレビ,4K テレビ 65型,152002,EC,,C00602,近藤,女,53,北海道,2022-01-22,1,152002,Inactive,True,
PR0001642,2025-04-28,エアコン,エアコン 6畳用,81387,EC,,C00603,後藤,女,51,福岡県,2021-07-29,5,681648,VIP,False,
PR0001643,2023-04-07,スマートフォン,最新スマホ 256GB,83236,EC,,C00603,後藤,女,51,福岡県,2021-07-29,5,681648,VIP,True,
PR0001644,2025-08-07,スマートフォン,スタンダード 128GB,151096,店舗,秋葉原店,C00603,後藤,女,51,福岡県,2021-07-29,5,681648,VIP,False,853
PR0001646,2024-10-12,テレビ,有機EL 75型,338105,店舗,福岡天神店,C00603,後藤,女,51,福岡県,2021-07-29,5,681648,VIP,False,
PR0001645,2025-06-06,美容家電・小物,電気シェーバー,27824,店舗,池袋店,C00603,後藤,女,51,福岡県,2021-07-29,5,681648,VIP,False,
PR0001650,2025-08-07,エアコン,エアコン 10畳用,323450,EC,,C00604,青木,女,75,神奈川県,2024-11-13,4,831163,Loyal,True,
PR0001647,2025-08-19,スマートフォン,ミドルレンジ機種,186991,店舗,池袋店,C00604,青木,女,75,神奈川県,2024-11-13,4,831163,Loyal,False,
PR0001649,2025-08-14,テレビ,4K テレビ 65型,191148,店舗,福岡天神店,C00604,青木,女,75,神奈川県,2024-11-13,4,831163,Loyal,False,
PR0001648,2026-03-20,冷蔵庫,冷蔵庫 400L,129574,店舗,秋葉原店,C00604,青木,女,75,神奈川県,2024-11-13,4,831163,Loyal,False,
PR0001653,2025-06-08,オーディオ,Bluetoothスピーカー,44345,EC,,C00605,長谷川,男,71,京都府,2024-03-23,3,331067,Loyal,False,
PR0001651,2024-08-06,冷蔵庫,フレンチドア 700L,249551,店舗,池袋店,C00605,長谷川,男,71,京都府,2024-03-23,3,331067,Loyal,False,
PR0001652,2024-06-12,美容家電・小物,マッサージガン,37171,店舗,池袋店,C00605,長谷川,男,71,京都府,2024-03-23,3,331067,Loyal,True,
PR0001654,2025-10-30,エアコン,エアコン 10畳用,329508,EC,,C00606,長谷川,男,53,東京都,2023-01-01,3,743933,Loyal,False,
PR0001655,2023-08-12,カメラ・ビデオ,ビデオカメラ,149559,EC,,C00606,長谷川,男,53,東京都,2023-01-01,3,743933,Loyal,True,
PR0001656,2025-01-20,洗濯機,全自動 8kg,264866,店舗,天王寺店,C00606,長谷川,男,53,東京都,2023-01-01,3,743933,Loyal,False,
PR0001658,2025-10-03,スマートフォン,スタンダード 128GB,184555,EC,,C00607,山崎,女,45,兵庫県,2025-03-08,2,357137,Regular,True,
PR0001657,2025-11-07,テレビ,4K テレビ 50型,172582,EC,,C00607,山崎,女,45,兵庫県,2025-03-08,2,357137,Regular,False,
PR0001659,2024-03-31,PC・タブレット,2-in-1 PC,327408,EC,,C00608,長谷川,男,45,広島県,2024-03-05,3,749577,Loyal,True,
PR0001660,2025-11-07,オーディオ,サウンドバー,171778,EC,,C00608,長谷川,男,45,広島県,2024-03-05,3,749577,Loyal,False,
PR0001661,2025-11-25,洗濯機,縦型洗濯機,250391,店舗,名古屋栄店,C00608,長谷川,男,45,広島県,2024-03-05,3,749577,Loyal,False,
PR0001662,2024-12-29,ゲーム・玩具,据置型ゲーム機,74005,店舗,秋葉原店,C00609,小川,男,35,京都府,2024-08-27,1,74005,Light,True,
PR0001664,2025-03-12,PC・タブレット,ワークステーション,347134,店舗,天王寺店,C00610,前田,男,22,宮城県,2024-03-02,3,997982,Loyal,False,
PR0001663,2024-04-19,スマートフォン,コンパクトモデル,171856,店舗,秋葉原店,C00610,前田,男,22,宮城県,2024-03-02,3,997982,Loyal,True,
PR0001665,2026-01-02,テレビ,4K テレビ 50型,478992,店舗,横浜駅前店,C00610,前田,男,22,宮城県,2024-03-02,3,997982,Loyal,False,
PR0001670,2024-11-05,オーディオ,ワイヤレスイヤホン,80454,EC,,C00611,佐々木,女,66,愛知県,2023-01-07,5,890135,VIP,False,
PR0001666,2023-02-10,カメラ・ビデオ,コンパクトデジカメ,195135,EC,,C00611,佐々木,女,66,愛知県,2023-01-07,5,890135,VIP,True,
PR0001668,2023-08-13,テレビ,4K テレビ 65型,377221,EC,,C00611,佐々木,女,66,愛知県,2023-01-07,5,890135,VIP,False,
PR0001667,2025-07-22,洗濯機,ドラム式洗濯機,195190,EC,,C00611,佐々木,女,66,愛知県,2023-01-07,5,890135,VIP,False,
PR0001669,2024-03-06,美容家電・小物,美顔器,42135,EC,,C00611,佐々木,女,66,愛知県,2023-01-07,5,890135,VIP,False,
PR0001671,2025-12-30,PC・タブレット,ワークステーション,271770,店舗,渋谷店,C00612,加藤,男,22,神奈川県,2025-07-10,2,314146,Regular,False,
PR0001672,2025-08-07,美容家電・小物,電動歯ブラシ,42376,店舗,渋谷店,C00612,加藤,男,22,神奈川県,2025-07-10,2,314146,Regular,True,
PR0001673,2025-03-30,PC・タブレット,ゲーミングPC,349281,EC,,C00614,伊藤,女,44,東京都,2024-04-04,8,1912896,VIP,False,
PR0001678,2026-01-10,オーディオ,ターンテーブル,170014,店舗,札幌駅前店,C00614,伊藤,女,44,東京都,2024-04-04,8,1912896,VIP,False,
PR0001674,2024-06-07,カメラ・ビデオ,コンパクトデジカメ,171870,EC,,C00614,伊藤,女,44,東京都,2024-04-04,8,1912896,VIP,True,
PR0001676,2024-06-17,ゲーム・玩具,ゲームソフト,27883,EC,,C00614,伊藤,女,44,東京都,2024-04-04,8,1912896,VIP,False,
PR0001677,2025-12-06,スマートフォン,スタンダード 128GB,196363,EC,,C00614,伊藤,女,44,東京都,2024-04-04,8,1912896,VIP,False,
PR0001679,2025-01-22,テレビ,プロジェクター,485837,EC,,C00614,伊藤,女,44,東京都,2024-04-04,8,1912896,VIP,False,
PR0001680,2025-08-23,冷蔵庫,コンパクト冷蔵庫,499181,EC,,C00614,伊藤,女,44,東京都,2024-04-04,8,1912896,VIP,False,
PR0001675,2024-08-18,美容家電・小物,ヘアアイロン,12467,EC,,C00614,伊藤,女,44,東京都,2024-04-04,8,1912896,VIP,False,
PR0001681,2022-09-26,スマートフォン,スタンダード 128GB,117253,EC,,C00615,松本,女,45,埼玉県,2022-03-11,3,318302,Loyal,True,
PR0001682,2024-11-23,スマートフォン,スタンダード 128GB,179254,店舗,横浜駅前店,C00615,松本,女,45,埼玉県,2022-03-11,3,318302,Loyal,False,789
PR0001683,2025-07-02,美容家電・小物,電気シェーバー,21795,EC,,C00615,松本,女,45,埼玉県,2022-03-11,3,318302,Loyal,False,
PR0001684,2026-02-13,美容家電・小物,マッサージガン,16992,店舗,池袋店,C00616,伊藤,男,55,北海道,2025-12-30,1,16992,Light,True,
PR0001687,2022-12-15,PC・タブレット,ワークステーション,237158,店舗,池袋店,C00617,清水,女,23,大阪府,2021-06-14,3,455281,Loyal,True,
PR0001686,2025-05-21,エアコン,業務用エアコン,86112,店舗,札幌駅前店,C00617,清水,女,23,大阪府,2021-06-14,3,455281,Loyal,False,
PR0001685,2025-02-28,スマートフォン,スタンダード 128GB,132011,店舗,福岡天神店,C00617,清水,女,23,大阪府,2021-06-14,3,455281,Loyal,False,
PR0001688,2025-07-13,ゲーム・玩具,コントローラ,17734,EC,,C00618,藤田,男,42,京都府,2022-09-09,1,17734,Light,True,
PR0001689,2025-03-09,オーディオ,ターンテーブル,113283,EC,,C00619,青木,女,40,宮城県,2021-12-01,1,113283,Light,True,
PR0001690,2024-02-15,美容家電・小物,マッサージガン,17632,EC,,C00620,近藤,女,44,千葉県,2023-12-28,1,17632,Inactive,True,
PR0001691,2026-01-20,スマートフォン,最新スマホ 256GB,76136,店舗,渋谷店,C00621,石川,女,36,京都府,2025-01-01,2,286667,Regular,False,
PR0001692,2025-10-04,テレビ,スマートテレビ 43型,210531,店舗,池袋店,C00621,石川,女,36,京都府,2025-01-01,2,286667,Regular,True,
PR0001694,2024-12-05,エアコン,エアコン 10畳用,297649,EC,,C00622,斎藤,男,34,福岡県,2024-10-09,2,404858,Regular,True,
PR0001693,2025-06-12,スマートフォン,Pro モデル 512GB,107209,EC,,C00622,斎藤,男,34,福岡県,2024-10-09,2,404858,Regular,False,
PR0001697,2024-02-07,スマートフォン,スタンダード 128GB,194303,店舗,新宿店,C00623,石川,男,75,埼玉県,2023-12-02,3,615985,Loyal,True,
PR0001696,2024-03-30,テレビ,4K テレビ 65型,279511,店舗,秋葉原店,C00623,石川,男,75,埼玉県,2023-12-02,3,615985,Loyal,False,
PR0001695,2025-09-12,冷蔵庫,冷蔵庫 500L,142171,店舗,福岡天神店,C00623,石川,男,75,埼玉県,2023-12-02,3,615985,Loyal,False,
PR0001700,2025-05-27,PC・タブレット,タブレット 10型,273531,店舗,福岡天神店,C00624,山下,女,42,東京都,2023-11-06,5,787833,VIP,False,
PR0001698,2025-10-18,オーディオ,サウンドバー,184689,店舗,池袋店,C00624,山下,女,42,東京都,2023-11-06,5,787833,VIP,False,
PR0001701,2025-04-10,スマートフォン,スタンダード 128GB,42724,店舗,天王寺店,C00624,山下,女,42,東京都,2023-11-06,5,787833,VIP,True,
PR0001702,2026-02-17,テレビ,有機EL 75型,243219,店舗,池袋店,C00624,山下,女,42,東京都,2023-11-06,5,787833,VIP,False,
PR0001699,2025-07-03,美容家電・小物,マッサージガン,43670,店舗,福岡天神店,C00624,山下,女,42,東京都,2023-11-06,5,787833,VIP,False,
PR0001704,2024-09-11,PC・タブレット,ノートPC 13型,247827,店舗,福岡天神店,C00625,小林,男,49,愛知県,2024-06-23,2,445629,Regular,True,
PR0001703,2026-03-13,カメラ・ビデオ,交換レンズ,197802,店舗,新宿店,C00625,小林,男,49,愛知県,2024-06-23,2,445629,Regular,False,
PR0001707,2023-02-25,PC・タブレット,ワークステーション,307716,EC,,C00626,山本,女,39,埼玉県,2022-12-06,3,571769,Loyal,True,
PR0001706,2024-02-18,スマートフォン,ハイエンド 1TB,191992,EC,,C00626,山本,女,39,埼玉県,2022-12-06,3,571769,Loyal,False,
PR0001705,2024-07-12,美容家電・小物,マッサージガン,72061,EC,,C00626,山本,女,39,埼玉県,2022-12-06,3,571769,Loyal,False,
PR0001708,2025-02-14,PC・タブレット,2-in-1 PC,322267,店舗,池袋店,C00627,清水,女,34,宮城県,2024-11-24,2,504133,Regular,True,
PR0001709,2026-03-30,カメラ・ビデオ,コンパクトデジカメ,181866,店舗,天王寺店,C00627,清水,女,34,宮城県,2024-11-24,2,504133,Regular,False,
PR0001711,2025-05-13,PC・タブレット,タブレット 10型,149219,店舗,名古屋栄店,C00628,山下,女,58,大阪府,2024-01-03,2,485965,Regular,False,
PR0001710,2024-06-19,エアコン,エアコン 14畳用,336746,店舗,新宿店,C00628,山下,女,58,大阪府,2024-01-03,2,485965,Regular,True,
PR0001713,2025-10-19,テレビ,有機EL 75型,224705,店舗,名古屋栄店,C00629,石川,女,33,愛知県,2025-08-20,2,474210,Regular,False,
PR0001712,2025-09-27,洗濯機,縦型洗濯機,249505,店舗,名古屋栄店,C00629,石川,女,33,愛知県,2025-08-20,2,474210,Regular,True,
PR0001714,2025-12-31,テレビ,プロジェクター,119194,店舗,福岡天神店,C00630,橋本,男,38,神奈川県,2023-09-18,3,570107,Loyal,False,
PR0001715,2024-04-16,冷蔵庫,フレンチドア 700L,158914,EC,,C00630,橋本,男,38,神奈川県,2023-09-18,3,570107,Loyal,True,
PR0001716,2024-09-29,洗濯機,縦型洗濯機,291999,EC,,C00630,橋本,男,38,神奈川県,2023-09-18,3,570107,Loyal,False,
PR0001718,2025-06-30,洗濯機,乾燥機能付き 10kg,238572,店舗,札幌駅前店,C00631,田中,女,75,兵庫県,2021-04-18,2,281351,Regular,False,
PR0001717,2023-06-29,美容家電・小物,電動歯ブラシ,42779,店舗,秋葉原店,C00631,田中,女,75,兵庫県,2021-04-18,2,281351,Regular,True,
PR0001719,2025-01-17,洗濯機,ドラム式洗濯機,265268,店舗,名古屋栄店,C00632,高橋,女,60,兵庫県,2024-10-15,1,265268,Light,True,
PR0001721,2025-10-19,エアコン,エアコン 6畳用,363900,EC,,C00633,伊藤,男,72,福岡県,2025-09-17,3,642124,Loyal,True,
PR0001720,2025-10-29,スマートフォン,スタンダード 128GB,164524,店舗,大阪梅田店,C00633,伊藤,男,72,福岡県,2025-09-17,3,642124,Loyal,False,
PR0001722,2025-10-23,洗濯機,全自動 8kg,113700,EC,,C00633,伊藤,男,72,福岡県,2025-09-17,3,642124,Loyal,False,
PR0001724,2024-10-17,エアコン,エアコン 18畳用,344420,店舗,池袋店,C00634,斎藤,女,68,千葉県,2023-03-14,2,558932,Regular,False,
PR0001723,2024-08-02,洗濯機,全自動 8kg,214512,店舗,名古屋栄店,C00634,斎藤,女,68,千葉県,2023-03-14,2,558932,Regular,True,
PR0001725,2022-05-18,ゲーム・玩具,コントローラ,18689,店舗,横浜駅前店,C00635,岡田,男,46,福岡県,2021-09-17,4,289434,Loyal,False,
PR0001726,2023-03-23,洗濯機,コンパクト洗濯機,190783,EC,,C00635,岡田,男,46,福岡県,2021-09-17,4,289434,Loyal,False,
PR0001727,2021-12-05,美容家電・小物,ヘアアイロン,30202,EC,,C00635,岡田,男,46,福岡県,2021-09-17,4,289434,Loyal,True,
PR0001728,2025-03-19,美容家電・小物,美顔器,49760,EC,,C00635,岡田,男,46,福岡県,2021-09-17,4,289434,Loyal,False,1200
PR0001730,2023-04-27,PC・タブレット,ワークステーション,128505,EC,,C00636,林,男,42,東京都,2022-05-24,2,251249,Regular,True,
PR0001729,2026-03-02,オーディオ,ヘッドホン,122744,EC,,C00636,林,男,42,東京都,2022-05-24,2,251249,Regular,False,
PR0001732,2026-01-22,エアコン,エアコン 18畳用,362450,店舗,名古屋栄店,C00637,山田,男,68,兵庫県,2025-06-14,2,409677,Regular,False,
PR0001731,2025-08-25,スマートフォン,ミドルレンジ機種,47227,店舗,札幌駅前店,C00637,山田,男,68,兵庫県,2025-06-14,2,409677,Regular,True,
PR0001733,2023-01-15,PC・タブレット,ワークステーション,243985,EC,,C00638,山田,男,52,東京都,2021-11-03,2,301380,Regular,True,
PR0001734,2024-05-17,スマートフォン,ミドルレンジ機種,57395,EC,,C00638,山田,男,52,東京都,2021-11-03,2,301380,Regular,False,
PR0001737,2025-12-20,PC・タブレット,タブレット 10型,283889,店舗,横浜駅前店,C00639,伊藤,男,48,神奈川県,2024-01-06,5,963969,VIP,False,
PR0001735,2024-11-12,カメラ・ビデオ,ミラーレス一眼,114475,店舗,名古屋栄店,C00639,伊藤,男,48,神奈川県,2024-01-06,5,963969,VIP,True,
PR0001739,2024-12-11,スマートフォン,コンパクトモデル,173907,店舗,新宿店,C00639,伊藤,男,48,神奈川県,2024-01-06,5,963969,VIP,False,
PR0001738,2025-05-15,テレビ,4K テレビ 65型,329740,店舗,渋谷店,C00639,伊藤,男,48,神奈川県,2024-01-06,5,963969,VIP,False,
PR0001736,2025-07-28,美容家電・小物,ドライヤー,61958,EC,,C00639,伊藤,男,48,神奈川県,2024-01-06,5,963969,VIP,False,
PR0001740,2024-12-04,エアコン,業務用エアコン,131144,店舗,横浜駅前店,C00641,佐藤,男,32,宮城県,2022-03-16,2,281018,Regular,False,
PR0001741,2024-10-20,スマートフォン,ミドルレンジ機種,149874,店舗,大阪梅田店,C00641,佐藤,男,32,宮城県,2022-03-16,2,281018,Regular,True,
PR0001742,2024-12-20,PC・タブレット,ノートPC 15型,96739,店舗,横浜駅前店,C00642,林,男,33,北海道,2023-07-26,2,360356,Regular,True,
PR0001743,2026-02-19,テレビ,プロジェクター,263617,店舗,天王寺店,C00642,林,男,33,北海道,2023-07-26,2,360356,Regular,False,
PR0001744,2025-04-28,PC・タブレット,ノートPC 13型,180286,店舗,大阪梅田店,C00643,斎藤,男,63,愛知県,2021-04-01,3,357973,Loyal,False,
PR0001746,2025-07-19,カメラ・ビデオ,コンパクトデジカメ,45862,店舗,名古屋栄店,C00643,斎藤,男,63,愛知県,2021-04-01,3,357973,Loyal,False,
PR0001745,2024-11-21,スマートフォン,ハイエンド 1TB,131825,店舗,大阪梅田店,C00643,斎藤,男,63,愛知県,2021-04-01,3,357973,Loyal,True,
PR0001749,2024-03-23,スマートフォン,Pro モデル 512GB,166238,EC,,C00644,中島,男,22,福岡県,2022-11-09,3,673608,Loyal,True,
PR0001748,2024-11-09,冷蔵庫,コンパクト冷蔵庫,441031,EC,,C00644,中島,男,22,福岡県,2022-11-09,3,673608,Loyal,False,
PR0001747,2025-04-22,美容家電・小物,美顔器,66339,店舗,渋谷店,C00644,中島,男,22,福岡県,2022-11-09,3,673608,Loyal,False,
PR0001751,2025-09-16,オーディオ,ワイヤレスイヤホン,192503,EC,,C00645,後藤,男,24,広島県,2022-01-02,3,283001,Loyal,False,
PR0001750,2022-10-09,ゲーム・玩具,VR ゴーグル,55984,店舗,天王寺店,C00645,後藤,男,24,広島県,2022-01-02,3,283001,Loyal,True,
PR0001752,2026-01-20,美容家電・小物,ヘアアイロン,34514,EC,,C00645,後藤,男,24,広島県,2022-01-02,3,283001,Loyal,False,
PR0001753,2023-11-08,PC・タブレット,タブレット 10型,298035,店舗,渋谷店,C00646,阿部,女,52,宮城県,2022-03-18,1,298035,Inactive,True,
PR0001754,2022-07-26,PC・タブレット,2-in-1 PC,178039,店舗,横浜駅前店,C00647,小林,男,55,千葉県,2021-04-07,1,178039,Inactive,True,
PR0001755,2025-03-04,テレビ,プロジェクター,386402,店舗,池袋店,C00648,池田,女,43,京都府,2024-10-19,1,386402,Light,True,
PR0001756,2026-03-24,PC・タブレット,ノートPC 15型,106112,EC,,C00649,山下,男,46,広島県,2023-04-26,3,260682,Loyal,False,
PR0001758,2025-10-03,オーディオ,Bluetoothスピーカー,91071,店舗,横浜駅前店,C00649,山下,男,46,広島県,2023-04-26,3,260682,Loyal,True,
PR0001757,2026-02-13,スマートフォン,最新スマホ 256GB,63499,店舗,秋葉原店,C00649,山下,男,46,広島県,2023-04-26,3,260682,Loyal,False,
PR0001759,2023-05-22,ゲーム・玩具,据置型ゲーム機,24369,店舗,秋葉原店,C00650,石井,女,33,北海道,2021-05-09,2,124907,Inactive,False,
PR0001760,2023-02-02,洗濯機,縦型洗濯機,100538,店舗,池袋店,C00650,石井,女,33,北海道,2021-05-09,2,124907,Inactive,True,
PR0001762,2023-03-27,エアコン,エアコン 10畳用,338758,EC,,C00651,小林,男,37,広島県,2021-06-17,3,665649,Loyal,True,
PR0001761,2024-01-29,カメラ・ビデオ,コンパクトデジカメ,287857,EC,,C00651,小林,男,37,広島県,2021-06-17,3,665649,Loyal,False,
PR0001763,2025-06-28,ゲーム・玩具,ボードゲーム,39034,店舗,秋葉原店,C00651,小林,男,37,広島県,2021-06-17,3,665649,Loyal,False,
PR0001764,2026-02-08,PC・タブレット,ノートPC 13型,68609,店舗,福岡天神店,C00652,渡辺,男,54,福岡県,2025-04-28,5,719258,VIP,False,
PR0001768,2025-11-09,ゲーム・玩具,VR ゴーグル,64854,店舗,横浜駅前店,C00652,渡辺,男,54,福岡県,2025-04-28,5,719258,VIP,False,
PR0001765,2025-08-09,スマートフォン,Pro モデル 512GB,174309,店舗,福岡天神店,C00652,渡辺,男,54,福岡県,2025-04-28,5,719258,VIP,True,
PR0001766,2026-03-23,冷蔵庫,冷蔵庫 500L,272580,店舗,名古屋栄店,C00652,渡辺,男,54,福岡県,2025-04-28,5,719258,VIP,False,
PR0001767,2026-03-13,洗濯機,全自動 8kg,138906,店舗,新宿店,C00652,渡辺,男,54,福岡県,2025-04-28,5,719258,VIP,False,
PR0001769,2024-10-30,カメラ・ビデオ,コンパクトデジカメ,277934,店舗,札幌駅前店,C00653,石川,男,49,北海道,2023-10-29,2,322194,Regular,False,
PR0001770,2024-05-21,美容家電・小物,ドライヤー,44260,店舗,名古屋栄店,C00653,石川,男,49,北海道,2023-10-29,2,322194,Regular,True,
PR0001771,2025-09-20,PC・タブレット,2-in-1 PC,302205,店舗,札幌駅前店,C00654,林,女,46,神奈川県,2025-05-17,4,1145196,Loyal,True,
PR0001773,2026-01-02,テレビ,有機EL 55型,318870,店舗,新宿店,C00654,林,女,46,神奈川県,2025-05-17,4,1145196,Loyal,False,
PR0001772,2025-12-19,冷蔵庫,冷蔵庫 500L,476835,店舗,大阪梅田店,C00654,林,女,46,神奈川県,2025-05-17,4,1145196,Loyal,False,
PR0001774,2026-02-22,美容家電・小物,電気シェーバー,47286,店舗,横浜駅前店,C00654,林,女,46,神奈川県,2025-05-17,4,1145196,Loyal,False,
PR0001776,2025-03-29,スマートフォン,コンパクトモデル,135196,EC,,C00655,林,男,55,広島県,2024-06-24,2,200209,Regular,False,
PR0001775,2025-02-09,美容家電・小物,電気シェーバー,65013,EC,,C00655,林,男,55,広島県,2024-06-24,2,200209,Regular,True,
PR0001777,2025-07-11,スマートフォン,スタンダード 128GB,197353,店舗,秋葉原店,C00658,伊藤,女,47,神奈川県,2024-09-23,1,197353,Light,True,
PR0001778,2023-09-29,スマートフォン,Pro モデル 512GB,72076,店舗,大阪梅田店,C00659,山本,男,38,広島県,2023-06-24,3,154222,Regular,True,
PR0001779,2025-10-15,テレビ,4K テレビ 65型,60035,EC,,C00659,山本,男,38,広島県,2023-06-24,3,154222,Regular,False,
PR0001780,2025-01-09,美容家電・小物,ヘアアイロン,22111,EC,,C00659,山本,男,38,広島県,2023-06-24,3,154222,Regular,False,
PR0001781,2024-10-19,スマートフォン,スタンダード 128GB,51740,店舗,大阪梅田店,C00660,鈴木,女,50,宮城県,2024-08-11,1,51740,Light,True,
PR0001782,2026-01-21,エアコン,エアコン 14畳用,203620,EC,,C00661,坂本,女,44,埼玉県,2025-12-05,3,797769,Loyal,False,
PR0001784,2026-02-24,スマートフォン,スタンダード 128GB,102569,店舗,名古屋栄店,C00661,坂本,女,44,埼玉県,2025-12-05,3,797769,Loyal,False,
PR0001783,2025-12-19,冷蔵庫,フレンチドア 700L,491580,EC,,C00661,坂本,女,44,埼玉県,2025-12-05,3,797769,Loyal,True,
PR0001785,2024-10-21,PC・タブレット,ゲーミングPC,235011,店舗,大阪梅田店,C00662,石井,女,37,広島県,2023-05-07,3,461741,Loyal,False,
PR0001787,2025-07-16,洗濯機,コンパクト洗濯機,167122,店舗,天王寺店,C00662,石井,女,37,広島県,2023-05-07,3,461741,Loyal,False,
PR0001786,2023-07-20,美容家電・小物,電動歯ブラシ,59608,EC,,C00662,石井,女,37,広島県,2023-05-07,3,461741,Loyal,True,
PR0001788,2025-06-03,エアコン,エアコン 10畳用,392228,店舗,秋葉原店,C00663,藤田,女,69,東京都,2022-12-08,1,392228,Light,True,
PR0001791,2024-05-04,PC・タブレット,2-in-1 PC,61388,EC,,C00664,藤田,男,46,宮城県,2022-12-10,3,154322,Regular,False,
PR0001789,2025-10-11,オーディオ,ワイヤレスイヤホン,65125,EC,,C00664,藤田,男,46,宮城県,2022-12-10,3,154322,Regular,False,
PR0001790,2023-07-06,美容家電・小物,ヘアアイロン,27809,EC,,C00664,藤田,男,46,宮城県,2022-12-10,3,154322,Regular,True,
PR0001792,2024-07-23,美容家電・小物,電動歯ブラシ,40126,店舗,渋谷店,C00665,小川,男,22,大阪府,2022-02-20,1,40126,Light,True,
PR0001793,2025-10-05,PC・タブレット,ワークステーション,287409,店舗,池袋店,C00666,木村,男,45,兵庫県,2025-05-01,3,586113,Loyal,False,
PR0001794,2025-08-22,スマートフォン,ハイエンド 1TB,61045,EC,,C00666,木村,男,45,兵庫県,2025-05-01,3,586113,Loyal,True,
PR0001795,2025-11-15,洗濯機,全自動 8kg,237659,店舗,福岡天神店,C00666,木村,男,45,兵庫県,2025-05-01,3,586113,Loyal,False,
PR0001797,2024-02-29,PC・タブレット,タブレット 10型,318486,EC,,C00667,森,女,45,大阪府,2023-06-07,3,866143,Loyal,False,
PR0001796,2023-06-17,テレビ,有機EL 55型,388721,EC,,C00667,森,女,45,大阪府,2023-06-07,3,866143,Loyal,True,
PR0001798,2024-08-21,洗濯機,縦型洗濯機,158936,EC,,C00667,森,女,45,大阪府,2023-06-07,3,866143,Loyal,False,
PR0001799,2025-11-06,エアコン,エアコン 10畳用,205921,店舗,大阪梅田店,C00668,青木,女,56,広島県,2025-07-08,2,408156,Regular,False,
PR0001800,2025-08-22,カメラ・ビデオ,ミラーレス一眼,202235,店舗,札幌駅前店,C00668,青木,女,56,広島県,2025-07-08,2,408156,Regular,True,
PR0001801,2024-04-05,PC・タブレット,ノートPC 15型,62258,EC,,C00669,藤田,男,47,兵庫県,2023-10-05,5,661814,VIP,False,
PR0001803,2025-09-26,ゲーム・玩具,コントローラ,44101,店舗,渋谷店,C00669,藤田,男,47,兵庫県,2023-10-05,5,661814,VIP,False,
PR0001804,2023-11-21,テレビ,有機EL 75型,337249,EC,,C00669,藤田,男,47,兵庫県,2023-10-05,5,661814,VIP,True,
PR0001805,2025-03-05,冷蔵庫,冷蔵庫 400L,187831,店舗,札幌駅前店,C00669,藤田,男,47,兵庫県,2023-10-05,5,661814,VIP,False,
PR0001802,2023-11-24,美容家電・小物,ドライヤー,30375,店舗,秋葉原店,C00669,藤田,男,47,兵庫県,2023-10-05,5,661814,VIP,False,
PR0001807,2025-08-29,PC・タブレット,ゲーミングPC,307820,店舗,天王寺店,C00670,松本,男,58,兵庫県,2024-05-09,2,482924,Regular,False,
PR0001806,2024-07-10,冷蔵庫,冷蔵庫 600L 大型,175104,店舗,新宿店,C00670,松本,男,58,兵庫県,2024-05-09,2,482924,Regular,True,
PR0001808,2025-02-09,美容家電・小物,ドライヤー,12197,店舗,福岡天神店,C00671,長谷川,女,65,大阪府,2024-06-06,1,12197,Light,True,
PR0001810,2025-10-01,オーディオ,ワイヤレスイヤホン,135473,店舗,池袋店,C00672,近藤,男,35,兵庫県,2023-11-27,4,961407,Loyal,False,
PR0001809,2024-08-24,スマートフォン,ミドルレンジ機種,142149,店舗,天王寺店,C00672,近藤,男,35,兵庫県,2023-11-27,4,961407,Loyal,False,
PR0001811,2024-12-10,テレビ,有機EL 75型,390367,店舗,横浜駅前店,C00672,近藤,男,35,兵庫県,2023-11-27,4,961407,Loyal,False,
PR0001812,2024-05-17,洗濯機,コンパクト洗濯機,293418,店舗,札幌駅前店,C00672,近藤,男,35,兵庫県,2023-11-27,4,961407,Loyal,True,
PR0001814,2024-09-13,テレビ,プロジェクター,75810,店舗,横浜駅前店,C00673,斎藤,女,30,京都府,2022-01-10,2,110346,Regular,True,
PR0001813,2024-12-10,美容家電・小物,ヘアアイロン,34536,店舗,名古屋栄店,C00673,斎藤,女,30,京都府,2022-01-10,2,110346,Regular,False,
PR0001815,2024-01-13,PC・タブレット,ゲーミングPC,232567,店舗,天王寺店,C00674,山崎,女,38,埼玉県,2023-04-14,2,572886,Inactive,False,
PR0001816,2023-07-30,エアコン,エアコン 18畳用,340319,EC,,C00674,山崎,女,38,埼玉県,2023-04-14,2,572886,Inactive,True,
PR0001817,2023-05-10,オーディオ,サウンドバー,132050,店舗,秋葉原店,C00675,山崎,男,57,千葉県,2022-03-25,1,132050,Inactive,True,
PR0001818,2026-01-29,PC・タブレット,タブレット 10型,245752,店舗,池袋店,C00676,山口,女,35,広島県,2022-08-14,7,1019654,VIP,False,
PR0001823,2025-05-10,エアコン,エアコン 10畳用,127048,店舗,大阪梅田店,C00676,山口,女,35,広島県,2022-08-14,7,1019654,VIP,False,
PR0001819,2022-11-03,スマートフォン,スタンダード 128GB,144529,店舗,新宿店,C00676,山口,女,35,広島県,2022-08-14,7,1019654,VIP,True,
PR0001820,2024-10-31,スマートフォン,最新スマホ 256GB,173581,店舗,福岡天神店,C00676,山口,女,35,広島県,2022-08-14,7,1019654,VIP,False,728
PR0001824,2025-08-26,洗濯機,縦型洗濯機,263157,店舗,新宿店,C00676,山口,女,35,広島県,2022-08-14,7,1019654,VIP,False,
PR0001821,2022-12-22,美容家電・小物,電動歯ブラシ,21810,店舗,札幌駅前店,C00676,山口,女,35,広島県,2022-08-14,7,1019654,VIP,False,
PR0001822,2025-03-29,美容家電・小物,電気シェーバー,43777,店舗,天王寺店,C00676,山口,女,35,広島県,2022-08-14,7,1019654,VIP,False,828
PR0001825,2025-07-13,冷蔵庫,冷蔵庫 600L 大型,386926,EC,,C00677,石川,男,55,京都府,2025-05-17,2,681966,Regular,False,
PR0001826,2025-06-06,洗濯機,ドラム式洗濯機,295040,EC,,C00677,石川,男,55,京都府,2025-05-17,2,681966,Regular,True,
PR0001828,2024-03-20,PC・タブレット,ゲーミングPC,274791,店舗,大阪梅田店,C00678,村上,男,27,神奈川県,2021-04-17,3,453580,Loyal,True,
PR0001829,2024-07-16,スマートフォン,コンパクトモデル,135172,EC,,C00678,村上,男,27,神奈川県,2021-04-17,3,453580,Loyal,False,
PR0001827,2026-01-31,美容家電・小物,美顔器,43617,店舗,渋谷店,C00678,村上,男,27,神奈川県,2021-04-17,3,453580,Loyal,False,
PR0001832,2024-11-07,PC・タブレット,2-in-1 PC,174659,EC,,C00679,吉田,女,22,神奈川県,2024-09-29,3,263691,Loyal,True,
PR0001830,2025-06-15,ゲーム・玩具,ボードゲーム,44925,EC,,C00679,吉田,女,22,神奈川県,2024-09-29,3,263691,Loyal,False,
PR0001831,2025-02-22,美容家電・小物,マッサージガン,44107,店舗,渋谷店,C00679,吉田,女,22,神奈川県,2024-09-29,3,263691,Loyal,False,
PR0001833,2023-11-14,カメラ・ビデオ,ドローン,61118,店舗,札幌駅前店,C00681,中島,男,46,千葉県,2023-04-18,3,761762,Loyal,True,
PR0001835,2026-03-11,テレビ,4K テレビ 50型,451240,店舗,札幌駅前店,C00681,中島,男,46,千葉県,2023-04-18,3,761762,Loyal,False,
PR0001834,2025-08-05,冷蔵庫,コンパクト冷蔵庫,249404,店舗,福岡天神店,C00681,中島,男,46,千葉県,2023-04-18,3,761762,Loyal,False,
PR0001836,2025-02-19,美容家電・小物,ヘアアイロン,42525,店舗,秋葉原店,C00682,前田,女,46,京都府,2023-06-20,1,42525,Light,True,
PR0001842,2025-07-09,エアコン,エアコン 18畳用,275578,店舗,秋葉原店,C00683,山下,女,48,千葉県,2025-05-06,6,785460,VIP,False,
PR0001838,2025-12-08,ゲーム・玩具,ゲームソフト,63436,店舗,札幌駅前店,C00683,山下,女,48,千葉県,2025-05-06,6,785460,VIP,False,
PR0001841,2025-10-29,スマートフォン,Pro モデル 512GB,155966,店舗,新宿店,C00683,山下,女,48,千葉県,2025-05-06,6,785460,VIP,False,
PR0001840,2025-10-05,テレビ,プロジェクター,87273,店舗,天王寺店,C00683,山下,女,48,千葉県,2025-05-06,6,785460,VIP,False,
PR0001839,2025-07-08,冷蔵庫,冷蔵庫 500L,154860,店舗,池袋店,C00683,山下,女,48,千葉県,2025-05-06,6,785460,VIP,True,
PR0001837,2025-12-19,美容家電・小物,ヘアアイロン,48347,EC,,C00683,山下,女,48,千葉県,2025-05-06,6,785460,VIP,False,
PR0001843,2025-04-06,洗濯機,コンパクト洗濯機,178444,店舗,池袋店,C00684,斎藤,男,61,北海道,2021-04-18,1,178444,Light,True,
PR0001844,2025-08-13,カメラ・ビデオ,ミラーレス一眼,147595,EC,,C00685,小林,男,73,京都府,2024-05-24,2,343733,Regular,False,
PR0001845,2025-07-17,スマートフォン,Pro モデル 512GB,196138,店舗,福岡天神店,C00685,小林,男,73,京都府,2024-05-24,2,343733,Regular,True,
PR0001846,2025-06-05,PC・タブレット,タブレット 10型,183338,店舗,名古屋栄店,C00686,青木,男,70,大阪府,2021-04-23,8,1614477,VIP,False,
PR0001847,2023-06-02,エアコン,エアコン 14畳用,312340,店舗,渋谷店,C00686,青木,男,70,大阪府,2021-04-23,8,1614477,VIP,False,
PR0001851,2021-12-30,カメラ・ビデオ,ミラーレス一眼,138882,店舗,福岡天神店,C00686,青木,男,70,大阪府,2021-04-23,8,1614477,VIP,True,
PR0001849,2022-02-09,スマートフォン,スタンダード 128GB,160689,店舗,新宿店,C00686,青木,男,70,大阪府,2021-04-23,8,1614477,VIP,False,
PR0001850,2024-04-04,スマートフォン,最新スマホ 256GB,94841,店舗,秋葉原店,C00686,青木,男,70,大阪府,2021-04-23,8,1614477,VIP,False,785
PR0001848,2022-02-09,テレビ,有機EL 55型,335001,店舗,横浜駅前店,C00686,青木,男,70,大阪府,2021-04-23,8,1614477,VIP,False,
PR0001853,2026-01-19,洗濯機,縦型洗濯機,327628,店舗,札幌駅前店,C00686,青木,男,70,大阪府,2021-04-23,8,1614477,VIP,False,
PR0001852,2026-03-28,美容家電・小物,ドライヤー,61758,店舗,天王寺店,C00686,青木,男,70,大阪府,2021-04-23,8,1614477,VIP,False,
PR0001855,2023-07-05,スマートフォン,ハイエンド 1TB,170725,EC,,C00687,鈴木,女,47,埼玉県,2022-06-10,2,484123,Inactive,True,
PR0001854,2024-01-15,洗濯機,コンパクト洗濯機,313398,店舗,大阪梅田店,C00687,鈴木,女,47,埼玉県,2022-06-10,2,484123,Inactive,False,
PR0001856,2025-11-27,スマートフォン,ハイエンド 1TB,98194,EC,,C00688,吉田,女,52,宮城県,2022-12-20,1,98194,Light,True,
PR0001857,2025-12-17,PC・タブレット,2-in-1 PC,248323,店舗,大阪梅田店,C00689,長谷川,男,25,宮城県,2021-12-12,1,248323,Light,True,
PR0001858,2025-04-21,テレビ,プロジェクター,311783,EC,,C00690,斎藤,男,55,兵庫県,2024-09-19,2,504671,Regular,True,
PR0001859,2025-04-21,冷蔵庫,冷蔵庫 400L,192888,EC,,C00690,斎藤,男,55,兵庫県,2024-09-19,2,504671,Regular,True,
PR0001861,2026-03-13,エアコン,エアコン 18畳用,339219,EC,,C00691,山田,男,41,千葉県,2024-03-06,2,394980,Regular,False,
PR0001860,2025-03-16,テレビ,プロジェクター,55761,EC,,C00691,山田,男,41,千葉県,2024-03-06,2,394980,Regular,True,
PR0001862,2023-01-18,美容家電・小物,マッサージガン,68703,EC,,C00692,林,女,30,広島県,2022-05-29,1,68703,Inactive,True,
PR0001864,2025-07-25,エアコン,エアコン 10畳用,156896,EC,,C00693,池田,女,22,千葉県,2023-09-24,2,567499,Regular,True,
PR0001863,2025-09-10,テレビ,プロジェクター,410603,EC,,C00693,池田,女,22,千葉県,2023-09-24,2,567499,Regular,False,
PR0001869,2024-08-08,PC・タブレット,ゲーミングPC,237371,店舗,池袋店,C00694,林,男,41,埼玉県,2021-08-22,5,677931,VIP,False,
PR0001865,2023-07-16,スマートフォン,最新スマホ 256GB,118242,店舗,名古屋栄店,C00694,林,男,41,埼玉県,2021-08-22,5,677931,VIP,False,
PR0001866,2025-06-20,スマートフォン,最新スマホ 256GB,39489,EC,,C00694,林,男,41,埼玉県,2021-08-22,5,677931,VIP,False,705
PR0001868,2022-09-12,テレビ,プロジェクター,243602,店舗,渋谷店,C00694,林,男,41,埼玉県,2021-08-22,5,677931,VIP,True,
PR0001867,2025-05-02,美容家電・小物,電気シェーバー,39227,店舗,秋葉原店,C00694,林,男,41,埼玉県,2021-08-22,5,677931,VIP,False,
PR0001870,2025-05-17,スマートフォン,Pro モデル 512GB,99625,店舗,札幌駅前店,C00695,阿部,男,53,千葉県,2021-04-18,1,99625,Light,True,
PR0001871,2025-10-18,洗濯機,縦型洗濯機,120236,店舗,福岡天神店,C00696,山崎,女,38,神奈川県,2025-10-17,1,120236,Light,True,
PR0001873,2022-09-28,テレビ,有機EL 75型,247570,EC,,C00697,山口,男,35,北海道,2021-04-23,2,266249,Inactive,True,
PR0001872,2022-11-26,美容家電・小物,電気シェーバー,18679,店舗,福岡天神店,C00697,山口,男,35,北海道,2021-04-23,2,266249,Inactive,False,
PR0001874,2022-06-23,スマートフォン,スタンダード 128GB,80477,店舗,福岡天神店,C00698,橋本,女,46,東京都,2022-05-01,3,471691,Loyal,True,
PR0001875,2025-03-20,スマートフォン,最新スマホ 256GB,194652,店舗,新宿店,C00698,橋本,女,46,東京都,2022-05-01,3,471691,Loyal,False,1001
PR0001876,2024-10-08,テレビ,有機EL 55型,196562,店舗,天王寺店,C00698,橋本,女,46,東京都,2022-05-01,3,471691,Loyal,False,
PR0001879,2026-02-15,PC・タブレット,ゲーミングPC,255785,EC,,C00699,山口,男,47,宮城県,2025-03-15,3,638997,Loyal,False,
PR0001878,2025-07-16,エアコン,エアコン 14畳用,342592,EC,,C00699,山口,男,47,宮城県,2025-03-15,3,638997,Loyal,False,
PR0001877,2025-07-01,スマートフォン,スタンダード 128GB,40620,店舗,新宿店,C00699,山口,男,47,宮城県,2025-03-15,3,638997,Loyal,True,
PR0001881,2023-11-24,エアコン,エアコン 10畳用,189843,店舗,名古屋栄店,C00700,石川,女,54,兵庫県,2022-08-27,3,470870,Loyal,True,
PR0001880,2025-10-05,オーディオ,ホームオーディオ,188390,店舗,秋葉原店,C00700,石川,女,54,兵庫県,2022-08-27,3,470870,Loyal,False,
PR0001882,2025-08-20,洗濯機,縦型洗濯機,92637,店舗,名古屋栄店,C00700,石川,女,54,兵庫県,2022-08-27,3,470870,Loyal,False,
PR0001884,2024-08-17,カメラ・ビデオ,ミラーレス一眼,234652,店舗,新宿店,C00701,吉田,男,44,千葉県,2021-11-26,2,379392,Regular,False,
PR0001883,2023-01-13,洗濯機,乾燥機能付き 10kg,144740,店舗,池袋店,C00701,吉田,男,44,千葉県,2021-11-26,2,379392,Regular,True,
PR0001887,2024-12-25,カメラ・ビデオ,交換レンズ,52957,店舗,横浜駅前店,C00702,石井,男,75,京都府,2024-05-02,3,487548,Loyal,True,
PR0001886,2025-06-02,スマートフォン,ミドルレンジ機種,54933,店舗,横浜駅前店,C00702,石井,男,75,京都府,2024-05-02,3,487548,Loyal,False,
PR0001885,2025-08-13,テレビ,4K テレビ 65型,379658,店舗,福岡天神店,C00702,石井,男,75,京都府,2024-05-02,3,487548,Loyal,False,
PR0001888,2025-11-30,美容家電・小物,電気シェーバー,28183,EC,,C00703,坂本,男,35,北海道,2024-06-09,1,28183,Light,True,
PR0001889,2024-05-13,スマートフォン,Pro モデル 512GB,89003,EC,,C00704,長谷川,男,48,兵庫県,2023-06-18,1,89003,Light,True,
PR0001890,2026-02-04,ゲーム・玩具,携帯ゲーム機,71422,店舗,札幌駅前店,C00705,中村,女,57,東京都,2022-08-07,2,92060,Regular,False,
PR0001891,2023-06-11,美容家電・小物,電動歯ブラシ,20638,EC,,C00705,中村,女,57,東京都,2022-08-07,2,92060,Regular,True,
PR0001893,2025-11-06,オーディオ,Bluetoothスピーカー,92934,店舗,渋谷店,C00706,石井,女,64,兵庫県,2025-07-20,2,383483,Regular,True,
PR0001892,2026-01-04,カメラ・ビデオ,アクションカメラ,290549,店舗,天王寺店,C00706,石井,女,64,兵庫県,2025-07-20,2,383483,Regular,False,
PR0001894,2025-09-04,テレビ,4K テレビ 65型,199143,EC,,C00707,林,男,59,京都府,2022-10-02,1,199143,Light,True,
PR0001895,2022-03-02,スマートフォン,ミドルレンジ機種,73522,店舗,福岡天神店,C00708,藤田,女,29,北海道,2021-05-08,3,298635,Inactive,True,
PR0001896,2024-04-07,スマートフォン,ハイエンド 1TB,199804,EC,,C00708,藤田,女,29,北海道,2021-05-08,3,298635,Inactive,False,767
PR0001897,2023-10-21,美容家電・小物,電気シェーバー,25309,店舗,名古屋栄店,C00708,藤田,女,29,北海道,2021-05-08,3,298635,Inactive,False,
PR0001898,2025-03-24,冷蔵庫,冷蔵庫 400L,266812,EC,,C00709,鈴木,男,42,神奈川県,2024-11-18,2,543077,Regular,True,
PR0001899,2025-10-04,洗濯機,ドラム式洗濯機,276265,EC,,C00709,鈴木,男,42,神奈川県,2024-11-18,2,543077,Regular,False,
PR0001901,2025-12-13,PC・タブレット,ノートPC 13型,324277,店舗,名古屋栄店,C00710,森,男,39,兵庫県,2022-04-22,2,434714,Regular,False,
PR0001900,2023-05-22,オーディオ,ヘッドホン,110437,店舗,名古屋栄店,C00710,森,男,39,兵庫県,2022-04-22,2,434714,Regular,True,
PR0001903,2025-04-18,スマートフォン,コンパクトモデル,54477,EC,,C00711,佐々木,男,53,大阪府,2021-09-21,2,388036,Regular,False,
PR0001902,2023-08-13,テレビ,プロジェクター,333559,EC,,C00711,佐々木,男,53,大阪府,2021-09-21,2,388036,Regular,True,
PR0001905,2025-09-03,PC・タブレット,ノートPC 15型,242761,EC,,C00712,斎藤,男,39,広島県,2025-04-27,2,690050,Regular,True,
PR0001904,2025-09-14,冷蔵庫,冷蔵庫 500L,447289,店舗,秋葉原店,C00712,斎藤,男,39,広島県,2025-04-27,2,690050,Regular,False,
PR0001907,2026-01-31,カメラ・ビデオ,ドローン,179979,店舗,新宿店,C00713,近藤,男,62,北海道,2025-08-23,2,380815,Regular,False,
PR0001906,2025-08-25,冷蔵庫,冷蔵庫 500L,200836,店舗,横浜駅前店,C00713,近藤,男,62,北海道,2025-08-23,2,380815,Regular,True,
PR0001908,2025-11-25,カメラ・ビデオ,ドローン,147443,EC,,C00714,石川,女,53,大阪府,2025-07-25,1,147443,Light,True,
PR0001909,2024-07-03,オーディオ,ホームオーディオ,30550,店舗,池袋店,C00715,森,男,36,埼玉県,2022-12-18,1,30550,Light,True,
PR0001911,2024-08-01,PC・タブレット,ノートPC 13型,321908,店舗,札幌駅前店,C00716,井上,男,44,北海道,2024-05-06,3,925295,Loyal,True,
PR0001912,2024-12-11,テレビ,4K テレビ 50型,396674,店舗,新宿店,C00716,井上,男,44,北海道,2024-05-06,3,925295,Loyal,False,
PR0001910,2025-12-29,洗濯機,縦型洗濯機,206713,店舗,天王寺店,C00716,井上,男,44,北海道,2024-05-06,3,925295,Loyal,False,
PR0001913,2025-05-29,PC・タブレット,ワークステーション,247931,EC,,C00717,山下,女,52,福岡県,2024-12-24,5,971328,VIP,False,
PR0001914,2025-05-17,テレビ,スマートテレビ 43型,130491,EC,,C00717,山下,女,52,福岡県,2024-12-24,5,971328,VIP,False,
PR0001916,2026-01-19,冷蔵庫,冷蔵庫 400L,238603,EC,,C00717,山下,女,52,福岡県,2024-12-24,5,971328,VIP,False,
PR0001917,2025-05-12,洗濯機,ドラム式洗濯機,289047,EC,,C00717,山下,女,52,福岡県,2024-12-24,5,971328,VIP,True,
PR0001915,2025-12-16,美容家電・小物,ヘアアイロン,65256,EC,,C00717,山下,女,52,福岡県,2024-12-24,5,971328,VIP,False,
PR0001918,2025-03-15,PC・タブレット,ノートPC 13型,201579,店舗,天王寺店,C00718,山本,男,54,兵庫県,2024-12-02,1,201579,Light,True,
PR0001920,2026-03-02,エアコン,エアコン 14畳用,290825,店舗,札幌駅前店,C00719,伊藤,男,33,広島県,2024-04-24,3,850419,Loyal,False,
PR0001921,2025-05-04,カメラ・ビデオ,アクションカメラ,292514,店舗,天王寺店,C00719,伊藤,男,33,広島県,2024-04-24,3,850419,Loyal,True,
PR0001919,2025-08-15,テレビ,4K テレビ 65型,267080,店舗,福岡天神店,C00719,伊藤,男,33,広島県,2024-04-24,3,850419,Loyal,False,
PR0001927,2024-06-08,PC・タブレット,ノートPC 15型,208480,EC,,C00720,青木,男,39,福岡県,2024-05-15,8,1344035,VIP,True,
PR0001926,2025-02-05,エアコン,エアコン 10畳用,357004,EC,,C00720,青木,男,39,福岡県,2024-05-15,8,1344035,VIP,False,
PR0001924,2026-02-27,オーディオ,ホームオーディオ,133194,EC,,C00720,青木,男,39,福岡県,2024-05-15,8,1344035,VIP,False,
PR0001923,2024-12-09,カメラ・ビデオ,交換レンズ,273194,EC,,C00720,青木,男,39,福岡県,2024-05-15,8,1344035,VIP,False,
PR0001928,2024-11-13,スマートフォン,スタンダード 128GB,101766,EC,,C00720,青木,男,39,福岡県,2024-05-15,8,1344035,VIP,False,
PR0001922,2026-01-25,テレビ,4K テレビ 65型,143896,EC,,C00720,青木,男,39,福岡県,2024-05-15,8,1344035,VIP,False,
PR0001929,2025-06-21,洗濯機,全自動 8kg,107644,EC,,C00720,青木,男,39,福岡県,2024-05-15,8,1344035,VIP,False,
PR0001925,2025-12-16,美容家電・小物,電動歯ブラシ,18857,EC,,C00720,青木,男,39,福岡県,2024-05-15,8,1344035,VIP,False,
PR0001930,2026-01-18,スマートフォン,スタンダード 128GB,171363,店舗,名古屋栄店,C00721,山口,女,52,福岡県,2026-01-13,1,171363,Light,True,
PR0001932,2023-04-25,PC・タブレット,ノートPC 15型,236452,店舗,名古屋栄店,C00722,阿部,男,52,愛知県,2022-12-04,2,404020,Inactive,True,
PR0001931,2024-01-16,テレビ,4K テレビ 50型,167568,店舗,大阪梅田店,C00722,阿部,男,52,愛知県,2022-12-04,2,404020,Inactive,False,
PR0001934,2025-12-25,スマートフォン,スタンダード 128GB,158828,店舗,名古屋栄店,C00723,山口,男,56,埼玉県,2022-11-01,2,508218,Regular,False,
PR0001933,2025-12-05,冷蔵庫,冷蔵庫 500L,349390,店舗,渋谷店,C00723,山口,男,56,埼玉県,2022-11-01,2,508218,Regular,True,
PR0001935,2025-02-12,カメラ・ビデオ,コンパクトデジカメ,155657,EC,,C00724,小林,男,29,福岡県,2024-08-13,2,163424,Regular,True,
PR0001936,2025-10-24,ゲーム・玩具,コントローラ,7767,EC,,C00724,小林,男,29,福岡県,2024-08-13,2,163424,Regular,False,
PR0001938,2025-04-07,スマートフォン,ハイエンド 1TB,163226,店舗,渋谷店,C00725,井上,男,67,神奈川県,2022-05-05,3,398672,Loyal,False,
PR0001937,2025-08-23,テレビ,スマートテレビ 43型,148461,店舗,札幌駅前店,C00725,井上,男,67,神奈川県,2022-05-05,3,398672,Loyal,False,
PR0001939,2024-08-19,洗濯機,縦型洗濯機,86985,店舗,天王寺店,C00725,井上,男,67,神奈川県,2022-05-05,3,398672,Loyal,True,
PR0001940,2022-08-09,エアコン,業務用エアコン,102601,店舗,福岡天神店,C00727,林,女,60,兵庫県,2021-07-22,2,279414,Inactive,True,
PR0001941,2023-08-23,スマートフォン,最新スマホ 256GB,176813,EC,,C00727,林,女,60,兵庫県,2021-07-22,2,279414,Inactive,False,
PR0001942,2024-09-24,PC・タブレット,ワークステーション,269743,店舗,天王寺店,C00728,伊藤,女,57,兵庫県,2024-09-17,3,878975,Loyal,True,
PR0001944,2025-10-17,テレビ,有機EL 75型,376007,EC,,C00728,伊藤,女,57,兵庫県,2024-09-17,3,878975,Loyal,False,
PR0001943,2025-05-17,洗濯機,全自動 8kg,233225,店舗,秋葉原店,C00728,伊藤,女,57,兵庫県,2024-09-17,3,878975,Loyal,False,
PR0001945,2025-12-17,テレビ,4K テレビ 65型,457627,EC,,C00729,藤田,女,30,愛知県,2024-11-09,1,457627,Light,True,
PR0001947,2025-04-21,PC・タブレット,ゲーミングPC,308315,EC,,C00730,小川,女,49,大阪府,2024-08-22,3,370800,Loyal,True,
PR0001946,2025-12-14,テレビ,4K テレビ 65型,56623,EC,,C00730,小川,女,49,大阪府,2024-08-22,3,370800,Loyal,False,
PR0001948,2025-10-28,美容家電・小物,電動歯ブラシ,5862,店舗,新宿店,C00730,小川,女,49,大阪府,2024-08-22,3,370800,Loyal,False,
PR0001949,2022-12-28,テレビ,プロジェクター,412199,店舗,池袋店,C00731,小林,男,51,神奈川県,2022-09-28,1,412199,Inactive,True,
PR0001950,2023-05-17,テレビ,4K テレビ 65型,177809,EC,,C00733,遠藤,男,73,兵庫県,2023-02-05,2,623924,Inactive,False,
PR0001951,2023-02-21,冷蔵庫,コンパクト冷蔵庫,446115,EC,,C00733,遠藤,男,73,兵庫県,2023-02-05,2,623924,Inactive,True,
PR0001953,2024-05-06,ゲーム・玩具,据置型ゲーム機,57355,EC,,C00734,石井,女,61,兵庫県,2023-04-27,2,93115,Regular,True,
PR0001952,2024-11-03,美容家電・小物,ヘアアイロン,35760,EC,,C00734,石井,女,61,兵庫県,2023-04-27,2,93115,Regular,False,
PR0001954,2023-10-13,PC・タブレット,2-in-1 PC,279800,店舗,横浜駅前店,C00735,渡辺,女,24,大阪府,2022-02-05,2,380211,Regular,True,
PR0001955,2025-04-03,スマートフォン,スタンダード 128GB,100411,店舗,札幌駅前店,C00735,渡辺,女,24,大阪府,2022-02-05,2,380211,Regular,False,
PR0001956,2025-05-23,ゲーム・玩具,ゲームソフト,11389,EC,,C00736,田中,女,50,福岡県,2024-08-25,2,84180,Regular,False,
PR0001957,2024-10-16,スマートフォン,最新スマホ 256GB,72791,店舗,新宿店,C00736,田中,女,50,福岡県,2024-08-25,2,84180,Regular,True,
PR0001960,2026-01-11,PC・タブレット,2-in-1 PC,244212,店舗,新宿店,C00738,吉田,女,48,北海道,2024-01-02,5,744430,VIP,False,
PR0001961,2025-07-25,テレビ,4K テレビ 65型,112289,店舗,名古屋栄店,C00738,吉田,女,48,北海道,2024-01-02,5,744430,VIP,False,
PR0001959,2025-12-11,冷蔵庫,冷蔵庫 600L 大型,158468,店舗,名古屋栄店,C00738,吉田,女,48,北海道,2024-01-02,5,744430,VIP,False,
PR0001962,2025-07-27,洗濯機,縦型洗濯機,156185,店舗,名古屋栄店,C00738,吉田,女,48,北海道,2024-01-02,5,744430,VIP,False,
PR0001958,2025-04-09,美容家電・小物,電動歯ブラシ,73276,店舗,渋谷店,C00738,吉田,女,48,北海道,2024-01-02,5,744430,VIP,True,
PR0001963,2025-07-13,オーディオ,ワイヤレスイヤホン,194821,店舗,名古屋栄店,C00739,後藤,男,61,福岡県,2024-10-31,2,618331,Regular,False,
PR0001964,2025-04-25,冷蔵庫,フレンチドア 700L,423510,EC,,C00739,後藤,男,61,福岡県,2024-10-31,2,618331,Regular,True,
PR0001969,2025-04-17,PC・タブレット,ノートPC 15型,341905,EC,,C00740,橋本,男,50,広島県,2024-01-07,7,1489159,VIP,False,
PR0001965,2026-02-22,エアコン,業務用エアコン,240260,店舗,札幌駅前店,C00740,橋本,男,50,広島県,2024-01-07,7,1489159,VIP,False,
PR0001970,2025-10-22,カメラ・ビデオ,アクションカメラ,118668,店舗,渋谷店,C00740,橋本,男,50,広島県,2024-01-07,7,1489159,VIP,False,
PR0001966,2024-10-07,スマートフォン,Pro モデル 512GB,144345,店舗,名古屋栄店,C00740,橋本,男,50,広島県,2024-01-07,7,1489159,VIP,False,
PR0001967,2024-09-29,テレビ,4K テレビ 50型,470393,店舗,天王寺店,C00740,橋本,男,50,広島県,2024-01-07,7,1489159,VIP,True,
PR0001971,2025-11-19,洗濯機,縦型洗濯機,99877,店舗,新宿店,C00740,橋本,男,50,広島県,2024-01-07,7,1489159,VIP,False,
PR0001968,2026-01-27,美容家電・小物,ヘアアイロン,73711,EC,,C00740,橋本,男,50,広島県,2024-01-07,7,1489159,VIP,False,
PR0001973,2023-08-01,オーディオ,ターンテーブル,180205,EC,,C00741,山崎,女,62,兵庫県,2023-07-31,3,523505,Loyal,True,
PR0001974,2023-09-26,冷蔵庫,コンパクト冷蔵庫,288577,EC,,C00741,山崎,女,62,兵庫県,2023-07-31,3,523505,Loyal,False,
PR0001972,2025-10-19,美容家電・小物,ヘアアイロン,54723,EC,,C00741,山崎,女,62,兵庫県,2023-07-31,3,523505,Loyal,False,
PR0001975,2023-12-04,スマートフォン,スタンダード 128GB,49644,EC,,C00742,橋本,男,68,埼玉県,2023-10-26,4,794413,Loyal,False,
PR0001976,2026-03-11,スマートフォン,最新スマホ 256GB,181414,EC,,C00742,橋本,男,68,埼玉県,2023-10-26,4,794413,Loyal,False,828
PR0001977,2023-11-01,テレビ,スマートテレビ 43型,106853,EC,,C00742,橋本,男,68,埼玉県,2023-10-26,4,794413,Loyal,True,
PR0001978,2025-06-30,冷蔵庫,冷蔵庫 500L,456502,EC,,C00742,橋本,男,68,埼玉県,2023-10-26,4,794413,Loyal,False,
PR0001980,2023-04-13,PC・タブレット,タブレット 10型,220272,店舗,横浜駅前店,C00743,小林,女,36,大阪府,2021-08-29,3,349755,Loyal,True,
PR0001981,2025-11-17,カメラ・ビデオ,ドローン,81046,EC,,C00743,小林,女,36,大阪府,2021-08-29,3,349755,Loyal,False,
PR0001979,2023-07-28,美容家電・小物,電動歯ブラシ,48437,店舗,新宿店,C00743,小林,女,36,大阪府,2021-08-29,3,349755,Loyal,False,
PR0001983,2025-03-12,スマートフォン,スタンダード 128GB,77707,店舗,福岡天神店,C00744,青木,女,32,埼玉県,2021-06-10,2,415615,Regular,False,
PR0001982,2021-09-03,洗濯機,縦型洗濯機,337908,店舗,福岡天神店,C00744,青木,女,32,埼玉県,2021-06-10,2,415615,Regular,True,
PR0001985,2024-09-18,テレビ,スマートテレビ 43型,221188,EC,,C00745,遠藤,男,41,京都府,2021-04-22,2,481282,Regular,True,
PR0001984,2024-11-25,洗濯機,ドラム式洗濯機,260094,店舗,秋葉原店,C00745,遠藤,男,41,京都府,2021-04-22,2,481282,Regular,False,
PR0001986,2025-08-24,カメラ・ビデオ,コンパクトデジカメ,231050,店舗,秋葉原店,C00746,井上,女,58,愛知県,2025-01-10,1,231050,Light,True,
PR0001990,2026-02-07,オーディオ,ターンテーブル,175848,店舗,池袋店,C00747,加藤,男,24,愛知県,2026-01-18,5,779903,VIP,False,
PR0001991,2026-01-29,カメラ・ビデオ,ミラーレス一眼,261719,EC,,C00747,加藤,男,24,愛知県,2026-01-18,5,779903,VIP,True,
PR0001989,2026-01-31,ゲーム・玩具,ボードゲーム,48313,店舗,名古屋栄店,C00747,加藤,男,24,愛知県,2026-01-18,5,779903,VIP,False,
PR0001988,2026-03-13,スマートフォン,コンパクトモデル,50963,EC,,C00747,加藤,男,24,愛知県,2026-01-18,5,779903,VIP,False,
PR0001987,2026-03-11,テレビ,プロジェクター,243060,EC,,C00747,加藤,男,24,愛知県,2026-01-18,5,779903,VIP,False,
PR0001993,2026-03-02,テレビ,プロジェクター,330826,EC,,C00748,長谷川,男,54,埼玉県,2024-09-10,3,490098,Loyal,False,
PR0001992,2025-10-04,洗濯機,縦型洗濯機,154104,EC,,C00748,長谷川,男,54,埼玉県,2024-09-10,3,490098,Loyal,False,
PR0001994,2025-02-15,美容家電・小物,美顔器,5168,店舗,横浜駅前店,C00748,長谷川,男,54,埼玉県,2024-09-10,3,490098,Loyal,True,
PR0001998,2022-05-18,オーディオ,ホームオーディオ,148818,店舗,天王寺店,C00749,阿部,男,25,広島県,2021-04-19,4,330042,Loyal,True,
PR0001995,2023-09-24,スマートフォン,Pro モデル 512GB,61190,EC,,C00749,阿部,男,25,広島県,2021-04-19,4,330042,Loyal,False,
PR0001996,2026-01-19,スマートフォン,コンパクトモデル,98025,店舗,新宿店,C00749,阿部,男,25,広島県,2021-04-19,4,330042,Loyal,False,848
PR0001997,2025-07-02,美容家電・小物,電気シェーバー,22009,店舗,横浜駅前店,C00749,阿部,男,25,広島県,2021-04-19,4,330042,Loyal,False,
PR0001999,2024-02-24,PC・タブレット,2-in-1 PC,153984,EC,,C00750,池田,女,46,大阪府,2023-12-21,2,450336,Inactive,False,
PR0002000,2024-01-21,洗濯機,コンパクト洗濯機,296352,店舗,池袋店,C00750,池田,女,46,大阪府,2023-12-21,2,450336,Inactive,True,
PR0002001,2022-12-01,エアコン,エアコン 18畳用,176229,店舗,池袋店,C00751,橋本,男,33,京都府,2022-05-11,2,524532,Inactive,True,
PR0002002,2023-04-29,冷蔵庫,冷蔵庫 400L,348303,EC,,C00751,橋本,男,33,京都府,2022-05-11,2,524532,Inactive,False,
PR0002003,2025-11-16,カメラ・ビデオ,アクションカメラ,243721,店舗,福岡天神店,C00752,佐藤,男,55,兵庫県,2025-04-29,3,474058,Loyal,False,
PR0002005,2025-05-01,スマートフォン,ミドルレンジ機種,177024,EC,,C00752,佐藤,男,55,兵庫県,2025-04-29,3,474058,Loyal,True,
PR0002004,2025-09-05,テレビ,有機EL 55型,53313,店舗,横浜駅前店,C00752,佐藤,男,55,兵庫県,2025-04-29,3,474058,Loyal,False,
PR0002006,2022-11-11,PC・タブレット,ワークステーション,62461,店舗,大阪梅田店,C00753,坂本,男,34,福岡県,2021-11-26,3,499077,Loyal,True,
PR0002008,2025-09-13,スマートフォン,Pro モデル 512GB,59956,店舗,横浜駅前店,C00753,坂本,男,34,福岡県,2021-11-26,3,499077,Loyal,False,
PR0002007,2024-05-16,テレビ,4K テレビ 50型,376660,店舗,秋葉原店,C00753,坂本,男,34,福岡県,2021-11-26,3,499077,Loyal,False,
PR0002009,2026-01-16,ゲーム・玩具,ゲームソフト,36954,EC,,C00754,山本,女,60,宮城県,2022-12-13,2,160867,Regular,False,
PR0002010,2023-02-15,テレビ,有機EL 75型,123913,EC,,C00754,山本,女,60,宮城県,2022-12-13,2,160867,Regular,True,
PR0002011,2026-01-07,美容家電・小物,ヘアアイロン,47601,EC,,C00755,鈴木,女,52,神奈川県,2024-11-04,1,47601,Light,True,
PR0002012,2023-05-12,テレビ,有機EL 75型,447163,店舗,秋葉原店,C00756,中村,女,50,愛知県,2021-05-08,2,474624,Regular,True,
PR0002013,2024-05-09,美容家電・小物,美顔器,27461,店舗,名古屋栄店,C00756,中村,女,50,愛知県,2021-05-08,2,474624,Regular,False,
PR0002015,2024-01-24,エアコン,エアコン 18畳用,312860,EC,,C00757,清水,男,45,千葉県,2023-11-19,2,458889,Regular,True,
PR0002014,2024-05-01,スマートフォン,コンパクトモデル,146029,EC,,C00757,清水,男,45,千葉県,2023-11-19,2,458889,Regular,False,
PR0002019,2024-02-19,ゲーム・玩具,据置型ゲーム機,76799,店舗,新宿店,C00758,松本,女,42,千葉県,2023-02-09,4,249142,Loyal,False,
PR0002016,2023-12-15,スマートフォン,Pro モデル 512GB,55400,店舗,札幌駅前店,C00758,松本,女,42,千葉県,2023-02-09,4,249142,Loyal,True,
PR0002017,2026-01-29,スマートフォン,最新スマホ 256GB,106729,店舗,札幌駅前店,C00758,松本,女,42,千葉県,2023-02-09,4,249142,Loyal,False,776
PR0002018,2024-06-30,美容家電・小物,ドライヤー,10214,EC,,C00758,松本,女,42,千葉県,2023-02-09,4,249142,Loyal,False,
PR0002020,2023-03-19,エアコン,エアコン 14畳用,318058,EC,,C00759,佐々木,女,39,愛知県,2022-07-23,1,318058,Inactive,True,
PR0002021,2025-04-20,スマートフォン,スタンダード 128GB,78653,店舗,横浜駅前店,C00760,岡田,男,62,京都府,2021-09-07,1,78653,Light,True,
PR0002022,2025-07-30,PC・タブレット,2-in-1 PC,322097,店舗,新宿店,C00761,森,女,47,北海道,2023-11-16,6,1158659,VIP,False,
PR0002024,2025-07-02,オーディオ,ヘッドホン,134388,店舗,渋谷店,C00761,森,女,47,北海道,2023-11-16,6,1158659,VIP,False,
PR0002025,2025-07-25,ゲーム・玩具,VR ゴーグル,61233,店舗,池袋店,C00761,森,女,47,北海道,2023-11-16,6,1158659,VIP,False,
PR0002027,2024-05-17,スマートフォン,コンパクトモデル,75184,店舗,渋谷店,C00761,森,女,47,北海道,2023-11-16,6,1158659,VIP,True,
PR0002023,2025-06-18,テレビ,スマートテレビ 43型,425086,EC,,C00761,森,女,47,北海道,2023-11-16,6,1158659,VIP,False,
PR0002026,2025-09-20,洗濯機,コンパクト洗濯機,140671,店舗,大阪梅田店,C00761,森,女,47,北海道,2023-11-16,6,1158659,VIP,False,
PR0002028,2024-09-10,PC・タブレット,ノートPC 15型,123050,店舗,新宿店,C00762,阿部,女,46,宮城県,2022-06-20,4,283294,Loyal,False,
PR0002031,2022-08-21,オーディオ,ヘッドホン,80422,店舗,渋谷店,C00762,阿部,女,46,宮城県,2022-06-20,4,283294,Loyal,True,
PR0002029,2023-05-30,スマートフォン,スタンダード 128GB,32627,店舗,札幌駅前店,C00762,阿部,女,46,宮城県,2022-06-20,4,283294,Loyal,False,
PR0002030,2025-08-22,スマートフォン,最新スマホ 256GB,47195,店舗,福岡天神店,C00762,阿部,女,46,宮城県,2022-06-20,4,283294,Loyal,False,815
PR0002032,2023-12-25,美容家電・小物,電気シェーバー,66000,店舗,池袋店,C00763,石井,男,58,京都府,2022-03-05,1,66000,Inactive,True,
PR0002035,2026-02-23,PC・タブレット,ワークステーション,346942,店舗,大阪梅田店,C00764,小林,男,36,北海道,2023-10-21,3,692029,Loyal,False,
PR0002034,2025-12-02,ゲーム・玩具,ゲームソフト,19092,EC,,C00764,小林,男,36,北海道,2023-10-21,3,692029,Loyal,False,
PR0002033,2024-09-26,洗濯機,乾燥機能付き 10kg,325995,EC,,C00764,小林,男,36,北海道,2023-10-21,3,692029,Loyal,True,
PR0002036,2026-02-19,オーディオ,ワイヤレスイヤホン,93685,店舗,渋谷店,C00765,斎藤,女,58,宮城県,2026-01-07,2,158180,Regular,True,
PR0002037,2026-03-13,カメラ・ビデオ,アクションカメラ,64495,店舗,横浜駅前店,C00765,斎藤,女,58,宮城県,2026-01-07,2,158180,Regular,False,
PR0002039,2025-08-23,ゲーム・玩具,ボードゲーム,62616,店舗,池袋店,C00766,岡田,男,22,京都府,2024-03-15,2,277781,Regular,False,
PR0002038,2025-04-26,洗濯機,コンパクト洗濯機,215165,EC,,C00766,岡田,男,22,京都府,2024-03-15,2,277781,Regular,True,
PR0002043,2025-11-03,エアコン,エアコン 14畳用,249190,店舗,渋谷店,C00767,松本,女,57,兵庫県,2023-11-21,5,700373,VIP,False,
PR0002044,2024-05-03,スマートフォン,最新スマホ 256GB,123185,EC,,C00767,松本,女,57,兵庫県,2023-11-21,5,700373,VIP,True,
PR0002041,2026-03-27,テレビ,スマートテレビ 43型,54671,EC,,C00767,松本,女,57,兵庫県,2023-11-21,5,700373,VIP,False,
PR0002042,2025-02-04,冷蔵庫,冷蔵庫 600L 大型,247695,EC,,C00767,松本,女,57,兵庫県,2023-11-21,5,700373,VIP,False,
PR0002040,2025-08-28,美容家電・小物,ヘアアイロン,25632,店舗,名古屋栄店,C00767,松本,女,57,兵庫県,2023-11-21,5,700373,VIP,False,
PR0002046,2024-09-20,スマートフォン,Pro モデル 512GB,77464,EC,,C00768,高橋,男,44,宮城県,2022-12-21,3,509071,Loyal,False,
PR0002045,2025-04-19,テレビ,有機EL 75型,388193,EC,,C00768,高橋,男,44,宮城県,2022-12-21,3,509071,Loyal,False,
PR0002047,2024-04-09,美容家電・小物,ドライヤー,43414,EC,,C00768,高橋,男,44,宮城県,2022-12-21,3,509071,Loyal,True,
PR0002052,2026-01-12,エアコン,エアコン 14畳用,325761,店舗,天王寺店,C00769,前田,女,49,大阪府,2025-02-06,5,798571,VIP,False,
PR0002051,2025-04-16,オーディオ,ワイヤレスイヤホン,195347,EC,,C00769,前田,女,49,大阪府,2025-02-06,5,798571,VIP,True,
PR0002050,2025-09-10,スマートフォン,Pro モデル 512GB,140819,EC,,C00769,前田,女,49,大阪府,2025-02-06,5,798571,VIP,False,
PR0002049,2025-05-06,洗濯機,縦型洗濯機,105728,EC,,C00769,前田,女,49,大阪府,2025-02-06,5,798571,VIP,False,
PR0002048,2025-10-24,美容家電・小物,電気シェーバー,30916,店舗,新宿店,C00769,前田,女,49,大阪府,2025-02-06,5,798571,VIP,False,
PR0002053,2023-07-07,冷蔵庫,コンパクト冷蔵庫,451476,EC,,C00770,中村,女,53,東京都,2022-04-06,1,451476,Inactive,True,
PR0002054,2023-09-30,PC・タブレット,ノートPC 15型,162499,店舗,大阪梅田店,C00771,遠藤,男,33,東京都,2021-08-07,1,162499,Inactive,True,
PR0002055,2024-11-11,エアコン,エアコン 18畳用,208133,EC,,C00772,井上,男,75,大阪府,2024-01-26,2,358796,Regular,True,
PR0002056,2025-04-16,カメラ・ビデオ,ビデオカメラ,150663,EC,,C00772,井上,男,75,大阪府,2024-01-26,2,358796,Regular,False,
PR0002057,2023-12-08,エアコン,エアコン 6畳用,294288,店舗,天王寺店,C00773,山下,男,57,愛知県,2023-02-23,2,338822,Inactive,False,
PR0002058,2023-02-28,カメラ・ビデオ,ミラーレス一眼,44534,店舗,池袋店,C00773,山下,男,57,愛知県,2023-02-23,2,338822,Inactive,True,
PR0002059,2024-06-11,PC・タブレット,ゲーミングPC,137415,EC,,C00774,山口,男,61,愛知県,2023-05-03,1,137415,Light,True,
PR0002060,2023-09-07,テレビ,有機EL 75型,351441,EC,,C00775,遠藤,女,27,東京都,2021-11-20,1,351441,Inactive,True,
PR0002062,2025-01-24,PC・タブレット,ノートPC 15型,341864,店舗,横浜駅前店,C00776,山田,男,47,千葉県,2024-10-19,2,529296,Regular,False,
PR0002061,2024-12-31,スマートフォン,最新スマホ 256GB,187432,店舗,大阪梅田店,C00776,山田,男,47,千葉県,2024-10-19,2,529296,Regular,True,
PR0002063,2024-06-06,テレビ,有機EL 55型,155680,店舗,秋葉原店,C00777,池田,女,51,京都府,2023-02-08,1,155680,Light,True,
PR0002064,2023-10-31,スマートフォン,ミドルレンジ機種,196158,店舗,札幌駅前店,C00778,山田,男,47,広島県,2023-04-13,1,196158,Inactive,True,
PR0002065,2022-09-09,PC・タブレット,ゲーミングPC,117122,EC,,C00779,藤田,女,29,愛知県,2022-09-09,1,117122,Inactive,True,
PR0002066,2025-07-11,PC・タブレット,2-in-1 PC,187956,店舗,天王寺店,C00780,長谷川,男,56,東京都,2023-03-20,2,392581,Regular,True,
PR0002067,2025-08-28,エアコン,エアコン 18畳用,204625,店舗,横浜駅前店,C00780,長谷川,男,56,東京都,2023-03-20,2,392581,Regular,False,
PR0002071,2025-02-07,エアコン,エアコン 18畳用,267440,店舗,秋葉原店,C00781,小林,男,55,愛知県,2023-11-26,4,731754,Loyal,False,
PR0002069,2025-01-06,スマートフォン,ハイエンド 1TB,194731,店舗,札幌駅前店,C00781,小林,男,55,愛知県,2023-11-26,4,731754,Loyal,True,
PR0002070,2025-07-11,テレビ,スマートテレビ 43型,197480,店舗,渋谷店,C00781,小林,男,55,愛知県,2023-11-26,4,731754,Loyal,False,
PR0002068,2026-03-21,美容家電・小物,電動歯ブラシ,72103,店舗,新宿店,C00781,小林,男,55,愛知県,2023-11-26,4,731754,Loyal,False,
PR0002073,2023-03-14,オーディオ,サウンドバー,26232,EC,,C00782,小林,女,32,大阪府,2022-03-16,2,96611,Inactive,False,
PR0002072,2022-07-08,美容家電・小物,ヘアアイロン,70379,EC,,C00782,小林,女,32,大阪府,2022-03-16,2,96611,Inactive,True,
PR0002074,2024-04-30,オーディオ,ターンテーブル,23598,店舗,秋葉原店,C00783,小林,男,27,宮城県,2024-01-11,2,217733,Regular,True,
PR0002075,2025-08-25,スマートフォン,最新スマホ 256GB,194135,店舗,札幌駅前店,C00783,小林,男,27,宮城県,2024-01-11,2,217733,Regular,False,
PR0002079,2022-07-14,オーディオ,ターンテーブル,129887,EC,,C00784,前田,女,61,北海道,2021-10-21,4,346625,Loyal,True,
PR0002076,2023-05-14,スマートフォン,コンパクトモデル,91442,EC,,C00784,前田,女,61,北海道,2021-10-21,4,346625,Loyal,False,
PR0002077,2025-08-24,スマートフォン,ミドルレンジ機種,107613,EC,,C00784,前田,女,61,北海道,2021-10-21,4,346625,Loyal,False,833
PR0002078,2025-04-13,美容家電・小物,電動歯ブラシ,17683,店舗,札幌駅前店,C00784,前田,女,61,北海道,2021-10-21,4,346625,Loyal,False,
PR0002083,2026-01-25,PC・タブレット,ノートPC 15型,71315,EC,,C00785,中島,女,51,宮城県,2026-01-17,5,782741,VIP,True,
PR0002082,2026-03-23,スマートフォン,コンパクトモデル,34535,EC,,C00785,中島,女,51,宮城県,2026-01-17,5,782741,VIP,False,
PR0002081,2026-01-29,テレビ,4K テレビ 50型,348328,EC,,C00785,中島,女,51,宮城県,2026-01-17,5,782741,VIP,False,
PR0002080,2026-03-16,洗濯機,乾燥機能付き 10kg,265437,EC,,C00785,中島,女,51,宮城県,2026-01-17,5,782741,VIP,False,
PR0002084,2026-02-02,美容家電・小物,電気シェーバー,63126,EC,,C00785,中島,女,51,宮城県,2026-01-17,5,782741,VIP,False,
PR0002085,2025-05-27,スマートフォン,Pro モデル 512GB,144444,EC,,C00786,遠藤,男,30,埼玉県,2024-10-17,2,382788,Regular,False,
PR0002086,2025-03-12,テレビ,プロジェクター,238344,店舗,札幌駅前店,C00786,遠藤,男,30,埼玉県,2024-10-17,2,382788,Regular,True,
PR0002088,2025-03-30,エアコン,エアコン 6畳用,379546,店舗,名古屋栄店,C00787,前田,男,36,大阪府,2023-08-12,2,406201,Regular,False,
PR0002087,2024-05-22,オーディオ,ホームオーディオ,26655,EC,,C00787,前田,男,36,大阪府,2023-08-12,2,406201,Regular,True,
PR0002092,2025-11-19,エアコン,エアコン 6畳用,151905,EC,,C00788,木村,男,36,宮城県,2022-12-18,4,724927,Loyal,False,
PR0002089,2023-07-03,ゲーム・玩具,据置型ゲーム機,47624,EC,,C00788,木村,男,36,宮城県,2022-12-18,4,724927,Loyal,True,
PR0002090,2025-12-08,スマートフォン,ハイエンド 1TB,46761,EC,,C00788,木村,男,36,宮城県,2022-12-18,4,724927,Loyal,False,
PR0002091,2024-07-23,冷蔵庫,冷蔵庫 500L,478637,EC,,C00788,木村,男,36,宮城県,2022-12-18,4,724927,Loyal,False,
PR0002093,2025-01-30,PC・タブレット,ノートPC 15型,55703,店舗,新宿店,C00789,松本,男,52,兵庫県,2025-01-09,2,305006,Regular,True,
PR0002094,2025-09-25,カメラ・ビデオ,ミラーレス一眼,249303,店舗,横浜駅前店,C00789,松本,男,52,兵庫県,2025-01-09,2,305006,Regular,False,
PR0002095,2026-02-28,カメラ・ビデオ,ビデオカメラ,186857,EC,,C00790,長谷川,男,32,福岡県,2022-12-19,2,611479,Regular,False,
PR0002096,2025-02-01,冷蔵庫,コンパクト冷蔵庫,424622,EC,,C00790,長谷川,男,32,福岡県,2022-12-19,2,611479,Regular,True,
PR0002098,2025-11-11,エアコン,エアコン 10畳用,245966,EC,,C00791,佐藤,女,36,東京都,2025-01-25,2,374915,Regular,True,
PR0002097,2026-02-13,スマートフォン,最新スマホ 256GB,128949,店舗,福岡天神店,C00791,佐藤,女,36,東京都,2025-01-25,2,374915,Regular,False,
PR0002099,2026-03-14,PC・タブレット,タブレット 10型,88241,店舗,大阪梅田店,C00792,山本,女,34,広島県,2024-06-29,2,203499,Regular,False,
PR0002100,2024-12-28,オーディオ,Bluetoothスピーカー,115258,店舗,札幌駅前店,C00792,山本,女,34,広島県,2024-06-29,2,203499,Regular,True,
PR0002101,2022-10-14,エアコン,エアコン 10畳用,174594,EC,,C00793,斎藤,男,27,福岡県,2022-02-27,3,274114,Loyal,True,
PR0002103,2025-06-10,ゲーム・玩具,ゲームソフト,49417,EC,,C00793,斎藤,男,27,福岡県,2022-02-27,3,274114,Loyal,False,
PR0002102,2023-03-06,テレビ,プロジェクター,50103,EC,,C00793,斎藤,男,27,福岡県,2022-02-27,3,274114,Loyal,False,
PR0002104,2025-08-18,カメラ・ビデオ,アクションカメラ,51386,EC,,C00794,小川,女,54,北海道,2024-06-28,5,855142,VIP,False,
PR0002108,2024-08-05,スマートフォン,最新スマホ 256GB,190299,店舗,新宿店,C00794,小川,女,54,北海道,2024-06-28,5,855142,VIP,True,
PR0002106,2025-04-17,テレビ,有機EL 75型,453644,EC,,C00794,小川,女,54,北海道,2024-06-28,5,855142,VIP,False,
PR0002105,2024-10-30,冷蔵庫,冷蔵庫 500L,150524,店舗,札幌駅前店,C00794,小川,女,54,北海道,2024-06-28,5,855142,VIP,False,
PR0002107,2024-12-08,美容家電・小物,美顔器,9289,店舗,大阪梅田店,C00794,小川,女,54,北海道,2024-06-28,5,855142,VIP,False,
PR0002110,2025-10-13,PC・タブレット,ワークステーション,294836,店舗,新宿店,C00795,近藤,男,30,兵庫県,2022-01-20,4,726111,Loyal,False,
PR0002111,2024-11-16,スマートフォン,スタンダード 128GB,33901,店舗,新宿店,C00795,近藤,男,30,兵庫県,2022-01-20,4,726111,Loyal,False,
PR0002109,2022-05-30,テレビ,4K テレビ 50型,378128,EC,,C00795,近藤,男,30,兵庫県,2022-01-20,4,726111,Loyal,True,
PR0002112,2025-05-06,美容家電・小物,マッサージガン,19246,店舗,福岡天神店,C00795,近藤,男,30,兵庫県,2022-01-20,4,726111,Loyal,False,
PR0002113,2024-03-27,スマートフォン,ハイエンド 1TB,81650,店舗,福岡天神店,C00796,岡田,男,53,東京都,2024-03-20,2,100246,Inactive,False,
PR0002114,2024-03-21,美容家電・小物,ヘアアイロン,18596,店舗,渋谷店,C00796,岡田,男,53,東京都,2024-03-20,2,100246,Inactive,True,
PR0002115,2026-01-27,スマートフォン,スタンダード 128GB,118622,店舗,秋葉原店,C00797,斎藤,男,39,千葉県,2025-12-18,1,118622,Light,True,
PR0002116,2025-10-10,テレビ,4K テレビ 65型,379557,店舗,天王寺店,C00798,森,男,46,東京都,2024-06-23,1,379557,Light,True,
PR0002117,2026-02-17,スマートフォン,Pro モデル 512GB,56062,店舗,大阪梅田店,C00799,近藤,男,25,北海道,2025-05-17,1,56062,Light,True,
PR0002121,2025-03-20,PC・タブレット,タブレット 10型,131388,EC,,C00800,山田,男,44,千葉県,2024-06-10,7,772502,VIP,False,
PR0002118,2025-09-12,エアコン,エアコン 18畳用,223857,店舗,横浜駅前店,C00800,山田,男,44,千葉県,2024-06-10,7,772502,VIP,False,
PR0002119,2025-07-25,オーディオ,ワイヤレスイヤホン,15072,EC,,C00800,山田,男,44,千葉県,2024-06-10,7,772502,VIP,False,
PR0002124,2025-06-05,ゲーム・玩具,VR ゴーグル,71865,EC,,C00800,山田,男,44,千葉県,2024-06-10,7,772502,VIP,False,
PR0002120,2025-08-27,スマートフォン,コンパクトモデル,85640,店舗,福岡天神店,C00800,山田,男,44,千葉県,2024-06-10,7,772502,VIP,False,
PR0002122,2024-06-23,冷蔵庫,冷蔵庫 500L,217710,店舗,天王寺店,C00800,山田,男,44,千葉県,2024-06-10,7,772502,VIP,True,
PR0002123,2025-10-15,美容家電・小物,電動歯ブラシ,26970,EC,,C00800,山田,男,44,千葉県,2024-06-10,7,772502,VIP,False,
PR0002125,2025-10-11,エアコン,業務用エアコン,217676,店舗,大阪梅田店,C00801,渡辺,女,53,京都府,2025-01-25,1,217676,Light,True,
PR0002126,2024-03-09,ゲーム・玩具,VR ゴーグル,66946,店舗,池袋店,C00803,山下,女,38,大阪府,2024-02-23,1,66946,Inactive,True,
PR0002128,2023-10-26,オーディオ,ヘッドホン,45517,EC,,C00804,山崎,女,48,兵庫県,2023-03-02,3,487613,Loyal,True,
PR0002127,2024-03-27,テレビ,有機EL 55型,412317,EC,,C00804,山崎,女,48,兵庫県,2023-03-02,3,487613,Loyal,False,
PR0002129,2024-10-08,美容家電・小物,電動歯ブラシ,29779,EC,,C00804,山崎,女,48,兵庫県,2023-03-02,3,487613,Loyal,False,
PR0002131,2025-02-07,スマートフォン,Pro モデル 512GB,132584,EC,,C00805,山田,女,34,福岡県,2024-07-22,2,232751,Regular,False,
PR0002130,2024-12-18,テレビ,4K テレビ 50型,100167,EC,,C00805,山田,女,34,福岡県,2024-07-22,2,232751,Regular,True,
PR0002133,2024-03-20,ゲーム・玩具,ゲームソフト,23308,店舗,福岡天神店,C00806,佐々木,男,61,愛知県,2023-11-05,2,362726,Inactive,False,
PR0002132,2023-11-17,冷蔵庫,冷蔵庫 500L,339418,店舗,渋谷店,C00806,佐々木,男,61,愛知県,2023-11-05,2,362726,Inactive,True,
PR0002140,2025-03-14,PC・タブレット,ゲーミングPC,335343,EC,,C00807,池田,女,62,大阪府,2021-10-23,10,1872140,VIP,False,
PR0002143,2025-09-25,エアコン,エアコン 6畳用,189565,EC,,C00807,池田,女,62,大阪府,2021-10-23,10,1872140,VIP,False,
PR0002134,2024-08-05,オーディオ,ホームオーディオ,51477,店舗,秋葉原店,C00807,池田,女,62,大阪府,2021-10-23,10,1872140,VIP,False,
PR0002141,2022-01-15,カメラ・ビデオ,ミラーレス一眼,59584,EC,,C00807,池田,女,62,大阪府,2021-10-23,10,1872140,VIP,False,
PR0002142,2025-11-01,カメラ・ビデオ,ミラーレス一眼,87265,EC,,C00807,池田,女,62,大阪府,2021-10-23,10,1872140,VIP,False,1386
PR0002136,2023-07-20,スマートフォン,最新スマホ 256GB,127845,EC,,C00807,池田,女,62,大阪府,2021-10-23,10,1872140,VIP,False,
PR0002137,2025-10-03,スマートフォン,スタンダード 128GB,155008,EC,,C00807,池田,女,62,大阪府,2021-10-23,10,1872140,VIP,False,806
PR0002139,2023-06-11,テレビ,スマートテレビ 43型,450671,EC,,C00807,池田,女,62,大阪府,2021-10-23,10,1872140,VIP,False,
PR0002138,2022-01-11,冷蔵庫,冷蔵庫 600L 大型,346624,店舗,秋葉原店,C00807,池田,女,62,大阪府,2021-10-23,10,1872140,VIP,True,
PR0002135,2025-10-07,美容家電・小物,ヘアアイロン,68758,EC,,C00807,池田,女,62,大阪府,2021-10-23,10,1872140,VIP,False,
PR0002147,2024-08-11,PC・タブレット,ワークステーション,99185,EC,,C00808,遠藤,女,51,埼玉県,2023-07-21,5,750804,VIP,False,
PR0002148,2024-04-09,エアコン,エアコン 14畳用,329050,EC,,C00808,遠藤,女,51,埼玉県,2023-07-21,5,750804,VIP,False,
PR0002146,2024-03-25,ゲーム・玩具,コントローラ,49705,店舗,大阪梅田店,C00808,遠藤,女,51,埼玉県,2023-07-21,5,750804,VIP,True,
PR0002145,2025-06-19,スマートフォン,ハイエンド 1TB,94408,店舗,秋葉原店,C00808,遠藤,女,51,埼玉県,2023-07-21,5,750804,VIP,False,
PR0002144,2025-05-17,洗濯機,コンパクト洗濯機,178456,EC,,C00808,遠藤,女,51,埼玉県,2023-07-21,5,750804,VIP,False,
PR0002149,2025-08-25,PC・タブレット,ゲーミングPC,175918,店舗,横浜駅前店,C00809,村上,女,47,北海道,2023-06-05,1,175918,Light,True,
PR0002151,2024-03-24,エアコン,エアコン 10畳用,289176,店舗,大阪梅田店,C00810,石川,女,49,埼玉県,2022-12-07,2,331792,Regular,True,
PR0002150,2024-10-03,美容家電・小物,マッサージガン,42616,EC,,C00810,石川,女,49,埼玉県,2022-12-07,2,331792,Regular,False,
PR0002153,2025-08-19,PC・タブレット,ノートPC 13型,235049,店舗,新宿店,C00811,小林,女,22,北海道,2024-06-26,3,796041,Loyal,False,
PR0002154,2025-06-08,ゲーム・玩具,コントローラ,64756,EC,,C00811,小林,女,22,北海道,2024-06-26,3,796041,Loyal,False,
PR0002152,2025-04-25,テレビ,4K テレビ 65型,496236,EC,,C00811,小林,女,22,北海道,2024-06-26,3,796041,Loyal,True,
PR0002156,2025-11-24,PC・タブレット,ゲーミングPC,349309,店舗,福岡天神店,C00812,佐藤,男,44,大阪府,2025-11-11,2,399114,Regular,True,
PR0002155,2026-03-26,ゲーム・玩具,携帯ゲーム機,49805,EC,,C00812,佐藤,男,44,大阪府,2025-11-11,2,399114,Regular,False,
PR0002157,2025-04-13,PC・タブレット,2-in-1 PC,250332,店舗,横浜駅前店,C00813,山下,男,28,兵庫県,2022-01-08,3,360454,Loyal,False,
PR0002159,2026-03-14,ゲーム・玩具,据置型ゲーム機,44125,EC,,C00813,山下,男,28,兵庫県,2022-01-08,3,360454,Loyal,False,
PR0002158,2024-12-31,スマートフォン,スタンダード 128GB,65997,EC,,C00813,山下,男,28,兵庫県,2022-01-08,3,360454,Loyal,True,
PR0002160,2025-07-26,PC・タブレット,2-in-1 PC,78977,店舗,名古屋栄店,C00814,石川,男,51,北海道,2024-10-07,1,78977,Light,True,
PR0002162,2025-03-12,PC・タブレット,ノートPC 13型,323446,店舗,秋葉原店,C00815,前田,男,69,広島県,2024-12-18,3,932595,Loyal,False,
PR0002161,2025-02-05,スマートフォン,スタンダード 128GB,116256,店舗,天王寺店,C00815,前田,男,69,広島県,2024-12-18,3,932595,Loyal,True,
PR0002163,2025-04-16,冷蔵庫,冷蔵庫 500L,492893,店舗,福岡天神店,C00815,前田,男,69,広島県,2024-12-18,3,932595,Loyal,False,
PR0002164,2023-09-22,カメラ・ビデオ,ドローン,46751,EC,,C00816,後藤,男,42,神奈川県,2023-01-06,1,46751,Inactive,True,
PR0002165,2025-01-25,カメラ・ビデオ,アクションカメラ,207394,店舗,新宿店,C00817,渡辺,男,49,福岡県,2023-03-02,1,207394,Light,True,
PR0002166,2023-10-10,オーディオ,Bluetoothスピーカー,118934,EC,,C00818,田中,男,55,愛知県,2022-04-27,2,604901,Inactive,False,
PR0002167,2022-09-11,テレビ,プロジェクター,485967,EC,,C00818,田中,男,55,愛知県,2022-04-27,2,604901,Inactive,True,
PR0002169,2023-06-22,スマートフォン,ミドルレンジ機種,139256,EC,,C00819,佐藤,女,33,広島県,2022-07-16,2,494046,Inactive,False,
PR0002168,2023-01-15,冷蔵庫,冷蔵庫 600L 大型,354790,EC,,C00819,佐藤,女,33,広島県,2022-07-16,2,494046,Inactive,True,
PR0002170,2026-03-19,PC・タブレット,ノートPC 13型,303630,EC,,C00820,木村,男,53,大阪府,2024-10-19,3,565899,Loyal,False,
PR0002172,2025-03-19,スマートフォン,コンパクトモデル,42716,店舗,池袋店,C00820,木村,男,53,大阪府,2024-10-19,3,565899,Loyal,True,
PR0002171,2025-10-29,テレビ,有機EL 55型,219553,店舗,大阪梅田店,C00820,木村,男,53,大阪府,2024-10-19,3,565899,Loyal,False,
PR0002173,2025-02-15,エアコン,エアコン 14畳用,269666,店舗,秋葉原店,C00821,藤田,男,60,兵庫県,2024-08-03,5,592992,VIP,True,
PR0002175,2025-10-05,カメラ・ビデオ,コンパクトデジカメ,87647,店舗,札幌駅前店,C00821,藤田,男,60,兵庫県,2024-08-03,5,592992,VIP,False,
PR0002174,2025-10-22,テレビ,有機EL 55型,68585,店舗,大阪梅田店,C00821,藤田,男,60,兵庫県,2024-08-03,5,592992,VIP,False,
PR0002177,2025-08-12,冷蔵庫,冷蔵庫 600L 大型,135948,店舗,天王寺店,C00821,藤田,男,60,兵庫県,2024-08-03,5,592992,VIP,False,
PR0002176,2025-04-08,美容家電・小物,美顔器,31146,店舗,札幌駅前店,C00821,藤田,男,60,兵庫県,2024-08-03,5,592992,VIP,False,
PR0002178,2024-06-20,PC・タブレット,ワークステーション,231072,店舗,渋谷店,C00822,田中,男,46,宮城県,2023-04-05,3,991525,Loyal,True,
PR0002179,2025-11-23,エアコン,業務用エアコン,387935,店舗,札幌駅前店,C00822,田中,男,46,宮城県,2023-04-05,3,991525,Loyal,False,
PR0002180,2024-10-05,テレビ,4K テレビ 50型,372518,店舗,新宿店,C00822,田中,男,46,宮城県,2023-04-05,3,991525,Loyal,False,
PR0002182,2026-02-28,オーディオ,Bluetoothスピーカー,54099,店舗,横浜駅前店,C00823,村上,男,24,大阪府,2024-09-10,3,129339,Regular,False,
PR0002181,2026-01-12,ゲーム・玩具,コントローラ,8141,店舗,札幌駅前店,C00823,村上,男,24,大阪府,2024-09-10,3,129339,Regular,False,
PR0002183,2024-12-06,美容家電・小物,マッサージガン,67099,店舗,福岡天神店,C00823,村上,男,24,大阪府,2024-09-10,3,129339,Regular,True,
PR0002184,2025-07-11,PC・タブレット,2-in-1 PC,238640,店舗,新宿店,C00824,木村,女,39,大阪府,2024-05-07,5,1069360,VIP,False,
PR0002187,2025-05-30,エアコン,エアコン 18畳用,337095,店舗,新宿店,C00824,木村,女,39,大阪府,2024-05-07,5,1069360,VIP,False,
PR0002188,2026-01-11,スマートフォン,ハイエンド 1TB,118478,店舗,名古屋栄店,C00824,木村,女,39,大阪府,2024-05-07,5,1069360,VIP,False,
PR0002186,2025-04-30,テレビ,有機EL 55型,318652,店舗,札幌駅前店,C00824,木村,女,39,大阪府,2024-05-07,5,1069360,VIP,False,
PR0002185,2024-08-15,美容家電・小物,電動歯ブラシ,56495,店舗,池袋店,C00824,木村,女,39,大阪府,2024-05-07,5,1069360,VIP,True,
PR0002189,2024-12-28,オーディオ,ヘッドホン,139827,EC,,C00825,岡田,女,33,北海道,2022-06-17,1,139827,Light,True,
PR0002190,2026-01-03,エアコン,エアコン 18畳用,243872,店舗,横浜駅前店,C00826,池田,女,39,愛知県,2025-10-01,1,243872,Light,True,
PR0002193,2025-07-21,ゲーム・玩具,ゲームソフト,67032,店舗,名古屋栄店,C00827,阿部,女,48,大阪府,2025-02-18,4,679906,Loyal,True,
PR0002191,2025-10-25,スマートフォン,ハイエンド 1TB,66275,EC,,C00827,阿部,女,48,大阪府,2025-02-18,4,679906,Loyal,False,
PR0002192,2025-11-11,テレビ,4K テレビ 50型,499887,店舗,福岡天神店,C00827,阿部,女,48,大阪府,2025-02-18,4,679906,Loyal,False,
PR0002194,2025-10-11,美容家電・小物,電気シェーバー,46712,EC,,C00827,阿部,女,48,大阪府,2025-02-18,4,679906,Loyal,False,
PR0002197,2026-01-30,PC・タブレット,タブレット 10型,294870,店舗,横浜駅前店,C00828,中島,男,22,宮城県,2025-09-18,3,436579,Loyal,False,
PR0002196,2025-11-19,ゲーム・玩具,ゲームソフト,41949,店舗,札幌駅前店,C00828,中島,男,22,宮城県,2025-09-18,3,436579,Loyal,False,
PR0002195,2025-09-25,スマートフォン,スタンダード 128GB,99760,店舗,渋谷店,C00828,中島,男,22,宮城県,2025-09-18,3,436579,Loyal,True,
PR0002198,2025-12-12,カメラ・ビデオ,ミラーレス一眼,116572,店舗,福岡天神店,C00829,伊藤,男,33,東京都,2024-08-24,2,160909,Regular,False,
PR0002199,2024-12-13,美容家電・小物,電気シェーバー,44337,EC,,C00829,伊藤,男,33,東京都,2024-08-24,2,160909,Regular,True,
PR0002202,2026-01-08,オーディオ,ヘッドホン,144136,EC,,C00830,橋本,女,74,埼玉県,2021-06-22,3,345226,Loyal,False,
PR0002200,2022-11-20,スマートフォン,スタンダード 128GB,110569,EC,,C00830,橋本,女,74,埼玉県,2021-06-22,3,345226,Loyal,True,
PR0002201,2025-04-23,スマートフォン,最新スマホ 256GB,90521,EC,,C00830,橋本,女,74,埼玉県,2021-06-22,3,345226,Loyal,False,885
PR0002203,2023-12-22,スマートフォン,Pro モデル 512GB,57063,EC,,C00831,田中,男,42,京都府,2022-02-20,2,135279,Inactive,False,
PR0002204,2023-07-30,美容家電・小物,美顔器,78216,EC,,C00831,田中,男,42,京都府,2022-02-20,2,135279,Inactive,True,
PR0002205,2024-11-27,冷蔵庫,コンパクト冷蔵庫,348458,EC,,C00832,鈴木,男,23,福岡県,2021-06-26,2,371551,Regular,True,
PR0002206,2025-08-26,美容家電・小物,電動歯ブラシ,23093,店舗,池袋店,C00832,鈴木,男,23,福岡県,2021-06-26,2,371551,Regular,False,
PR0002208,2022-07-25,カメラ・ビデオ,アクションカメラ,243091,EC,,C00833,斎藤,男,55,神奈川県,2021-07-15,2,497329,Inactive,True,
PR0002207,2023-03-15,テレビ,有機EL 55型,254238,店舗,横浜駅前店,C00833,斎藤,男,55,神奈川県,2021-07-15,2,497329,Inactive,False,
PR0002210,2025-04-24,エアコン,エアコン 6畳用,316169,EC,,C00834,小林,女,40,神奈川県,2025-01-14,3,422603,Loyal,True,
PR0002209,2025-04-26,スマートフォン,最新スマホ 256GB,85490,EC,,C00834,小林,女,40,神奈川県,2025-01-14,3,422603,Loyal,False,
PR0002211,2026-01-10,美容家電・小物,美顔器,20944,EC,,C00834,小林,女,40,神奈川県,2025-01-14,3,422603,Loyal,False,
PR0002213,2025-07-25,エアコン,エアコン 6畳用,356916,店舗,池袋店,C00836,阿部,男,26,大阪府,2024-08-11,4,984365,Loyal,False,
PR0002215,2025-03-07,スマートフォン,Pro モデル 512GB,111260,店舗,天王寺店,C00836,阿部,男,26,大阪府,2024-08-11,4,984365,Loyal,True,
PR0002214,2025-08-24,テレビ,有機EL 55型,236068,EC,,C00836,阿部,男,26,大阪府,2024-08-11,4,984365,Loyal,False,
PR0002212,2025-04-08,洗濯機,全自動 8kg,280121,店舗,名古屋栄店,C00836,阿部,男,26,大阪府,2024-08-11,4,984365,Loyal,False,
PR0002216,2025-06-17,美容家電・小物,ヘアアイロン,63900,EC,,C00837,長谷川,男,40,宮城県,2023-02-25,1,63900,Light,True,
PR0002217,2025-09-01,スマートフォン,ハイエンド 1TB,51120,EC,,C00838,藤田,男,44,愛知県,2025-01-31,1,51120,Light,True,
PR0002219,2025-05-05,テレビ,プロジェクター,260423,店舗,天王寺店,C00839,岡田,女,41,神奈川県,2022-04-14,2,279376,Regular,False,
PR0002218,2024-04-04,美容家電・小物,美顔器,18953,店舗,名古屋栄店,C00839,岡田,女,41,神奈川県,2022-04-14,2,279376,Regular,True,
PR0002220,2022-04-08,冷蔵庫,コンパクト冷蔵庫,383318,店舗,天王寺店,C00840,阿部,男,44,北海道,2021-04-21,1,383318,Inactive,True,
PR0002221,2021-12-11,美容家電・小物,電気シェーバー,5515,EC,,C00841,青木,女,46,東京都,2021-07-13,2,38924,Regular,True,
PR0002222,2025-01-25,美容家電・小物,電動歯ブラシ,33409,EC,,C00841,青木,女,46,東京都,2021-07-13,2,38924,Regular,False,1141
PR0002225,2025-06-30,ゲーム・玩具,VR ゴーグル,63922,EC,,C00842,松本,男,48,兵庫県,2022-08-11,3,278424,Loyal,False,
PR0002223,2025-07-04,スマートフォン,ミドルレンジ機種,109009,店舗,秋葉原店,C00842,松本,男,48,兵庫県,2022-08-11,3,278424,Loyal,False,
PR0002224,2025-03-17,洗濯機,縦型洗濯機,105493,店舗,秋葉原店,C00842,松本,男,48,兵庫県,2022-08-11,3,278424,Loyal,True,
PR0002226,2024-10-18,オーディオ,ホームオーディオ,105858,EC,,C00843,橋本,男,29,大阪府,2024-04-29,5,1380353,VIP,False,
PR0002228,2025-08-16,テレビ,プロジェクター,429878,EC,,C00843,橋本,男,29,大阪府,2024-04-29,5,1380353,VIP,False,
PR0002229,2025-11-02,冷蔵庫,冷蔵庫 400L,488280,EC,,C00843,橋本,男,29,大阪府,2024-04-29,5,1380353,VIP,False,
PR0002227,2025-09-11,洗濯機,コンパクト洗濯機,310527,EC,,C00843,橋本,男,29,大阪府,2024-04-29,5,1380353,VIP,False,
PR0002230,2024-09-07,美容家電・小物,電動歯ブラシ,45810,店舗,池袋店,C00843,橋本,男,29,大阪府,2024-04-29,5,1380353,VIP,True,
PR0002231,2024-03-04,エアコン,エアコン 10畳用,262424,店舗,札幌駅前店,C00844,佐藤,男,38,京都府,2024-02-29,2,414006,Inactive,True,
PR0002232,2024-03-17,オーディオ,ワイヤレスイヤホン,151582,店舗,秋葉原店,C00844,佐藤,男,38,京都府,2024-02-29,2,414006,Inactive,False,
PR0002233,2024-08-30,スマートフォン,スタンダード 128GB,176010,EC,,C00845,清水,女,32,千葉県,2021-09-13,1,176010,Light,True,
PR0002234,2025-05-18,スマートフォン,ミドルレンジ機種,69003,店舗,新宿店,C00846,山口,男,57,埼玉県,2021-06-07,2,357846,Regular,True,
PR0002235,2026-03-20,洗濯機,ドラム式洗濯機,288843,店舗,秋葉原店,C00846,山口,男,57,埼玉県,2021-06-07,2,357846,Regular,False,
PR0002237,2025-08-25,PC・タブレット,2-in-1 PC,268853,EC,,C00847,佐藤,男,55,大阪府,2025-04-22,2,411820,Regular,False,
PR0002236,2025-05-07,テレビ,4K テレビ 65型,142967,店舗,横浜駅前店,C00847,佐藤,男,55,大阪府,2025-04-22,2,411820,Regular,True,
PR0002238,2023-04-15,美容家電・小物,電動歯ブラシ,77701,店舗,新宿店,C00848,石井,男,47,埼玉県,2022-09-07,1,77701,Inactive,True,
PR0002239,2026-02-16,エアコン,エアコン 6畳用,329738,店舗,新宿店,C00849,橋本,女,38,愛知県,2022-06-07,3,439956,Loyal,False,
PR0002240,2024-05-28,ゲーム・玩具,携帯ゲーム機,67318,店舗,大阪梅田店,C00849,橋本,女,38,愛知県,2022-06-07,3,439956,Loyal,False,
PR0002241,2023-02-22,美容家電・小物,マッサージガン,42900,店舗,横浜駅前店,C00849,橋本,女,38,愛知県,2022-06-07,3,439956,Loyal,True,
PR0002242,2025-10-24,スマートフォン,最新スマホ 256GB,66458,EC,,C00850,小川,女,45,千葉県,2024-12-31,1,66458,Light,True,
PR0002244,2025-04-24,エアコン,業務用エアコン,80057,店舗,福岡天神店,C00851,小林,男,50,北海道,2025-04-23,3,449424,Loyal,True,
PR0002245,2025-05-24,オーディオ,サウンドバー,73373,EC,,C00851,小林,男,50,北海道,2025-04-23,3,449424,Loyal,False,
PR0002243,2025-11-07,テレビ,スマートテレビ 43型,295994,店舗,秋葉原店,C00851,小林,男,50,北海道,2025-04-23,3,449424,Loyal,False,
PR0002247,2024-06-19,PC・タブレット,2-in-1 PC,341476,EC,,C00853,近藤,女,42,神奈川県,2022-05-17,2,385635,Regular,True,
PR0002246,2026-02-10,スマートフォン,コンパクトモデル,44159,店舗,渋谷店,C00853,近藤,女,42,神奈川県,2022-05-17,2,385635,Regular,False,
PR0002248,2026-03-23,エアコン,エアコン 14畳用,382155,店舗,新宿店,C00854,遠藤,男,39,兵庫県,2025-12-14,2,637638,Regular,False,
PR0002249,2026-01-29,カメラ・ビデオ,交換レンズ,255483,店舗,池袋店,C00854,遠藤,男,39,兵庫県,2025-12-14,2,637638,Regular,True,
PR0002250,2026-01-13,カメラ・ビデオ,ビデオカメラ,222014,EC,,C00855,前田,男,28,北海道,2026-01-10,2,401737,Regular,True,
PR0002251,2026-02-23,スマートフォン,ミドルレンジ機種,179723,EC,,C00855,前田,男,28,北海道,2026-01-10,2,401737,Regular,False,
PR0002252,2025-11-03,スマートフォン,ハイエンド 1TB,188624,店舗,札幌駅前店,C00856,田中,女,36,兵庫県,2022-05-19,2,242839,Regular,False,
PR0002253,2024-06-16,美容家電・小物,ドライヤー,54215,店舗,大阪梅田店,C00856,田中,女,36,兵庫県,2022-05-19,2,242839,Regular,True,
PR0002255,2026-02-19,洗濯機,乾燥機能付き 10kg,324922,店舗,池袋店,C00857,後藤,男,56,愛知県,2021-08-15,2,352046,Regular,False,
PR0002254,2023-10-09,美容家電・小物,電気シェーバー,27124,EC,,C00857,後藤,男,56,愛知県,2021-08-15,2,352046,Regular,True,
PR0002258,2026-01-02,エアコン,業務用エアコン,151039,店舗,名古屋栄店,C00858,遠藤,女,41,宮城県,2025-11-06,3,220441,Loyal,False,
PR0002256,2025-12-12,ゲーム・玩具,ゲームソフト,14793,EC,,C00858,遠藤,女,41,宮城県,2025-11-06,3,220441,Loyal,True,
PR0002257,2026-03-03,美容家電・小物,ヘアアイロン,54609,EC,,C00858,遠藤,女,41,宮城県,2025-11-06,3,220441,Loyal,False,
PR0002259,2024-04-18,PC・タブレット,2-in-1 PC,289488,店舗,名古屋栄店,C00859,山本,男,60,埼玉県,2024-01-23,2,579254,Inactive,False,
PR0002260,2024-02-18,テレビ,有機EL 55型,289766,店舗,大阪梅田店,C00859,山本,男,60,埼玉県,2024-01-23,2,579254,Inactive,True,
PR0002262,2025-05-20,PC・タブレット,ノートPC 13型,107035,EC,,C00860,小川,女,37,埼玉県,2023-03-31,2,128673,Regular,False,
PR0002261,2024-09-07,ゲーム・玩具,携帯ゲーム機,21638,EC,,C00860,小川,女,37,埼玉県,2023-03-31,2,128673,Regular,True,
PR0002263,2025-09-05,スマートフォン,ハイエンド 1TB,42836,店舗,秋葉原店,C00861,遠藤,女,53,埼玉県,2025-03-25,2,230819,Regular,True,
PR0002264,2025-12-05,洗濯機,全自動 8kg,187983,EC,,C00861,遠藤,女,53,埼玉県,2025-03-25,2,230819,Regular,False,
PR0002265,2025-07-15,ゲーム・玩具,VR ゴーグル,77450,店舗,横浜駅前店,C00862,池田,男,45,千葉県,2024-07-15,2,157269,Regular,False,
PR0002266,2025-05-16,美容家電・小物,電動歯ブラシ,79819,EC,,C00862,池田,男,45,千葉県,2024-07-15,2,157269,Regular,True,
PR0002268,2023-11-25,エアコン,エアコン 18畳用,181262,店舗,横浜駅前店,C00863,坂本,女,22,北海道,2023-09-23,3,582029,Loyal,False,
PR0002267,2023-10-28,カメラ・ビデオ,交換レンズ,245916,EC,,C00863,坂本,女,22,北海道,2023-09-23,3,582029,Loyal,True,
PR0002269,2026-01-06,テレビ,スマートテレビ 43型,154851,EC,,C00863,坂本,女,22,北海道,2023-09-23,3,582029,Loyal,False,
PR0002271,2025-09-11,PC・タブレット,ワークステーション,241810,店舗,名古屋栄店,C00864,近藤,男,31,埼玉県,2023-12-31,3,385804,Loyal,False,
PR0002272,2024-03-10,テレビ,有機EL 75型,90209,店舗,札幌駅前店,C00864,近藤,男,31,埼玉県,2023-12-31,3,385804,Loyal,False,
PR0002270,2024-02-27,美容家電・小物,電気シェーバー,53785,店舗,池袋店,C00864,近藤,男,31,埼玉県,2023-12-31,3,385804,Loyal,True,
PR0002273,2023-07-22,ゲーム・玩具,携帯ゲーム機,65977,店舗,札幌駅前店,C00865,岡田,女,67,神奈川県,2023-02-23,1,65977,Inactive,True,
PR0002275,2025-03-16,テレビ,プロジェクター,57840,店舗,池袋店,C00866,橋本,男,45,京都府,2024-11-11,2,63035,Regular,True,
PR0002274,2026-01-26,美容家電・小物,電気シェーバー,5195,店舗,横浜駅前店,C00866,橋本,男,45,京都府,2024-11-11,2,63035,Regular,False,
PR0002277,2026-02-11,テレビ,スマートテレビ 43型,170715,店舗,渋谷店,C00867,近藤,男,46,神奈川県,2025-09-25,2,352260,Regular,False,
PR0002276,2026-01-20,洗濯機,乾燥機能付き 10kg,181545,EC,,C00867,近藤,男,46,神奈川県,2025-09-25,2,352260,Regular,True,
PR0002279,2023-02-19,PC・タブレット,ノートPC 15型,229092,EC,,C00868,阿部,女,50,神奈川県,2021-12-21,2,287813,Inactive,False,
PR0002278,2022-05-01,美容家電・小物,ドライヤー,58721,EC,,C00868,阿部,女,50,神奈川県,2021-12-21,2,287813,Inactive,True,
PR0002280,2023-03-31,PC・タブレット,ワークステーション,141576,店舗,天王寺店,C00869,遠藤,男,22,京都府,2022-07-02,2,197788,Regular,True,
PR0002281,2024-11-11,美容家電・小物,ヘアアイロン,56212,店舗,天王寺店,C00869,遠藤,男,22,京都府,2022-07-02,2,197788,Regular,False,
PR0002282,2025-11-13,エアコン,エアコン 10畳用,169649,EC,,C00871,小川,女,55,広島県,2025-03-04,2,222760,Regular,False,
PR0002283,2025-05-06,美容家電・小物,ヘアアイロン,53111,EC,,C00871,小川,女,55,広島県,2025-03-04,2,222760,Regular,True,
PR0002285,2023-10-19,エアコン,業務用エアコン,101670,店舗,渋谷店,C00872,山口,男,49,宮城県,2023-05-10,2,147801,Inactive,False,
PR0002284,2023-05-18,美容家電・小物,美顔器,46131,EC,,C00872,山口,男,49,宮城県,2023-05-10,2,147801,Inactive,True,
PR0002288,2026-03-17,PC・タブレット,ノートPC 15型,244627,EC,,C00873,佐々木,女,67,兵庫県,2025-09-20,3,433266,Loyal,False,
PR0002287,2026-03-10,エアコン,エアコン 18畳用,139804,店舗,福岡天神店,C00873,佐々木,女,67,兵庫県,2025-09-20,3,433266,Loyal,False,
PR0002286,2025-10-26,スマートフォン,最新スマホ 256GB,48835,EC,,C00873,佐々木,女,67,兵庫県,2025-09-20,3,433266,Loyal,True,
PR0002289,2024-10-27,PC・タブレット,タブレット 10型,163435,店舗,渋谷店,C00874,松本,女,50,埼玉県,2023-08-30,4,988634,Loyal,False,
PR0002290,2025-01-03,スマートフォン,ミドルレンジ機種,31990,店舗,新宿店,C00874,松本,女,50,埼玉県,2023-08-30,4,988634,Loyal,False,
PR0002291,2024-07-04,テレビ,有機EL 75型,466779,EC,,C00874,松本,女,50,埼玉県,2023-08-30,4,988634,Loyal,True,
PR0002292,2024-07-27,洗濯機,乾燥機能付き 10kg,326430,店舗,大阪梅田店,C00874,松本,女,50,埼玉県,2023-08-30,4,988634,Loyal,False,
PR0002293,2024-11-21,スマートフォン,最新スマホ 256GB,105718,店舗,渋谷店,C00875,高橋,男,39,北海道,2022-06-15,2,378210,Regular,False,
PR0002294,2024-08-11,洗濯機,縦型洗濯機,272492,EC,,C00875,高橋,男,39,北海道,2022-06-15,2,378210,Regular,True,
PR0002297,2025-03-25,PC・タブレット,2-in-1 PC,330460,店舗,新宿店,C00877,後藤,男,74,宮城県,2024-10-03,3,842369,Loyal,False,
PR0002296,2025-01-16,エアコン,業務用エアコン,252546,店舗,横浜駅前店,C00877,後藤,男,74,宮城県,2024-10-03,3,842369,Loyal,True,
PR0002295,2026-02-18,洗濯機,縦型洗濯機,259363,店舗,札幌駅前店,C00877,後藤,男,74,宮城県,2024-10-03,3,842369,Loyal,False,
PR0002298,2025-09-20,PC・タブレット,ワークステーション,86812,EC,,C00878,木村,男,42,北海道,2024-01-18,2,508027,Regular,False,
PR0002299,2024-02-09,冷蔵庫,冷蔵庫 400L,421215,店舗,渋谷店,C00878,木村,男,42,北海道,2024-01-18,2,508027,Regular,True,
PR0002300,2025-12-17,カメラ・ビデオ,ミラーレス一眼,291051,店舗,天王寺店,C00879,高橋,男,59,兵庫県,2025-11-01,2,673606,Regular,True,
PR0002301,2026-02-07,テレビ,4K テレビ 50型,382555,店舗,大阪梅田店,C00879,高橋,男,59,兵庫県,2025-11-01,2,673606,Regular,False,
PR0002302,2023-02-15,カメラ・ビデオ,ビデオカメラ,157157,店舗,秋葉原店,C00880,中島,男,69,東京都,2021-12-17,1,157157,Inactive,True,
PR0002303,2025-10-31,PC・タブレット,ゲーミングPC,248844,EC,,C00881,前田,男,54,愛知県,2024-06-21,3,522040,Loyal,False,
PR0002305,2024-08-24,カメラ・ビデオ,ビデオカメラ,179653,店舗,秋葉原店,C00881,前田,男,54,愛知県,2024-06-21,3,522040,Loyal,True,
PR0002304,2025-04-22,スマートフォン,ミドルレンジ機種,93543,店舗,天王寺店,C00881,前田,男,54,愛知県,2024-06-21,3,522040,Loyal,False,
PR0002306,2025-02-09,カメラ・ビデオ,アクションカメラ,244601,店舗,大阪梅田店,C00882,近藤,男,29,兵庫県,2024-12-16,2,280758,Regular,True,
PR0002307,2025-11-27,スマートフォン,コンパクトモデル,36157,店舗,渋谷店,C00882,近藤,男,29,兵庫県,2024-12-16,2,280758,Regular,False,
PR0002309,2025-02-02,カメラ・ビデオ,ドローン,213898,EC,,C00883,岡田,女,23,京都府,2024-08-17,2,263890,Regular,True,
PR0002308,2025-04-08,スマートフォン,Pro モデル 512GB,49992,店舗,名古屋栄店,C00883,岡田,女,23,京都府,2024-08-17,2,263890,Regular,False,
PR0002310,2025-02-14,PC・タブレット,タブレット 10型,150723,店舗,池袋店,C00884,清水,男,54,北海道,2022-09-10,2,293776,Regular,True,
PR0002311,2025-10-11,テレビ,4K テレビ 50型,143053,店舗,名古屋栄店,C00884,清水,男,54,北海道,2022-09-10,2,293776,Regular,False,
PR0002312,2023-12-09,スマートフォン,Pro モデル 512GB,143461,EC,,C00885,清水,女,51,兵庫県,2022-12-18,1,143461,Inactive,True,
PR0002313,2025-03-22,オーディオ,Bluetoothスピーカー,153693,EC,,C00886,石川,男,50,東京都,2024-10-09,2,267595,Regular,True,
PR0002314,2025-04-11,洗濯機,縦型洗濯機,113902,店舗,秋葉原店,C00886,石川,男,50,東京都,2024-10-09,2,267595,Regular,False,
PR0002315,2024-03-21,ゲーム・玩具,ゲームソフト,9507,EC,,C00887,伊藤,男,45,広島県,2022-01-29,1,9507,Inactive,True,
PR0002316,2024-11-10,カメラ・ビデオ,コンパクトデジカメ,175821,店舗,秋葉原店,C00888,松本,女,44,神奈川県,2022-10-02,2,217817,Regular,False,
PR0002317,2023-03-25,美容家電・小物,電動歯ブラシ,41996,店舗,名古屋栄店,C00888,松本,女,44,神奈川県,2022-10-02,2,217817,Regular,True,
PR0002318,2026-02-19,PC・タブレット,ノートPC 13型,273441,店舗,秋葉原店,C00889,近藤,女,51,埼玉県,2024-09-28,1,273441,Light,True,
PR0002320,2025-12-24,PC・タブレット,ノートPC 13型,51503,店舗,大阪梅田店,C00890,木村,女,50,神奈川県,2022-11-20,4,441552,Loyal,False,
PR0002319,2024-05-20,オーディオ,ヘッドホン,182550,EC,,C00890,木村,女,50,神奈川県,2022-11-20,4,441552,Loyal,False,
PR0002321,2023-04-04,テレビ,有機EL 55型,182785,EC,,C00890,木村,女,50,神奈川県,2022-11-20,4,441552,Loyal,True,
PR0002322,2024-12-22,美容家電・小物,電動歯ブラシ,24714,店舗,池袋店,C00890,木村,女,50,神奈川県,2022-11-20,4,441552,Loyal,False,
PR0002324,2024-01-13,PC・タブレット,ノートPC 13型,100726,店舗,池袋店,C00891,松本,女,37,東京都,2023-11-10,3,633450,Loyal,True,
PR0002323,2024-11-01,テレビ,プロジェクター,477024,EC,,C00891,松本,女,37,東京都,2023-11-10,3,633450,Loyal,False,
PR0002325,2024-03-31,美容家電・小物,ヘアアイロン,55700,店舗,札幌駅前店,C00891,松本,女,37,東京都,2023-11-10,3,633450,Loyal,False,
PR0002326,2024-05-29,冷蔵庫,コンパクト冷蔵庫,254524,EC,,C00892,坂本,女,33,京都府,2022-09-08,1,254524,Light,True,
PR0002327,2025-06-05,エアコン,エアコン 14畳用,371169,店舗,福岡天神店,C00893,中島,女,45,大阪府,2024-04-29,2,527232,Regular,False,
PR0002328,2024-05-05,洗濯機,コンパクト洗濯機,156063,店舗,札幌駅前店,C00893,中島,女,45,大阪府,2024-04-29,2,527232,Regular,True,
PR0002329,2023-12-16,PC・タブレット,2-in-1 PC,170729,店舗,名古屋栄店,C00894,藤田,男,52,神奈川県,2023-10-18,2,245702,Regular,True,
PR0002330,2025-11-26,オーディオ,サウンドバー,74973,EC,,C00894,藤田,男,52,神奈川県,2023-10-18,2,245702,Regular,False,
PR0002334,2024-05-05,PC・タブレット,ノートPC 13型,147324,店舗,大阪梅田店,C00895,森,男,26,福岡県,2024-02-10,6,1492397,VIP,False,
PR0002332,2025-01-04,オーディオ,ワイヤレスイヤホン,162798,店舗,横浜駅前店,C00895,森,男,26,福岡県,2024-02-10,6,1492397,VIP,False,
PR0002331,2026-02-23,ゲーム・玩具,ボードゲーム,53588,店舗,新宿店,C00895,森,男,26,福岡県,2024-02-10,6,1492397,VIP,False,
PR0002336,2024-12-16,スマートフォン,ハイエンド 1TB,190776,店舗,横浜駅前店,C00895,森,男,26,福岡県,2024-02-10,6,1492397,VIP,False,
PR0002333,2025-02-23,テレビ,4K テレビ 65型,487245,店舗,池袋店,C00895,森,男,26,福岡県,2024-02-10,6,1492397,VIP,False,
PR0002335,2024-03-31,冷蔵庫,冷蔵庫 500L,450666,店舗,名古屋栄店,C00895,森,男,26,福岡県,2024-02-10,6,1492397,VIP,True,
PR0002337,2026-03-04,PC・タブレット,ノートPC 15型,340263,店舗,大阪梅田店,C00896,近藤,女,31,千葉県,2025-09-14,3,625716,Loyal,False,
PR0002338,2025-10-05,オーディオ,ワイヤレスイヤホン,194735,店舗,札幌駅前店,C00896,近藤,女,31,千葉県,2025-09-14,3,625716,Loyal,False,
PR0002339,2025-09-16,スマートフォン,Pro モデル 512GB,90718,EC,,C00896,近藤,女,31,千葉県,2025-09-14,3,625716,Loyal,True,
PR0002340,2022-01-14,エアコン,業務用エアコン,227812,EC,,C00897,山口,女,63,兵庫県,2021-12-26,2,351109,Inactive,True,
PR0002341,2022-03-14,冷蔵庫,冷蔵庫 600L 大型,123297,EC,,C00897,山口,女,63,兵庫県,2021-12-26,2,351109,Inactive,False,
PR0002343,2024-03-13,PC・タブレット,タブレット 10型,174017,EC,,C00898,田中,女,34,福岡県,2023-12-04,2,338741,Regular,True,
PR0002342,2025-03-21,オーディオ,Bluetoothスピーカー,164724,店舗,福岡天神店,C00898,田中,女,34,福岡県,2023-12-04,2,338741,Regular,False,
PR0002344,2025-05-21,スマートフォン,コンパクトモデル,78978,店舗,池袋店,C00899,佐藤,男,48,広島県,2022-12-28,3,467729,Loyal,False,
PR0002346,2024-08-08,冷蔵庫,コンパクト冷蔵庫,359609,EC,,C00899,佐藤,男,48,広島県,2022-12-28,3,467729,Loyal,False,
PR0002345,2024-05-15,美容家電・小物,美顔器,29142,店舗,秋葉原店,C00899,佐藤,男,48,広島県,2022-12-28,3,467729,Loyal,True,
PR0002350,2025-06-07,エアコン,エアコン 18畳用,323916,EC,,C00900,木村,男,31,千葉県,2025-04-06,5,604530,VIP,False,
PR0002347,2025-04-12,ゲーム・玩具,VR ゴーグル,18470,店舗,大阪梅田店,C00900,木村,男,31,千葉県,2025-04-06,5,604530,VIP,True,
PR0002351,2025-06-21,スマートフォン,最新スマホ 256GB,68759,EC,,C00900,木村,男,31,千葉県,2025-04-06,5,604530,VIP,False,
PR0002348,2025-10-11,テレビ,有機EL 55型,64393,店舗,札幌駅前店,C00900,木村,男,31,千葉県,2025-04-06,5,604530,VIP,False,
PR0002349,2025-10-29,洗濯機,ドラム式洗濯機,128992,店舗,大阪梅田店,C00900,木村,男,31,千葉県,2025-04-06,5,604530,VIP,False,
PR0002352,2025-11-26,カメラ・ビデオ,ビデオカメラ,253397,EC,,C00901,山田,女,55,福岡県,2025-10-01,3,730636,Loyal,False,
PR0002354,2026-03-30,冷蔵庫,冷蔵庫 500L,413568,EC,,C00901,山田,女,55,福岡県,2025-10-01,3,730636,Loyal,False,
PR0002353,2025-11-23,美容家電・小物,マッサージガン,63671,EC,,C00901,山田,女,55,福岡県,2025-10-01,3,730636,Loyal,True,
PR0002355,2025-08-31,オーディオ,ワイヤレスイヤホン,150199,EC,,C00902,阿部,女,41,東京都,2025-01-30,1,150199,Light,True,
PR0002356,2026-03-02,PC・タブレット,ゲーミングPC,292916,EC,,C00903,山口,女,25,埼玉県,2025-10-27,1,292916,Light,True,
PR0002357,2023-05-02,スマートフォン,コンパクトモデル,63442,EC,,C00904,森,女,57,大阪府,2022-05-13,1,63442,Inactive,True,
PR0002358,2023-04-15,テレビ,有機EL 75型,474679,EC,,C00905,清水,男,52,愛知県,2023-04-04,3,631207,Loyal,True,
PR0002359,2024-11-21,洗濯機,縦型洗濯機,121480,EC,,C00905,清水,男,52,愛知県,2023-04-04,3,631207,Loyal,False,
PR0002360,2025-08-19,美容家電・小物,ヘアアイロン,35048,EC,,C00905,清水,男,52,愛知県,2023-04-04,3,631207,Loyal,False,
PR0002363,2022-12-29,エアコン,エアコン 10畳用,266199,店舗,池袋店,C00906,長谷川,女,34,東京都,2021-05-04,3,550420,Inactive,False,
PR0002361,2021-05-25,スマートフォン,ミドルレンジ機種,84877,店舗,渋谷店,C00906,長谷川,女,34,東京都,2021-05-04,3,550420,Inactive,True,
PR0002362,2023-12-28,スマートフォン,コンパクトモデル,199344,店舗,横浜駅前店,C00906,長谷川,女,34,東京都,2021-05-04,3,550420,Inactive,False,947
PR0002366,2024-09-03,オーディオ,ヘッドホン,115881,EC,,C00907,小川,男,61,福岡県,2021-04-14,3,443627,Loyal,False,
PR0002364,2023-12-10,ゲーム・玩具,ゲームソフト,59697,店舗,大阪梅田店,C00907,小川,男,61,福岡県,2021-04-14,3,443627,Loyal,True,
PR0002365,2024-05-06,洗濯機,ドラム式洗濯機,268049,EC,,C00907,小川,男,61,福岡県,2021-04-14,3,443627,Loyal,False,
PR0002367,2025-03-28,オーディオ,ターンテーブル,95654,EC,,C00908,山口,女,22,北海道,2022-06-24,2,222282,Regular,False,
PR0002368,2024-09-08,スマートフォン,スタンダード 128GB,126628,EC,,C00908,山口,女,22,北海道,2022-06-24,2,222282,Regular,True,
PR0002371,2025-08-06,ゲーム・玩具,携帯ゲーム機,50686,店舗,札幌駅前店,C00909,松本,女,34,京都府,2025-06-22,3,404874,Loyal,True,
PR0002370,2026-03-10,冷蔵庫,フレンチドア 700L,301146,店舗,札幌駅前店,C00909,松本,女,34,京都府,2025-06-22,3,404874,Loyal,False,
PR0002369,2025-08-08,美容家電・小物,電動歯ブラシ,53042,店舗,渋谷店,C00909,松本,女,34,京都府,2025-06-22,3,404874,Loyal,False,
PR0002372,2024-12-21,スマートフォン,コンパクトモデル,40313,店舗,渋谷店,C00911,中島,男,64,東京都,2022-01-02,1,40313,Light,True,
PR0002373,2025-09-19,PC・タブレット,ノートPC 13型,238156,EC,,C00912,森,女,43,大阪府,2024-02-10,2,285799,Regular,False,
PR0002374,2024-04-02,スマートフォン,ハイエンド 1TB,47643,EC,,C00912,森,女,43,大阪府,2024-02-10,2,285799,Regular,True,
PR0002375,2026-03-26,PC・タブレット,2-in-1 PC,212891,店舗,大阪梅田店,C00913,井上,男,63,千葉県,2024-12-25,2,377072,Regular,False,
PR0002376,2025-08-29,オーディオ,ターンテーブル,164181,EC,,C00913,井上,男,63,千葉県,2024-12-25,2,377072,Regular,True,
PR0002377,2026-01-08,オーディオ,ホームオーディオ,115815,店舗,池袋店,C00914,林,男,28,千葉県,2024-05-12,1,115815,Light,True,
PR0002378,2025-07-24,オーディオ,ホームオーディオ,191759,EC,,C00915,山下,男,47,埼玉県,2024-10-09,2,251875,Regular,True,
PR0002379,2025-12-22,ゲーム・玩具,携帯ゲーム機,60116,店舗,天王寺店,C00915,山下,男,47,埼玉県,2024-10-09,2,251875,Regular,False,
PR0002380,2023-04-16,オーディオ,ヘッドホン,119169,店舗,新宿店,C00916,伊藤,女,32,埼玉県,2022-02-13,2,125429,Inactive,False,
PR0002381,2022-11-23,美容家電・小物,美顔器,6260,EC,,C00916,伊藤,女,32,埼玉県,2022-02-13,2,125429,Inactive,True,
PR0002382,2023-10-08,スマートフォン,コンパクトモデル,142803,店舗,新宿店,C00917,長谷川,男,39,千葉県,2023-03-27,2,307044,Regular,True,
PR0002383,2025-12-21,スマートフォン,ハイエンド 1TB,164241,EC,,C00917,長谷川,男,39,千葉県,2023-03-27,2,307044,Regular,False,805
PR0002384,2025-06-23,スマートフォン,Pro モデル 512GB,90953,EC,,C00918,山崎,女,61,神奈川県,2024-11-04,2,111359,Regular,False,
PR0002385,2025-01-05,美容家電・小物,電気シェーバー,20406,EC,,C00918,山崎,女,61,神奈川県,2024-11-04,2,111359,Regular,True,
PR0002386,2023-01-20,PC・タブレット,ワークステーション,316835,店舗,名古屋栄店,C00919,山崎,男,29,埼玉県,2022-10-20,2,377220,Regular,True,
PR0002387,2025-08-30,ゲーム・玩具,据置型ゲーム機,60385,EC,,C00919,山崎,男,29,埼玉県,2022-10-20,2,377220,Regular,False,
PR0002391,2022-11-10,オーディオ,Bluetoothスピーカー,122360,店舗,横浜駅前店,C00920,加藤,男,64,兵庫県,2022-04-17,5,349019,Loyal,True,
PR0002392,2026-01-02,カメラ・ビデオ,ビデオカメラ,96622,店舗,渋谷店,C00920,加藤,男,64,兵庫県,2022-04-17,5,349019,Loyal,False,
PR0002390,2022-12-20,ゲーム・玩具,携帯ゲーム機,12641,EC,,C00920,加藤,男,64,兵庫県,2022-04-17,5,349019,Loyal,False,
PR0002388,2023-07-18,美容家電・小物,マッサージガン,62542,店舗,池袋店,C00920,加藤,男,64,兵庫県,2022-04-17,5,349019,Loyal,False,
PR0002389,2025-11-26,美容家電・小物,ドライヤー,54854,店舗,天王寺店,C00920,加藤,男,64,兵庫県,2022-04-17,5,349019,Loyal,False,862
PR0002396,2026-02-06,PC・タブレット,タブレット 10型,346517,店舗,名古屋栄店,C00921,佐々木,男,55,大阪府,2025-09-17,4,1306104,Loyal,False,
PR0002395,2026-03-25,スマートフォン,Pro モデル 512GB,189811,EC,,C00921,佐々木,男,55,大阪府,2025-09-17,4,1306104,Loyal,False,
PR0002393,2026-03-16,テレビ,4K テレビ 65型,374918,EC,,C00921,佐々木,男,55,大阪府,2025-09-17,4,1306104,Loyal,False,
PR0002394,2026-01-08,冷蔵庫,冷蔵庫 600L 大型,394858,EC,,C00921,佐々木,男,55,大阪府,2025-09-17,4,1306104,Loyal,True,
PR0002398,2023-06-29,スマートフォン,ミドルレンジ機種,160983,EC,,C00922,斎藤,女,45,埼玉県,2021-06-02,3,432823,Loyal,True,
PR0002399,2025-09-22,スマートフォン,ミドルレンジ機種,118411,EC,,C00922,斎藤,女,45,埼玉県,2021-06-02,3,432823,Loyal,False,816
PR0002397,2024-03-25,テレビ,スマートテレビ 43型,153429,EC,,C00922,斎藤,女,45,埼玉県,2021-06-02,3,432823,Loyal,False,
PR0002405,2024-03-08,PC・タブレット,2-in-1 PC,287506,店舗,新宿店,C00923,井上,女,73,愛知県,2022-06-09,6,918689,VIP,False,
PR0002403,2023-04-04,カメラ・ビデオ,ドローン,296971,EC,,C00923,井上,女,73,愛知県,2022-06-09,6,918689,VIP,True,
PR0002400,2023-10-20,スマートフォン,スタンダード 128GB,105485,店舗,池袋店,C00923,井上,女,73,愛知県,2022-06-09,6,918689,VIP,False,
PR0002401,2025-11-26,スマートフォン,ハイエンド 1TB,60663,店舗,名古屋栄店,C00923,井上,女,73,愛知県,2022-06-09,6,918689,VIP,False,768
PR0002402,2026-03-06,洗濯機,全自動 8kg,100996,EC,,C00923,井上,女,73,愛知県,2022-06-09,6,918689,VIP,False,
PR0002404,2025-12-14,美容家電・小物,ヘアアイロン,67068,店舗,秋葉原店,C00923,井上,女,73,愛知県,2022-06-09,6,918689,VIP,False,
PR0002407,2026-01-20,カメラ・ビデオ,アクションカメラ,245253,店舗,福岡天神店,C00924,吉田,女,48,愛知県,2023-10-30,2,272070,Regular,False,
PR0002406,2023-12-07,美容家電・小物,美顔器,26817,店舗,横浜駅前店,C00924,吉田,女,48,愛知県,2023-10-30,2,272070,Regular,True,
PR0002408,2025-10-20,PC・タブレット,ノートPC 13型,62692,店舗,池袋店,C00925,清水,男,65,神奈川県,2023-04-12,5,530070,VIP,False,
PR0002410,2023-07-01,スマートフォン,Pro モデル 512GB,30067,店舗,新宿店,C00925,清水,男,65,神奈川県,2023-04-12,5,530070,VIP,False,
PR0002411,2025-10-17,スマートフォン,Pro モデル 512GB,98275,店舗,福岡天神店,C00925,清水,男,65,神奈川県,2023-04-12,5,530070,VIP,False,839
PR0002409,2023-06-19,テレビ,4K テレビ 65型,233525,EC,,C00925,清水,男,65,神奈川県,2023-04-12,5,530070,VIP,True,
PR0002412,2023-07-17,洗濯機,ドラム式洗濯機,105511,EC,,C00925,清水,男,65,神奈川県,2023-04-12,5,530070,VIP,False,
PR0002415,2025-04-30,PC・タブレット,2-in-1 PC,293674,EC,,C00926,鈴木,女,40,東京都,2024-01-26,3,446230,Loyal,False,
PR0002413,2024-09-12,スマートフォン,Pro モデル 512GB,61336,EC,,C00926,鈴木,女,40,東京都,2024-01-26,3,446230,Loyal,True,
PR0002414,2025-05-22,洗濯機,全自動 8kg,91220,EC,,C00926,鈴木,女,40,東京都,2024-01-26,3,446230,Loyal,False,
PR0002417,2026-01-28,PC・タブレット,タブレット 10型,73991,EC,,C00928,渡辺,男,44,福岡県,2025-11-20,3,438594,Loyal,False,
PR0002416,2025-11-20,ゲーム・玩具,ボードゲーム,50950,店舗,池袋店,C00928,渡辺,男,44,福岡県,2025-11-20,3,438594,Loyal,True,
PR0002418,2025-12-03,洗濯機,乾燥機能付き 10kg,313653,EC,,C00928,渡辺,男,44,福岡県,2025-11-20,3,438594,Loyal,False,
PR0002419,2023-06-15,テレビ,プロジェクター,136475,EC,,C00929,岡田,男,36,宮城県,2022-01-26,2,529180,Inactive,False,
PR0002420,2023-03-02,冷蔵庫,冷蔵庫 400L,392705,EC,,C00929,岡田,男,36,宮城県,2022-01-26,2,529180,Inactive,True,
PR0002423,2025-10-08,PC・タブレット,2-in-1 PC,148498,EC,,C00930,木村,女,65,福岡県,2025-02-16,3,344274,Loyal,False,
PR0002421,2025-09-10,スマートフォン,Pro モデル 512GB,156028,店舗,横浜駅前店,C00930,木村,女,65,福岡県,2025-02-16,3,344274,Loyal,False,
PR0002422,2025-09-02,美容家電・小物,電動歯ブラシ,39748,店舗,名古屋栄店,C00930,木村,女,65,福岡県,2025-02-16,3,344274,Loyal,True,
PR0002426,2021-10-06,エアコン,エアコン 6畳用,192964,店舗,新宿店,C00931,山本,男,64,東京都,2021-09-27,3,684271,Inactive,True,
PR0002424,2024-02-13,カメラ・ビデオ,ビデオカメラ,229184,EC,,C00931,山本,男,64,東京都,2021-09-27,3,684271,Inactive,False,
PR0002425,2021-11-21,洗濯機,全自動 8kg,262123,EC,,C00931,山本,男,64,東京都,2021-09-27,3,684271,Inactive,False,
PR0002427,2023-12-21,ゲーム・玩具,VR ゴーグル,54860,店舗,名古屋栄店,C00932,井上,女,28,東京都,2023-12-08,2,234838,Inactive,True,
PR0002428,2024-01-19,スマートフォン,スタンダード 128GB,179978,EC,,C00932,井上,女,28,東京都,2023-12-08,2,234838,Inactive,False,
PR0002430,2026-01-01,ゲーム・玩具,VR ゴーグル,55737,店舗,渋谷店,C00933,山崎,女,22,東京都,2022-05-24,2,66438,Regular,False,
PR0002429,2023-08-19,美容家電・小物,電動歯ブラシ,10701,店舗,横浜駅前店,C00933,山崎,女,22,東京都,2022-05-24,2,66438,Regular,True,
PR0002432,2025-08-16,PC・タブレット,タブレット 10型,157791,店舗,福岡天神店,C00934,青木,男,49,北海道,2025-05-31,3,715728,Loyal,False,
PR0002433,2025-09-08,テレビ,有機EL 55型,365765,EC,,C00934,青木,男,49,北海道,2025-05-31,3,715728,Loyal,False,
PR0002431,2025-08-10,冷蔵庫,冷蔵庫 400L,192172,EC,,C00934,青木,男,49,北海道,2025-05-31,3,715728,Loyal,True,
PR0002435,2024-04-25,スマートフォン,ハイエンド 1TB,102710,店舗,秋葉原店,C00935,橋本,女,34,北海道,2024-02-24,3,606463,Loyal,True,
PR0002436,2024-07-31,冷蔵庫,コンパクト冷蔵庫,466736,店舗,名古屋栄店,C00935,橋本,女,34,北海道,2024-02-24,3,606463,Loyal,False,
PR0002434,2025-03-21,美容家電・小物,マッサージガン,37017,店舗,大阪梅田店,C00935,橋本,女,34,北海道,2024-02-24,3,606463,Loyal,False,
PR0002438,2025-07-22,テレビ,4K テレビ 65型,257385,店舗,札幌駅前店,C00937,佐藤,女,31,福岡県,2025-06-02,2,306104,Regular,True,
PR0002437,2025-10-30,美容家電・小物,ドライヤー,48719,店舗,天王寺店,C00937,佐藤,女,31,福岡県,2025-06-02,2,306104,Regular,False,
PR0002439,2024-09-15,エアコン,エアコン 18畳用,141914,店舗,横浜駅前店,C00938,近藤,女,45,京都府,2023-10-09,2,329422,Regular,True,
PR0002440,2025-11-19,スマートフォン,最新スマホ 256GB,187508,EC,,C00938,近藤,女,45,京都府,2023-10-09,2,329422,Regular,False,
PR0002443,2023-07-05,ゲーム・玩具,据置型ゲーム機,29120,EC,,C00939,山下,男,28,京都府,2023-02-18,4,246817,Loyal,True,
PR0002441,2023-12-16,スマートフォン,最新スマホ 256GB,57795,EC,,C00939,山下,男,28,京都府,2023-02-18,4,246817,Loyal,False,
PR0002442,2025-12-18,スマートフォン,Pro モデル 512GB,94245,EC,,C00939,山下,男,28,京都府,2023-02-18,4,246817,Loyal,False,733
PR0002444,2023-09-28,美容家電・小物,美顔器,65657,EC,,C00939,山下,男,28,京都府,2023-02-18,4,246817,Loyal,False,
PR0002446,2024-09-08,エアコン,エアコン 18畳用,267177,EC,,C00940,小川,男,48,北海道,2024-07-20,2,430707,Regular,True,
PR0002445,2026-01-03,洗濯機,ドラム式洗濯機,163530,EC,,C00940,小川,男,48,北海道,2024-07-20,2,430707,Regular,False,
PR0002447,2024-10-31,エアコン,エアコン 14畳用,307872,店舗,秋葉原店,C00941,吉田,男,43,宮城県,2024-02-19,2,349708,Regular,False,
PR0002448,2024-09-08,美容家電・小物,電気シェーバー,41836,店舗,名古屋栄店,C00941,吉田,男,43,宮城県,2024-02-19,2,349708,Regular,True,
PR0002449,2025-02-27,カメラ・ビデオ,ミラーレス一眼,184851,店舗,秋葉原店,C00942,近藤,男,46,埼玉県,2023-03-10,2,357240,Regular,False,
PR0002450,2024-11-22,スマートフォン,ハイエンド 1TB,172389,店舗,天王寺店,C00942,近藤,男,46,埼玉県,2023-03-10,2,357240,Regular,True,
PR0002451,2024-08-15,スマートフォン,ミドルレンジ機種,79386,店舗,大阪梅田店,C00943,藤田,男,53,広島県,2023-11-26,1,79386,Light,True,
PR0002452,2023-06-29,エアコン,エアコン 18畳用,174167,EC,,C00944,前田,男,55,京都府,2022-11-27,4,799762,Loyal,True,
PR0002455,2023-12-03,ゲーム・玩具,ボードゲーム,40177,店舗,天王寺店,C00944,前田,男,55,京都府,2022-11-27,4,799762,Loyal,False,
PR0002454,2024-05-25,スマートフォン,Pro モデル 512GB,138896,店舗,渋谷店,C00944,前田,男,55,京都府,2022-11-27,4,799762,Loyal,False,
PR0002453,2025-05-25,テレビ,4K テレビ 65型,446522,店舗,秋葉原店,C00944,前田,男,55,京都府,2022-11-27,4,799762,Loyal,False,
PR0002458,2025-11-20,PC・タブレット,タブレット 10型,159961,店舗,横浜駅前店,C00945,岡田,男,26,広島県,2025-01-01,5,505969,VIP,False,
PR0002456,2025-03-11,オーディオ,ターンテーブル,146801,店舗,渋谷店,C00945,岡田,男,26,広島県,2025-01-01,5,505969,VIP,False,
PR0002460,2026-02-03,ゲーム・玩具,ボードゲーム,31731,EC,,C00945,岡田,男,26,広島県,2025-01-01,5,505969,VIP,False,
PR0002459,2025-01-24,スマートフォン,ハイエンド 1TB,99909,店舗,天王寺店,C00945,岡田,男,26,広島県,2025-01-01,5,505969,VIP,True,
PR0002457,2025-05-18,美容家電・小物,電動歯ブラシ,67567,店舗,渋谷店,C00945,岡田,男,26,広島県,2025-01-01,5,505969,VIP,False,
PR0002461,2023-04-01,エアコン,業務用エアコン,233179,店舗,天王寺店,C00946,石井,男,40,埼玉県,2022-02-06,2,256686,Inactive,False,
PR0002462,2022-02-18,美容家電・小物,ヘアアイロン,23507,EC,,C00946,石井,男,40,埼玉県,2022-02-06,2,256686,Inactive,True,
PR0002464,2025-12-14,スマートフォン,ミドルレンジ機種,65120,EC,,C00947,村上,女,25,宮城県,2022-05-20,2,97949,Regular,False,
PR0002463,2025-05-11,美容家電・小物,マッサージガン,32829,EC,,C00947,村上,女,25,宮城県,2022-05-20,2,97949,Regular,True,
PR0002465,2026-03-09,スマートフォン,Pro モデル 512GB,110724,EC,,C00948,阿部,男,37,埼玉県,2023-07-18,1,110724,Light,True,
PR0002466,2024-10-19,スマートフォン,ミドルレンジ機種,54142,店舗,横浜駅前店,C00951,佐々木,男,58,千葉県,2021-07-31,1,54142,Light,True,
PR0002468,2022-08-06,PC・タブレット,ノートPC 15型,272807,店舗,福岡天神店,C00952,中島,女,52,愛知県,2021-04-11,4,631454,Loyal,False,
PR0002467,2024-05-08,エアコン,エアコン 10畳用,233990,店舗,秋葉原店,C00952,中島,女,52,愛知県,2021-04-11,4,631454,Loyal,False,
PR0002469,2022-02-01,美容家電・小物,ヘアアイロン,69375,店舗,秋葉原店,C00952,中島,女,52,愛知県,2021-04-11,4,631454,Loyal,True,
PR0002470,2025-07-03,美容家電・小物,電気シェーバー,55282,店舗,天王寺店,C00952,中島,女,52,愛知県,2021-04-11,4,631454,Loyal,False,1248
PR0002471,2025-06-25,カメラ・ビデオ,コンパクトデジカメ,95518,店舗,大阪梅田店,C00953,小林,女,44,北海道,2024-03-27,2,151884,Regular,False,
PR0002472,2024-09-02,美容家電・小物,美顔器,56366,店舗,福岡天神店,C00953,小林,女,44,北海道,2024-03-27,2,151884,Regular,True,
PR0002473,2023-04-24,ゲーム・玩具,ボードゲーム,10642,店舗,渋谷店,C00955,藤田,男,48,東京都,2021-05-26,1,10642,Inactive,True,
PR0002474,2026-02-07,エアコン,エアコン 18畳用,294662,店舗,新宿店,C00956,石川,女,24,北海道,2025-12-18,2,334113,Regular,True,
PR0002475,2026-02-08,スマートフォン,Pro モデル 512GB,39451,店舗,天王寺店,C00956,石川,女,24,北海道,2025-12-18,2,334113,Regular,False,
PR0002477,2024-08-13,PC・タブレット,2-in-1 PC,179130,店舗,渋谷店,C00957,伊藤,女,51,広島県,2021-12-06,3,435853,Loyal,False,
PR0002478,2022-12-22,エアコン,エアコン 18畳用,125390,店舗,天王寺店,C00957,伊藤,女,51,広島県,2021-12-06,3,435853,Loyal,True,
PR0002476,2023-02-02,洗濯機,全自動 8kg,131333,店舗,札幌駅前店,C00957,伊藤,女,51,広島県,2021-12-06,3,435853,Loyal,False,
PR0002480,2025-12-28,スマートフォン,最新スマホ 256GB,151742,店舗,福岡天神店,C00958,遠藤,女,66,京都府,2023-08-21,2,347169,Regular,False,
PR0002479,2024-07-21,テレビ,有機EL 55型,195427,店舗,新宿店,C00958,遠藤,女,66,京都府,2023-08-21,2,347169,Regular,True,
PR0002481,2024-12-12,エアコン,エアコン 18畳用,284377,EC,,C00959,後藤,女,40,宮城県,2023-06-02,1,284377,Light,True,
PR0002482,2025-07-15,エアコン,エアコン 10畳用,383824,店舗,札幌駅前店,C00960,山田,女,41,北海道,2025-06-18,2,532584,Regular,True,
PR0002483,2025-10-30,冷蔵庫,冷蔵庫 400L,148760,店舗,池袋店,C00960,山田,女,41,北海道,2025-06-18,2,532584,Regular,False,
PR0002485,2025-06-02,冷蔵庫,冷蔵庫 600L 大型,142653,店舗,名古屋栄店,C00961,林,女,38,埼玉県,2024-12-04,2,160110,Regular,True,
PR0002484,2026-02-13,美容家電・小物,マッサージガン,17457,店舗,札幌駅前店,C00961,林,女,38,埼玉県,2024-12-04,2,160110,Regular,False,
PR0002486,2025-07-06,PC・タブレット,ノートPC 13型,186839,EC,,C00962,田中,男,55,京都府,2023-12-03,3,276146,Loyal,False,
PR0002487,2025-02-20,スマートフォン,ハイエンド 1TB,63748,EC,,C00962,田中,男,55,京都府,2023-12-03,3,276146,Loyal,False,
PR0002488,2025-02-09,美容家電・小物,ドライヤー,25559,EC,,C00962,田中,男,55,京都府,2023-12-03,3,276146,Loyal,True,
PR0002490,2025-06-23,スマートフォン,最新スマホ 256GB,74490,EC,,C00963,石井,女,28,東京都,2021-07-25,2,83012,Regular,False,
PR0002489,2025-03-23,美容家電・小物,マッサージガン,8522,店舗,横浜駅前店,C00963,石井,女,28,東京都,2021-07-25,2,83012,Regular,True,
PR0002491,2025-03-04,エアコン,エアコン 14畳用,266982,EC,,C00964,坂本,女,56,兵庫県,2023-01-08,2,414048,Regular,True,
PR0002492,2026-01-02,スマートフォン,Pro モデル 512GB,147066,EC,,C00964,坂本,女,56,兵庫県,2023-01-08,2,414048,Regular,False,
PR0002493,2025-08-21,美容家電・小物,マッサージガン,34721,店舗,秋葉原店,C00965,林,女,51,愛知県,2023-07-23,1,34721,Light,True,
PR0002494,2024-12-05,ゲーム・玩具,ゲームソフト,60608,EC,,C00966,阿部,女,28,宮城県,2021-08-01,2,193689,Regular,False,
PR0002495,2024-09-21,スマートフォン,最新スマホ 256GB,133081,EC,,C00966,阿部,女,28,宮城県,2021-08-01,2,193689,Regular,True,
PR0002498,2023-11-10,ゲーム・玩具,据置型ゲーム機,41579,店舗,新宿店,C00967,松本,女,37,兵庫県,2022-11-14,3,258202,Loyal,True,
PR0002497,2024-07-30,スマートフォン,最新スマホ 256GB,159394,店舗,新宿店,C00967,松本,女,37,兵庫県,2022-11-14,3,258202,Loyal,False,
PR0002496,2024-12-12,美容家電・小物,美顔器,57229,店舗,札幌駅前店,C00967,松本,女,37,兵庫県,2022-11-14,3,258202,Loyal,False,
PR0002501,2023-03-27,テレビ,プロジェクター,169997,店舗,福岡天神店,C00968,伊藤,女,33,福岡県,2021-05-31,3,268111,Loyal,False,
PR0002499,2021-06-28,美容家電・小物,電動歯ブラシ,67769,店舗,名古屋栄店,C00968,伊藤,女,33,福岡県,2021-05-31,3,268111,Loyal,True,
PR0002500,2024-11-09,美容家電・小物,ドライヤー,30345,店舗,秋葉原店,C00968,伊藤,女,33,福岡県,2021-05-31,3,268111,Loyal,False,1230
PR0002503,2025-12-12,オーディオ,ワイヤレスイヤホン,91071,EC,,C00969,長谷川,男,37,千葉県,2025-12-08,2,557135,Regular,True,
PR0002502,2025-12-29,テレビ,4K テレビ 50型,466064,店舗,天王寺店,C00969,長谷川,男,37,千葉県,2025-12-08,2,557135,Regular,False,
PR0002505,2024-10-20,カメラ・ビデオ,ビデオカメラ,262422,店舗,札幌駅前店,C00970,清水,男,63,愛知県,2024-07-15,3,752822,Loyal,False,
PR0002504,2025-10-29,ゲーム・玩具,携帯ゲーム機,8019,店舗,渋谷店,C00970,清水,男,63,愛知県,2024-07-15,3,752822,Loyal,False,
PR0002506,2024-07-16,冷蔵庫,コンパクト冷蔵庫,482381,店舗,天王寺店,C00970,清水,男,63,愛知県,2024-07-15,3,752822,Loyal,True,
PR0002508,2025-11-15,テレビ,有機EL 55型,443892,EC,,C00971,渡辺,女,22,広島県,2025-05-12,2,454226,Regular,True,
PR0002507,2026-03-13,美容家電・小物,ドライヤー,10334,店舗,大阪梅田店,C00971,渡辺,女,22,広島県,2025-05-12,2,454226,Regular,False,
PR0002510,2025-05-03,PC・タブレット,タブレット 10型,244218,店舗,大阪梅田店,C00972,後藤,女,52,千葉県,2022-04-06,3,827306,Loyal,False,
PR0002511,2024-10-02,オーディオ,ワイヤレスイヤホン,88598,EC,,C00972,後藤,女,52,千葉県,2022-04-06,3,827306,Loyal,False,
PR0002509,2022-05-22,テレビ,プロジェクター,494490,店舗,福岡天神店,C00972,後藤,女,52,千葉県,2022-04-06,3,827306,Loyal,True,
PR0002512,2025-04-28,エアコン,エアコン 10畳用,237493,EC,,C00973,鈴木,女,54,広島県,2024-04-08,3,624950,Loyal,False,
PR0002514,2024-12-10,テレビ,4K テレビ 65型,370756,EC,,C00973,鈴木,女,54,広島県,2024-04-08,3,624950,Loyal,True,
PR0002513,2025-11-26,美容家電・小物,ドライヤー,16701,店舗,秋葉原店,C00973,鈴木,女,54,広島県,2024-04-08,3,624950,Loyal,False,
PR0002515,2021-10-09,PC・タブレット,2-in-1 PC,225584,EC,,C00974,林,男,59,宮城県,2021-07-10,2,600634,Regular,True,
PR0002516,2025-04-04,テレビ,4K テレビ 50型,375050,店舗,福岡天神店,C00974,林,男,59,宮城県,2021-07-10,2,600634,Regular,False,
PR0002517,2023-10-14,PC・タブレット,ノートPC 13型,221036,店舗,福岡天神店,C00975,中村,男,32,宮城県,2023-06-24,3,635280,Loyal,True,
PR0002519,2026-02-06,テレビ,スマートテレビ 43型,197314,店舗,秋葉原店,C00975,中村,男,32,宮城県,2023-06-24,3,635280,Loyal,False,
PR0002518,2025-12-02,冷蔵庫,冷蔵庫 500L,216930,EC,,C00975,中村,男,32,宮城県,2023-06-24,3,635280,Loyal,False,
PR0002520,2024-10-11,美容家電・小物,美顔器,5660,店舗,福岡天神店,C00976,木村,女,52,愛知県,2023-05-01,1,5660,Light,True,
PR0002521,2022-10-05,PC・タブレット,ワークステーション,203689,店舗,札幌駅前店,C00977,山田,女,42,千葉県,2022-01-08,1,203689,Inactive,True,
PR0002523,2024-08-07,エアコン,業務用エアコン,228458,店舗,大阪梅田店,C00978,清水,女,50,東京都,2024-03-18,4,892415,Loyal,True,
PR0002524,2025-03-23,オーディオ,Bluetoothスピーカー,166311,店舗,池袋店,C00978,清水,女,50,東京都,2024-03-18,4,892415,Loyal,False,
PR0002525,2024-10-01,ゲーム・玩具,ゲームソフト,58752,店舗,秋葉原店,C00978,清水,女,50,東京都,2024-03-18,4,892415,Loyal,False,
PR0002522,2025-08-01,テレビ,プロジェクター,438894,店舗,池袋店,C00978,清水,女,50,東京都,2024-03-18,4,892415,Loyal,False,
PR0002526,2026-01-25,ゲーム・玩具,VR ゴーグル,42137,EC,,C00979,清水,男,36,兵庫県,2023-10-06,2,73643,Regular,False,
PR0002527,2025-11-24,美容家電・小物,ドライヤー,31506,EC,,C00979,清水,男,36,兵庫県,2023-10-06,2,73643,Regular,True,
PR0002528,2024-06-18,スマートフォン,最新スマホ 256GB,125562,店舗,新宿店,C00981,岡田,女,57,千葉県,2022-06-08,2,191269,Regular,True,
PR0002529,2026-01-22,美容家電・小物,ヘアアイロン,65707,EC,,C00981,岡田,女,57,千葉県,2022-06-08,2,191269,Regular,False,
PR0002530,2025-08-09,美容家電・小物,マッサージガン,24532,EC,,C00982,井上,女,75,兵庫県,2024-09-28,1,24532,Light,True,
PR0002533,2024-05-07,エアコン,エアコン 14畳用,130442,EC,,C00984,岡田,女,47,北海道,2022-06-06,3,684258,Loyal,False,
PR0002531,2024-02-13,オーディオ,Bluetoothスピーカー,105153,店舗,新宿店,C00984,岡田,女,47,北海道,2022-06-06,3,684258,Loyal,False,
PR0002532,2023-11-13,テレビ,有機EL 75型,448663,EC,,C00984,岡田,女,47,北海道,2022-06-06,3,684258,Loyal,True,
PR0002534,2024-03-13,オーディオ,ワイヤレスイヤホン,99353,EC,,C00985,佐藤,男,45,兵庫県,2023-01-21,2,408813,Regular,True,
PR0002535,2025-09-07,洗濯機,乾燥機能付き 10kg,309460,EC,,C00985,佐藤,男,45,兵庫県,2023-01-21,2,408813,Regular,False,
PR0002536,2025-06-16,ゲーム・玩具,VR ゴーグル,55613,店舗,新宿店,C00986,松本,男,37,大阪府,2022-10-19,2,459577,Regular,True,
PR0002537,2025-08-05,冷蔵庫,冷蔵庫 400L,403964,EC,,C00986,松本,男,37,大阪府,2022-10-19,2,459577,Regular,False,
PR0002538,2024-01-13,テレビ,有機EL 55型,361619,店舗,渋谷店,C00987,吉田,男,75,愛知県,2021-10-17,1,361619,Inactive,True,
PR0002539,2024-05-29,エアコン,エアコン 6畳用,158200,店舗,新宿店,C00988,山本,男,38,京都府,2022-06-16,1,158200,Light,True,
PR0002541,2025-09-28,PC・タブレット,ワークステーション,222845,店舗,大阪梅田店,C00989,伊藤,女,50,宮城県,2025-05-20,8,1044566,VIP,False,
PR0002540,2026-03-15,エアコン,エアコン 14畳用,211980,店舗,新宿店,C00989,伊藤,女,50,宮城県,2025-05-20,8,1044566,VIP,False,
PR0002547,2025-06-18,カメラ・ビデオ,アクションカメラ,102963,店舗,名古屋栄店,C00989,伊藤,女,50,宮城県,2025-05-20,8,1044566,VIP,False,
PR0002545,2025-07-12,ゲーム・玩具,VR ゴーグル,67391,店舗,新宿店,C00989,伊藤,女,50,宮城県,2025-05-20,8,1044566,VIP,False,
PR0002543,2025-08-07,スマートフォン,ハイエンド 1TB,140035,店舗,札幌駅前店,C00989,伊藤,女,50,宮城県,2025-05-20,8,1044566,VIP,False,
PR0002546,2025-12-22,テレビ,有機EL 55型,147870,店舗,大阪梅田店,C00989,伊藤,女,50,宮城県,2025-05-20,8,1044566,VIP,False,
PR0002544,2026-02-25,冷蔵庫,冷蔵庫 400L,110617,店舗,大阪梅田店,C00989,伊藤,女,50,宮城県,2025-05-20,8,1044566,VIP,False,
PR0002542,2025-06-15,美容家電・小物,ドライヤー,40865,店舗,渋谷店,C00989,伊藤,女,50,宮城県,2025-05-20,8,1044566,VIP,True,
PR0002550,2023-07-17,エアコン,エアコン 14畳用,98443,店舗,秋葉原店,C00990,遠藤,男,35,京都府,2022-04-22,4,462939,Loyal,False,
PR0002551,2023-03-09,オーディオ,Bluetoothスピーカー,172186,店舗,札幌駅前店,C00990,遠藤,男,35,京都府,2022-04-22,4,462939,Loyal,False,
PR0002548,2023-01-16,スマートフォン,Pro モデル 512GB,90332,EC,,C00990,遠藤,男,35,京都府,2022-04-22,4,462939,Loyal,True,
PR0002549,2025-05-29,スマートフォン,ミドルレンジ機種,101978,EC,,C00990,遠藤,男,35,京都府,2022-04-22,4,462939,Loyal,False,864
PR0002552,2024-01-18,テレビ,4K テレビ 50型,464816,店舗,秋葉原店,C00991,山崎,女,22,神奈川県,2022-06-07,2,565552,Regular,True,
PR0002553,2026-03-07,洗濯機,全自動 8kg,100736,店舗,池袋店,C00991,山崎,女,22,神奈川県,2022-06-07,2,565552,Regular,False,
PR0002554,2023-05-03,美容家電・小物,マッサージガン,25971,EC,,C00992,斎藤,男,60,北海道,2021-10-03,1,25971,Inactive,True,
PR0002557,2025-03-07,PC・タブレット,ゲーミングPC,57307,店舗,横浜駅前店,C00993,小林,女,33,兵庫県,2024-12-31,3,201668,Loyal,True,
PR0002556,2025-04-21,オーディオ,ワイヤレスイヤホン,74023,EC,,C00993,小林,女,33,兵庫県,2024-12-31,3,201668,Loyal,False,
PR0002555,2025-10-04,スマートフォン,ミドルレンジ機種,70338,EC,,C00993,小林,女,33,兵庫県,2024-12-31,3,201668,Loyal,False,
PR0002559,2025-10-15,PC・タブレット,ノートPC 15型,336486,EC,,C00994,山田,男,58,福岡県,2025-06-23,4,920175,Loyal,False,
PR0002558,2025-06-30,スマートフォン,スタンダード 128GB,70012,EC,,C00994,山田,男,58,福岡県,2025-06-23,4,920175,Loyal,True,
PR0002560,2025-07-11,テレビ,4K テレビ 65型,352243,店舗,池袋店,C00994,山田,男,58,福岡県,2025-06-23,4,920175,Loyal,False,
PR0002561,2026-01-09,冷蔵庫,冷蔵庫 600L 大型,161434,EC,,C00994,山田,男,58,福岡県,2025-06-23,4,920175,Loyal,False,
PR0002565,2023-06-08,PC・タブレット,ノートPC 15型,293123,EC,,C00995,木村,男,30,北海道,2022-10-03,4,388385,Loyal,False,
PR0002563,2026-03-01,オーディオ,ターンテーブル,27010,店舗,池袋店,C00995,木村,男,30,北海道,2022-10-03,4,388385,Loyal,False,
PR0002564,2023-03-01,ゲーム・玩具,ボードゲーム,16547,店舗,名古屋栄店,C00995,木村,男,30,北海道,2022-10-03,4,388385,Loyal,True,
PR0002562,2025-03-09,美容家電・小物,電気シェーバー,51705,店舗,新宿店,C00995,木村,男,30,北海道,2022-10-03,4,388385,Loyal,False,
PR0002566,2025-03-27,テレビ,有機EL 55型,434236,店舗,天王寺店,C00996,藤田,女,42,宮城県,2023-04-26,2,495935,Regular,True,
PR0002567,2025-05-10,美容家電・小物,美顔器,61699,店舗,横浜駅前店,C00996,藤田,女,42,宮城県,2023-04-26,2,495935,Regular,False,
PR0002568,2023-12-29,カメラ・ビデオ,ドローン,195943,店舗,横浜駅前店,C00997,岡田,女,60,広島県,2021-08-02,2,394316,Inactive,True,
PR0002569,2024-04-10,テレビ,4K テレビ 50型,198373,店舗,札幌駅前店,C00997,岡田,女,60,広島県,2021-08-02,2,394316,Inactive,False,
PR0002570,2023-12-02,スマートフォン,コンパクトモデル,176510,店舗,渋谷店,C00998,石川,男,50,宮城県,2021-06-08,2,348983,Inactive,False,
PR0002571,2022-11-01,テレビ,有機EL 55型,172473,EC,,C00998,石川,男,50,宮城県,2021-06-08,2,348983,Inactive,True,
PR0002572,2026-02-19,PC・タブレット,2-in-1 PC,83302,店舗,新宿店,C00999,渡辺,女,60,福岡県,2026-01-27,3,550387,Loyal,False,
PR0002573,2026-03-12,エアコン,エアコン 6畳用,226806,店舗,横浜駅前店,C00999,渡辺,女,60,福岡県,2026-01-27,3,550387,Loyal,False,
PR0002574,2026-01-27,カメラ・ビデオ,ドローン,240279,店舗,札幌駅前店,C00999,渡辺,女,60,福岡県,2026-01-27,3,550387,Loyal,True,
PR0002576,2026-02-18,ゲーム・玩具,コントローラ,7740,店舗,福岡天神店,C01000,山本,男,37,京都府,2025-12-21,2,288058,Regular,True,
PR0002575,2026-03-10,洗濯機,コンパクト洗濯機,280318,EC,,C01000,山本,男,37,京都府,2025-12-21,2,288058,Regular,False,
PR0002578,2026-03-11,PC・タブレット,タブレット 10型,59559,店舗,横浜駅前店,C01001,渡辺,女,38,大阪府,2023-12-24,2,137517,Regular,False,
PR0002577,2026-01-27,オーディオ,サウンドバー,77958,EC,,C01001,渡辺,女,38,大阪府,2023-12-24,2,137517,Regular,True,
PR0002579,2025-02-24,ゲーム・玩具,コントローラ,45488,EC,,C01002,山下,男,22,宮城県,2024-09-13,2,110072,Regular,True,
PR0002580,2025-03-03,美容家電・小物,美顔器,64584,店舗,名古屋栄店,C01002,山下,男,22,宮城県,2024-09-13,2,110072,Regular,False,
PR0002581,2025-11-18,スマートフォン,ハイエンド 1TB,101602,EC,,C01003,石井,男,30,広島県,2023-03-10,1,101602,Light,True,
PR0002582,2026-01-07,カメラ・ビデオ,アクションカメラ,275839,店舗,天王寺店,C01004,坂本,男,61,福岡県,2025-11-05,2,531144,Regular,False,
PR0002583,2025-12-02,テレビ,プロジェクター,255305,店舗,横浜駅前店,C01004,坂本,男,61,福岡県,2025-11-05,2,531144,Regular,True,
PR0002584,2024-09-11,PC・タブレット,タブレット 10型,169749,EC,,C01005,松本,男,74,広島県,2024-01-29,2,283927,Regular,True,
PR0002585,2025-12-04,洗濯機,乾燥機能付き 10kg,114178,店舗,札幌駅前店,C01005,松本,男,74,広島県,2024-01-29,2,283927,Regular,False,
PR0002586,2024-02-17,テレビ,有機EL 75型,239534,店舗,名古屋栄店,C01006,池田,男,41,埼玉県,2023-10-12,2,307825,Inactive,False,
PR0002587,2023-11-24,美容家電・小物,ヘアアイロン,68291,店舗,天王寺店,C01006,池田,男,41,埼玉県,2023-10-12,2,307825,Inactive,True,
PR0002589,2023-01-30,オーディオ,サウンドバー,47126,店舗,天王寺店,C01007,渡辺,男,72,大阪府,2022-12-06,2,497174,Inactive,True,
PR0002588,2023-12-17,テレビ,スマートテレビ 43型,450048,店舗,天王寺店,C01007,渡辺,男,72,大阪府,2022-12-06,2,497174,Inactive,False,
PR0002591,2023-07-17,PC・タブレット,ゲーミングPC,347204,店舗,大阪梅田店,C01008,長谷川,男,53,埼玉県,2023-02-03,2,394876,Regular,True,
PR0002590,2026-03-04,スマートフォン,Pro モデル 512GB,47672,EC,,C01008,長谷川,男,53,埼玉県,2023-02-03,2,394876,Regular,False,
PR0002593,2023-05-18,スマートフォン,コンパクトモデル,151535,店舗,札幌駅前店,C01009,中村,女,75,兵庫県,2022-03-22,3,653597,Loyal,True,
PR0002594,2026-02-17,スマートフォン,最新スマホ 256GB,40233,EC,,C01009,中村,女,75,兵庫県,2022-03-22,3,653597,Loyal,False,1006
PR0002592,2024-08-11,テレビ,スマートテレビ 43型,461829,EC,,C01009,中村,女,75,兵庫県,2022-03-22,3,653597,Loyal,False,
PR0002595,2025-01-29,PC・タブレット,ゲーミングPC,230037,EC,,C01011,遠藤,男,22,神奈川県,2024-05-01,2,622161,Regular,True,
PR0002596,2025-03-12,冷蔵庫,冷蔵庫 600L 大型,392124,店舗,池袋店,C01011,遠藤,男,22,神奈川県,2024-05-01,2,622161,Regular,False,
PR0002598,2024-05-03,スマートフォン,スタンダード 128GB,196566,店舗,福岡天神店,C01012,石川,女,60,大阪府,2023-04-15,2,231065,Regular,True,
PR0002597,2024-07-12,美容家電・小物,電気シェーバー,34499,店舗,渋谷店,C01012,石川,女,60,大阪府,2023-04-15,2,231065,Regular,False,
PR0002599,2025-10-22,PC・タブレット,2-in-1 PC,225075,EC,,C01013,阿部,女,22,愛知県,2024-08-02,1,225075,Light,True,
PR0002600,2024-02-23,PC・タブレット,2-in-1 PC,184993,EC,,C01014,小林,女,47,福岡県,2021-09-01,1,184993,Inactive,True,
PR0002601,2026-01-26,スマートフォン,Pro モデル 512GB,37779,EC,,C01015,渡辺,女,32,福岡県,2025-10-03,1,37779,Light,True,
PR0002602,2026-03-03,PC・タブレット,ワークステーション,293613,店舗,池袋店,C01016,佐々木,女,43,北海道,2025-11-17,2,476312,Regular,False,
PR0002603,2026-02-12,スマートフォン,ハイエンド 1TB,182699,EC,,C01016,佐々木,女,43,北海道,2025-11-17,2,476312,Regular,True,
PR0002605,2025-05-18,PC・タブレット,2-in-1 PC,164183,店舗,池袋店,C01018,村上,女,25,埼玉県,2022-01-18,5,683339,VIP,False,
PR0002608,2022-07-31,オーディオ,ホームオーディオ,151637,店舗,池袋店,C01018,村上,女,25,埼玉県,2022-01-18,5,683339,VIP,True,
PR0002606,2025-06-14,ゲーム・玩具,据置型ゲーム機,7583,店舗,秋葉原店,C01018,村上,女,25,埼玉県,2022-01-18,5,683339,VIP,False,
PR0002607,2026-03-28,テレビ,有機EL 75型,281343,店舗,横浜駅前店,C01018,村上,女,25,埼玉県,2022-01-18,5,683339,VIP,False,
PR0002604,2024-11-18,美容家電・小物,マッサージガン,78593,EC,,C01018,村上,女,25,埼玉県,2022-01-18,5,683339,VIP,False,
PR0002611,2025-02-25,PC・タブレット,ゲーミングPC,126665,店舗,名古屋栄店,C01019,山崎,女,22,神奈川県,2024-04-15,3,345528,Loyal,False,
PR0002610,2025-07-19,カメラ・ビデオ,コンパクトデジカメ,179133,店舗,天王寺店,C01019,山崎,女,22,神奈川県,2024-04-15,3,345528,Loyal,False,
PR0002609,2024-10-21,美容家電・小物,ヘアアイロン,39730,店舗,秋葉原店,C01019,山崎,女,22,神奈川県,2024-04-15,3,345528,Loyal,True,
PR0002612,2025-09-18,カメラ・ビデオ,コンパクトデジカメ,87228,EC,,C01020,佐藤,女,42,宮城県,2023-06-11,4,428652,Loyal,False,
PR0002615,2024-08-27,スマートフォン,ミドルレンジ機種,121436,EC,,C01020,佐藤,女,42,宮城県,2023-06-11,4,428652,Loyal,False,
PR0002614,2024-07-22,洗濯機,縦型洗濯機,163754,店舗,横浜駅前店,C01020,佐藤,女,42,宮城県,2023-06-11,4,428652,Loyal,True,
PR0002613,2026-01-11,美容家電・小物,ドライヤー,56234,店舗,秋葉原店,C01020,佐藤,女,42,宮城県,2023-06-11,4,428652,Loyal,False,
PR0002616,2025-12-29,スマートフォン,Pro モデル 512GB,187736,店舗,大阪梅田店,C01021,佐藤,男,38,大阪府,2023-04-08,1,187736,Light,True,
PR0002617,2026-02-12,洗濯機,全自動 8kg,313618,店舗,札幌駅前店,C01022,池田,女,35,神奈川県,2022-04-28,1,313618,Light,True,
PR0002618,2026-03-23,スマートフォン,ミドルレンジ機種,166495,店舗,札幌駅前店,C01023,坂本,女,55,埼玉県,2023-10-20,2,517198,Regular,False,
PR0002619,2024-12-17,冷蔵庫,フレンチドア 700L,350703,店舗,名古屋栄店,C01023,坂本,女,55,埼玉県,2023-10-20,2,517198,Regular,True,
PR0002620,2025-04-28,PC・タブレット,ノートPC 15型,244443,EC,,C01024,石井,女,48,愛知県,2024-07-22,3,417083,Loyal,False,
PR0002622,2024-09-18,テレビ,4K テレビ 65型,125135,EC,,C01024,石井,女,48,愛知県,2024-07-22,3,417083,Loyal,False,
PR0002621,2024-07-24,美容家電・小物,ドライヤー,47505,EC,,C01024,石井,女,48,愛知県,2024-07-22,3,417083,Loyal,True,
PR0002623,2024-03-11,エアコン,エアコン 6畳用,148658,EC,,C01025,坂本,男,50,愛知県,2023-09-12,2,491884,Regular,True,
PR0002624,2024-06-03,テレビ,プロジェクター,343226,店舗,札幌駅前店,C01025,坂本,男,50,愛知県,2023-09-12,2,491884,Regular,False,
PR0002625,2025-03-25,ゲーム・玩具,据置型ゲーム機,69330,店舗,新宿店,C01026,松本,女,31,埼玉県,2021-12-04,2,425267,Regular,False,
PR0002626,2022-12-15,テレビ,4K テレビ 50型,355937,EC,,C01026,松本,女,31,埼玉県,2021-12-04,2,425267,Regular,True,
PR0002628,2025-08-28,冷蔵庫,冷蔵庫 600L 大型,374263,店舗,札幌駅前店,C01027,鈴木,女,26,京都府,2024-11-02,2,413362,Regular,True,
PR0002627,2025-09-08,美容家電・小物,電気シェーバー,39099,EC,,C01027,鈴木,女,26,京都府,2024-11-02,2,413362,Regular,False,
PR0002630,2025-01-03,PC・タブレット,タブレット 10型,334346,EC,,C01028,小林,女,23,広島県,2024-10-04,2,431366,Regular,True,
PR0002629,2025-10-14,スマートフォン,ミドルレンジ機種,97020,店舗,大阪梅田店,C01028,小林,女,23,広島県,2024-10-04,2,431366,Regular,False,
PR0002632,2025-05-11,PC・タブレット,タブレット 10型,241090,EC,,C01029,山下,女,51,広島県,2024-09-30,5,921003,VIP,False,
PR0002634,2025-12-21,テレビ,4K テレビ 50型,313403,店舗,秋葉原店,C01029,山下,女,51,広島県,2024-09-30,5,921003,VIP,False,
PR0002631,2025-06-16,冷蔵庫,フレンチドア 700L,198628,EC,,C01029,山下,女,51,広島県,2024-09-30,5,921003,VIP,False,
PR0002635,2024-11-27,洗濯機,ドラム式洗濯機,160779,EC,,C01029,山下,女,51,広島県,2024-09-30,5,921003,VIP,False,
PR0002633,2024-10-20,美容家電・小物,ヘアアイロン,7103,店舗,横浜駅前店,C01029,山下,女,51,広島県,2024-09-30,5,921003,VIP,True,
PR0002637,2024-06-18,洗濯機,ドラム式洗濯機,168521,EC,,C01030,伊藤,女,31,神奈川県,2023-06-18,2,194908,Regular,False,
PR0002636,2024-01-16,美容家電・小物,電動歯ブラシ,26387,EC,,C01030,伊藤,女,31,神奈川県,2023-06-18,2,194908,Regular,True,
PR0002638,2025-06-08,ゲーム・玩具,VR ゴーグル,27203,EC,,C01032,村上,男,32,兵庫県,2021-08-08,2,260225,Regular,True,
PR0002639,2025-09-11,テレビ,4K テレビ 65型,233022,EC,,C01032,村上,男,32,兵庫県,2021-08-08,2,260225,Regular,False,
PR0002640,2023-05-13,スマートフォン,ミドルレンジ機種,147297,EC,,C01033,斎藤,男,53,千葉県,2021-05-20,2,552237,Inactive,False,
PR0002641,2023-01-23,冷蔵庫,コンパクト冷蔵庫,404940,店舗,大阪梅田店,C01033,斎藤,男,53,千葉県,2021-05-20,2,552237,Inactive,True,
PR0002643,2023-06-02,カメラ・ビデオ,ミラーレス一眼,50412,EC,,C01034,渡辺,女,42,神奈川県,2021-06-29,2,123134,Inactive,True,
PR0002642,2024-04-04,スマートフォン,コンパクトモデル,72722,店舗,秋葉原店,C01034,渡辺,女,42,神奈川県,2021-06-29,2,123134,Inactive,False,
PR0002646,2022-09-04,PC・タブレット,ノートPC 13型,56198,店舗,渋谷店,C01035,山口,男,35,東京都,2021-12-27,3,435185,Loyal,True,
PR0002644,2026-02-06,エアコン,エアコン 14畳用,334108,店舗,大阪梅田店,C01035,山口,男,35,東京都,2021-12-27,3,435185,Loyal,False,
PR0002645,2025-02-12,美容家電・小物,電動歯ブラシ,44879,店舗,秋葉原店,C01035,山口,男,35,東京都,2021-12-27,3,435185,Loyal,False,
PR0002647,2023-07-24,PC・タブレット,2-in-1 PC,202063,店舗,大阪梅田店,C01036,伊藤,男,39,広島県,2023-05-02,2,687650,Regular,True,
PR0002648,2026-03-09,冷蔵庫,フレンチドア 700L,485587,店舗,札幌駅前店,C01036,伊藤,男,39,広島県,2023-05-02,2,687650,Regular,False,
PR0002651,2024-10-01,PC・タブレット,ノートPC 15型,234674,店舗,横浜駅前店,C01037,林,男,22,埼玉県,2022-07-12,3,753017,Loyal,False,
PR0002650,2025-09-06,エアコン,エアコン 10畳用,329729,EC,,C01037,林,男,22,埼玉県,2022-07-12,3,753017,Loyal,False,
PR0002649,2023-01-29,オーディオ,ヘッドホン,188614,店舗,天王寺店,C01037,林,男,22,埼玉県,2022-07-12,3,753017,Loyal,True,
PR0002652,2023-07-08,冷蔵庫,冷蔵庫 400L,206196,EC,,C01038,佐藤,男,27,北海道,2022-07-30,2,219371,Regular,True,
PR0002653,2025-09-20,美容家電・小物,電動歯ブラシ,13175,EC,,C01038,佐藤,男,27,北海道,2022-07-30,2,219371,Regular,False,
PR0002654,2022-11-13,ゲーム・玩具,ゲームソフト,26694,EC,,C01039,中村,女,49,東京都,2021-08-14,1,26694,Inactive,True,
PR0002656,2026-02-11,オーディオ,ワイヤレスイヤホン,100418,EC,,C01040,中村,女,46,福岡県,2026-01-12,2,210790,Regular,False,
PR0002655,2026-01-28,テレビ,4K テレビ 50型,110372,店舗,横浜駅前店,C01040,中村,女,46,福岡県,2026-01-12,2,210790,Regular,True,
PR0002658,2026-02-22,PC・タブレット,ゲーミングPC,172781,店舗,福岡天神店,C01041,坂本,女,43,埼玉県,2025-11-14,2,223421,Regular,False,
PR0002657,2026-01-02,ゲーム・玩具,ゲームソフト,50640,店舗,秋葉原店,C01041,坂本,女,43,埼玉県,2025-11-14,2,223421,Regular,True,
PR0002661,2026-03-29,PC・タブレット,ノートPC 13型,270433,店舗,福岡天神店,C01042,佐藤,女,42,福岡県,2023-09-12,3,402730,Loyal,False,
PR0002659,2025-10-24,テレビ,4K テレビ 65型,56454,店舗,新宿店,C01042,佐藤,女,42,福岡県,2023-09-12,3,402730,Loyal,False,
PR0002660,2025-04-08,美容家電・小物,マッサージガン,75843,店舗,天王寺店,C01042,佐藤,女,42,福岡県,2023-09-12,3,402730,Loyal,True,
PR0002663,2025-08-26,ゲーム・玩具,ボードゲーム,31664,店舗,大阪梅田店,C01043,高橋,男,36,大阪府,2024-08-06,4,476352,Loyal,False,
PR0002664,2025-04-20,スマートフォン,Pro モデル 512GB,142374,店舗,福岡天神店,C01043,高橋,男,36,大阪府,2024-08-06,4,476352,Loyal,True,
PR0002662,2025-09-17,テレビ,有機EL 55型,256373,EC,,C01043,高橋,男,36,大阪府,2024-08-06,4,476352,Loyal,False,
PR0002665,2025-12-23,美容家電・小物,電動歯ブラシ,45941,EC,,C01043,高橋,男,36,大阪府,2024-08-06,4,476352,Loyal,False,
PR0002669,2025-07-18,PC・タブレット,2-in-1 PC,229777,EC,,C01044,小川,女,53,宮城県,2024-11-25,4,815388,Loyal,False,
PR0002667,2025-02-02,カメラ・ビデオ,アクションカメラ,226379,店舗,秋葉原店,C01044,小川,女,53,宮城県,2024-11-25,4,815388,Loyal,True,
PR0002668,2025-04-04,テレビ,有機EL 75型,284616,EC,,C01044,小川,女,53,宮城県,2024-11-25,4,815388,Loyal,False,
PR0002666,2025-05-19,美容家電・小物,マッサージガン,74616,EC,,C01044,小川,女,53,宮城県,2024-11-25,4,815388,Loyal,False,
PR0002670,2022-08-03,PC・タブレット,ゲーミングPC,247989,店舗,横浜駅前店,C01045,井上,女,22,京都府,2021-10-31,9,1673436,VIP,False,
PR0002671,2025-08-08,PC・タブレット,ノートPC 13型,201424,EC,,C01045,井上,女,22,京都府,2021-10-31,9,1673436,VIP,False,1101
PR0002676,2025-02-05,ゲーム・玩具,ゲームソフト,49779,店舗,渋谷店,C01045,井上,女,22,京都府,2021-10-31,9,1673436,VIP,False,
PR0002672,2026-03-27,スマートフォン,Pro モデル 512GB,131209,店舗,札幌駅前店,C01045,井上,女,22,京都府,2021-10-31,9,1673436,VIP,False,
PR0002675,2024-02-23,テレビ,有機EL 55型,346827,店舗,大阪梅田店,C01045,井上,女,22,京都府,2021-10-31,9,1673436,VIP,False,
PR0002677,2024-01-02,冷蔵庫,コンパクト冷蔵庫,481794,店舗,新宿店,C01045,井上,女,22,京都府,2021-10-31,9,1673436,VIP,False,
PR0002678,2024-06-08,洗濯機,乾燥機能付き 10kg,123902,店舗,天王寺店,C01045,井上,女,22,京都府,2021-10-31,9,1673436,VIP,False,
PR0002673,2022-05-14,美容家電・小物,ドライヤー,55555,店舗,名古屋栄店,C01045,井上,女,22,京都府,2021-10-31,9,1673436,VIP,True,
PR0002674,2024-09-14,美容家電・小物,マッサージガン,34957,店舗,池袋店,C01045,井上,女,22,京都府,2021-10-31,9,1673436,VIP,False,854
PR0002680,2024-03-18,エアコン,エアコン 18畳用,187267,EC,,C01046,中村,男,46,愛知県,2023-05-06,2,293634,Inactive,False,
PR0002679,2023-05-11,スマートフォン,ミドルレンジ機種,106367,EC,,C01046,中村,男,46,愛知県,2023-05-06,2,293634,Inactive,True,
PR0002682,2025-06-24,カメラ・ビデオ,ビデオカメラ,267225,EC,,C01047,山口,男,44,北海道,2023-03-07,2,324078,Regular,False,
PR0002681,2024-10-12,ゲーム・玩具,ゲームソフト,56853,EC,,C01047,山口,男,44,北海道,2023-03-07,2,324078,Regular,True,
PR0002683,2025-07-03,洗濯機,縦型洗濯機,243323,店舗,横浜駅前店,C01048,村上,男,56,東京都,2025-04-24,2,296120,Regular,True,
PR0002684,2025-07-03,美容家電・小物,美顔器,52797,EC,,C01048,村上,男,56,東京都,2025-04-24,2,296120,Regular,True,
PR0002685,2024-05-28,エアコン,エアコン 18畳用,131698,EC,,C01049,中島,女,66,大阪府,2021-04-16,4,392739,Loyal,False,
PR0002686,2023-09-24,オーディオ,サウンドバー,183517,EC,,C01049,中島,女,66,大阪府,2021-04-16,4,392739,Loyal,False,
PR0002687,2021-09-19,美容家電・小物,美顔器,31670,EC,,C01049,中島,女,66,大阪府,2021-04-16,4,392739,Loyal,True,
PR0002688,2024-04-05,美容家電・小物,美顔器,45854,EC,,C01049,中島,女,66,大阪府,2021-04-16,4,392739,Loyal,False,929
PR0002689,2026-01-12,PC・タブレット,ノートPC 13型,234014,店舗,池袋店,C01050,後藤,男,25,北海道,2026-01-01,2,405217,Regular,True,
PR0002690,2026-03-06,スマートフォン,コンパクトモデル,171203,店舗,札幌駅前店,C01050,後藤,男,25,北海道,2026-01-01,2,405217,Regular,False,
PR0002691,2023-06-07,PC・タブレット,ノートPC 13型,342290,店舗,札幌駅前店,C01051,前田,女,22,広島県,2022-01-05,5,968462,VIP,True,
PR0002695,2023-09-07,オーディオ,ワイヤレスイヤホン,114544,店舗,横浜駅前店,C01051,前田,女,22,広島県,2022-01-05,5,968462,VIP,False,
PR0002692,2024-11-30,スマートフォン,スタンダード 128GB,115319,店舗,渋谷店,C01051,前田,女,22,広島県,2022-01-05,5,968462,VIP,False,
PR0002694,2024-05-07,冷蔵庫,コンパクト冷蔵庫,353095,店舗,秋葉原店,C01051,前田,女,22,広島県,2022-01-05,5,968462,VIP,False,
PR0002693,2024-11-26,美容家電・小物,ヘアアイロン,43214,店舗,池袋店,C01051,前田,女,22,広島県,2022-01-05,5,968462,VIP,False,
PR0002697,2024-04-27,PC・タブレット,ノートPC 15型,347437,店舗,福岡天神店,C01052,山下,男,37,広島県,2022-12-27,2,395433,Regular,True,
PR0002696,2025-07-17,美容家電・小物,美顔器,47996,店舗,新宿店,C01052,山下,男,37,広島県,2022-12-27,2,395433,Regular,False,
PR0002700,2023-09-17,テレビ,スマートテレビ 43型,274762,店舗,秋葉原店,C01053,山本,女,52,千葉県,2022-12-15,3,458493,Loyal,True,
PR0002699,2025-04-10,冷蔵庫,冷蔵庫 400L,139363,店舗,池袋店,C01053,山本,女,52,千葉県,2022-12-15,3,458493,Loyal,False,
PR0002698,2025-08-06,美容家電・小物,ドライヤー,44368,EC,,C01053,山本,女,52,千葉県,2022-12-15,3,458493,Loyal,False,
PR0002702,2025-01-11,カメラ・ビデオ,ビデオカメラ,186034,店舗,札幌駅前店,C01054,石川,女,40,東京都,2024-11-20,2,400776,Regular,True,
PR0002701,2025-06-25,冷蔵庫,冷蔵庫 500L,214742,店舗,札幌駅前店,C01054,石川,女,40,東京都,2024-11-20,2,400776,Regular,False,
PR0002704,2026-02-01,スマートフォン,ハイエンド 1TB,120308,店舗,横浜駅前店,C01056,小林,男,62,北海道,2026-01-29,3,736186,Loyal,True,
PR0002705,2026-03-24,テレビ,4K テレビ 50型,279146,店舗,札幌駅前店,C01056,小林,男,62,北海道,2026-01-29,3,736186,Loyal,False,
PR0002703,2026-02-12,冷蔵庫,フレンチドア 700L,336732,店舗,福岡天神店,C01056,小林,男,62,北海道,2026-01-29,3,736186,Loyal,False,
PR0002706,2024-01-01,冷蔵庫,冷蔵庫 600L 大型,184877,EC,,C01057,遠藤,男,61,愛知県,2022-09-22,1,184877,Inactive,True,
PR0002710,2022-11-21,ゲーム・玩具,ボードゲーム,27484,EC,,C01058,伊藤,男,59,福岡県,2021-09-23,5,714752,VIP,True,
PR0002708,2024-12-24,スマートフォン,スタンダード 128GB,60136,EC,,C01058,伊藤,男,59,福岡県,2021-09-23,5,714752,VIP,False,
PR0002707,2023-12-02,テレビ,4K テレビ 65型,400729,EC,,C01058,伊藤,男,59,福岡県,2021-09-23,5,714752,VIP,False,
PR0002711,2025-01-11,冷蔵庫,冷蔵庫 500L,106303,EC,,C01058,伊藤,男,59,福岡県,2021-09-23,5,714752,VIP,False,
PR0002709,2025-04-03,洗濯機,ドラム式洗濯機,120100,EC,,C01058,伊藤,男,59,福岡県,2021-09-23,5,714752,VIP,False,
PR0002712,2025-11-17,テレビ,有機EL 75型,209166,店舗,渋谷店,C01059,木村,男,44,神奈川県,2022-08-28,3,595288,Loyal,False,
PR0002713,2023-04-18,冷蔵庫,冷蔵庫 400L,311262,店舗,秋葉原店,C01059,木村,男,44,神奈川県,2022-08-28,3,595288,Loyal,True,
PR0002714,2024-08-07,美容家電・小物,ヘアアイロン,74860,店舗,秋葉原店,C01059,木村,男,44,神奈川県,2022-08-28,3,595288,Loyal,False,
PR0002720,2025-12-25,PC・タブレット,ゲーミングPC,152688,EC,,C01060,前田,女,41,福岡県,2024-11-14,8,1252263,VIP,False,
PR0002718,2025-07-01,エアコン,エアコン 6畳用,202689,店舗,天王寺店,C01060,前田,女,41,福岡県,2024-11-14,8,1252263,VIP,False,
PR0002721,2025-09-24,オーディオ,ヘッドホン,195691,店舗,渋谷店,C01060,前田,女,41,福岡県,2024-11-14,8,1252263,VIP,False,
PR0002716,2024-12-03,カメラ・ビデオ,ビデオカメラ,149332,店舗,秋葉原店,C01060,前田,女,41,福岡県,2024-11-14,8,1252263,VIP,True,
PR0002715,2026-03-02,ゲーム・玩具,携帯ゲーム機,37755,店舗,渋谷店,C01060,前田,女,41,福岡県,2024-11-14,8,1252263,VIP,False,
PR0002717,2024-12-19,スマートフォン,スタンダード 128GB,39006,EC,,C01060,前田,女,41,福岡県,2024-11-14,8,1252263,VIP,False,
PR0002722,2025-12-22,テレビ,有機EL 55型,327091,店舗,札幌駅前店,C01060,前田,女,41,福岡県,2024-11-14,8,1252263,VIP,False,
PR0002719,2025-12-18,洗濯機,乾燥機能付き 10kg,148011,店舗,名古屋栄店,C01060,前田,女,41,福岡県,2024-11-14,8,1252263,VIP,False,
PR0002724,2024-01-22,PC・タブレット,ゲーミングPC,94662,店舗,大阪梅田店,C01061,小林,男,27,埼玉県,2023-06-21,2,260818,Inactive,False,
PR0002723,2023-07-26,スマートフォン,ミドルレンジ機種,166156,店舗,福岡天神店,C01061,小林,男,27,埼玉県,2023-06-21,2,260818,Inactive,True,
PR0002725,2026-02-01,美容家電・小物,ドライヤー,27423,EC,,C01062,坂本,女,38,埼玉県,2024-06-25,1,27423,Light,True,
PR0002727,2025-09-28,エアコン,エアコン 10畳用,239917,店舗,秋葉原店,C01063,山下,男,57,大阪府,2025-04-23,4,708007,Loyal,False,
PR0002726,2025-09-29,スマートフォン,コンパクトモデル,196586,店舗,大阪梅田店,C01063,山下,男,57,大阪府,2025-04-23,4,708007,Loyal,False,
PR0002728,2026-02-06,テレビ,有機EL 75型,61555,店舗,天王寺店,C01063,山下,男,57,大阪府,2025-04-23,4,708007,Loyal,False,
PR0002729,2025-08-20,冷蔵庫,フレンチドア 700L,209949,店舗,秋葉原店,C01063,山下,男,57,大阪府,2025-04-23,4,708007,Loyal,True,
PR0002731,2025-05-30,スマートフォン,Pro モデル 512GB,74686,店舗,新宿店,C01064,山田,女,69,広島県,2023-03-02,2,80898,Regular,False,
PR0002730,2023-11-05,美容家電・小物,ヘアアイロン,6212,店舗,天王寺店,C01064,山田,女,69,広島県,2023-03-02,2,80898,Regular,True,
PR0002732,2024-01-14,ゲーム・玩具,VR ゴーグル,50325,EC,,C01065,井上,男,27,宮城県,2022-01-17,2,153457,Regular,True,
PR0002733,2026-01-31,スマートフォン,コンパクトモデル,103132,EC,,C01065,井上,男,27,宮城県,2022-01-17,2,153457,Regular,False,
PR0002734,2025-07-08,PC・タブレット,ワークステーション,70263,店舗,福岡天神店,C01066,石井,男,41,千葉県,2022-05-03,3,305238,Loyal,False,
PR0002736,2023-02-01,ゲーム・玩具,据置型ゲーム機,9450,店舗,新宿店,C01066,石井,男,41,千葉県,2022-05-03,3,305238,Loyal,True,
PR0002735,2023-10-28,テレビ,プロジェクター,225525,店舗,池袋店,C01066,石井,男,41,千葉県,2022-05-03,3,305238,Loyal,False,
PR0002737,2023-12-23,テレビ,有機EL 55型,64534,EC,,C01067,佐藤,男,35,京都府,2021-09-30,1,64534,Inactive,True,
PR0002738,2024-03-14,エアコン,業務用エアコン,194141,店舗,福岡天神店,C01068,吉田,男,55,千葉県,2024-02-04,1,194141,Inactive,True,
PR0002739,2024-08-29,エアコン,エアコン 6畳用,260484,店舗,秋葉原店,C01069,中村,女,53,福岡県,2024-01-14,2,539890,Regular,True,
PR0002740,2025-07-25,洗濯機,コンパクト洗濯機,279406,EC,,C01069,中村,女,53,福岡県,2024-01-14,2,539890,Regular,False,
PR0002744,2025-01-10,PC・タブレット,タブレット 10型,150218,EC,,C01070,伊藤,女,57,福岡県,2022-03-28,8,1355705,VIP,False,
PR0002745,2025-08-27,エアコン,エアコン 6畳用,201631,EC,,C01070,伊藤,女,57,福岡県,2022-03-28,8,1355705,VIP,False,
PR0002747,2024-02-04,スマートフォン,コンパクトモデル,51598,EC,,C01070,伊藤,女,57,福岡県,2022-03-28,8,1355705,VIP,False,
PR0002748,2026-03-14,スマートフォン,ミドルレンジ機種,78070,EC,,C01070,伊藤,女,57,福岡県,2022-03-28,8,1355705,VIP,False,769
PR0002741,2025-12-13,テレビ,スマートテレビ 43型,454081,EC,,C01070,伊藤,女,57,福岡県,2022-03-28,8,1355705,VIP,False,
PR0002746,2022-08-05,洗濯機,コンパクト洗濯機,307784,EC,,C01070,伊藤,女,57,福岡県,2022-03-28,8,1355705,VIP,True,
PR0002742,2022-08-05,美容家電・小物,美顔器,50793,EC,,C01070,伊藤,女,57,福岡県,2022-03-28,8,1355705,VIP,True,
PR0002743,2024-11-23,美容家電・小物,マッサージガン,61530,EC,,C01070,伊藤,女,57,福岡県,2022-03-28,8,1355705,VIP,False,841
PR0002752,2025-07-07,PC・タブレット,ワークステーション,84453,店舗,新宿店,C01071,石川,女,38,広島県,2025-04-21,5,750699,VIP,True,
PR0002750,2025-11-23,エアコン,エアコン 14畳用,136074,EC,,C01071,石川,女,38,広島県,2025-04-21,5,750699,VIP,False,
PR0002749,2025-07-30,テレビ,プロジェクター,263157,店舗,新宿店,C01071,石川,女,38,広島県,2025-04-21,5,750699,VIP,False,
PR0002751,2025-12-25,冷蔵庫,コンパクト冷蔵庫,136079,店舗,渋谷店,C01071,石川,女,38,広島県,2025-04-21,5,750699,VIP,False,
PR0002753,2025-07-20,洗濯機,縦型洗濯機,130936,店舗,渋谷店,C01071,石川,女,38,広島県,2025-04-21,5,750699,VIP,False,
PR0002756,2024-02-16,ゲーム・玩具,VR ゴーグル,48072,店舗,横浜駅前店,C01072,井上,男,38,福岡県,2022-07-25,4,691527,Loyal,False,
PR0002754,2023-03-29,スマートフォン,ミドルレンジ機種,194998,店舗,横浜駅前店,C01072,井上,男,38,福岡県,2022-07-25,4,691527,Loyal,True,
PR0002755,2025-12-08,スマートフォン,ハイエンド 1TB,176140,店舗,池袋店,C01072,井上,男,38,福岡県,2022-07-25,4,691527,Loyal,False,985
PR0002757,2023-08-07,冷蔵庫,冷蔵庫 600L 大型,272317,店舗,天王寺店,C01072,井上,男,38,福岡県,2022-07-25,4,691527,Loyal,False,
PR0002758,2025-01-10,テレビ,有機EL 55型,311922,店舗,大阪梅田店,C01073,林,女,41,宮城県,2024-11-06,1,311922,Light,True,
PR0002759,2024-01-11,テレビ,有機EL 75型,405694,EC,,C01074,石井,男,44,埼玉県,2021-11-16,2,606367,Inactive,False,
PR0002760,2023-09-16,洗濯機,ドラム式洗濯機,200673,EC,,C01074,石井,男,44,埼玉県,2021-11-16,2,606367,Inactive,True,
PR0002764,2024-06-10,エアコン,エアコン 6畳用,304563,EC,,C01075,石井,男,51,広島県,2021-09-30,4,679937,Loyal,False,
PR0002762,2022-05-09,スマートフォン,コンパクトモデル,188753,EC,,C01075,石井,男,51,広島県,2021-09-30,4,679937,Loyal,True,
PR0002763,2024-05-28,スマートフォン,Pro モデル 512GB,82875,店舗,札幌駅前店,C01075,石井,男,51,広島県,2021-09-30,4,679937,Loyal,False,750
PR0002761,2024-12-14,テレビ,4K テレビ 50型,103746,EC,,C01075,石井,男,51,広島県,2021-09-30,4,679937,Loyal,False,
PR0002766,2023-05-20,PC・タブレット,ノートPC 13型,345064,EC,,C01076,後藤,男,62,埼玉県,2023-04-15,2,578351,Regular,True,
PR0002765,2026-03-16,テレビ,有機EL 75型,233287,EC,,C01076,後藤,男,62,埼玉県,2023-04-15,2,578351,Regular,False,
PR0002768,2025-06-15,スマートフォン,スタンダード 128GB,51802,店舗,池袋店,C01077,前田,女,22,千葉県,2022-12-26,3,466793,Loyal,False,
PR0002767,2023-08-31,テレビ,プロジェクター,357103,店舗,新宿店,C01077,前田,女,22,千葉県,2022-12-26,3,466793,Loyal,False,
PR0002769,2023-05-25,美容家電・小物,ヘアアイロン,57888,店舗,名古屋栄店,C01077,前田,女,22,千葉県,2022-12-26,3,466793,Loyal,True,
PR0002770,2021-12-18,スマートフォン,Pro モデル 512GB,63396,店舗,渋谷店,C01078,山口,女,23,福岡県,2021-05-03,3,173584,Regular,True,
PR0002771,2024-02-15,スマートフォン,スタンダード 128GB,84362,店舗,大阪梅田店,C01078,山口,女,23,福岡県,2021-05-03,3,173584,Regular,False,789
PR0002772,2024-10-12,美容家電・小物,ヘアアイロン,25826,EC,,C01078,山口,女,23,福岡県,2021-05-03,3,173584,Regular,False,
PR0002775,2022-01-28,オーディオ,ターンテーブル,67108,EC,,C01079,加藤,男,53,宮城県,2021-11-05,3,366036,Inactive,True,
PR0002773,2024-03-13,ゲーム・玩具,ボードゲーム,40679,EC,,C01079,加藤,男,53,宮城県,2021-11-05,3,366036,Inactive,False,
PR0002774,2023-03-31,冷蔵庫,フレンチドア 700L,258249,店舗,渋谷店,C01079,加藤,男,53,宮城県,2021-11-05,3,366036,Inactive,False,
PR0002776,2025-08-15,PC・タブレット,ノートPC 15型,206115,店舗,名古屋栄店,C01080,伊藤,男,43,宮城県,2025-08-01,5,522479,VIP,True,
PR0002779,2025-12-25,エアコン,エアコン 14畳用,180170,店舗,池袋店,C01080,伊藤,男,43,宮城県,2025-08-01,5,522479,VIP,False,
PR0002778,2025-10-05,ゲーム・玩具,ボードゲーム,43916,店舗,大阪梅田店,C01080,伊藤,男,43,宮城県,2025-08-01,5,522479,VIP,False,
PR0002777,2026-03-04,スマートフォン,ミドルレンジ機種,60635,店舗,新宿店,C01080,伊藤,男,43,宮城県,2025-08-01,5,522479,VIP,False,
PR0002780,2025-09-18,美容家電・小物,電動歯ブラシ,31643,EC,,C01080,伊藤,男,43,宮城県,2025-08-01,5,522479,VIP,False,
PR0002782,2026-01-26,PC・タブレット,2-in-1 PC,122833,店舗,渋谷店,C01081,木村,女,22,広島県,2025-08-02,6,839687,VIP,False,
PR0002783,2026-01-01,オーディオ,ワイヤレスイヤホン,115816,店舗,名古屋栄店,C01081,木村,女,22,広島県,2025-08-02,6,839687,VIP,True,
PR0002784,2026-03-08,ゲーム・玩具,ボードゲーム,65999,店舗,大阪梅田店,C01081,木村,女,22,広島県,2025-08-02,6,839687,VIP,False,
PR0002785,2026-03-21,スマートフォン,Pro モデル 512GB,186696,店舗,池袋店,C01081,木村,女,22,広島県,2025-08-02,6,839687,VIP,False,
PR0002786,2026-03-08,テレビ,4K テレビ 65型,299933,EC,,C01081,木村,女,22,広島県,2025-08-02,6,839687,VIP,False,
PR0002781,2026-02-21,美容家電・小物,マッサージガン,48410,店舗,秋葉原店,C01081,木村,女,22,広島県,2025-08-02,6,839687,VIP,False,
PR0002787,2024-01-10,テレビ,スマートテレビ 43型,377401,EC,,C01083,木村,男,42,兵庫県,2022-03-01,2,416309,Regular,True,
PR0002788,2025-11-03,美容家電・小物,マッサージガン,38908,EC,,C01083,木村,男,42,兵庫県,2022-03-01,2,416309,Regular,False,
PR0002790,2024-01-18,ゲーム・玩具,ゲームソフト,10673,店舗,池袋店,C01084,田中,女,39,京都府,2022-08-11,2,203380,Regular,True,
PR0002789,2025-01-03,スマートフォン,最新スマホ 256GB,192707,店舗,福岡天神店,C01084,田中,女,39,京都府,2022-08-11,2,203380,Regular,False,
PR0002792,2025-11-10,エアコン,業務用エアコン,316903,店舗,札幌駅前店,C01085,坂本,男,69,神奈川県,2025-10-31,3,705407,Loyal,True,
PR0002791,2026-02-07,スマートフォン,コンパクトモデル,94196,店舗,渋谷店,C01085,坂本,男,69,神奈川県,2025-10-31,3,705407,Loyal,False,
PR0002793,2026-01-06,テレビ,スマートテレビ 43型,294308,店舗,渋谷店,C01085,坂本,男,69,神奈川県,2025-10-31,3,705407,Loyal,False,
PR0002794,2023-08-29,テレビ,4K テレビ 50型,462736,EC,,C01086,斎藤,女,52,広島県,2022-05-15,1,462736,Inactive,True,
PR0002797,2025-04-20,カメラ・ビデオ,アクションカメラ,98723,EC,,C01087,伊藤,男,22,兵庫県,2022-06-30,3,278626,Loyal,False,
PR0002795,2023-05-03,スマートフォン,最新スマホ 256GB,123554,店舗,札幌駅前店,C01087,伊藤,男,22,兵庫県,2022-06-30,3,278626,Loyal,True,
PR0002796,2025-08-29,スマートフォン,Pro モデル 512GB,56349,店舗,札幌駅前店,C01087,伊藤,男,22,兵庫県,2022-06-30,3,278626,Loyal,False,849
PR0002800,2024-05-25,オーディオ,ワイヤレスイヤホン,105106,EC,,C01088,木村,女,31,福岡県,2022-07-14,5,1037566,VIP,False,
PR0002801,2023-12-30,カメラ・ビデオ,ビデオカメラ,203599,EC,,C01088,木村,女,31,福岡県,2022-07-14,5,1037566,VIP,False,
PR0002802,2025-05-24,スマートフォン,ハイエンド 1TB,44291,EC,,C01088,木村,女,31,福岡県,2022-07-14,5,1037566,VIP,False,
PR0002799,2023-01-27,テレビ,有機EL 75型,402366,EC,,C01088,木村,女,31,福岡県,2022-07-14,5,1037566,VIP,False,
PR0002798,2022-11-19,洗濯機,全自動 8kg,282204,EC,,C01088,木村,女,31,福岡県,2022-07-14,5,1037566,VIP,True,
PR0002805,2025-11-29,PC・タブレット,2-in-1 PC,79613,店舗,新宿店,C01089,林,男,44,京都府,2024-12-07,3,322160,Loyal,False,
PR0002804,2025-11-21,洗濯機,ドラム式洗濯機,188251,店舗,名古屋栄店,C01089,林,男,44,京都府,2024-12-07,3,322160,Loyal,False,
PR0002803,2025-06-04,美容家電・小物,電気シェーバー,54296,EC,,C01089,林,男,44,京都府,2024-12-07,3,322160,Loyal,True,
PR0002807,2025-07-25,スマートフォン,ハイエンド 1TB,57289,店舗,池袋店,C01090,岡田,男,45,千葉県,2024-12-07,2,376652,Regular,True,
PR0002806,2025-12-29,洗濯機,縦型洗濯機,319363,店舗,渋谷店,C01090,岡田,男,45,千葉県,2024-12-07,2,376652,Regular,False,
PR0002808,2024-02-10,スマートフォン,最新スマホ 256GB,93456,EC,,C01092,佐々木,女,44,大阪府,2024-01-07,2,161383,Inactive,True,
PR0002809,2024-03-23,美容家電・小物,電気シェーバー,67927,店舗,名古屋栄店,C01092,佐々木,女,44,大阪府,2024-01-07,2,161383,Inactive,False,
PR0002811,2024-04-12,オーディオ,ホームオーディオ,161589,EC,,C01093,藤田,男,49,埼玉県,2022-08-28,2,423068,Regular,True,
PR0002810,2024-12-31,冷蔵庫,フレンチドア 700L,261479,店舗,渋谷店,C01093,藤田,男,49,埼玉県,2022-08-28,2,423068,Regular,False,
PR0002812,2023-12-05,エアコン,エアコン 10畳用,214124,店舗,渋谷店,C01094,中島,男,46,埼玉県,2021-11-13,1,214124,Inactive,True,
PR0002814,2025-12-02,PC・タブレット,2-in-1 PC,185334,店舗,名古屋栄店,C01095,石川,女,59,宮城県,2025-11-12,3,423856,Loyal,True,
PR0002815,2026-03-08,スマートフォン,Pro モデル 512GB,71791,店舗,札幌駅前店,C01095,石川,女,59,宮城県,2025-11-12,3,423856,Loyal,False,
PR0002813,2026-02-24,冷蔵庫,フレンチドア 700L,166731,店舗,名古屋栄店,C01095,石川,女,59,宮城県,2025-11-12,3,423856,Loyal,False,
PR0002817,2025-07-17,PC・タブレット,ゲーミングPC,242228,EC,,C01096,近藤,男,33,広島県,2025-03-13,2,644482,Regular,True,
PR0002816,2026-03-09,テレビ,4K テレビ 65型,402254,EC,,C01096,近藤,男,33,広島県,2025-03-13,2,644482,Regular,False,
PR0002818,2025-12-05,カメラ・ビデオ,アクションカメラ,203700,EC,,C01097,吉田,女,50,大阪府,2024-03-14,2,262524,Regular,False,
PR0002819,2025-08-18,スマートフォン,Pro モデル 512GB,58824,店舗,名古屋栄店,C01097,吉田,女,50,大阪府,2024-03-14,2,262524,Regular,True,
PR0002820,2025-08-07,テレビ,有機EL 55型,122264,店舗,渋谷店,C01098,阿部,女,50,神奈川県,2024-04-06,3,653933,Loyal,False,
PR0002821,2024-11-26,冷蔵庫,フレンチドア 700L,465014,EC,,C01098,阿部,女,50,神奈川県,2024-04-06,3,653933,Loyal,False,
PR0002822,2024-11-06,美容家電・小物,電動歯ブラシ,66655,店舗,天王寺店,C01098,阿部,女,50,神奈川県,2024-04-06,3,653933,Loyal,True,
PR0002825,2026-02-27,PC・タブレット,ワークステーション,230822,店舗,池袋店,C01099,渡辺,女,41,京都府,2025-02-23,3,463012,Loyal,False,
PR0002824,2026-03-01,スマートフォン,スタンダード 128GB,155746,店舗,秋葉原店,C01099,渡辺,女,41,京都府,2025-02-23,3,463012,Loyal,False,
PR0002823,2026-02-11,美容家電・小物,電気シェーバー,76444,店舗,天王寺店,C01099,渡辺,女,41,京都府,2025-02-23,3,463012,Loyal,True,
PR0002827,2025-08-18,エアコン,エアコン 6畳用,134593,店舗,渋谷店,C01100,橋本,男,47,京都府,2024-08-13,2,213396,Regular,False,
PR0002826,2025-04-19,美容家電・小物,電気シェーバー,78803,店舗,新宿店,C01100,橋本,男,47,京都府,2024-08-13,2,213396,Regular,True,
PR0002828,2026-02-03,エアコン,エアコン 10畳用,86761,店舗,新宿店,C01101,森,女,32,千葉県,2024-09-16,2,131545,Regular,False,
PR0002829,2024-11-14,美容家電・小物,ドライヤー,44784,店舗,秋葉原店,C01101,森,女,32,千葉県,2024-09-16,2,131545,Regular,True,
PR0002830,2022-09-24,PC・タブレット,2-in-1 PC,249768,店舗,名古屋栄店,C01102,佐藤,女,53,福岡県,2022-09-24,3,701538,Loyal,True,
PR0002831,2024-10-19,ゲーム・玩具,VR ゴーグル,31209,店舗,札幌駅前店,C01102,佐藤,女,53,福岡県,2022-09-24,3,701538,Loyal,False,
PR0002832,2023-03-14,テレビ,スマートテレビ 43型,420561,店舗,横浜駅前店,C01102,佐藤,女,53,福岡県,2022-09-24,3,701538,Loyal,False,
PR0002833,2025-10-03,ゲーム・玩具,コントローラ,14582,店舗,新宿店,C01103,加藤,女,75,千葉県,2024-06-07,1,14582,Light,True,
PR0002834,2026-03-09,PC・タブレット,ゲーミングPC,251718,店舗,渋谷店,C01104,長谷川,男,22,宮城県,2025-07-29,3,563800,Loyal,False,
PR0002835,2025-12-12,エアコン,エアコン 14畳用,152088,店舗,名古屋栄店,C01104,長谷川,男,22,宮城県,2025-07-29,3,563800,Loyal,True,
PR0002836,2026-01-07,スマートフォン,Pro モデル 512GB,159994,店舗,池袋店,C01104,長谷川,男,22,宮城県,2025-07-29,3,563800,Loyal,False,
PR0002837,2025-12-23,PC・タブレット,ノートPC 15型,229806,EC,,C01105,長谷川,男,28,千葉県,2024-10-03,1,229806,Light,True,
PR0002838,2026-03-24,PC・タブレット,ノートPC 15型,270659,EC,,C01106,吉田,男,56,宮城県,2025-08-14,8,1158116,VIP,False,
PR0002842,2025-08-17,エアコン,エアコン 14畳用,114815,EC,,C01106,吉田,男,56,宮城県,2025-08-14,8,1158116,VIP,True,
PR0002844,2025-09-22,オーディオ,ワイヤレスイヤホン,143680,店舗,新宿店,C01106,吉田,男,56,宮城県,2025-08-14,8,1158116,VIP,False,
PR0002845,2025-08-28,カメラ・ビデオ,ビデオカメラ,134454,EC,,C01106,吉田,男,56,宮城県,2025-08-14,8,1158116,VIP,False,
PR0002840,2026-01-10,スマートフォン,ミドルレンジ機種,60379,店舗,新宿店,C01106,吉田,男,56,宮城県,2025-08-14,8,1158116,VIP,False,
PR0002839,2025-10-02,テレビ,有機EL 55型,131917,店舗,渋谷店,C01106,吉田,男,56,宮城県,2025-08-14,8,1158116,VIP,False,
PR0002843,2026-01-08,洗濯機,全自動 8kg,229015,店舗,新宿店,C01106,吉田,男,56,宮城県,2025-08-14,8,1158116,VIP,False,
PR0002841,2026-02-18,美容家電・小物,電動歯ブラシ,73197,店舗,福岡天神店,C01106,吉田,男,56,宮城県,2025-08-14,8,1158116,VIP,False,
PR0002850,2025-09-28,カメラ・ビデオ,交換レンズ,183443,EC,,C01107,木村,女,57,福岡県,2025-09-23,5,877199,VIP,True,
PR0002849,2025-12-24,スマートフォン,最新スマホ 256GB,61407,EC,,C01107,木村,女,57,福岡県,2025-09-23,5,877199,VIP,False,
PR0002848,2026-01-17,テレビ,スマートテレビ 43型,362139,EC,,C01107,木村,女,57,福岡県,2025-09-23,5,877199,VIP,False,
PR0002847,2026-01-11,洗濯機,コンパクト洗濯機,236876,店舗,札幌駅前店,C01107,木村,女,57,福岡県,2025-09-23,5,877199,VIP,False,
PR0002846,2025-12-25,美容家電・小物,電動歯ブラシ,33334,EC,,C01107,木村,女,57,福岡県,2025-09-23,5,877199,VIP,False,
PR0002853,2025-02-20,PC・タブレット,ワークステーション,172248,EC,,C01108,橋本,男,44,神奈川県,2024-03-07,3,609719,Loyal,False,
PR0002851,2025-02-23,スマートフォン,コンパクトモデル,63248,店舗,札幌駅前店,C01108,橋本,男,44,神奈川県,2024-03-07,3,609719,Loyal,False,
PR0002852,2024-10-03,テレビ,スマートテレビ 43型,374223,EC,,C01108,橋本,男,44,神奈川県,2024-03-07,3,609719,Loyal,True,
PR0002854,2026-01-06,PC・タブレット,2-in-1 PC,228604,店舗,渋谷店,C01109,山下,男,43,兵庫県,2024-03-24,3,564211,Loyal,False,
PR0002855,2025-10-01,オーディオ,ワイヤレスイヤホン,160047,店舗,大阪梅田店,C01109,山下,男,43,兵庫県,2024-03-24,3,564211,Loyal,False,
PR0002856,2025-08-21,スマートフォン,スタンダード 128GB,175560,店舗,新宿店,C01109,山下,男,43,兵庫県,2024-03-24,3,564211,Loyal,True,
PR0002859,2025-12-13,PC・タブレット,ワークステーション,183008,店舗,札幌駅前店,C01110,岡田,女,75,千葉県,2023-10-18,3,665522,Loyal,False,
PR0002858,2024-06-11,エアコン,エアコン 18畳用,92952,店舗,横浜駅前店,C01110,岡田,女,75,千葉県,2023-10-18,3,665522,Loyal,False,
PR0002857,2023-12-02,冷蔵庫,冷蔵庫 400L,389562,店舗,秋葉原店,C01110,岡田,女,75,千葉県,2023-10-18,3,665522,Loyal,True,
PR0002862,2025-10-22,オーディオ,Bluetoothスピーカー,32611,EC,,C01111,高橋,男,32,千葉県,2024-03-28,3,122353,Regular,False,
PR0002860,2026-03-10,スマートフォン,スタンダード 128GB,74827,店舗,横浜駅前店,C01111,高橋,男,32,千葉県,2024-03-28,3,122353,Regular,False,
PR0002861,2025-06-10,美容家電・小物,電動歯ブラシ,14915,店舗,天王寺店,C01111,高橋,男,32,千葉県,2024-03-28,3,122353,Regular,True,
PR0002865,2025-04-14,カメラ・ビデオ,コンパクトデジカメ,236795,EC,,C01112,藤田,女,27,広島県,2023-12-16,3,311533,Loyal,False,
PR0002863,2025-01-05,スマートフォン,最新スマホ 256GB,58303,EC,,C01112,藤田,女,27,広島県,2023-12-16,3,311533,Loyal,True,
PR0002864,2025-08-21,美容家電・小物,電気シェーバー,16435,EC,,C01112,藤田,女,27,広島県,2023-12-16,3,311533,Loyal,False,
PR0002867,2025-09-09,PC・タブレット,ノートPC 13型,107572,店舗,名古屋栄店,C01113,遠藤,女,47,福岡県,2024-08-27,2,153180,Regular,False,
PR0002866,2024-12-02,美容家電・小物,電気シェーバー,45608,店舗,札幌駅前店,C01113,遠藤,女,47,福岡県,2024-08-27,2,153180,Regular,True,
PR0002869,2025-01-25,PC・タブレット,ワークステーション,270087,EC,,C01114,井上,男,22,埼玉県,2024-06-24,2,351937,Regular,True,
PR0002868,2025-08-14,スマートフォン,ミドルレンジ機種,81850,店舗,新宿店,C01114,井上,男,22,埼玉県,2024-06-24,2,351937,Regular,False,
PR0002873,2026-03-19,エアコン,エアコン 18畳用,308170,店舗,大阪梅田店,C01115,林,男,47,埼玉県,2025-12-15,5,673508,VIP,False,
PR0002871,2026-02-09,オーディオ,ターンテーブル,66197,EC,,C01115,林,男,47,埼玉県,2025-12-15,5,673508,VIP,False,
PR0002872,2025-12-22,スマートフォン,コンパクトモデル,119855,店舗,渋谷店,C01115,林,男,47,埼玉県,2025-12-15,5,673508,VIP,True,
PR0002874,2026-03-20,テレビ,4K テレビ 50型,154862,EC,,C01115,林,男,47,埼玉県,2025-12-15,5,673508,VIP,False,
PR0002870,2026-03-27,美容家電・小物,ドライヤー,24424,店舗,池袋店,C01115,林,男,47,埼玉県,2025-12-15,5,673508,VIP,False,
PR0002875,2026-02-11,PC・タブレット,タブレット 10型,131723,EC,,C01116,石川,男,54,愛知県,2025-03-04,3,613439,Loyal,False,
PR0002876,2025-07-08,テレビ,スマートテレビ 43型,50925,EC,,C01116,石川,男,54,愛知県,2025-03-04,3,613439,Loyal,True,
PR0002877,2026-03-04,冷蔵庫,フレンチドア 700L,430791,EC,,C01116,石川,男,54,愛知県,2025-03-04,3,613439,Loyal,False,
PR0002878,2026-01-07,スマートフォン,ハイエンド 1TB,144042,EC,,C01117,中村,男,34,広島県,2024-03-24,1,144042,Light,True,
PR0002879,2022-09-03,エアコン,エアコン 6畳用,98853,店舗,渋谷店,C01118,橋本,男,51,広島県,2022-04-24,1,98853,Inactive,True,
PR0002881,2024-03-10,カメラ・ビデオ,ドローン,221950,店舗,渋谷店,C01119,斎藤,男,41,千葉県,2024-02-14,2,378272,Inactive,False,
PR0002880,2024-03-06,スマートフォン,ミドルレンジ機種,156322,店舗,札幌駅前店,C01119,斎藤,男,41,千葉県,2024-02-14,2,378272,Inactive,True,
PR0002882,2022-06-25,テレビ,プロジェクター,191522,EC,,C01120,小川,女,36,愛知県,2021-10-12,1,191522,Inactive,True,
PR0002884,2023-08-19,エアコン,エアコン 6畳用,301101,EC,,C01121,遠藤,男,39,埼玉県,2022-01-03,2,345824,Inactive,False,
PR0002883,2022-03-15,ゲーム・玩具,ゲームソフト,44723,店舗,福岡天神店,C01121,遠藤,男,39,埼玉県,2022-01-03,2,345824,Inactive,True,
PR0002885,2025-03-08,ゲーム・玩具,ボードゲーム,28225,EC,,C01122,岡田,女,33,愛知県,2024-07-08,1,28225,Light,True,
PR0002887,2025-10-13,エアコン,エアコン 14畳用,340528,店舗,天王寺店,C01123,高橋,女,56,宮城県,2025-09-19,2,471304,Regular,True,
PR0002886,2026-02-27,洗濯機,全自動 8kg,130776,店舗,新宿店,C01123,高橋,女,56,宮城県,2025-09-19,2,471304,Regular,False,
PR0002888,2023-10-11,洗濯機,乾燥機能付き 10kg,231895,EC,,C01124,鈴木,男,30,東京都,2023-06-02,1,231895,Inactive,True,
PR0002889,2022-05-26,カメラ・ビデオ,ドローン,103507,店舗,福岡天神店,C01125,石井,女,40,京都府,2022-02-02,1,103507,Inactive,True,
PR0002890,2025-05-06,PC・タブレット,ノートPC 13型,70866,店舗,池袋店,C01126,遠藤,男,42,愛知県,2023-12-06,2,107857,Regular,True,
PR0002891,2026-02-04,美容家電・小物,ヘアアイロン,36991,EC,,C01126,遠藤,男,42,愛知県,2023-12-06,2,107857,Regular,False,
PR0002893,2025-02-06,エアコン,エアコン 10畳用,378029,店舗,新宿店,C01127,小川,女,50,大阪府,2023-09-16,2,528008,Regular,False,
PR0002892,2023-12-24,オーディオ,ヘッドホン,149979,EC,,C01127,小川,女,50,大阪府,2023-09-16,2,528008,Regular,True,
PR0002895,2023-08-13,カメラ・ビデオ,ミラーレス一眼,200173,店舗,名古屋栄店,C01128,中島,男,31,福岡県,2023-07-05,2,476661,Inactive,True,
PR0002894,2024-01-14,洗濯機,全自動 8kg,276488,店舗,渋谷店,C01128,中島,男,31,福岡県,2023-07-05,2,476661,Inactive,False,
PR0002896,2026-01-29,洗濯機,乾燥機能付き 10kg,261130,店舗,横浜駅前店,C01129,後藤,男,36,千葉県,2025-08-02,1,261130,Light,True,
PR0002897,2022-12-05,PC・タブレット,2-in-1 PC,123660,EC,,C01131,伊藤,女,44,埼玉県,2022-09-16,1,123660,Inactive,True,
PR0002900,2024-12-17,オーディオ,ヘッドホン,141007,店舗,札幌駅前店,C01132,岡田,男,31,京都府,2022-01-31,3,459242,Loyal,False,
PR0002898,2024-03-12,スマートフォン,最新スマホ 256GB,197247,店舗,池袋店,C01132,岡田,男,31,京都府,2022-01-31,3,459242,Loyal,False,
PR0002899,2022-04-08,冷蔵庫,冷蔵庫 500L,120988,店舗,秋葉原店,C01132,岡田,男,31,京都府,2022-01-31,3,459242,Loyal,True,
PR0002902,2024-06-02,カメラ・ビデオ,ビデオカメラ,237046,EC,,C01133,阿部,男,22,埼玉県,2024-04-24,2,425254,Regular,True,
PR0002901,2024-06-19,テレビ,スマートテレビ 43型,188208,店舗,福岡天神店,C01133,阿部,男,22,埼玉県,2024-04-24,2,425254,Regular,False,
PR0002903,2024-07-27,PC・タブレット,ゲーミングPC,284040,店舗,名古屋栄店,C01134,青木,男,37,宮城県,2024-02-03,2,430124,Regular,True,
PR0002904,2025-04-28,カメラ・ビデオ,コンパクトデジカメ,146084,EC,,C01134,青木,男,37,宮城県,2024-02-03,2,430124,Regular,False,
PR0002906,2026-01-15,ゲーム・玩具,携帯ゲーム機,57865,店舗,名古屋栄店,C01135,山崎,男,24,福岡県,2024-10-01,3,260037,Loyal,False,
PR0002907,2025-06-27,テレビ,スマートテレビ 43型,151172,店舗,大阪梅田店,C01135,山崎,男,24,福岡県,2024-10-01,3,260037,Loyal,True,
PR0002905,2025-09-21,美容家電・小物,ヘアアイロン,51000,EC,,C01135,山崎,男,24,福岡県,2024-10-01,3,260037,Loyal,False,
PR0002909,2024-08-22,オーディオ,ターンテーブル,169411,店舗,札幌駅前店,C01136,渡辺,男,43,愛知県,2023-12-02,2,191398,Regular,False,
PR0002908,2024-01-13,美容家電・小物,ドライヤー,21987,店舗,天王寺店,C01136,渡辺,男,43,愛知県,2023-12-02,2,191398,Regular,True,
PR0002913,2024-08-20,PC・タブレット,ノートPC 13型,313576,EC,,C01137,森,男,29,北海道,2021-09-29,6,1343068,VIP,False,
PR0002910,2025-07-08,オーディオ,ヘッドホン,92276,EC,,C01137,森,男,29,北海道,2021-09-29,6,1343068,VIP,False,
PR0002912,2024-08-28,カメラ・ビデオ,コンパクトデジカメ,266618,店舗,新宿店,C01137,森,男,29,北海道,2021-09-29,6,1343068,VIP,False,
PR0002914,2023-11-09,スマートフォン,ハイエンド 1TB,114597,店舗,横浜駅前店,C01137,森,男,29,北海道,2021-09-29,6,1343068,VIP,False,
PR0002915,2026-02-25,スマートフォン,コンパクトモデル,188338,EC,,C01137,森,男,29,北海道,2021-09-29,6,1343068,VIP,False,839
PR0002911,2022-03-25,冷蔵庫,フレンチドア 700L,367663,EC,,C01137,森,男,29,北海道,2021-09-29,6,1343068,VIP,True,
PR0002916,2025-09-04,ゲーム・玩具,ボードゲーム,60150,EC,,C01138,山田,男,35,愛知県,2025-07-11,2,359130,Regular,True,
PR0002917,2025-11-29,洗濯機,乾燥機能付き 10kg,298980,EC,,C01138,山田,男,35,愛知県,2025-07-11,2,359130,Regular,False,
PR0002920,2025-12-13,PC・タブレット,2-in-1 PC,245136,EC,,C01139,中島,男,26,宮城県,2025-06-23,3,396861,Loyal,False,
PR0002918,2026-02-27,オーディオ,ホームオーディオ,87995,店舗,名古屋栄店,C01139,中島,男,26,宮城県,2025-06-23,3,396861,Loyal,False,
PR0002919,2025-12-04,スマートフォン,Pro モデル 512GB,63730,店舗,新宿店,C01139,中島,男,26,宮城県,2025-06-23,3,396861,Loyal,True,
PR0002921,2025-09-10,オーディオ,ワイヤレスイヤホン,99755,店舗,名古屋栄店,C01140,小林,女,33,京都府,2025-01-11,1,99755,Light,True,
PR0002922,2025-04-03,PC・タブレット,タブレット 10型,292982,EC,,C01141,石井,女,59,広島県,2023-11-28,1,292982,Light,True,
PR0002924,2024-04-06,オーディオ,Bluetoothスピーカー,116627,EC,,C01142,藤田,男,54,埼玉県,2021-10-24,3,384958,Loyal,False,
PR0002923,2025-12-04,スマートフォン,コンパクトモデル,191388,EC,,C01142,藤田,男,54,埼玉県,2021-10-24,3,384958,Loyal,False,
PR0002925,2024-01-26,美容家電・小物,ドライヤー,76943,EC,,C01142,藤田,男,54,埼玉県,2021-10-24,3,384958,Loyal,True,
PR0002926,2026-03-08,PC・タブレット,ワークステーション,133124,店舗,天王寺店,C01144,阿部,女,33,福岡県,2025-11-21,2,155702,Regular,False,
PR0002927,2025-12-30,美容家電・小物,美顔器,22578,店舗,池袋店,C01144,阿部,女,33,福岡県,2025-11-21,2,155702,Regular,True,
PR0002929,2026-02-03,PC・タブレット,ワークステーション,216798,店舗,福岡天神店,C01145,後藤,女,45,北海道,2025-10-18,2,621341,Regular,False,
PR0002928,2025-12-17,テレビ,有機EL 75型,404543,EC,,C01145,後藤,女,45,北海道,2025-10-18,2,621341,Regular,True,
PR0002932,2021-06-18,カメラ・ビデオ,ドローン,166834,店舗,新宿店,C01146,長谷川,男,52,京都府,2021-06-16,4,516548,Loyal,True,
PR0002933,2025-12-25,カメラ・ビデオ,コンパクトデジカメ,133139,店舗,福岡天神店,C01146,長谷川,男,52,京都府,2021-06-16,4,516548,Loyal,False,1651
PR0002930,2023-06-26,テレビ,4K テレビ 50型,164531,EC,,C01146,長谷川,男,52,京都府,2021-06-16,4,516548,Loyal,False,
PR0002931,2024-06-06,美容家電・小物,ドライヤー,52044,店舗,名古屋栄店,C01146,長谷川,男,52,京都府,2021-06-16,4,516548,Loyal,False,
PR0002936,2026-01-17,PC・タブレット,タブレット 10型,178081,EC,,C01147,池田,男,37,千葉県,2025-08-07,4,428659,Loyal,False,
PR0002935,2025-09-09,オーディオ,サウンドバー,97903,EC,,C01147,池田,男,37,千葉県,2025-08-07,4,428659,Loyal,True,
PR0002934,2025-10-12,洗濯機,ドラム式洗濯機,146787,EC,,C01147,池田,男,37,千葉県,2025-08-07,4,428659,Loyal,False,
PR0002937,2025-12-25,美容家電・小物,電動歯ブラシ,5888,EC,,C01147,池田,男,37,千葉県,2025-08-07,4,428659,Loyal,False,
PR0002940,2023-12-28,PC・タブレット,タブレット 10型,195682,店舗,新宿店,C01148,小林,男,63,広島県,2023-05-28,6,1265807,VIP,True,
PR0002942,2025-04-24,ゲーム・玩具,ボードゲーム,17011,店舗,渋谷店,C01148,小林,男,63,広島県,2023-05-28,6,1265807,VIP,False,
PR0002939,2025-03-23,スマートフォン,コンパクトモデル,158258,店舗,天王寺店,C01148,小林,男,63,広島県,2023-05-28,6,1265807,VIP,False,
PR0002938,2025-03-06,テレビ,有機EL 55型,452198,店舗,大阪梅田店,C01148,小林,男,63,広島県,2023-05-28,6,1265807,VIP,False,
PR0002941,2025-07-16,冷蔵庫,冷蔵庫 500L,274818,店舗,渋谷店,C01148,小林,男,63,広島県,2023-05-28,6,1265807,VIP,False,
PR0002943,2025-03-30,洗濯機,ドラム式洗濯機,167840,店舗,福岡天神店,C01148,小林,男,63,広島県,2023-05-28,6,1265807,VIP,False,
PR0002946,2024-06-17,PC・タブレット,ワークステーション,155516,EC,,C01149,小林,男,22,北海道,2022-07-02,3,332902,Loyal,False,
PR0002944,2022-12-10,オーディオ,ターンテーブル,130978,店舗,秋葉原店,C01149,小林,男,22,北海道,2022-07-02,3,332902,Loyal,True,
PR0002945,2025-05-06,スマートフォン,コンパクトモデル,46408,EC,,C01149,小林,男,22,北海道,2022-07-02,3,332902,Loyal,False,
PR0002947,2022-12-22,美容家電・小物,マッサージガン,60239,EC,,C01150,後藤,女,43,広島県,2021-12-11,1,60239,Inactive,True,
PR0002948,2025-10-08,PC・タブレット,ノートPC 15型,340667,EC,,C01151,中村,女,26,東京都,2021-09-27,3,407320,Loyal,False,
PR0002949,2023-07-01,美容家電・小物,電気シェーバー,49303,EC,,C01151,中村,女,26,東京都,2021-09-27,3,407320,Loyal,True,
PR0002950,2026-02-05,美容家電・小物,ドライヤー,17350,EC,,C01151,中村,女,26,東京都,2021-09-27,3,407320,Loyal,False,950
PR0002952,2025-07-08,スマートフォン,ハイエンド 1TB,63514,店舗,池袋店,C01152,高橋,男,37,埼玉県,2023-05-08,3,849922,Loyal,False,
PR0002951,2025-03-29,テレビ,有機EL 55型,456516,店舗,福岡天神店,C01152,高橋,男,37,埼玉県,2023-05-08,3,849922,Loyal,True,
PR0002953,2025-06-17,洗濯機,コンパクト洗濯機,329892,店舗,名古屋栄店,C01152,高橋,男,37,埼玉県,2023-05-08,3,849922,Loyal,False,
PR0002954,2026-03-30,PC・タブレット,ゲーミングPC,336742,店舗,大阪梅田店,C01153,佐藤,男,69,兵庫県,2025-11-15,4,813650,Loyal,False,
PR0002956,2026-02-19,オーディオ,Bluetoothスピーカー,188099,EC,,C01153,佐藤,男,69,兵庫県,2025-11-15,4,813650,Loyal,False,
PR0002955,2026-01-17,テレビ,有機EL 55型,84003,店舗,秋葉原店,C01153,佐藤,男,69,兵庫県,2025-11-15,4,813650,Loyal,False,
PR0002957,2025-11-20,洗濯機,コンパクト洗濯機,204806,店舗,福岡天神店,C01153,佐藤,男,69,兵庫県,2025-11-15,4,813650,Loyal,True,
PR0002959,2023-10-01,PC・タブレット,ノートPC 13型,132487,EC,,C01154,林,男,46,広島県,2022-03-04,3,246772,Loyal,True,
PR0002958,2025-05-05,スマートフォン,コンパクトモデル,52423,店舗,札幌駅前店,C01154,林,男,46,広島県,2022-03-04,3,246772,Loyal,False,
PR0002960,2025-01-25,テレビ,有機EL 75型,61862,店舗,池袋店,C01154,林,男,46,広島県,2022-03-04,3,246772,Loyal,False,
PR0002962,2024-10-10,テレビ,4K テレビ 65型,487481,店舗,新宿店,C01155,後藤,女,40,愛知県,2024-04-26,2,780203,Regular,True,
PR0002961,2025-10-24,冷蔵庫,フレンチドア 700L,292722,店舗,天王寺店,C01155,後藤,女,40,愛知県,2024-04-26,2,780203,Regular,False,
PR0002963,2022-12-28,テレビ,スマートテレビ 43型,484441,EC,,C01156,小林,男,42,広島県,2022-06-02,2,902462,Inactive,True,
PR0002964,2023-11-09,冷蔵庫,冷蔵庫 600L 大型,418021,EC,,C01156,小林,男,42,広島県,2022-06-02,2,902462,Inactive,False,
PR0002966,2024-10-01,テレビ,有機EL 75型,334324,EC,,C01157,小林,女,57,広島県,2024-07-05,2,373156,Regular,False,
PR0002965,2024-09-24,美容家電・小物,マッサージガン,38832,店舗,名古屋栄店,C01157,小林,女,57,広島県,2024-07-05,2,373156,Regular,True,
PR0002967,2025-03-27,スマートフォン,ハイエンド 1TB,38320,EC,,C01158,前田,男,54,東京都,2024-12-27,2,128540,Regular,True,
PR0002968,2025-05-07,洗濯機,コンパクト洗濯機,90220,EC,,C01158,前田,男,54,東京都,2024-12-27,2,128540,Regular,False,
PR0002969,2023-04-26,スマートフォン,ハイエンド 1TB,153965,店舗,天王寺店,C01159,山崎,女,58,東京都,2022-05-16,3,586702,Loyal,True,
PR0002970,2025-10-03,スマートフォン,ハイエンド 1TB,32232,店舗,大阪梅田店,C01159,山崎,女,58,東京都,2022-05-16,3,586702,Loyal,False,891
PR0002971,2026-02-23,冷蔵庫,冷蔵庫 400L,400505,店舗,天王寺店,C01159,山崎,女,58,東京都,2022-05-16,3,586702,Loyal,False,
PR0002975,2023-10-16,ゲーム・玩具,据置型ゲーム機,26384,EC,,C01160,岡田,女,51,京都府,2021-08-07,4,123195,Regular,False,
PR0002974,2024-08-24,スマートフォン,コンパクトモデル,36933,EC,,C01160,岡田,女,51,京都府,2021-08-07,4,123195,Regular,False,
PR0002972,2022-07-13,美容家電・小物,電気シェーバー,29676,店舗,横浜駅前店,C01160,岡田,女,51,京都府,2021-08-07,4,123195,Regular,True,
PR0002973,2025-07-02,美容家電・小物,美顔器,30202,店舗,新宿店,C01160,岡田,女,51,京都府,2021-08-07,4,123195,Regular,False,1085
PR0002977,2026-03-12,PC・タブレット,2-in-1 PC,171420,店舗,福岡天神店,C01161,小川,男,48,広島県,2025-11-24,2,320753,Regular,False,
PR0002976,2026-01-29,スマートフォン,最新スマホ 256GB,149333,店舗,池袋店,C01161,小川,男,48,広島県,2025-11-24,2,320753,Regular,True,
PR0002981,2025-05-10,PC・タブレット,ゲーミングPC,51989,EC,,C01162,佐藤,男,22,愛知県,2024-10-25,5,841020,VIP,False,
PR0002980,2025-12-31,ゲーム・玩具,据置型ゲーム機,66858,店舗,札幌駅前店,C01162,佐藤,男,22,愛知県,2024-10-25,5,841020,VIP,False,
PR0002978,2025-05-18,テレビ,スマートテレビ 43型,224581,店舗,札幌駅前店,C01162,佐藤,男,22,愛知県,2024-10-25,5,841020,VIP,False,
PR0002982,2025-03-11,冷蔵庫,冷蔵庫 400L,173816,店舗,渋谷店,C01162,佐藤,男,22,愛知県,2024-10-25,5,841020,VIP,False,
PR0002979,2024-12-31,洗濯機,コンパクト洗濯機,323776,店舗,天王寺店,C01162,佐藤,男,22,愛知県,2024-10-25,5,841020,VIP,True,
PR0002984,2025-07-09,PC・タブレット,2-in-1 PC,127506,EC,,C01163,伊藤,男,22,広島県,2025-02-15,8,1204155,VIP,False,
PR0002990,2025-05-31,オーディオ,ヘッドホン,115892,EC,,C01163,伊藤,男,22,広島県,2025-02-15,8,1204155,VIP,False,
PR0002987,2025-02-27,カメラ・ビデオ,ミラーレス一眼,97645,EC,,C01163,伊藤,男,22,広島県,2025-02-15,8,1204155,VIP,False,
PR0002983,2025-08-03,ゲーム・玩具,据置型ゲーム機,69535,EC,,C01163,伊藤,男,22,広島県,2025-02-15,8,1204155,VIP,False,
PR0002986,2025-10-20,スマートフォン,コンパクトモデル,168802,店舗,札幌駅前店,C01163,伊藤,男,22,広島県,2025-02-15,8,1204155,VIP,False,
PR0002989,2025-02-19,テレビ,プロジェクター,242512,EC,,C01163,伊藤,男,22,広島県,2025-02-15,8,1204155,VIP,False,
PR0002988,2025-03-25,洗濯機,コンパクト洗濯機,332469,店舗,池袋店,C01163,伊藤,男,22,広島県,2025-02-15,8,1204155,VIP,False,
PR0002985,2025-02-16,美容家電・小物,ドライヤー,49794,EC,,C01163,伊藤,男,22,広島県,2025-02-15,8,1204155,VIP,True,
PR0002991,2025-10-16,ゲーム・玩具,据置型ゲーム機,18955,EC,,C01164,山下,女,43,宮城県,2025-08-04,2,24758,Regular,True,
PR0002992,2025-12-07,美容家電・小物,ヘアアイロン,5803,EC,,C01164,山下,女,43,宮城県,2025-08-04,2,24758,Regular,False,
PR0002993,2025-08-06,エアコン,エアコン 6畳用,92161,店舗,名古屋栄店,C01165,山本,女,54,兵庫県,2023-07-17,2,400492,Regular,False,
PR0002994,2025-01-13,洗濯機,縦型洗濯機,308331,店舗,横浜駅前店,C01165,山本,女,54,兵庫県,2023-07-17,2,400492,Regular,True,
PR0002995,2023-12-07,エアコン,エアコン 10畳用,163880,店舗,横浜駅前店,C01167,後藤,女,31,埼玉県,2023-08-17,2,585293,Inactive,True,
PR0002996,2024-03-25,テレビ,プロジェクター,421413,店舗,天王寺店,C01167,後藤,女,31,埼玉県,2023-08-17,2,585293,Inactive,False,
PR0002998,2023-07-14,PC・タブレット,ワークステーション,67596,店舗,札幌駅前店,C01169,前田,男,32,愛知県,2022-08-06,2,107216,Regular,True,
PR0002997,2024-06-13,ゲーム・玩具,コントローラ,39620,店舗,秋葉原店,C01169,前田,男,32,愛知県,2022-08-06,2,107216,Regular,False,
PR0002999,2025-08-23,エアコン,業務用エアコン,292793,店舗,秋葉原店,C01170,森,男,43,神奈川県,2025-07-29,1,292793,Light,True,
PR0003000,2025-01-17,洗濯機,縦型洗濯機,140233,店舗,横浜駅前店,C01171,佐々木,女,75,広島県,2024-09-14,1,140233,Light,True,
PR0003002,2023-12-11,エアコン,エアコン 18畳用,142332,店舗,大阪梅田店,C01172,藤田,男,42,広島県,2022-02-16,2,375494,Inactive,False,
PR0003001,2023-01-23,冷蔵庫,冷蔵庫 600L 大型,233162,EC,,C01172,藤田,男,42,広島県,2022-02-16,2,375494,Inactive,True,
PR0003005,2024-07-29,PC・タブレット,ワークステーション,156479,EC,,C01173,岡田,男,54,北海道,2024-05-17,3,959173,Loyal,True,
PR0003004,2024-12-26,テレビ,4K テレビ 50型,333366,店舗,新宿店,C01173,岡田,男,54,北海道,2024-05-17,3,959173,Loyal,False,
PR0003003,2025-09-17,冷蔵庫,コンパクト冷蔵庫,469328,店舗,天王寺店,C01173,岡田,男,54,北海道,2024-05-17,3,959173,Loyal,False,
PR0003006,2022-08-09,PC・タブレット,ノートPC 15型,344215,EC,,C01174,池田,女,46,福岡県,2022-04-20,3,609951,Loyal,True,
PR0003007,2025-12-18,PC・タブレット,ノートPC 13型,123658,EC,,C01174,池田,女,46,福岡県,2022-04-20,3,609951,Loyal,False,1227
PR0003008,2023-12-29,エアコン,業務用エアコン,142078,EC,,C01174,池田,女,46,福岡県,2022-04-20,3,609951,Loyal,False,
PR0003009,2025-01-17,エアコン,業務用エアコン,80150,店舗,横浜駅前店,C01175,中島,女,57,北海道,2024-09-15,6,914194,VIP,True,
PR0003014,2025-09-09,オーディオ,Bluetoothスピーカー,171296,店舗,新宿店,C01175,中島,女,57,北海道,2024-09-15,6,914194,VIP,False,
PR0003011,2025-05-17,カメラ・ビデオ,コンパクトデジカメ,250254,EC,,C01175,中島,女,57,北海道,2024-09-15,6,914194,VIP,False,
PR0003012,2025-10-19,冷蔵庫,冷蔵庫 500L,214076,店舗,横浜駅前店,C01175,中島,女,57,北海道,2024-09-15,6,914194,VIP,False,
PR0003013,2025-05-08,洗濯機,全自動 8kg,132169,EC,,C01175,中島,女,57,北海道,2024-09-15,6,914194,VIP,False,
PR0003010,2025-06-29,美容家電・小物,電気シェーバー,66249,店舗,大阪梅田店,C01175,中島,女,57,北海道,2024-09-15,6,914194,VIP,False,
PR0003015,2023-11-01,PC・タブレット,ゲーミングPC,281631,EC,,C01176,清水,男,65,福岡県,2022-09-06,1,281631,Inactive,True,
PR0003018,2026-01-08,PC・タブレット,ノートPC 13型,250147,店舗,札幌駅前店,C01177,村上,女,46,北海道,2023-06-01,3,652651,Loyal,False,
PR0003017,2025-04-27,冷蔵庫,冷蔵庫 600L 大型,382320,店舗,名古屋栄店,C01177,村上,女,46,北海道,2023-06-01,3,652651,Loyal,False,
PR0003016,2023-09-20,美容家電・小物,ドライヤー,20184,店舗,大阪梅田店,C01177,村上,女,46,北海道,2023-06-01,3,652651,Loyal,True,
PR0003019,2024-03-10,ゲーム・玩具,VR ゴーグル,55365,店舗,天王寺店,C01178,渡辺,女,45,埼玉県,2023-07-30,1,55365,Inactive,True,
PR0003020,2023-10-01,PC・タブレット,ワークステーション,324899,店舗,秋葉原店,C01179,伊藤,男,39,東京都,2022-12-01,1,324899,Inactive,True,
PR0003022,2025-02-24,PC・タブレット,ワークステーション,92685,店舗,新宿店,C01180,木村,女,30,神奈川県,2024-03-29,3,269462,Loyal,False,
PR0003021,2024-11-05,スマートフォン,ミドルレンジ機種,127331,店舗,福岡天神店,C01180,木村,女,30,神奈川県,2024-03-29,3,269462,Loyal,False,
PR0003023,2024-10-16,美容家電・小物,ドライヤー,49446,店舗,名古屋栄店,C01180,木村,女,30,神奈川県,2024-03-29,3,269462,Loyal,True,
PR0003025,2025-09-14,オーディオ,サウンドバー,41278,店舗,秋葉原店,C01181,中島,女,52,宮城県,2022-03-08,2,497833,Regular,False,
PR0003024,2023-06-03,テレビ,4K テレビ 65型,456555,EC,,C01181,中島,女,52,宮城県,2022-03-08,2,497833,Regular,True,
PR0003028,2026-03-24,オーディオ,ホームオーディオ,96015,店舗,池袋店,C01182,坂本,女,39,北海道,2025-10-30,3,316405,Loyal,False,
PR0003026,2025-11-10,スマートフォン,Pro モデル 512GB,120001,店舗,天王寺店,C01182,坂本,女,39,北海道,2025-10-30,3,316405,Loyal,True,
PR0003027,2026-02-24,洗濯機,全自動 8kg,100389,EC,,C01182,坂本,女,39,北海道,2025-10-30,3,316405,Loyal,False,
PR0003030,2024-07-31,洗濯機,縦型洗濯機,255334,店舗,天王寺店,C01183,森,男,65,福岡県,2021-09-14,2,279043,Regular,True,
PR0003029,2025-12-19,美容家電・小物,マッサージガン,23709,EC,,C01183,森,男,65,福岡県,2021-09-14,2,279043,Regular,False,
PR0003031,2026-03-24,カメラ・ビデオ,ミラーレス一眼,260318,EC,,C01184,後藤,男,75,愛知県,2024-10-22,3,454054,Loyal,False,
PR0003033,2024-12-25,ゲーム・玩具,VR ゴーグル,75251,店舗,新宿店,C01184,後藤,男,75,愛知県,2024-10-22,3,454054,Loyal,True,
PR0003032,2025-06-22,テレビ,有機EL 75型,118485,EC,,C01184,後藤,男,75,愛知県,2024-10-22,3,454054,Loyal,False,
PR0003035,2022-12-15,スマートフォン,Pro モデル 512GB,109602,店舗,秋葉原店,C01186,中島,女,22,千葉県,2022-02-18,3,316690,Loyal,True,
PR0003036,2025-09-29,スマートフォン,ハイエンド 1TB,195491,店舗,福岡天神店,C01186,中島,女,22,千葉県,2022-02-18,3,316690,Loyal,False,1019
PR0003034,2025-06-16,美容家電・小物,電動歯ブラシ,11597,店舗,名古屋栄店,C01186,中島,女,22,千葉県,2022-02-18,3,316690,Loyal,False,
PR0003039,2024-01-13,PC・タブレット,ノートPC 13型,68332,店舗,横浜駅前店,C01188,山本,男,41,宮城県,2023-04-11,5,800691,VIP,False,
PR0003037,2025-11-06,スマートフォン,ミドルレンジ機種,169291,店舗,秋葉原店,C01188,山本,男,41,宮城県,2023-04-11,5,800691,VIP,False,
PR0003038,2024-10-12,テレビ,有機EL 75型,438591,店舗,名古屋栄店,C01188,山本,男,41,宮城県,2023-04-11,5,800691,VIP,False,
PR0003040,2023-11-03,洗濯機,ドラム式洗濯機,97568,店舗,新宿店,C01188,山本,男,41,宮城県,2023-04-11,5,800691,VIP,True,
PR0003041,2025-09-14,美容家電・小物,マッサージガン,26909,店舗,名古屋栄店,C01188,山本,男,41,宮城県,2023-04-11,5,800691,VIP,False,
PR0003042,2025-09-14,エアコン,エアコン 10畳用,277672,EC,,C01189,藤田,女,34,千葉県,2022-07-13,3,676800,Loyal,False,
PR0003044,2025-04-13,ゲーム・玩具,ボードゲーム,67348,店舗,福岡天神店,C01189,藤田,女,34,千葉県,2022-07-13,3,676800,Loyal,True,
PR0003043,2025-12-13,洗濯機,ドラム式洗濯機,331780,店舗,大阪梅田店,C01189,藤田,女,34,千葉県,2022-07-13,3,676800,Loyal,False,
PR0003045,2024-12-24,テレビ,有機EL 55型,226360,店舗,天王寺店,C01190,吉田,男,22,京都府,2024-06-18,1,226360,Light,True,
PR0003047,2026-02-04,スマートフォン,最新スマホ 256GB,118440,EC,,C01191,近藤,女,43,広島県,2023-04-21,2,185195,Regular,False,
PR0003046,2023-05-01,美容家電・小物,電動歯ブラシ,66755,店舗,福岡天神店,C01191,近藤,女,43,広島県,2023-04-21,2,185195,Regular,True,
PR0003049,2022-06-29,PC・タブレット,タブレット 10型,266100,EC,,C01192,橋本,女,53,京都府,2022-04-29,4,578261,Loyal,True,
PR0003050,2022-10-07,スマートフォン,ミドルレンジ機種,154225,EC,,C01192,橋本,女,53,京都府,2022-04-29,4,578261,Loyal,False,
PR0003051,2025-06-15,スマートフォン,Pro モデル 512GB,95580,EC,,C01192,橋本,女,53,京都府,2022-04-29,4,578261,Loyal,False,982
PR0003048,2024-04-12,美容家電・小物,美顔器,62356,EC,,C01192,橋本,女,53,京都府,2022-04-29,4,578261,Loyal,False,
PR0003056,2024-04-07,PC・タブレット,2-in-1 PC,155439,EC,,C01193,岡田,女,46,神奈川県,2024-03-14,6,851261,VIP,False,
PR0003054,2024-04-04,オーディオ,ホームオーディオ,92472,EC,,C01193,岡田,女,46,神奈川県,2024-03-14,6,851261,VIP,True,
PR0003057,2024-11-11,ゲーム・玩具,ゲームソフト,31495,店舗,横浜駅前店,C01193,岡田,女,46,神奈川県,2024-03-14,6,851261,VIP,False,
PR0003052,2024-12-01,スマートフォン,Pro モデル 512GB,198406,店舗,大阪梅田店,C01193,岡田,女,46,神奈川県,2024-03-14,6,851261,VIP,False,
PR0003053,2025-10-25,テレビ,プロジェクター,314375,店舗,天王寺店,C01193,岡田,女,46,神奈川県,2024-03-14,6,851261,VIP,False,
PR0003055,2024-05-08,美容家電・小物,マッサージガン,59074,EC,,C01193,岡田,女,46,神奈川県,2024-03-14,6,851261,VIP,False,
PR0003058,2025-07-27,スマートフォン,スタンダード 128GB,156313,店舗,渋谷店,C01194,山本,女,46,広島県,2025-03-20,2,205996,Regular,False,
PR0003059,2025-05-09,美容家電・小物,マッサージガン,49683,店舗,秋葉原店,C01194,山本,女,46,広島県,2025-03-20,2,205996,Regular,True,
PR0003060,2026-03-04,カメラ・ビデオ,ミラーレス一眼,297910,EC,,C01195,松本,男,46,広島県,2024-12-17,3,506758,Loyal,False,
PR0003061,2025-03-31,スマートフォン,Pro モデル 512GB,137084,EC,,C01195,松本,男,46,広島県,2024-12-17,3,506758,Loyal,True,
PR0003062,2025-10-14,美容家電・小物,ヘアアイロン,71764,EC,,C01195,松本,男,46,広島県,2024-12-17,3,506758,Loyal,False,
PR0003063,2025-01-15,スマートフォン,スタンダード 128GB,42466,EC,,C01196,田中,男,35,宮城県,2022-06-11,1,42466,Light,True,
PR0003065,2023-05-31,スマートフォン,コンパクトモデル,70786,EC,,C01197,坂本,女,59,京都府,2023-05-15,3,531042,Loyal,True,
PR0003066,2025-11-18,スマートフォン,最新スマホ 256GB,143681,EC,,C01197,坂本,女,59,京都府,2023-05-15,3,531042,Loyal,False,902
PR0003064,2024-04-28,洗濯機,乾燥機能付き 10kg,316575,店舗,名古屋栄店,C01197,坂本,女,59,京都府,2023-05-15,3,531042,Loyal,False,
PR0003068,2025-11-10,ゲーム・玩具,携帯ゲーム機,64397,EC,,C01198,渡辺,男,31,北海道,2025-10-08,2,88047,Regular,True,
PR0003067,2025-12-24,美容家電・小物,マッサージガン,23650,EC,,C01198,渡辺,男,31,北海道,2025-10-08,2,88047,Regular,False,
PR0003070,2024-06-18,PC・タブレット,ノートPC 15型,314510,EC,,C01199,池田,女,69,広島県,2022-03-19,3,841909,Loyal,False,
PR0003071,2025-07-23,テレビ,有機EL 55型,490030,店舗,福岡天神店,C01199,池田,女,69,広島県,2022-03-19,3,841909,Loyal,False,
PR0003069,2022-12-10,美容家電・小物,ヘアアイロン,37369,店舗,新宿店,C01199,池田,女,69,広島県,2022-03-19,3,841909,Loyal,True,
PR0003072,2023-03-12,オーディオ,Bluetoothスピーカー,52752,EC,,C01200,加藤,女,48,福岡県,2022-12-26,3,233436,Loyal,True,
PR0003073,2025-10-24,スマートフォン,最新スマホ 256GB,103361,店舗,大阪梅田店,C01200,加藤,女,48,福岡県,2022-12-26,3,233436,Loyal,False,
PR0003074,2023-12-25,美容家電・小物,電動歯ブラシ,77323,店舗,大阪梅田店,C01200,加藤,女,48,福岡県,2022-12-26,3,233436,Loyal,False,
PR0003076,2024-10-02,PC・タブレット,ノートPC 13型,299361,店舗,横浜駅前店,C01201,佐々木,男,58,東京都,2022-03-26,5,843260,VIP,False,
PR0003078,2022-08-15,オーディオ,ホームオーディオ,56920,店舗,札幌駅前店,C01201,佐々木,男,58,東京都,2022-03-26,5,843260,VIP,True,
PR0003075,2025-12-12,スマートフォン,ミドルレンジ機種,110397,店舗,天王寺店,C01201,佐々木,男,58,東京都,2022-03-26,5,843260,VIP,False,
PR0003077,2024-01-16,テレビ,プロジェクター,343730,店舗,秋葉原店,C01201,佐々木,男,58,東京都,2022-03-26,5,843260,VIP,False,
PR0003079,2026-02-10,美容家電・小物,電動歯ブラシ,32852,店舗,横浜駅前店,C01201,佐々木,男,58,東京都,2022-03-26,5,843260,VIP,False,
PR0003081,2023-11-07,カメラ・ビデオ,ドローン,86445,店舗,新宿店,C01203,山田,男,55,兵庫県,2023-08-12,2,334637,Inactive,False,
PR0003080,2023-11-04,テレビ,有機EL 75型,248192,店舗,渋谷店,C01203,山田,男,55,兵庫県,2023-08-12,2,334637,Inactive,True,
PR0003083,2024-01-07,スマートフォン,ミドルレンジ機種,110852,店舗,池袋店,C01204,近藤,女,58,兵庫県,2022-06-18,2,438333,Inactive,False,
PR0003082,2022-12-11,冷蔵庫,冷蔵庫 600L 大型,327481,EC,,C01204,近藤,女,58,兵庫県,2022-06-18,2,438333,Inactive,True,
PR0003084,2024-03-25,PC・タブレット,ワークステーション,87192,店舗,福岡天神店,C01205,中村,男,25,兵庫県,2023-12-16,5,373507,Loyal,False,
PR0003088,2025-09-18,オーディオ,ヘッドホン,81667,店舗,池袋店,C01205,中村,男,25,兵庫県,2023-12-16,5,373507,Loyal,False,
PR0003086,2026-01-27,ゲーム・玩具,ゲームソフト,62919,EC,,C01205,中村,男,25,兵庫県,2023-12-16,5,373507,Loyal,False,
PR0003085,2025-06-21,スマートフォン,スタンダード 128GB,110922,店舗,秋葉原店,C01205,中村,男,25,兵庫県,2023-12-16,5,373507,Loyal,False,
PR0003087,2024-03-20,美容家電・小物,電気シェーバー,30807,店舗,新宿店,C01205,中村,男,25,兵庫県,2023-12-16,5,373507,Loyal,True,
PR0003090,2024-06-10,エアコン,エアコン 14畳用,293832,店舗,秋葉原店,C01206,小林,男,49,京都府,2021-09-20,3,563901,Loyal,True,
PR0003091,2026-03-07,オーディオ,Bluetoothスピーカー,104202,店舗,天王寺店,C01206,小林,男,49,京都府,2021-09-20,3,563901,Loyal,False,
PR0003089,2025-01-22,洗濯機,乾燥機能付き 10kg,165867,店舗,札幌駅前店,C01206,小林,男,49,京都府,2021-09-20,3,563901,Loyal,False,
PR0003096,2025-03-12,PC・タブレット,ゲーミングPC,69484,店舗,大阪梅田店,C01207,遠藤,男,40,神奈川県,2021-10-05,8,1031205,VIP,False,
PR0003095,2026-01-16,オーディオ,ワイヤレスイヤホン,27254,EC,,C01207,遠藤,男,40,神奈川県,2021-10-05,8,1031205,VIP,False,
PR0003098,2026-02-20,カメラ・ビデオ,交換レンズ,251121,店舗,池袋店,C01207,遠藤,男,40,神奈川県,2021-10-05,8,1031205,VIP,False,
PR0003092,2023-03-01,ゲーム・玩具,携帯ゲーム機,23481,店舗,大阪梅田店,C01207,遠藤,男,40,神奈川県,2021-10-05,8,1031205,VIP,False,
PR0003097,2023-01-09,テレビ,スマートテレビ 43型,225695,EC,,C01207,遠藤,男,40,神奈川県,2021-10-05,8,1031205,VIP,False,
PR0003099,2022-10-26,冷蔵庫,冷蔵庫 600L 大型,342609,店舗,渋谷店,C01207,遠藤,男,40,神奈川県,2021-10-05,8,1031205,VIP,False,
PR0003093,2022-01-01,美容家電・小物,電気シェーバー,58209,店舗,池袋店,C01207,遠藤,男,40,神奈川県,2021-10-05,8,1031205,VIP,True,
PR0003094,2024-05-03,美容家電・小物,ドライヤー,33352,店舗,大阪梅田店,C01207,遠藤,男,40,神奈川県,2021-10-05,8,1031205,VIP,False,853
PR0003103,2025-01-17,エアコン,業務用エアコン,389295,店舗,横浜駅前店,C01208,清水,男,62,愛知県,2024-02-01,4,676814,Loyal,False,
PR0003101,2025-01-14,カメラ・ビデオ,ドローン,148799,EC,,C01208,清水,男,62,愛知県,2024-02-01,4,676814,Loyal,True,
PR0003102,2025-03-24,ゲーム・玩具,ゲームソフト,68014,店舗,横浜駅前店,C01208,清水,男,62,愛知県,2024-02-01,4,676814,Loyal,False,
PR0003100,2025-02-27,スマートフォン,最新スマホ 256GB,70706,店舗,池袋店,C01208,清水,男,62,愛知県,2024-02-01,4,676814,Loyal,False,
PR0003104,2026-02-08,エアコン,エアコン 18畳用,240364,店舗,横浜駅前店,C01209,山口,男,66,兵庫県,2023-06-22,1,240364,Light,True,
PR0003105,2024-04-23,スマートフォン,ミドルレンジ機種,39844,店舗,横浜駅前店,C01210,石川,男,43,広島県,2022-04-21,1,39844,Inactive,True,
PR0003106,2026-01-02,オーディオ,ホームオーディオ,187006,EC,,C01211,吉田,男,35,神奈川県,2025-08-03,2,248239,Regular,False,
PR0003107,2025-10-05,美容家電・小物,電気シェーバー,61233,EC,,C01211,吉田,男,35,神奈川県,2025-08-03,2,248239,Regular,True,
PR0003109,2025-01-04,PC・タブレット,ノートPC 15型,308887,店舗,秋葉原店,C01212,山田,男,34,福岡県,2022-11-02,2,502110,Regular,True,
PR0003108,2025-12-15,スマートフォン,ハイエンド 1TB,193223,EC,,C01212,山田,男,34,福岡県,2022-11-02,2,502110,Regular,False,
PR0003110,2023-12-14,ゲーム・玩具,ボードゲーム,59960,店舗,新宿店,C01213,前田,男,23,広島県,2023-04-26,2,173334,Regular,True,
PR0003111,2025-01-17,スマートフォン,最新スマホ 256GB,113374,EC,,C01213,前田,男,23,広島県,2023-04-26,2,173334,Regular,False,
PR0003113,2025-05-15,オーディオ,ホームオーディオ,79423,EC,,C01214,藤田,女,39,広島県,2022-09-10,3,112948,Regular,False,
PR0003114,2025-10-03,ゲーム・玩具,据置型ゲーム機,18309,EC,,C01214,藤田,女,39,広島県,2022-09-10,3,112948,Regular,False,
PR0003112,2024-02-11,美容家電・小物,マッサージガン,15216,EC,,C01214,藤田,女,39,広島県,2022-09-10,3,112948,Regular,True,
PR0003115,2025-03-30,テレビ,4K テレビ 65型,376656,EC,,C01215,田中,男,32,東京都,2025-03-17,1,376656,Light,True,
PR0003116,2026-03-06,スマートフォン,ハイエンド 1TB,197121,EC,,C01216,小川,男,39,広島県,2025-09-26,1,197121,Light,True,
PR0003121,2023-09-06,PC・タブレット,2-in-1 PC,71870,店舗,池袋店,C01217,長谷川,女,23,兵庫県,2022-01-06,5,453625,Loyal,False,
PR0003119,2024-02-26,ゲーム・玩具,コントローラ,55000,EC,,C01217,長谷川,女,23,兵庫県,2022-01-06,5,453625,Loyal,False,
PR0003117,2022-10-14,スマートフォン,コンパクトモデル,163743,店舗,天王寺店,C01217,長谷川,女,23,兵庫県,2022-01-06,5,453625,Loyal,False,
PR0003118,2024-11-24,スマートフォン,ミドルレンジ機種,111510,店舗,横浜駅前店,C01217,長谷川,女,23,兵庫県,2022-01-06,5,453625,Loyal,False,772
PR0003120,2022-05-09,テレビ,スマートテレビ 43型,51502,店舗,名古屋栄店,C01217,長谷川,女,23,兵庫県,2022-01-06,5,453625,Loyal,True,
PR0003123,2025-07-09,スマートフォン,Pro モデル 512GB,145219,店舗,池袋店,C01218,渡辺,男,34,大阪府,2025-07-06,2,215137,Regular,True,
PR0003122,2025-10-17,美容家電・小物,ドライヤー,69918,店舗,大阪梅田店,C01218,渡辺,男,34,大阪府,2025-07-06,2,215137,Regular,False,
PR0003124,2024-07-24,エアコン,業務用エアコン,194845,EC,,C01219,木村,男,41,京都府,2022-06-26,1,194845,Light,True,
PR0003126,2024-03-05,PC・タブレット,ゲーミングPC,86846,EC,,C01220,藤田,男,28,神奈川県,2024-01-23,2,194145,Regular,True,
PR0003125,2024-06-20,スマートフォン,ハイエンド 1TB,107299,店舗,横浜駅前店,C01220,藤田,男,28,神奈川県,2024-01-23,2,194145,Regular,False,
PR0003128,2026-02-21,テレビ,スマートテレビ 43型,251222,店舗,渋谷店,C01221,中島,女,39,宮城県,2025-06-21,2,353362,Regular,False,
PR0003127,2025-12-26,洗濯機,コンパクト洗濯機,102140,店舗,札幌駅前店,C01221,中島,女,39,宮城県,2025-06-21,2,353362,Regular,True,
PR0003129,2024-06-02,スマートフォン,ミドルレンジ機種,104453,店舗,福岡天神店,C01222,松本,男,55,大阪府,2022-06-27,3,372648,Loyal,False,
PR0003130,2024-04-25,冷蔵庫,フレンチドア 700L,133569,店舗,渋谷店,C01222,松本,男,55,大阪府,2022-06-27,3,372648,Loyal,False,
PR0003131,2022-12-20,洗濯機,全自動 8kg,134626,店舗,新宿店,C01222,松本,男,55,大阪府,2022-06-27,3,372648,Loyal,True,
PR0003132,2025-03-22,エアコン,エアコン 10畳用,204437,店舗,天王寺店,C01223,前田,女,69,大阪府,2021-11-05,2,629086,Regular,False,
PR0003133,2022-05-03,冷蔵庫,冷蔵庫 600L 大型,424649,店舗,名古屋栄店,C01223,前田,女,69,大阪府,2021-11-05,2,629086,Regular,True,
PR0003135,2025-01-16,PC・タブレット,タブレット 10型,56853,店舗,大阪梅田店,C01224,山崎,男,49,宮城県,2024-12-31,5,871806,VIP,True,
PR0003137,2025-02-11,エアコン,エアコン 6畳用,392914,店舗,福岡天神店,C01224,山崎,男,49,宮城県,2024-12-31,5,871806,VIP,False,
PR0003138,2026-01-19,ゲーム・玩具,ゲームソフト,53519,店舗,池袋店,C01224,山崎,男,49,宮城県,2024-12-31,5,871806,VIP,False,
PR0003136,2025-10-17,スマートフォン,スタンダード 128GB,74722,店舗,名古屋栄店,C01224,山崎,男,49,宮城県,2024-12-31,5,871806,VIP,False,
PR0003134,2026-02-23,テレビ,スマートテレビ 43型,293798,店舗,池袋店,C01224,山崎,男,49,宮城県,2024-12-31,5,871806,VIP,False,
PR0003139,2025-06-15,カメラ・ビデオ,コンパクトデジカメ,120688,店舗,新宿店,C01225,林,男,37,兵庫県,2023-07-09,1,120688,Light,True,
PR0003142,2024-12-29,PC・タブレット,2-in-1 PC,143236,EC,,C01226,佐々木,男,52,京都府,2022-09-22,3,313609,Loyal,False,
PR0003140,2024-10-28,スマートフォン,Pro モデル 512GB,145154,店舗,秋葉原店,C01226,佐々木,男,52,京都府,2022-09-22,3,313609,Loyal,True,
PR0003141,2025-07-20,美容家電・小物,電気シェーバー,25219,EC,,C01226,佐々木,男,52,京都府,2022-09-22,3,313609,Loyal,False,
PR0003143,2025-02-09,スマートフォン,コンパクトモデル,104563,店舗,大阪梅田店,C01227,清水,男,52,福岡県,2024-01-01,3,350204,Loyal,False,
PR0003144,2025-07-06,冷蔵庫,冷蔵庫 400L,106971,店舗,秋葉原店,C01227,清水,男,52,福岡県,2024-01-01,3,350204,Loyal,False,
PR0003145,2024-09-01,洗濯機,ドラム式洗濯機,138670,店舗,横浜駅前店,C01227,清水,男,52,福岡県,2024-01-01,3,350204,Loyal,True,
PR0003146,2024-05-11,スマートフォン,Pro モデル 512GB,79145,EC,,C01228,後藤,男,48,宮城県,2023-10-14,2,546967,Regular,True,
PR0003147,2025-11-20,テレビ,スマートテレビ 43型,467822,店舗,渋谷店,C01228,後藤,男,48,宮城県,2023-10-14,2,546967,Regular,False,
PR0003148,2026-01-02,カメラ・ビデオ,ビデオカメラ,179067,EC,,C01229,高橋,男,56,北海道,2025-01-24,2,578667,Regular,False,
PR0003149,2025-07-23,冷蔵庫,冷蔵庫 500L,399600,店舗,渋谷店,C01229,高橋,男,56,北海道,2025-01-24,2,578667,Regular,True,
PR0003150,2023-06-06,スマートフォン,スタンダード 128GB,51031,店舗,渋谷店,C01230,鈴木,男,49,宮城県,2023-03-07,3,393354,Loyal,True,
PR0003151,2025-12-30,スマートフォン,ミドルレンジ機種,109360,EC,,C01230,鈴木,男,49,宮城県,2023-03-07,3,393354,Loyal,False,938
PR0003152,2024-12-07,冷蔵庫,コンパクト冷蔵庫,232963,EC,,C01230,鈴木,男,49,宮城県,2023-03-07,3,393354,Loyal,False,
PR0003153,2023-09-23,テレビ,有機EL 75型,459750,店舗,天王寺店,C01231,林,男,59,北海道,2023-05-01,2,843542,Regular,True,
PR0003154,2025-05-15,冷蔵庫,冷蔵庫 500L,383792,店舗,新宿店,C01231,林,男,59,北海道,2023-05-01,2,843542,Regular,False,
PR0003156,2025-06-14,カメラ・ビデオ,アクションカメラ,227516,EC,,C01232,石井,男,48,愛知県,2024-08-05,4,978390,Loyal,False,
PR0003157,2024-10-05,ゲーム・玩具,ボードゲーム,40991,EC,,C01232,石井,男,48,愛知県,2024-08-05,4,978390,Loyal,True,
PR0003155,2026-03-29,テレビ,有機EL 55型,453425,EC,,C01232,石井,男,48,愛知県,2024-08-05,4,978390,Loyal,False,
PR0003158,2025-03-11,洗濯機,コンパクト洗濯機,256458,EC,,C01232,石井,男,48,愛知県,2024-08-05,4,978390,Loyal,False,
PR0003163,2025-05-21,PC・タブレット,ゲーミングPC,297804,EC,,C01233,中村,男,51,福岡県,2025-02-21,5,900140,VIP,False,
PR0003160,2025-11-09,オーディオ,ヘッドホン,39956,店舗,札幌駅前店,C01233,中村,男,51,福岡県,2025-02-21,5,900140,VIP,False,
PR0003161,2025-07-01,ゲーム・玩具,ボードゲーム,6177,店舗,渋谷店,C01233,中村,男,51,福岡県,2025-02-21,5,900140,VIP,False,
PR0003159,2025-03-30,テレビ,4K テレビ 65型,401958,店舗,福岡天神店,C01233,中村,男,51,福岡県,2025-02-21,5,900140,VIP,True,
PR0003162,2025-11-16,洗濯機,縦型洗濯機,154245,EC,,C01233,中村,男,51,福岡県,2025-02-21,5,900140,VIP,False,
PR0003164,2024-12-19,スマートフォン,最新スマホ 256GB,161566,店舗,天王寺店,C01234,小林,男,23,京都府,2024-01-17,1,161566,Light,True,
PR0003165,2024-07-04,カメラ・ビデオ,アクションカメラ,162518,店舗,大阪梅田店,C01235,岡田,男,47,広島県,2024-06-27,3,704441,Loyal,True,
PR0003167,2024-10-09,スマートフォン,最新スマホ 256GB,62655,店舗,新宿店,C01235,岡田,男,47,広島県,2024-06-27,3,704441,Loyal,False,
PR0003166,2025-10-06,テレビ,プロジェクター,479268,店舗,横浜駅前店,C01235,岡田,男,47,広島県,2024-06-27,3,704441,Loyal,False,
PR0003170,2025-02-12,PC・タブレット,ゲーミングPC,304098,EC,,C01237,高橋,男,44,北海道,2021-08-18,3,841227,Loyal,False,
PR0003169,2024-06-20,スマートフォン,コンパクトモデル,101170,店舗,新宿店,C01237,高橋,男,44,北海道,2021-08-18,3,841227,Loyal,True,
PR0003168,2024-08-09,冷蔵庫,コンパクト冷蔵庫,435959,店舗,天王寺店,C01237,高橋,男,44,北海道,2021-08-18,3,841227,Loyal,False,
PR0003171,2023-12-03,テレビ,スマートテレビ 43型,394898,EC,,C01238,岡田,男,71,千葉県,2023-09-05,1,394898,Inactive,True,
PR0003172,2026-02-14,PC・タブレット,タブレット 10型,334969,EC,,C01239,鈴木,男,27,兵庫県,2025-12-22,3,571353,Loyal,True,
PR0003174,2026-03-26,ゲーム・玩具,据置型ゲーム機,52390,EC,,C01239,鈴木,男,27,兵庫県,2025-12-22,3,571353,Loyal,False,
PR0003173,2026-02-17,スマートフォン,ハイエンド 1TB,183994,EC,,C01239,鈴木,男,27,兵庫県,2025-12-22,3,571353,Loyal,False,
PR0003176,2023-05-19,PC・タブレット,ワークステーション,275038,店舗,札幌駅前店,C01240,中島,男,28,広島県,2022-08-14,2,388871,Inactive,True,
PR0003175,2023-10-03,スマートフォン,Pro モデル 512GB,113833,店舗,名古屋栄店,C01240,中島,男,28,広島県,2022-08-14,2,388871,Inactive,False,
PR0003177,2025-10-26,PC・タブレット,ワークステーション,120013,EC,,C01241,中村,女,57,大阪府,2024-01-24,2,165202,Regular,False,
PR0003178,2024-10-14,カメラ・ビデオ,ドローン,45189,店舗,渋谷店,C01241,中村,女,57,大阪府,2024-01-24,2,165202,Regular,True,
PR0003179,2026-02-25,スマートフォン,ミドルレンジ機種,81003,EC,,C01242,藤田,女,61,福岡県,2025-07-10,1,81003,Light,True,
PR0003182,2024-11-06,PC・タブレット,タブレット 10型,208311,EC,,C01243,井上,女,32,東京都,2022-09-14,3,838053,Loyal,False,
PR0003180,2023-01-03,テレビ,4K テレビ 65型,182040,店舗,天王寺店,C01243,井上,女,32,東京都,2022-09-14,3,838053,Loyal,True,
PR0003181,2026-03-03,冷蔵庫,フレンチドア 700L,447702,EC,,C01243,井上,女,32,東京都,2022-09-14,3,838053,Loyal,False,
PR0003184,2025-09-24,エアコン,業務用エアコン,396585,店舗,秋葉原店,C01244,山下,女,47,愛知県,2023-03-23,3,510670,Loyal,False,
PR0003185,2024-10-27,ゲーム・玩具,携帯ゲーム機,54624,店舗,名古屋栄店,C01244,山下,女,47,愛知県,2023-03-23,3,510670,Loyal,False,
PR0003183,2024-03-07,美容家電・小物,電気シェーバー,59461,店舗,名古屋栄店,C01244,山下,女,47,愛知県,2023-03-23,3,510670,Loyal,True,
PR0003187,2024-01-12,PC・タブレット,ノートPC 15型,178246,店舗,福岡天神店,C01246,藤田,男,52,北海道,2021-06-17,3,658092,Inactive,False,
PR0003188,2023-03-22,冷蔵庫,フレンチドア 700L,409154,店舗,渋谷店,C01246,藤田,男,52,北海道,2021-06-17,3,658092,Inactive,True,
PR0003186,2023-06-23,美容家電・小物,美顔器,70692,店舗,天王寺店,C01246,藤田,男,52,北海道,2021-06-17,3,658092,Inactive,False,
PR0003191,2025-07-07,カメラ・ビデオ,ビデオカメラ,211971,店舗,秋葉原店,C01247,坂本,男,54,千葉県,2025-03-05,3,361030,Loyal,True,
PR0003189,2026-02-03,ゲーム・玩具,据置型ゲーム機,57716,EC,,C01247,坂本,男,54,千葉県,2025-03-05,3,361030,Loyal,False,
PR0003190,2025-08-14,スマートフォン,コンパクトモデル,91343,EC,,C01247,坂本,男,54,千葉県,2025-03-05,3,361030,Loyal,False,
PR0003194,2025-08-11,PC・タブレット,ゲーミングPC,315227,店舗,天王寺店,C01248,小林,男,56,東京都,2021-09-01,3,608307,Loyal,False,
PR0003192,2021-12-29,スマートフォン,ハイエンド 1TB,134439,店舗,池袋店,C01248,小林,男,56,東京都,2021-09-01,3,608307,Loyal,True,
PR0003193,2024-12-07,スマートフォン,ハイエンド 1TB,158641,店舗,横浜駅前店,C01248,小林,男,56,東京都,2021-09-01,3,608307,Loyal,False,1074
PR0003195,2025-07-13,カメラ・ビデオ,コンパクトデジカメ,295593,店舗,渋谷店,C01249,小川,女,34,愛知県,2024-09-20,1,295593,Light,True,
PR0003199,2025-01-18,エアコン,エアコン 6畳用,129308,EC,,C01250,田中,女,41,千葉県,2024-06-21,4,618495,Loyal,False,
PR0003196,2024-12-09,テレビ,4K テレビ 65型,336244,EC,,C01250,田中,女,41,千葉県,2024-06-21,4,618495,Loyal,True,
PR0003198,2025-11-26,洗濯機,ドラム式洗濯機,118205,EC,,C01250,田中,女,41,千葉県,2024-06-21,4,618495,Loyal,False,
PR0003197,2025-08-29,美容家電・小物,マッサージガン,34738,店舗,渋谷店,C01250,田中,女,41,千葉県,2024-06-21,4,618495,Loyal,False,
PR0003200,2025-11-06,ゲーム・玩具,携帯ゲーム機,36386,EC,,C01251,池田,女,49,東京都,2025-03-23,1,36386,Light,True,
PR0003202,2025-12-17,PC・タブレット,2-in-1 PC,303176,店舗,福岡天神店,C01252,石井,男,41,兵庫県,2022-03-19,3,740133,Loyal,False,
PR0003201,2025-03-21,スマートフォン,Pro モデル 512GB,164388,店舗,名古屋栄店,C01252,石井,男,41,兵庫県,2022-03-19,3,740133,Loyal,False,
PR0003203,2024-02-02,テレビ,スマートテレビ 43型,272569,店舗,名古屋栄店,C01252,石井,男,41,兵庫県,2022-03-19,3,740133,Loyal,True,
PR0003204,2026-02-23,美容家電・小物,美顔器,25654,EC,,C01253,佐藤,男,29,兵庫県,2023-12-28,1,25654,Light,True,
PR0003205,2024-06-22,エアコン,エアコン 18畳用,94463,店舗,大阪梅田店,C01254,青木,男,52,福岡県,2023-07-04,3,405167,Loyal,False,
PR0003206,2023-09-23,スマートフォン,スタンダード 128GB,185562,店舗,秋葉原店,C01254,青木,男,52,福岡県,2023-07-04,3,405167,Loyal,True,
PR0003207,2026-03-30,スマートフォン,Pro モデル 512GB,125142,EC,,C01254,青木,男,52,福岡県,2023-07-04,3,405167,Loyal,False,919
PR0003208,2023-12-31,オーディオ,Bluetoothスピーカー,109551,EC,,C01255,林,女,43,北海道,2022-04-29,3,162739,Regular,False,
PR0003209,2023-06-28,美容家電・小物,電気シェーバー,16954,EC,,C01255,林,女,43,北海道,2022-04-29,3,162739,Regular,True,
PR0003210,2026-01-23,美容家電・小物,電気シェーバー,36234,店舗,横浜駅前店,C01255,林,女,43,北海道,2022-04-29,3,162739,Regular,False,940
PR0003211,2025-09-18,オーディオ,ワイヤレスイヤホン,52585,店舗,秋葉原店,C01256,山口,男,70,東京都,2021-05-17,3,264467,Loyal,False,
PR0003213,2022-04-26,ゲーム・玩具,ボードゲーム,50766,店舗,大阪梅田店,C01256,山口,男,70,東京都,2021-05-17,3,264467,Loyal,True,
PR0003212,2023-02-25,テレビ,4K テレビ 50型,161116,店舗,横浜駅前店,C01256,山口,男,70,東京都,2021-05-17,3,264467,Loyal,False,
PR0003217,2025-10-22,PC・タブレット,ノートPC 13型,247410,店舗,秋葉原店,C01257,松本,女,32,東京都,2024-12-25,5,823982,VIP,False,
PR0003214,2025-07-16,オーディオ,ホームオーディオ,175406,店舗,新宿店,C01257,松本,女,32,東京都,2024-12-25,5,823982,VIP,False,
PR0003218,2024-12-28,スマートフォン,Pro モデル 512GB,178345,店舗,大阪梅田店,C01257,松本,女,32,東京都,2024-12-25,5,823982,VIP,True,
PR0003216,2025-06-18,テレビ,有機EL 55型,203038,店舗,秋葉原店,C01257,松本,女,32,東京都,2024-12-25,5,823982,VIP,False,
PR0003215,2025-02-01,美容家電・小物,美顔器,19783,店舗,福岡天神店,C01257,松本,女,32,東京都,2024-12-25,5,823982,VIP,False,
PR0003221,2026-01-05,PC・タブレット,ゲーミングPC,281787,EC,,C01258,石川,男,46,千葉県,2025-03-30,3,821318,Loyal,False,
PR0003220,2025-09-22,オーディオ,ターンテーブル,120337,店舗,天王寺店,C01258,石川,男,46,千葉県,2025-03-30,3,821318,Loyal,False,
PR0003219,2025-09-05,テレビ,有機EL 55型,419194,店舗,大阪梅田店,C01258,石川,男,46,千葉県,2025-03-30,3,821318,Loyal,True,
PR0003222,2024-01-30,テレビ,有機EL 75型,449385,EC,,C01259,石井,女,65,京都府,2023-07-03,1,449385,Inactive,True,
PR0003224,2022-08-25,テレビ,有機EL 75型,171644,店舗,新宿店,C01260,清水,女,55,埼玉県,2021-07-24,3,502860,Loyal,True,
PR0003223,2024-01-19,洗濯機,乾燥機能付き 10kg,264640,EC,,C01260,清水,女,55,埼玉県,2021-07-24,3,502860,Loyal,False,
PR0003225,2025-10-31,美容家電・小物,ドライヤー,66576,店舗,秋葉原店,C01260,清水,女,55,埼玉県,2021-07-24,3,502860,Loyal,False,
PR0003228,2024-04-23,冷蔵庫,コンパクト冷蔵庫,309339,店舗,名古屋栄店,C01261,近藤,男,38,東京都,2021-11-10,3,435571,Loyal,False,
PR0003226,2022-05-24,美容家電・小物,電動歯ブラシ,65334,EC,,C01261,近藤,男,38,東京都,2021-11-10,3,435571,Loyal,True,
PR0003227,2025-07-10,美容家電・小物,マッサージガン,60898,EC,,C01261,近藤,男,38,東京都,2021-11-10,3,435571,Loyal,False,1143
PR0003235,2026-03-20,PC・タブレット,ゲーミングPC,158623,店舗,渋谷店,C01262,林,男,47,兵庫県,2024-03-01,8,942642,VIP,False,
PR0003229,2024-11-20,オーディオ,ワイヤレスイヤホン,42914,店舗,横浜駅前店,C01262,林,男,47,兵庫県,2024-03-01,8,942642,VIP,False,
PR0003231,2026-01-28,カメラ・ビデオ,ドローン,160898,店舗,札幌駅前店,C01262,林,男,47,兵庫県,2024-03-01,8,942642,VIP,False,
PR0003230,2025-05-24,ゲーム・玩具,据置型ゲーム機,9747,店舗,池袋店,C01262,林,男,47,兵庫県,2024-03-01,8,942642,VIP,False,
PR0003234,2025-06-12,スマートフォン,最新スマホ 256GB,186119,店舗,福岡天神店,C01262,林,男,47,兵庫県,2024-03-01,8,942642,VIP,False,
PR0003232,2024-04-18,テレビ,プロジェクター,135614,店舗,渋谷店,C01262,林,男,47,兵庫県,2024-03-01,8,942642,VIP,True,
PR0003236,2025-05-15,冷蔵庫,フレンチドア 700L,222654,店舗,横浜駅前店,C01262,林,男,47,兵庫県,2024-03-01,8,942642,VIP,False,
PR0003233,2025-08-24,美容家電・小物,電動歯ブラシ,26073,EC,,C01262,林,男,47,兵庫県,2024-03-01,8,942642,VIP,False,
PR0003237,2025-05-24,エアコン,エアコン 10畳用,392767,EC,,C01263,石井,男,69,広島県,2022-04-29,3,921344,Loyal,False,
PR0003239,2026-03-26,テレビ,有機EL 75型,244398,EC,,C01263,石井,男,69,広島県,2022-04-29,3,921344,Loyal,False,
PR0003238,2025-01-25,冷蔵庫,フレンチドア 700L,284179,EC,,C01263,石井,男,69,広島県,2022-04-29,3,921344,Loyal,True,
PR0003240,2025-10-21,スマートフォン,Pro モデル 512GB,94038,店舗,渋谷店,C01264,森,男,52,福岡県,2025-04-11,1,94038,Light,True,
PR0003242,2024-07-20,ゲーム・玩具,携帯ゲーム機,6907,店舗,新宿店,C01265,小林,女,44,北海道,2023-09-19,2,171834,Regular,False,
PR0003241,2023-11-28,スマートフォン,ハイエンド 1TB,164927,店舗,池袋店,C01265,小林,女,44,北海道,2023-09-19,2,171834,Regular,True,
PR0003247,2025-07-07,エアコン,エアコン 18畳用,307109,EC,,C01267,長谷川,女,46,千葉県,2023-08-07,5,763328,VIP,False,
PR0003246,2025-07-23,オーディオ,ワイヤレスイヤホン,89411,EC,,C01267,長谷川,女,46,千葉県,2023-08-07,5,763328,VIP,False,
PR0003243,2023-08-30,スマートフォン,Pro モデル 512GB,145946,店舗,天王寺店,C01267,長谷川,女,46,千葉県,2023-08-07,5,763328,VIP,True,
PR0003244,2025-09-13,スマートフォン,ミドルレンジ機種,177935,EC,,C01267,長谷川,女,46,千葉県,2023-08-07,5,763328,VIP,False,745
PR0003245,2024-01-14,美容家電・小物,電気シェーバー,42927,EC,,C01267,長谷川,女,46,千葉県,2023-08-07,5,763328,VIP,False,
PR0003248,2026-01-13,オーディオ,ヘッドホン,176768,EC,,C01268,岡田,男,30,愛知県,2026-01-11,2,325644,Regular,True,
PR0003249,2026-02-01,洗濯機,コンパクト洗濯機,148876,店舗,天王寺店,C01268,岡田,男,30,愛知県,2026-01-11,2,325644,Regular,False,
PR0003252,2024-12-24,PC・タブレット,ゲーミングPC,242994,EC,,C01270,坂本,女,72,宮城県,2024-05-27,3,680551,Loyal,True,
PR0003250,2025-01-16,テレビ,有機EL 75型,359467,EC,,C01270,坂本,女,72,宮城県,2024-05-27,3,680551,Loyal,False,
PR0003251,2025-04-20,美容家電・小物,ドライヤー,78090,EC,,C01270,坂本,女,72,宮城県,2024-05-27,3,680551,Loyal,False,
PR0003253,2026-02-06,テレビ,有機EL 75型,201229,EC,,C01271,岡田,女,52,東京都,2025-04-10,2,597184,Regular,False,
PR0003254,2025-10-21,冷蔵庫,冷蔵庫 600L 大型,395955,EC,,C01271,岡田,女,52,東京都,2025-04-10,2,597184,Regular,True,
PR0003256,2024-12-07,テレビ,スマートテレビ 43型,430500,店舗,渋谷店,C01272,渡辺,女,30,京都府,2024-05-11,2,496385,Regular,True,
PR0003255,2025-09-28,美容家電・小物,ドライヤー,65885,店舗,札幌駅前店,C01272,渡辺,女,30,京都府,2024-05-11,2,496385,Regular,False,
PR0003257,2024-06-09,エアコン,エアコン 18畳用,303826,店舗,池袋店,C01273,井上,男,40,福岡県,2023-05-14,1,303826,Light,True,
PR0003258,2024-04-24,PC・タブレット,ワークステーション,143537,店舗,池袋店,C01274,田中,女,44,北海道,2022-03-12,6,916695,VIP,False,
PR0003261,2023-01-23,スマートフォン,ミドルレンジ機種,44143,店舗,新宿店,C01274,田中,女,44,北海道,2022-03-12,6,916695,VIP,False,
PR0003262,2025-03-17,スマートフォン,Pro モデル 512GB,108031,店舗,名古屋栄店,C01274,田中,女,44,北海道,2022-03-12,6,916695,VIP,False,784
PR0003260,2022-08-19,テレビ,有機EL 75型,480208,店舗,天王寺店,C01274,田中,女,44,北海道,2022-03-12,6,916695,VIP,True,
PR0003263,2025-04-06,洗濯機,ドラム式洗濯機,82695,店舗,新宿店,C01274,田中,女,44,北海道,2022-03-12,6,916695,VIP,False,
PR0003259,2023-08-31,美容家電・小物,電気シェーバー,58081,EC,,C01274,田中,女,44,北海道,2022-03-12,6,916695,VIP,False,
PR0003264,2025-07-21,スマートフォン,最新スマホ 256GB,98426,店舗,大阪梅田店,C01275,村上,男,71,広島県,2024-12-28,2,111741,Regular,True,
PR0003265,2025-12-18,美容家電・小物,美顔器,13315,EC,,C01275,村上,男,71,広島県,2024-12-28,2,111741,Regular,False,
PR0003266,2025-07-12,カメラ・ビデオ,ドローン,206373,店舗,横浜駅前店,C01276,佐々木,男,44,愛知県,2024-06-28,2,239463,Regular,False,
PR0003267,2024-08-07,美容家電・小物,マッサージガン,33090,店舗,新宿店,C01276,佐々木,男,44,愛知県,2024-06-28,2,239463,Regular,True,
PR0003269,2024-03-11,テレビ,有機EL 55型,488852,EC,,C01277,林,男,22,福岡県,2022-02-27,2,518102,Inactive,False,
PR0003268,2022-04-29,美容家電・小物,ドライヤー,29250,EC,,C01277,林,男,22,福岡県,2022-02-27,2,518102,Inactive,True,
PR0003272,2025-10-03,PC・タブレット,ノートPC 15型,168262,店舗,渋谷店,C01278,村上,男,51,神奈川県,2025-09-08,4,435280,Loyal,True,
PR0003271,2025-11-28,ゲーム・玩具,コントローラ,13636,店舗,名古屋栄店,C01278,村上,男,51,神奈川県,2025-09-08,4,435280,Loyal,False,
PR0003273,2026-03-12,スマートフォン,最新スマホ 256GB,91748,EC,,C01278,村上,男,51,神奈川県,2025-09-08,4,435280,Loyal,False,
PR0003270,2026-03-08,テレビ,有機EL 55型,161634,EC,,C01278,村上,男,51,神奈川県,2025-09-08,4,435280,Loyal,False,
PR0003274,2023-06-09,エアコン,エアコン 18畳用,183046,EC,,C01279,山田,男,45,福岡県,2022-05-22,1,183046,Inactive,True,
PR0003276,2026-02-26,ゲーム・玩具,据置型ゲーム機,18092,店舗,新宿店,C01280,斎藤,男,36,京都府,2023-06-06,2,228533,Regular,False,
PR0003275,2025-12-05,冷蔵庫,冷蔵庫 500L,210441,店舗,秋葉原店,C01280,斎藤,男,36,京都府,2023-06-06,2,228533,Regular,True,
PR0003279,2025-08-10,PC・タブレット,タブレット 10型,332495,EC,,C01281,遠藤,男,66,北海道,2022-10-22,9,1818048,VIP,False,
PR0003278,2026-01-04,ゲーム・玩具,携帯ゲーム機,45096,EC,,C01281,遠藤,男,66,北海道,2022-10-22,9,1818048,VIP,False,
PR0003284,2023-12-24,スマートフォン,コンパクトモデル,182096,店舗,渋谷店,C01281,遠藤,男,66,北海道,2022-10-22,9,1818048,VIP,False,
PR0003285,2025-12-02,スマートフォン,最新スマホ 256GB,167529,EC,,C01281,遠藤,男,66,北海道,2022-10-22,9,1818048,VIP,False,709
PR0003282,2025-05-09,テレビ,スマートテレビ 43型,291679,EC,,C01281,遠藤,男,66,北海道,2022-10-22,9,1818048,VIP,False,
PR0003277,2023-05-02,冷蔵庫,冷蔵庫 500L,361601,EC,,C01281,遠藤,男,66,北海道,2022-10-22,9,1818048,VIP,False,
PR0003283,2025-07-24,洗濯機,全自動 8kg,339454,EC,,C01281,遠藤,男,66,北海道,2022-10-22,9,1818048,VIP,False,
PR0003280,2022-12-28,美容家電・小物,電気シェーバー,25779,EC,,C01281,遠藤,男,66,北海道,2022-10-22,9,1818048,VIP,True,
PR0003281,2025-05-14,美容家電・小物,電動歯ブラシ,72319,EC,,C01281,遠藤,男,66,北海道,2022-10-22,9,1818048,VIP,False,868
PR0003288,2025-06-27,エアコン,業務用エアコン,390271,EC,,C01282,阿部,男,43,京都府,2024-08-29,3,709041,Loyal,True,
PR0003286,2025-08-18,スマートフォン,Pro モデル 512GB,173210,店舗,名古屋栄店,C01282,阿部,男,43,京都府,2024-08-29,3,709041,Loyal,False,
PR0003287,2025-12-03,洗濯機,ドラム式洗濯機,145560,店舗,札幌駅前店,C01282,阿部,男,43,京都府,2024-08-29,3,709041,Loyal,False,
PR0003289,2024-10-09,カメラ・ビデオ,ビデオカメラ,115813,EC,,C01283,佐々木,男,35,愛知県,2024-03-02,3,284514,Loyal,True,
PR0003291,2025-11-02,ゲーム・玩具,ボードゲーム,41339,EC,,C01283,佐々木,男,35,愛知県,2024-03-02,3,284514,Loyal,False,
PR0003290,2025-12-05,スマートフォン,最新スマホ 256GB,127362,EC,,C01283,佐々木,男,35,愛知県,2024-03-02,3,284514,Loyal,False,
PR0003292,2024-10-15,スマートフォン,スタンダード 128GB,92513,店舗,大阪梅田店,C01285,鈴木,女,54,神奈川県,2022-10-26,3,406086,Loyal,False,
PR0003293,2025-03-28,テレビ,4K テレビ 50型,289379,店舗,秋葉原店,C01285,鈴木,女,54,神奈川県,2022-10-26,3,406086,Loyal,False,
PR0003294,2023-01-29,美容家電・小物,ヘアアイロン,24194,店舗,池袋店,C01285,鈴木,女,54,神奈川県,2022-10-26,3,406086,Loyal,True,
PR0003295,2024-03-26,スマートフォン,コンパクトモデル,153762,EC,,C01286,青木,男,38,東京都,2024-02-12,1,153762,Inactive,True,
PR0003296,2025-06-29,ゲーム・玩具,ゲームソフト,12767,EC,,C01287,山崎,女,44,埼玉県,2022-10-24,1,12767,Light,True,
PR0003297,2025-06-24,PC・タブレット,ワークステーション,221540,店舗,名古屋栄店,C01288,前田,男,54,東京都,2025-02-03,2,286342,Regular,False,
PR0003298,2025-03-26,ゲーム・玩具,ゲームソフト,64802,店舗,新宿店,C01288,前田,男,54,東京都,2025-02-03,2,286342,Regular,True,
PR0003299,2026-01-17,PC・タブレット,ゲーミングPC,134387,店舗,名古屋栄店,C01289,小林,男,31,神奈川県,2025-06-06,2,254061,Regular,False,
PR0003300,2025-10-17,オーディオ,サウンドバー,119674,店舗,横浜駅前店,C01289,小林,男,31,神奈川県,2025-06-06,2,254061,Regular,True,
PR0003302,2024-01-21,ゲーム・玩具,ゲームソフト,54840,店舗,秋葉原店,C01290,木村,女,27,北海道,2022-08-16,4,343247,Loyal,False,
PR0003303,2022-10-10,スマートフォン,スタンダード 128GB,165813,店舗,新宿店,C01290,木村,女,27,北海道,2022-08-16,4,343247,Loyal,True,
PR0003304,2025-01-20,スマートフォン,ハイエンド 1TB,71965,店舗,名古屋栄店,C01290,木村,女,27,北海道,2022-08-16,4,343247,Loyal,False,833
PR0003301,2025-07-02,美容家電・小物,電動歯ブラシ,50629,店舗,名古屋栄店,C01290,木村,女,27,北海道,2022-08-16,4,343247,Loyal,False,
PR0003307,2024-12-20,エアコン,エアコン 6畳用,253157,店舗,名古屋栄店,C01291,青木,男,43,千葉県,2024-09-21,4,863284,Loyal,False,
PR0003305,2024-11-18,テレビ,プロジェクター,244854,店舗,天王寺店,C01291,青木,男,43,千葉県,2024-09-21,4,863284,Loyal,False,
PR0003308,2024-10-05,洗濯機,全自動 8kg,313128,店舗,天王寺店,C01291,青木,男,43,千葉県,2024-09-21,4,863284,Loyal,True,
PR0003306,2025-09-06,美容家電・小物,電気シェーバー,52145,店舗,横浜駅前店,C01291,青木,男,43,千葉県,2024-09-21,4,863284,Loyal,False,
PR0003310,2025-07-20,テレビ,4K テレビ 50型,91759,店舗,大阪梅田店,C01292,井上,男,29,北海道,2021-05-27,2,112642,Regular,False,
PR0003309,2023-09-25,美容家電・小物,ドライヤー,20883,店舗,新宿店,C01292,井上,男,29,北海道,2021-05-27,2,112642,Regular,True,
PR0003311,2025-07-05,オーディオ,ワイヤレスイヤホン,61728,店舗,横浜駅前店,C01293,小林,男,35,愛知県,2024-11-16,1,61728,Light,True,
PR0003313,2021-10-08,カメラ・ビデオ,交換レンズ,74641,EC,,C01294,井上,女,47,神奈川県,2021-10-02,4,585488,Loyal,True,
PR0003314,2025-11-19,スマートフォン,最新スマホ 256GB,71032,店舗,新宿店,C01294,井上,女,47,神奈川県,2021-10-02,4,585488,Loyal,False,
PR0003315,2023-11-24,冷蔵庫,フレンチドア 700L,398612,店舗,札幌駅前店,C01294,井上,女,47,神奈川県,2021-10-02,4,585488,Loyal,False,
PR0003312,2026-01-15,美容家電・小物,ヘアアイロン,41203,EC,,C01294,井上,女,47,神奈川県,2021-10-02,4,585488,Loyal,False,
PR0003316,2025-06-25,エアコン,エアコン 14畳用,115871,店舗,横浜駅前店,C01295,山本,男,68,北海道,2021-10-01,2,306232,Regular,False,
PR0003317,2024-11-26,スマートフォン,Pro モデル 512GB,190361,EC,,C01295,山本,男,68,北海道,2021-10-01,2,306232,Regular,True,
PR0003320,2024-05-10,PC・タブレット,2-in-1 PC,158623,EC,,C01296,伊藤,女,22,埼玉県,2023-08-10,3,477585,Loyal,True,
PR0003318,2024-06-21,エアコン,エアコン 6畳用,282351,EC,,C01296,伊藤,女,22,埼玉県,2023-08-10,3,477585,Loyal,False,
PR0003319,2025-09-04,美容家電・小物,美顔器,36611,EC,,C01296,伊藤,女,22,埼玉県,2023-08-10,3,477585,Loyal,False,
PR0003321,2024-01-22,冷蔵庫,フレンチドア 700L,351446,店舗,渋谷店,C01297,山本,女,40,千葉県,2023-12-06,1,351446,Inactive,True,
PR0003323,2025-11-23,PC・タブレット,ノートPC 13型,287841,EC,,C01298,林,男,60,大阪府,2024-05-30,2,705398,Regular,False,
PR0003322,2025-03-29,テレビ,4K テレビ 65型,417557,EC,,C01298,林,男,60,大阪府,2024-05-30,2,705398,Regular,True,
PR0003324,2024-01-29,PC・タブレット,ノートPC 15型,101102,店舗,池袋店,C01299,渡辺,男,40,千葉県,2021-10-22,3,166947,Regular,False,
PR0003325,2023-01-09,美容家電・小物,ドライヤー,17060,EC,,C01299,渡辺,男,40,千葉県,2021-10-22,3,166947,Regular,True,
PR0003326,2025-09-25,美容家電・小物,ドライヤー,48785,店舗,名古屋栄店,C01299,渡辺,男,40,千葉県,2021-10-22,3,166947,Regular,False,990
PR0003328,2024-09-19,オーディオ,ワイヤレスイヤホン,54797,店舗,池袋店,C01300,田中,男,46,神奈川県,2024-04-22,3,725258,Loyal,True,
PR0003327,2025-05-23,テレビ,有機EL 55型,392908,店舗,大阪梅田店,C01300,田中,男,46,神奈川県,2024-04-22,3,725258,Loyal,False,
PR0003329,2025-08-15,冷蔵庫,冷蔵庫 600L 大型,277553,EC,,C01300,田中,男,46,神奈川県,2024-04-22,3,725258,Loyal,False,
PR0003331,2024-10-30,オーディオ,ヘッドホン,48455,店舗,横浜駅前店,C01301,吉田,女,42,東京都,2022-10-30,3,488640,Loyal,False,
PR0003330,2023-07-28,スマートフォン,ハイエンド 1TB,186576,店舗,秋葉原店,C01301,吉田,女,42,東京都,2022-10-30,3,488640,Loyal,False,
PR0003332,2023-02-20,冷蔵庫,冷蔵庫 400L,253609,店舗,秋葉原店,C01301,吉田,女,42,東京都,2022-10-30,3,488640,Loyal,True,
PR0003334,2025-06-02,ゲーム・玩具,VR ゴーグル,35103,EC,,C01302,岡田,男,37,東京都,2022-10-05,3,418747,Loyal,False,
PR0003333,2023-05-11,テレビ,4K テレビ 50型,52808,EC,,C01302,岡田,男,37,東京都,2022-10-05,3,418747,Loyal,True,
PR0003335,2024-06-16,洗濯機,ドラム式洗濯機,330836,EC,,C01302,岡田,男,37,東京都,2022-10-05,3,418747,Loyal,False,
PR0003336,2024-11-28,エアコン,エアコン 14畳用,334816,EC,,C01303,阿部,男,43,宮城県,2023-09-17,1,334816,Light,True,
PR0003337,2023-12-03,エアコン,業務用エアコン,294881,店舗,池袋店,C01304,山崎,男,52,東京都,2022-12-14,2,531673,Inactive,True,
PR0003338,2023-12-21,洗濯機,縦型洗濯機,236792,EC,,C01304,山崎,男,52,東京都,2022-12-14,2,531673,Inactive,False,
PR0003339,2025-08-07,テレビ,有機EL 75型,391152,EC,,C01305,林,男,47,京都府,2025-03-22,1,391152,Light,True,
PR0003343,2025-10-27,PC・タブレット,2-in-1 PC,76622,店舗,天王寺店,C01306,山崎,男,53,愛知県,2025-06-19,5,891218,VIP,False,
PR0003340,2026-01-08,スマートフォン,ハイエンド 1TB,152132,店舗,札幌駅前店,C01306,山崎,男,53,愛知県,2025-06-19,5,891218,VIP,False,
PR0003342,2025-10-19,テレビ,スマートテレビ 43型,350234,店舗,福岡天神店,C01306,山崎,男,53,愛知県,2025-06-19,5,891218,VIP,False,
PR0003341,2025-10-10,冷蔵庫,冷蔵庫 500L,141786,店舗,池袋店,C01306,山崎,男,53,愛知県,2025-06-19,5,891218,VIP,True,
PR0003344,2026-01-11,洗濯機,コンパクト洗濯機,170444,店舗,名古屋栄店,C01306,山崎,男,53,愛知県,2025-06-19,5,891218,VIP,False,
PR0003345,2024-03-25,スマートフォン,Pro モデル 512GB,52599,店舗,秋葉原店,C01307,中島,男,22,大阪府,2022-03-23,1,52599,Inactive,True,
PR0003347,2026-01-22,PC・タブレット,タブレット 10型,287280,店舗,大阪梅田店,C01308,山崎,男,26,神奈川県,2025-09-13,3,604851,Loyal,False,
PR0003346,2025-11-08,オーディオ,ターンテーブル,106052,店舗,大阪梅田店,C01308,山崎,男,26,神奈川県,2025-09-13,3,604851,Loyal,True,
PR0003348,2025-12-09,冷蔵庫,冷蔵庫 600L 大型,211519,店舗,福岡天神店,C01308,山崎,男,26,神奈川県,2025-09-13,3,604851,Loyal,False,
PR0003349,2021-10-05,オーディオ,ターンテーブル,159837,店舗,横浜駅前店,C01309,中島,男,43,広島県,2021-06-11,2,229955,Inactive,True,
PR0003350,2023-11-05,美容家電・小物,ドライヤー,70118,EC,,C01309,中島,男,43,広島県,2021-06-11,2,229955,Inactive,False,
PR0003352,2025-03-13,オーディオ,ワイヤレスイヤホン,196493,EC,,C01310,山田,男,34,広島県,2023-01-18,3,617789,Loyal,False,
PR0003353,2026-03-18,テレビ,有機EL 75型,353430,店舗,渋谷店,C01310,山田,男,34,広島県,2023-01-18,3,617789,Loyal,False,
PR0003351,2024-08-25,美容家電・小物,美顔器,67866,EC,,C01310,山田,男,34,広島県,2023-01-18,3,617789,Loyal,True,
PR0003355,2026-02-11,PC・タブレット,ワークステーション,60555,店舗,福岡天神店,C01311,木村,女,50,大阪府,2022-03-24,4,974193,Loyal,False,
PR0003356,2022-08-20,テレビ,有機EL 55型,436911,店舗,名古屋栄店,C01311,木村,女,50,大阪府,2022-03-24,4,974193,Loyal,True,
PR0003354,2024-07-29,冷蔵庫,冷蔵庫 600L 大型,458135,店舗,新宿店,C01311,木村,女,50,大阪府,2022-03-24,4,974193,Loyal,False,
PR0003357,2025-06-21,美容家電・小物,マッサージガン,18592,店舗,札幌駅前店,C01311,木村,女,50,大阪府,2022-03-24,4,974193,Loyal,False,
PR0003359,2025-12-31,ゲーム・玩具,ゲームソフト,66993,店舗,札幌駅前店,C01312,斎藤,男,51,京都府,2022-12-26,3,395109,Loyal,False,
PR0003360,2024-10-14,テレビ,4K テレビ 50型,258965,EC,,C01312,斎藤,男,51,京都府,2022-12-26,3,395109,Loyal,True,
PR0003358,2025-01-29,美容家電・小物,電気シェーバー,69151,EC,,C01312,斎藤,男,51,京都府,2022-12-26,3,395109,Loyal,False,
PR0003361,2024-06-01,スマートフォン,ハイエンド 1TB,60170,EC,,C01313,長谷川,女,51,東京都,2023-07-05,1,60170,Light,True,
PR0003362,2025-05-12,ゲーム・玩具,ボードゲーム,76461,店舗,秋葉原店,C01314,木村,男,37,大阪府,2025-02-15,1,76461,Light,True,
PR0003363,2023-01-11,カメラ・ビデオ,ミラーレス一眼,53909,店舗,名古屋栄店,C01315,山下,女,51,神奈川県,2022-09-14,3,590849,Loyal,True,
PR0003364,2025-01-18,テレビ,有機EL 55型,459030,EC,,C01315,山下,女,51,神奈川県,2022-09-14,3,590849,Loyal,False,
PR0003365,2023-09-12,美容家電・小物,電動歯ブラシ,77910,EC,,C01315,山下,女,51,神奈川県,2022-09-14,3,590849,Loyal,False,
PR0003366,2025-08-22,スマートフォン,スタンダード 128GB,100593,店舗,池袋店,C01316,田中,女,45,神奈川県,2023-11-01,1,100593,Light,True,
PR0003368,2025-08-24,エアコン,業務用エアコン,352104,EC,,C01317,山下,男,61,京都府,2023-09-06,2,508061,Regular,False,
PR0003367,2025-05-08,カメラ・ビデオ,ミラーレス一眼,155957,EC,,C01317,山下,男,61,京都府,2023-09-06,2,508061,Regular,True,
PR0003370,2024-09-19,エアコン,エアコン 10畳用,215058,店舗,札幌駅前店,C01318,小林,男,22,兵庫県,2022-09-25,4,746377,Loyal,False,
PR0003369,2023-12-26,ゲーム・玩具,VR ゴーグル,79080,店舗,福岡天神店,C01318,小林,男,22,兵庫県,2022-09-25,4,746377,Loyal,True,
PR0003371,2025-06-27,テレビ,有機EL 75型,325677,店舗,新宿店,C01318,小林,男,22,兵庫県,2022-09-25,4,746377,Loyal,False,
PR0003372,2024-08-31,洗濯機,ドラム式洗濯機,126562,店舗,渋谷店,C01318,小林,男,22,兵庫県,2022-09-25,4,746377,Loyal,False,
PR0003374,2026-03-09,スマートフォン,コンパクトモデル,97903,店舗,天王寺店,C01319,岡田,男,35,千葉県,2025-08-05,4,785614,Loyal,False,
PR0003375,2026-01-25,冷蔵庫,冷蔵庫 500L,388790,EC,,C01319,岡田,男,35,千葉県,2025-08-05,4,785614,Loyal,False,
PR0003376,2026-03-18,洗濯機,コンパクト洗濯機,280149,店舗,渋谷店,C01319,岡田,男,35,千葉県,2025-08-05,4,785614,Loyal,False,
PR0003373,2025-10-28,美容家電・小物,ヘアアイロン,18772,EC,,C01319,岡田,男,35,千葉県,2025-08-05,4,785614,Loyal,True,
PR0003377,2026-01-17,PC・タブレット,ノートPC 13型,346810,EC,,C01320,佐藤,男,38,広島県,2026-01-12,1,346810,Light,True,
PR0003379,2025-11-27,PC・タブレット,ノートPC 13型,340241,EC,,C01321,松本,女,44,福岡県,2024-11-20,2,381226,Regular,False,
PR0003378,2025-04-06,スマートフォン,Pro モデル 512GB,40985,EC,,C01321,松本,女,44,福岡県,2024-11-20,2,381226,Regular,True,
PR0003381,2025-01-25,PC・タブレット,ノートPC 15型,283677,店舗,福岡天神店,C01322,前田,男,50,大阪府,2024-05-12,2,350354,Regular,True,
PR0003380,2025-06-04,テレビ,スマートテレビ 43型,66677,EC,,C01322,前田,男,50,大阪府,2024-05-12,2,350354,Regular,False,
PR0003382,2025-10-13,テレビ,4K テレビ 65型,326740,EC,,C01323,石井,女,40,兵庫県,2022-04-01,2,575545,Regular,False,
PR0003383,2025-02-25,冷蔵庫,フレンチドア 700L,248805,EC,,C01323,石井,女,40,兵庫県,2022-04-01,2,575545,Regular,True,
PR0003385,2021-08-17,エアコン,業務用エアコン,119247,EC,,C01325,村上,男,37,神奈川県,2021-04-20,3,484600,Loyal,True,
PR0003386,2024-05-12,カメラ・ビデオ,ミラーレス一眼,150021,店舗,渋谷店,C01325,村上,男,37,神奈川県,2021-04-20,3,484600,Loyal,False,
PR0003384,2022-06-21,冷蔵庫,冷蔵庫 600L 大型,215332,店舗,福岡天神店,C01325,村上,男,37,神奈川県,2021-04-20,3,484600,Loyal,False,
PR0003387,2024-04-30,オーディオ,ホームオーディオ,113153,店舗,天王寺店,C01327,近藤,女,43,愛知県,2023-05-03,3,299144,Loyal,True,
PR0003388,2025-05-23,ゲーム・玩具,ゲームソフト,30941,EC,,C01327,近藤,女,43,愛知県,2023-05-03,3,299144,Loyal,False,
PR0003389,2026-02-13,洗濯機,全自動 8kg,155050,EC,,C01327,近藤,女,43,愛知県,2023-05-03,3,299144,Loyal,False,
PR0003390,2024-04-20,冷蔵庫,冷蔵庫 500L,408807,EC,,C01328,山本,男,36,千葉県,2023-04-09,2,465111,Inactive,False,
PR0003391,2023-11-30,美容家電・小物,電気シェーバー,56304,店舗,福岡天神店,C01328,山本,男,36,千葉県,2023-04-09,2,465111,Inactive,True,
PR0003393,2025-07-31,テレビ,4K テレビ 50型,124324,店舗,秋葉原店,C01329,青木,女,43,神奈川県,2025-02-25,3,410106,Loyal,False,
PR0003392,2025-08-23,洗濯機,乾燥機能付き 10kg,265019,店舗,札幌駅前店,C01329,青木,女,43,神奈川県,2025-02-25,3,410106,Loyal,False,
PR0003394,2025-07-19,美容家電・小物,電気シェーバー,20763,店舗,池袋店,C01329,青木,女,43,神奈川県,2025-02-25,3,410106,Loyal,True,
PR0003395,2024-03-23,スマートフォン,ミドルレンジ機種,137909,店舗,札幌駅前店,C01330,田中,男,57,埼玉県,2023-11-06,1,137909,Inactive,True,
PR0003396,2024-01-18,オーディオ,ヘッドホン,41847,EC,,C01331,橋本,女,49,埼玉県,2023-12-30,1,41847,Inactive,True,
PR0003397,2025-11-05,冷蔵庫,コンパクト冷蔵庫,134852,店舗,名古屋栄店,C01332,後藤,男,75,広島県,2025-05-03,1,134852,Light,True,
PR0003398,2024-08-06,カメラ・ビデオ,ドローン,247336,EC,,C01333,藤田,男,45,北海道,2023-08-09,1,247336,Light,True,
PR0003399,2025-05-07,冷蔵庫,冷蔵庫 400L,193906,店舗,横浜駅前店,C01334,村上,男,31,埼玉県,2023-04-03,1,193906,Light,True,
PR0003401,2025-10-05,テレビ,スマートテレビ 43型,295122,EC,,C01335,伊藤,男,38,兵庫県,2023-09-12,2,312897,Regular,False,
PR0003400,2025-06-13,美容家電・小物,電動歯ブラシ,17775,EC,,C01335,伊藤,男,38,兵庫県,2023-09-12,2,312897,Regular,True,
PR0003402,2025-04-30,PC・タブレット,ワークステーション,219756,店舗,渋谷店,C01336,佐藤,男,43,宮城県,2023-08-24,2,241987,Regular,False,
PR0003403,2024-03-26,ゲーム・玩具,ボードゲーム,22231,店舗,横浜駅前店,C01336,佐藤,男,43,宮城県,2023-08-24,2,241987,Regular,True,
PR0003404,2023-07-27,スマートフォン,スタンダード 128GB,79953,EC,,C01337,山崎,男,37,東京都,2021-12-26,3,313623,Loyal,True,
PR0003405,2025-11-18,スマートフォン,ミドルレンジ機種,195001,店舗,名古屋栄店,C01337,山崎,男,37,東京都,2021-12-26,3,313623,Loyal,False,845
PR0003406,2024-06-23,美容家電・小物,マッサージガン,38669,店舗,福岡天神店,C01337,山崎,男,37,東京都,2021-12-26,3,313623,Loyal,False,
PR0003409,2026-02-01,オーディオ,ヘッドホン,131326,店舗,秋葉原店,C01338,山下,女,33,大阪府,2023-11-06,3,322440,Loyal,False,
PR0003407,2025-10-10,カメラ・ビデオ,交換レンズ,105171,店舗,天王寺店,C01338,山下,女,33,大阪府,2023-11-06,3,322440,Loyal,True,
PR0003408,2026-03-04,洗濯機,縦型洗濯機,85943,店舗,名古屋栄店,C01338,山下,女,33,大阪府,2023-11-06,3,322440,Loyal,False,
PR0003411,2025-04-05,スマートフォン,最新スマホ 256GB,111785,EC,,C01339,中村,女,56,福岡県,2023-11-20,2,169466,Regular,False,
PR0003410,2024-09-29,美容家電・小物,ドライヤー,57681,店舗,秋葉原店,C01339,中村,女,56,福岡県,2023-11-20,2,169466,Regular,True,
PR0003412,2025-08-15,PC・タブレット,ノートPC 13型,146689,EC,,C01340,藤田,男,45,福岡県,2024-01-09,2,240966,Regular,False,
PR0003413,2024-11-02,スマートフォン,Pro モデル 512GB,94277,EC,,C01340,藤田,男,45,福岡県,2024-01-09,2,240966,Regular,True,
PR0003416,2023-09-12,カメラ・ビデオ,ドローン,227645,店舗,渋谷店,C01341,佐々木,女,46,福岡県,2022-07-19,3,287502,Loyal,False,
PR0003414,2022-12-03,美容家電・小物,マッサージガン,32831,EC,,C01341,佐々木,女,46,福岡県,2022-07-19,3,287502,Loyal,True,
PR0003415,2025-07-19,美容家電・小物,マッサージガン,27026,店舗,池袋店,C01341,佐々木,女,46,福岡県,2022-07-19,3,287502,Loyal,False,959
PR0003418,2025-10-05,テレビ,プロジェクター,177835,EC,,C01342,遠藤,男,70,兵庫県,2024-09-13,2,252571,Regular,False,
PR0003417,2025-05-15,美容家電・小物,電気シェーバー,74736,EC,,C01342,遠藤,男,70,兵庫県,2024-09-13,2,252571,Regular,True,
PR0003420,2024-01-14,オーディオ,Bluetoothスピーカー,102905,店舗,横浜駅前店,C01343,林,男,22,大阪府,2022-08-05,2,124629,Regular,True,
PR0003419,2024-08-19,ゲーム・玩具,ボードゲーム,21724,店舗,横浜駅前店,C01343,林,男,22,大阪府,2022-08-05,2,124629,Regular,False,
PR0003421,2024-07-11,オーディオ,ホームオーディオ,115160,EC,,C01344,中村,女,34,千葉県,2023-03-14,3,687816,Loyal,False,
PR0003423,2024-03-23,テレビ,有機EL 75型,242480,EC,,C01344,中村,女,34,千葉県,2023-03-14,3,687816,Loyal,True,
PR0003422,2025-02-20,冷蔵庫,フレンチドア 700L,330176,店舗,名古屋栄店,C01344,中村,女,34,千葉県,2023-03-14,3,687816,Loyal,False,
PR0003426,2025-12-01,エアコン,エアコン 6畳用,321642,EC,,C01345,長谷川,女,68,広島県,2025-11-14,3,798745,Loyal,True,
PR0003424,2025-12-02,テレビ,有機EL 55型,120412,EC,,C01345,長谷川,女,68,広島県,2025-11-14,3,798745,Loyal,False,
PR0003425,2026-03-10,冷蔵庫,冷蔵庫 400L,356691,EC,,C01345,長谷川,女,68,広島県,2025-11-14,3,798745,Loyal,False,
PR0003428,2023-08-10,テレビ,4K テレビ 50型,87099,店舗,新宿店,C01346,井上,男,45,埼玉県,2023-03-31,2,262568,Regular,True,
PR0003427,2024-12-13,洗濯機,乾燥機能付き 10kg,175469,EC,,C01346,井上,男,45,埼玉県,2023-03-31,2,262568,Regular,False,
PR0003429,2022-07-16,PC・タブレット,タブレット 10型,170988,店舗,横浜駅前店,C01347,村上,男,54,広島県,2022-01-05,3,575106,Loyal,True,
PR0003430,2025-11-27,PC・タブレット,2-in-1 PC,149334,EC,,C01347,村上,男,54,広島県,2022-01-05,3,575106,Loyal,False,1230
PR0003431,2024-06-12,エアコン,エアコン 14畳用,254784,EC,,C01347,村上,男,54,広島県,2022-01-05,3,575106,Loyal,False,
PR0003432,2024-08-07,PC・タブレット,ゲーミングPC,179739,店舗,大阪梅田店,C01348,清水,女,47,広島県,2022-09-16,2,208708,Regular,True,
PR0003433,2025-09-22,美容家電・小物,美顔器,28969,店舗,大阪梅田店,C01348,清水,女,47,広島県,2022-09-16,2,208708,Regular,False,
PR0003434,2025-03-12,PC・タブレット,ノートPC 13型,68051,EC,,C01350,田中,男,38,広島県,2024-05-12,3,375537,Loyal,True,
PR0003436,2025-06-11,エアコン,エアコン 10畳用,291518,EC,,C01350,田中,男,38,広島県,2024-05-12,3,375537,Loyal,False,
PR0003435,2025-07-09,美容家電・小物,ドライヤー,15968,店舗,天王寺店,C01350,田中,男,38,広島県,2024-05-12,3,375537,Loyal,False,
PR0003439,2024-12-07,カメラ・ビデオ,ドローン,125222,EC,,C01351,石川,男,51,兵庫県,2023-04-24,4,370176,Loyal,False,
PR0003437,2023-08-05,テレビ,プロジェクター,69715,EC,,C01351,石川,男,51,兵庫県,2023-04-24,4,370176,Loyal,True,
PR0003440,2025-04-10,洗濯機,全自動 8kg,126642,店舗,池袋店,C01351,石川,男,51,兵庫県,2023-04-24,4,370176,Loyal,False,
PR0003438,2025-04-09,美容家電・小物,ドライヤー,48597,店舗,横浜駅前店,C01351,石川,男,51,兵庫県,2023-04-24,4,370176,Loyal,False,
PR0003441,2025-08-23,スマートフォン,最新スマホ 256GB,193968,店舗,名古屋栄店,C01352,伊藤,女,25,埼玉県,2024-05-29,3,747225,Loyal,False,
PR0003443,2024-07-24,テレビ,有機EL 55型,490125,店舗,名古屋栄店,C01352,伊藤,女,25,埼玉県,2024-05-29,3,747225,Loyal,True,
PR0003442,2025-12-24,美容家電・小物,ヘアアイロン,63132,EC,,C01352,伊藤,女,25,埼玉県,2024-05-29,3,747225,Loyal,False,
PR0003448,2025-10-04,エアコン,業務用エアコン,132425,EC,,C01353,小林,女,42,福岡県,2025-09-17,5,616437,VIP,True,
PR0003446,2026-02-23,オーディオ,ヘッドホン,149045,EC,,C01353,小林,女,42,福岡県,2025-09-17,5,616437,VIP,False,
PR0003447,2025-11-28,カメラ・ビデオ,ビデオカメラ,214132,EC,,C01353,小林,女,42,福岡県,2025-09-17,5,616437,VIP,False,
PR0003445,2026-01-15,スマートフォン,最新スマホ 256GB,113013,店舗,新宿店,C01353,小林,女,42,福岡県,2025-09-17,5,616437,VIP,False,
PR0003444,2025-12-10,美容家電・小物,マッサージガン,7822,EC,,C01353,小林,女,42,福岡県,2025-09-17,5,616437,VIP,False,
PR0003449,2024-08-22,PC・タブレット,ゲーミングPC,250481,EC,,C01354,佐々木,男,41,東京都,2021-11-02,5,974105,VIP,False,
PR0003452,2022-04-02,オーディオ,ターンテーブル,167167,EC,,C01354,佐々木,男,41,東京都,2021-11-02,5,974105,VIP,True,
PR0003450,2023-11-07,スマートフォン,Pro モデル 512GB,60900,EC,,C01354,佐々木,男,41,東京都,2021-11-02,5,974105,VIP,False,
PR0003451,2026-01-01,スマートフォン,ミドルレンジ機種,56955,店舗,名古屋栄店,C01354,佐々木,男,41,東京都,2021-11-02,5,974105,VIP,False,786
PR0003453,2025-04-26,テレビ,プロジェクター,438602,店舗,横浜駅前店,C01354,佐々木,男,41,東京都,2021-11-02,5,974105,VIP,False,
PR0003454,2025-07-15,ゲーム・玩具,VR ゴーグル,32110,店舗,渋谷店,C01355,加藤,男,46,東京都,2025-02-23,2,445732,Regular,True,
PR0003455,2026-01-22,テレビ,プロジェクター,413622,EC,,C01355,加藤,男,46,東京都,2025-02-23,2,445732,Regular,False,
PR0003456,2022-05-06,美容家電・小物,電気シェーバー,21959,店舗,大阪梅田店,C01356,前田,女,44,宮城県,2021-07-31,2,39767,Regular,True,
PR0003457,2025-07-06,美容家電・小物,ドライヤー,17808,店舗,大阪梅田店,C01356,前田,女,44,宮城県,2021-07-31,2,39767,Regular,False,1157
PR0003458,2025-12-21,PC・タブレット,タブレット 10型,55379,店舗,札幌駅前店,C01357,加藤,女,22,京都府,2024-06-02,3,192107,Regular,False,
PR0003459,2025-02-26,ゲーム・玩具,携帯ゲーム機,65337,店舗,渋谷店,C01357,加藤,女,22,京都府,2024-06-02,3,192107,Regular,True,
PR0003460,2025-07-12,美容家電・小物,ドライヤー,71391,店舗,秋葉原店,C01357,加藤,女,22,京都府,2024-06-02,3,192107,Regular,False,
PR0003464,2025-06-23,PC・タブレット,ノートPC 13型,316784,店舗,名古屋栄店,C01358,吉田,男,32,千葉県,2025-02-20,8,1544754,VIP,False,
PR0003466,2026-01-24,エアコン,エアコン 18畳用,138517,EC,,C01358,吉田,男,32,千葉県,2025-02-20,8,1544754,VIP,False,
PR0003465,2026-03-16,オーディオ,ターンテーブル,105632,店舗,福岡天神店,C01358,吉田,男,32,千葉県,2025-02-20,8,1544754,VIP,False,
PR0003461,2025-09-26,スマートフォン,コンパクトモデル,131576,店舗,池袋店,C01358,吉田,男,32,千葉県,2025-02-20,8,1544754,VIP,False,
PR0003463,2025-03-31,テレビ,有機EL 75型,256933,店舗,札幌駅前店,C01358,吉田,男,32,千葉県,2025-02-20,8,1544754,VIP,True,
PR0003462,2026-01-06,冷蔵庫,冷蔵庫 500L,214394,店舗,名古屋栄店,C01358,吉田,男,32,千葉県,2025-02-20,8,1544754,VIP,False,
PR0003468,2025-05-04,洗濯機,コンパクト洗濯機,329727,店舗,渋谷店,C01358,吉田,男,32,千葉県,2025-02-20,8,1544754,VIP,False,
PR0003467,2025-08-30,美容家電・小物,マッサージガン,51191,店舗,天王寺店,C01358,吉田,男,32,千葉県,2025-02-20,8,1544754,VIP,False,
PR0003470,2025-12-07,オーディオ,サウンドバー,72465,店舗,大阪梅田店,C01359,鈴木,女,54,神奈川県,2025-10-24,3,315042,Loyal,False,
PR0003471,2025-11-30,冷蔵庫,コンパクト冷蔵庫,213755,EC,,C01359,鈴木,女,54,神奈川県,2025-10-24,3,315042,Loyal,True,
PR0003469,2026-02-27,美容家電・小物,マッサージガン,28822,EC,,C01359,鈴木,女,54,神奈川県,2025-10-24,3,315042,Loyal,False,
PR0003473,2024-12-27,ゲーム・玩具,携帯ゲーム機,63981,EC,,C01360,近藤,男,31,京都府,2022-01-09,2,261095,Regular,False,
PR0003472,2024-09-21,スマートフォン,最新スマホ 256GB,197114,店舗,新宿店,C01360,近藤,男,31,京都府,2022-01-09,2,261095,Regular,True,
PR0003476,2023-10-08,PC・タブレット,タブレット 10型,178283,店舗,横浜駅前店,C01361,池田,女,49,神奈川県,2022-05-18,3,760050,Loyal,True,
PR0003475,2024-07-24,カメラ・ビデオ,ミラーレス一眼,265631,店舗,札幌駅前店,C01361,池田,女,49,神奈川県,2022-05-18,3,760050,Loyal,False,
PR0003474,2023-11-05,洗濯機,乾燥機能付き 10kg,316136,EC,,C01361,池田,女,49,神奈川県,2022-05-18,3,760050,Loyal,False,
PR0003478,2026-03-01,カメラ・ビデオ,ミラーレス一眼,167937,EC,,C01362,木村,女,45,愛知県,2024-04-22,3,391684,Loyal,False,
PR0003477,2025-05-07,スマートフォン,コンパクトモデル,198260,EC,,C01362,木村,女,45,愛知県,2024-04-22,3,391684,Loyal,False,
PR0003479,2024-07-08,美容家電・小物,美顔器,25487,EC,,C01362,木村,女,45,愛知県,2024-04-22,3,391684,Loyal,True,
PR0003481,2025-08-17,スマートフォン,ミドルレンジ機種,75142,店舗,福岡天神店,C01363,加藤,男,51,広島県,2021-07-02,2,164094,Regular,False,
PR0003480,2025-03-14,洗濯機,ドラム式洗濯機,88952,店舗,池袋店,C01363,加藤,男,51,広島県,2021-07-02,2,164094,Regular,True,
PR0003482,2024-03-08,テレビ,プロジェクター,154502,EC,,C01364,斎藤,女,44,北海道,2024-02-18,1,154502,Inactive,True,
PR0003483,2022-10-20,オーディオ,Bluetoothスピーカー,171104,店舗,秋葉原店,C01365,山下,男,38,広島県,2021-12-18,3,403601,Loyal,True,
PR0003485,2025-11-07,スマートフォン,ミドルレンジ機種,130381,店舗,渋谷店,C01365,山下,男,38,広島県,2021-12-18,3,403601,Loyal,False,
PR0003484,2024-09-09,冷蔵庫,冷蔵庫 400L,102116,店舗,横浜駅前店,C01365,山下,男,38,広島県,2021-12-18,3,403601,Loyal,False,
PR0003486,2025-07-10,オーディオ,ターンテーブル,103132,店舗,秋葉原店,C01366,中村,女,36,北海道,2023-10-24,1,103132,Light,True,
PR0003487,2026-03-18,スマートフォン,コンパクトモデル,110131,店舗,天王寺店,C01367,高橋,女,32,福岡県,2025-10-31,2,143204,Regular,False,
PR0003488,2026-02-28,美容家電・小物,ドライヤー,33073,店舗,名古屋栄店,C01367,高橋,女,32,福岡県,2025-10-31,2,143204,Regular,True,
PR0003489,2026-02-02,美容家電・小物,ヘアアイロン,45794,EC,,C01368,山下,男,67,大阪府,2024-12-18,1,45794,Light,True,
PR0003491,2024-12-07,スマートフォン,ミドルレンジ機種,137548,EC,,C01369,石井,男,48,福岡県,2024-06-03,2,338492,Regular,True,
PR0003490,2026-03-17,テレビ,4K テレビ 65型,200944,店舗,札幌駅前店,C01369,石井,男,48,福岡県,2024-06-03,2,338492,Regular,False,
PR0003493,2025-08-28,PC・タブレット,ノートPC 15型,237949,店舗,秋葉原店,C01370,山本,男,37,福岡県,2025-06-25,3,608334,Loyal,False,
PR0003492,2025-07-17,エアコン,業務用エアコン,314512,店舗,秋葉原店,C01370,山本,男,37,福岡県,2025-06-25,3,608334,Loyal,True,
PR0003494,2025-08-06,カメラ・ビデオ,ビデオカメラ,55873,店舗,札幌駅前店,C01370,山本,男,37,福岡県,2025-06-25,3,608334,Loyal,False,
PR0003495,2025-10-28,PC・タブレット,ワークステーション,80192,EC,,C01371,加藤,女,40,福岡県,2025-09-28,2,567178,Regular,True,
PR0003496,2026-03-20,テレビ,スマートテレビ 43型,486986,店舗,天王寺店,C01371,加藤,女,40,福岡県,2025-09-28,2,567178,Regular,False,
PR0003498,2025-03-09,スマートフォン,最新スマホ 256GB,149849,店舗,横浜駅前店,C01373,吉田,男,35,京都府,2025-01-16,2,185869,Regular,True,
PR0003497,2025-11-26,美容家電・小物,ヘアアイロン,36020,店舗,渋谷店,C01373,吉田,男,35,京都府,2025-01-16,2,185869,Regular,False,
PR0003499,2024-11-02,冷蔵庫,フレンチドア 700L,283795,店舗,札幌駅前店,C01374,近藤,女,48,京都府,2023-04-25,1,283795,Light,True,
PR0003501,2023-12-22,PC・タブレット,ゲーミングPC,341578,EC,,C01375,中村,男,50,大阪府,2022-12-31,2,466076,Inactive,True,
PR0003500,2024-03-06,テレビ,4K テレビ 65型,124498,EC,,C01375,中村,男,50,大阪府,2022-12-31,2,466076,Inactive,False,
PR0003502,2024-07-08,PC・タブレット,ノートPC 13型,145941,EC,,C01376,中村,男,51,宮城県,2024-03-02,2,177246,Regular,True,
PR0003503,2025-05-20,美容家電・小物,マッサージガン,31305,店舗,福岡天神店,C01376,中村,男,51,宮城県,2024-03-02,2,177246,Regular,False,
PR0003504,2025-06-29,テレビ,プロジェクター,261813,EC,,C01377,坂本,男,64,愛知県,2025-03-30,2,307602,Regular,False,
PR0003505,2025-05-10,美容家電・小物,ドライヤー,45789,店舗,大阪梅田店,C01377,坂本,男,64,愛知県,2025-03-30,2,307602,Regular,True,
PR0003506,2024-05-27,エアコン,エアコン 18畳用,257873,EC,,C01378,阿部,女,75,広島県,2021-04-24,4,418645,Loyal,False,
PR0003509,2022-12-06,冷蔵庫,冷蔵庫 600L 大型,114072,店舗,新宿店,C01378,阿部,女,75,広島県,2021-04-24,4,418645,Loyal,False,
PR0003507,2022-06-16,美容家電・小物,ドライヤー,26062,店舗,横浜駅前店,C01378,阿部,女,75,広島県,2021-04-24,4,418645,Loyal,True,
PR0003508,2025-02-23,美容家電・小物,ヘアアイロン,20638,店舗,札幌駅前店,C01378,阿部,女,75,広島県,2021-04-24,4,418645,Loyal,False,983
PR0003510,2024-11-24,エアコン,エアコン 18畳用,249420,EC,,C01379,吉田,女,30,福岡県,2021-05-10,3,534998,Loyal,False,
PR0003512,2021-06-18,カメラ・ビデオ,交換レンズ,124037,EC,,C01379,吉田,女,30,福岡県,2021-05-10,3,534998,Loyal,True,
PR0003511,2024-06-09,スマートフォン,最新スマホ 256GB,161541,店舗,新宿店,C01379,吉田,女,30,福岡県,2021-05-10,3,534998,Loyal,False,
PR0003514,2024-07-24,エアコン,エアコン 6畳用,169560,店舗,札幌駅前店,C01380,山田,女,47,千葉県,2021-11-01,2,175481,Regular,True,
PR0003513,2025-03-28,美容家電・小物,ドライヤー,5921,EC,,C01380,山田,女,47,千葉県,2021-11-01,2,175481,Regular,False,
PR0003515,2025-05-04,PC・タブレット,ゲーミングPC,109602,EC,,C01381,林,女,52,兵庫県,2021-08-14,1,109602,Light,True,
PR0003517,2024-01-27,テレビ,4K テレビ 65型,471469,店舗,札幌駅前店,C01382,池田,女,50,兵庫県,2022-12-13,2,519365,Regular,True,
PR0003516,2024-10-03,美容家電・小物,電動歯ブラシ,47896,EC,,C01382,池田,女,50,兵庫県,2022-12-13,2,519365,Regular,False,
PR0003520,2025-01-04,スマートフォン,コンパクトモデル,183056,店舗,福岡天神店,C01383,高橋,女,55,千葉県,2023-09-25,3,617856,Loyal,False,
PR0003519,2025-01-28,冷蔵庫,冷蔵庫 600L 大型,369114,EC,,C01383,高橋,女,55,千葉県,2023-09-25,3,617856,Loyal,False,
PR0003518,2024-04-15,美容家電・小物,電動歯ブラシ,65686,店舗,名古屋栄店,C01383,高橋,女,55,千葉県,2023-09-25,3,617856,Loyal,True,
PR0003521,2022-10-28,エアコン,業務用エアコン,285781,店舗,札幌駅前店,C01384,山崎,男,53,福岡県,2021-10-30,2,528534,Inactive,True,
PR0003522,2023-07-27,冷蔵庫,冷蔵庫 400L,242753,店舗,池袋店,C01384,山崎,男,53,福岡県,2021-10-30,2,528534,Inactive,False,
PR0003525,2025-12-06,PC・タブレット,タブレット 10型,183630,EC,,C01385,渡辺,女,47,埼玉県,2024-12-16,3,387160,Loyal,False,
PR0003524,2026-01-08,スマートフォン,スタンダード 128GB,164229,EC,,C01385,渡辺,女,47,埼玉県,2024-12-16,3,387160,Loyal,False,
PR0003523,2025-01-19,美容家電・小物,美顔器,39301,店舗,天王寺店,C01385,渡辺,女,47,埼玉県,2024-12-16,3,387160,Loyal,True,
PR0003526,2025-11-10,ゲーム・玩具,コントローラ,8461,店舗,大阪梅田店,C01386,橋本,男,75,広島県,2025-06-06,5,569009,VIP,False,
PR0003527,2025-10-16,スマートフォン,Pro モデル 512GB,176221,EC,,C01386,橋本,男,75,広島県,2025-06-06,5,569009,VIP,False,
PR0003530,2025-07-19,冷蔵庫,コンパクト冷蔵庫,186687,EC,,C01386,橋本,男,75,広島県,2025-06-06,5,569009,VIP,False,
PR0003528,2025-12-23,洗濯機,全自動 8kg,160105,EC,,C01386,橋本,男,75,広島県,2025-06-06,5,569009,VIP,False,
PR0003529,2025-06-25,美容家電・小物,ドライヤー,37535,店舗,横浜駅前店,C01386,橋本,男,75,広島県,2025-06-06,5,569009,VIP,True,
PR0003532,2026-01-18,PC・タブレット,ノートPC 15型,179712,店舗,横浜駅前店,C01387,近藤,男,63,神奈川県,2025-08-26,7,985241,VIP,False,
PR0003537,2025-12-12,エアコン,エアコン 14畳用,160339,EC,,C01387,近藤,男,63,神奈川県,2025-08-26,7,985241,VIP,False,
PR0003531,2026-02-08,カメラ・ビデオ,ドローン,71939,店舗,横浜駅前店,C01387,近藤,男,63,神奈川県,2025-08-26,7,985241,VIP,False,
PR0003536,2026-02-08,ゲーム・玩具,VR ゴーグル,47478,EC,,C01387,近藤,男,63,神奈川県,2025-08-26,7,985241,VIP,False,
PR0003535,2026-01-08,冷蔵庫,フレンチドア 700L,218646,EC,,C01387,近藤,男,63,神奈川県,2025-08-26,7,985241,VIP,False,
PR0003534,2026-02-22,洗濯機,縦型洗濯機,278028,店舗,横浜駅前店,C01387,近藤,男,63,神奈川県,2025-08-26,7,985241,VIP,False,
PR0003533,2025-10-19,美容家電・小物,マッサージガン,29099,EC,,C01387,近藤,男,63,神奈川県,2025-08-26,7,985241,VIP,True,
PR0003538,2024-04-03,ゲーム・玩具,コントローラ,32885,EC,,C01388,小林,男,34,大阪府,2022-09-28,1,32885,Inactive,True,
PR0003541,2025-02-13,ゲーム・玩具,VR ゴーグル,6575,EC,,C01389,清水,男,45,北海道,2023-03-07,3,154642,Regular,True,
PR0003540,2025-03-22,テレビ,有機EL 55型,126551,EC,,C01389,清水,男,45,北海道,2023-03-07,3,154642,Regular,False,
PR0003539,2025-10-06,美容家電・小物,ヘアアイロン,21516,EC,,C01389,清水,男,45,北海道,2023-03-07,3,154642,Regular,False,
PR0003543,2025-10-03,PC・タブレット,ノートPC 15型,248768,店舗,横浜駅前店,C01390,坂本,男,41,埼玉県,2025-04-07,3,372733,Loyal,False,
PR0003544,2025-09-11,オーディオ,サウンドバー,54605,店舗,福岡天神店,C01390,坂本,男,41,埼玉県,2025-04-07,3,372733,Loyal,True,
PR0003542,2026-03-10,スマートフォン,最新スマホ 256GB,69360,店舗,池袋店,C01390,坂本,男,41,埼玉県,2025-04-07,3,372733,Loyal,False,
PR0003546,2025-09-04,エアコン,業務用エアコン,308739,店舗,池袋店,C01391,小林,男,45,千葉県,2022-12-11,5,944095,VIP,False,
PR0003547,2023-11-20,オーディオ,ホームオーディオ,59949,店舗,池袋店,C01391,小林,男,45,千葉県,2022-12-11,5,944095,VIP,False,
PR0003548,2023-10-23,スマートフォン,最新スマホ 256GB,130153,店舗,秋葉原店,C01391,小林,男,45,千葉県,2022-12-11,5,944095,VIP,True,
PR0003549,2025-10-24,スマートフォン,ハイエンド 1TB,75521,店舗,秋葉原店,C01391,小林,男,45,千葉県,2022-12-11,5,944095,VIP,False,732
PR0003545,2024-12-28,テレビ,プロジェクター,369733,店舗,札幌駅前店,C01391,小林,男,45,千葉県,2022-12-11,5,944095,VIP,False,
PR0003552,2025-12-31,PC・タブレット,ノートPC 15型,277486,EC,,C01392,佐藤,女,23,兵庫県,2025-06-25,5,637772,VIP,False,
PR0003553,2025-07-30,エアコン,エアコン 6畳用,99369,店舗,渋谷店,C01392,佐藤,女,23,兵庫県,2025-06-25,5,637772,VIP,False,
PR0003550,2025-07-16,オーディオ,Bluetoothスピーカー,65120,店舗,秋葉原店,C01392,佐藤,女,23,兵庫県,2025-06-25,5,637772,VIP,True,
PR0003551,2025-10-23,カメラ・ビデオ,コンパクトデジカメ,69157,EC,,C01392,佐藤,女,23,兵庫県,2025-06-25,5,637772,VIP,False,
PR0003554,2025-10-11,スマートフォン,最新スマホ 256GB,126640,EC,,C01392,佐藤,女,23,兵庫県,2025-06-25,5,637772,VIP,False,
PR0003557,2025-04-30,PC・タブレット,ワークステーション,154113,店舗,池袋店,C01393,高橋,女,43,東京都,2023-02-06,3,462262,Loyal,False,
PR0003555,2023-12-15,カメラ・ビデオ,ビデオカメラ,298313,店舗,札幌駅前店,C01393,高橋,女,43,東京都,2023-02-06,3,462262,Loyal,True,
PR0003556,2025-06-17,美容家電・小物,ヘアアイロン,9836,EC,,C01393,高橋,女,43,東京都,2023-02-06,3,462262,Loyal,False,
PR0003559,2025-08-02,スマートフォン,Pro モデル 512GB,70251,店舗,札幌駅前店,C01394,鈴木,女,29,北海道,2021-05-15,2,361448,Regular,False,
PR0003558,2025-03-18,テレビ,スマートテレビ 43型,291197,店舗,名古屋栄店,C01394,鈴木,女,29,北海道,2021-05-15,2,361448,Regular,True,
PR0003560,2023-12-15,PC・タブレット,ノートPC 13型,117865,店舗,秋葉原店,C01395,山本,女,49,宮城県,2023-12-02,3,736792,Loyal,True,
PR0003562,2026-02-07,エアコン,業務用エアコン,204376,店舗,天王寺店,C01395,山本,女,49,宮城県,2023-12-02,3,736792,Loyal,False,
PR0003561,2024-08-16,テレビ,4K テレビ 65型,414551,店舗,天王寺店,C01395,山本,女,49,宮城県,2023-12-02,3,736792,Loyal,False,
PR0003563,2023-03-08,PC・タブレット,ノートPC 13型,219052,EC,,C01396,後藤,男,36,愛知県,2021-07-18,1,219052,Inactive,True,
PR0003564,2023-10-14,美容家電・小物,ヘアアイロン,67049,EC,,C01397,高橋,女,39,福岡県,2022-12-11,1,67049,Inactive,True,
PR0003565,2023-04-14,スマートフォン,ハイエンド 1TB,147209,店舗,渋谷店,C01398,前田,男,33,東京都,2022-04-15,2,289511,Regular,True,
PR0003566,2025-05-21,スマートフォン,ハイエンド 1TB,142302,店舗,天王寺店,C01398,前田,男,33,東京都,2022-04-15,2,289511,Regular,False,768
PR0003567,2026-03-27,スマートフォン,コンパクトモデル,195582,店舗,名古屋栄店,C01399,村上,女,23,福岡県,2024-11-06,1,195582,Light,True,
PR0003569,2025-05-02,エアコン,エアコン 10畳用,334797,EC,,C01400,長谷川,男,36,神奈川県,2023-09-09,3,457620,Loyal,True,
PR0003570,2025-11-03,オーディオ,ヘッドホン,60944,店舗,秋葉原店,C01400,長谷川,男,36,神奈川県,2023-09-09,3,457620,Loyal,False,
PR0003568,2025-08-21,ゲーム・玩具,VR ゴーグル,61879,EC,,C01400,長谷川,男,36,神奈川県,2023-09-09,3,457620,Loyal,False,
PR0003571,2025-12-28,エアコン,業務用エアコン,321340,EC,,C01402,阿部,男,55,北海道,2025-11-05,3,469866,Loyal,False,
PR0003572,2025-12-16,スマートフォン,ハイエンド 1TB,78102,店舗,秋葉原店,C01402,阿部,男,55,北海道,2025-11-05,3,469866,Loyal,True,
PR0003573,2026-03-13,美容家電・小物,美顔器,70424,店舗,福岡天神店,C01402,阿部,男,55,北海道,2025-11-05,3,469866,Loyal,False,
PR0003577,2021-05-04,PC・タブレット,タブレット 10型,152848,店舗,札幌駅前店,C01403,伊藤,女,35,広島県,2021-04-13,7,1165576,VIP,True,
PR0003578,2025-01-05,PC・タブレット,ノートPC 15型,240664,EC,,C01403,伊藤,女,35,広島県,2021-04-13,7,1165576,VIP,False,1342
PR0003576,2025-07-17,エアコン,エアコン 6畳用,280774,EC,,C01403,伊藤,女,35,広島県,2021-04-13,7,1165576,VIP,False,
PR0003574,2023-10-31,スマートフォン,最新スマホ 256GB,144178,EC,,C01403,伊藤,女,35,広島県,2021-04-13,7,1165576,VIP,False,
PR0003575,2025-11-02,スマートフォン,スタンダード 128GB,43705,店舗,福岡天神店,C01403,伊藤,女,35,広島県,2021-04-13,7,1165576,VIP,False,733
PR0003580,2025-06-27,洗濯機,コンパクト洗濯機,294003,店舗,池袋店,C01403,伊藤,女,35,広島県,2021-04-13,7,1165576,VIP,False,
PR0003579,2025-02-27,美容家電・小物,美顔器,9404,店舗,札幌駅前店,C01403,伊藤,女,35,広島県,2021-04-13,7,1165576,VIP,False,
PR0003581,2023-05-15,PC・タブレット,ワークステーション,128421,店舗,横浜駅前店,C01404,木村,女,55,大阪府,2023-03-22,2,367847,Inactive,True,
PR0003582,2023-10-08,冷蔵庫,冷蔵庫 600L 大型,239426,店舗,福岡天神店,C01404,木村,女,55,大阪府,2023-03-22,2,367847,Inactive,False,
PR0003584,2025-10-30,PC・タブレット,ノートPC 13型,87878,店舗,名古屋栄店,C01405,石井,男,62,大阪府,2025-03-31,3,327274,Loyal,False,
PR0003585,2025-09-15,カメラ・ビデオ,ビデオカメラ,176630,EC,,C01405,石井,男,62,大阪府,2025-03-31,3,327274,Loyal,False,
PR0003583,2025-07-19,美容家電・小物,電動歯ブラシ,62766,店舗,福岡天神店,C01405,石井,男,62,大阪府,2025-03-31,3,327274,Loyal,True,
PR0003586,2026-03-19,スマートフォン,スタンダード 128GB,87339,店舗,新宿店,C01406,石川,男,35,兵庫県,2021-12-07,1,87339,Light,True,
PR0003588,2025-12-13,テレビ,4K テレビ 65型,372385,店舗,渋谷店,C01407,高橋,男,66,兵庫県,2025-11-18,2,430256,Regular,True,
PR0003587,2026-02-01,美容家電・小物,ヘアアイロン,57871,店舗,横浜駅前店,C01407,高橋,男,66,兵庫県,2025-11-18,2,430256,Regular,False,
PR0003591,2025-01-05,PC・タブレット,2-in-1 PC,159475,店舗,新宿店,C01408,山本,男,66,埼玉県,2024-10-13,5,747173,VIP,True,
PR0003589,2025-12-17,エアコン,業務用エアコン,147774,店舗,秋葉原店,C01408,山本,男,66,埼玉県,2024-10-13,5,747173,VIP,False,
PR0003592,2025-08-05,ゲーム・玩具,据置型ゲーム機,79452,店舗,天王寺店,C01408,山本,男,66,埼玉県,2024-10-13,5,747173,VIP,False,
PR0003593,2025-05-16,冷蔵庫,冷蔵庫 400L,286188,店舗,池袋店,C01408,山本,男,66,埼玉県,2024-10-13,5,747173,VIP,False,
PR0003590,2026-02-01,美容家電・小物,ヘアアイロン,74284,店舗,札幌駅前店,C01408,山本,男,66,埼玉県,2024-10-13,5,747173,VIP,False,
PR0003594,2025-07-04,PC・タブレット,タブレット 10型,90009,EC,,C01409,斎藤,男,41,兵庫県,2025-04-01,7,993318,VIP,False,
PR0003599,2025-08-11,エアコン,エアコン 18畳用,256479,EC,,C01409,斎藤,男,41,兵庫県,2025-04-01,7,993318,VIP,False,
PR0003596,2025-04-22,ゲーム・玩具,据置型ゲーム機,41931,EC,,C01409,斎藤,男,41,兵庫県,2025-04-01,7,993318,VIP,True,
PR0003600,2025-10-12,スマートフォン,最新スマホ 256GB,90534,EC,,C01409,斎藤,男,41,兵庫県,2025-04-01,7,993318,VIP,False,
PR0003597,2025-08-13,テレビ,スマートテレビ 43型,112631,EC,,C01409,斎藤,男,41,兵庫県,2025-04-01,7,993318,VIP,False,
PR0003595,2026-02-15,冷蔵庫,フレンチドア 700L,358468,EC,,C01409,斎藤,男,41,兵庫県,2025-04-01,7,993318,VIP,False,
PR0003598,2025-11-07,美容家電・小物,美顔器,43266,EC,,C01409,斎藤,男,41,兵庫県,2025-04-01,7,993318,VIP,False,
PR0003601,2025-04-03,オーディオ,Bluetoothスピーカー,46658,EC,,C01410,吉田,女,30,福岡県,2024-05-31,3,118789,Regular,False,
PR0003603,2024-06-17,ゲーム・玩具,ゲームソフト,5532,EC,,C01410,吉田,女,30,福岡県,2024-05-31,3,118789,Regular,True,
PR0003602,2025-05-06,美容家電・小物,マッサージガン,66599,EC,,C01410,吉田,女,30,福岡県,2024-05-31,3,118789,Regular,False,
PR0003604,2022-04-06,オーディオ,ホームオーディオ,98570,EC,,C01411,高橋,女,33,東京都,2022-02-12,2,219737,Inactive,True,
PR0003605,2022-11-22,テレビ,スマートテレビ 43型,121167,EC,,C01411,高橋,女,33,東京都,2022-02-12,2,219737,Inactive,False,
PR0003606,2024-05-09,PC・タブレット,ノートPC 13型,305000,店舗,秋葉原店,C01412,池田,男,53,神奈川県,2023-02-07,2,685456,Regular,True,
PR0003607,2025-12-14,エアコン,エアコン 18畳用,380456,店舗,札幌駅前店,C01412,池田,男,53,神奈川県,2023-02-07,2,685456,Regular,False,
PR0003610,2026-01-05,PC・タブレット,ワークステーション,248484,店舗,秋葉原店,C01413,田中,男,53,神奈川県,2025-11-26,3,565234,Loyal,False,
PR0003609,2026-03-02,スマートフォン,ミドルレンジ機種,97635,EC,,C01413,田中,男,53,神奈川県,2025-11-26,3,565234,Loyal,False,
PR0003608,2025-12-20,洗濯機,ドラム式洗濯機,219115,店舗,名古屋栄店,C01413,田中,男,53,神奈川県,2025-11-26,3,565234,Loyal,True,
PR0003612,2025-04-03,PC・タブレット,ノートPC 15型,257472,店舗,池袋店,C01414,渡辺,男,49,宮城県,2023-06-10,3,615841,Loyal,False,
PR0003613,2024-07-11,スマートフォン,ミドルレンジ機種,89977,店舗,池袋店,C01414,渡辺,男,49,宮城県,2023-06-10,3,615841,Loyal,True,
PR0003611,2026-03-15,冷蔵庫,フレンチドア 700L,268392,店舗,福岡天神店,C01414,渡辺,男,49,宮城県,2023-06-10,3,615841,Loyal,False,
PR0003614,2025-12-20,洗濯機,ドラム式洗濯機,181231,店舗,横浜駅前店,C01415,後藤,男,60,神奈川県,2023-09-19,1,181231,Light,True,
PR0003617,2022-07-08,PC・タブレット,2-in-1 PC,333894,店舗,天王寺店,C01416,林,男,48,北海道,2022-04-27,3,656718,Loyal,True,
PR0003616,2026-01-13,エアコン,エアコン 6畳用,298413,店舗,池袋店,C01416,林,男,48,北海道,2022-04-27,3,656718,Loyal,False,
PR0003615,2025-03-09,ゲーム・玩具,ゲームソフト,24411,店舗,名古屋栄店,C01416,林,男,48,北海道,2022-04-27,3,656718,Loyal,False,
PR0003619,2026-02-06,エアコン,エアコン 10畳用,255094,EC,,C01417,山口,男,44,愛知県,2026-01-25,3,515994,Loyal,True,
PR0003620,2026-02-15,ゲーム・玩具,携帯ゲーム機,10521,店舗,名古屋栄店,C01417,山口,男,44,愛知県,2026-01-25,3,515994,Loyal,False,
PR0003618,2026-02-22,冷蔵庫,冷蔵庫 600L 大型,250379,EC,,C01417,山口,男,44,愛知県,2026-01-25,3,515994,Loyal,False,
PR0003621,2025-02-19,美容家電・小物,ドライヤー,7560,店舗,池袋店,C01418,山下,女,47,広島県,2022-07-16,1,7560,Light,True,
PR0003623,2024-09-25,オーディオ,ヘッドホン,70557,店舗,渋谷店,C01419,岡田,男,47,愛知県,2024-06-05,2,380426,Regular,True,
PR0003622,2025-04-25,冷蔵庫,冷蔵庫 400L,309869,店舗,大阪梅田店,C01419,岡田,男,47,愛知県,2024-06-05,2,380426,Regular,False,
PR0003626,2026-01-28,PC・タブレット,ノートPC 15型,50557,EC,,C01420,青木,男,36,兵庫県,2023-12-26,3,298008,Loyal,False,
PR0003625,2024-11-12,スマートフォン,ハイエンド 1TB,109064,EC,,C01420,青木,男,36,兵庫県,2023-12-26,3,298008,Loyal,True,
PR0003624,2024-11-16,テレビ,スマートテレビ 43型,138387,店舗,天王寺店,C01420,青木,男,36,兵庫県,2023-12-26,3,298008,Loyal,False,
PR0003634,2024-12-31,PC・タブレット,ゲーミングPC,340371,店舗,福岡天神店,C01421,佐藤,男,54,愛知県,2024-12-03,8,1513415,VIP,True,
PR0003628,2025-03-05,エアコン,業務用エアコン,298669,店舗,福岡天神店,C01421,佐藤,男,54,愛知県,2024-12-03,8,1513415,VIP,False,
PR0003633,2025-05-16,ゲーム・玩具,コントローラ,40876,店舗,天王寺店,C01421,佐藤,男,54,愛知県,2024-12-03,8,1513415,VIP,False,
PR0003632,2025-06-10,スマートフォン,コンパクトモデル,78044,店舗,池袋店,C01421,佐藤,男,54,愛知県,2024-12-03,8,1513415,VIP,False,
PR0003629,2025-02-05,テレビ,有機EL 75型,163543,店舗,札幌駅前店,C01421,佐藤,男,54,愛知県,2024-12-03,8,1513415,VIP,False,
PR0003630,2026-03-07,冷蔵庫,冷蔵庫 500L,418097,店舗,福岡天神店,C01421,佐藤,男,54,愛知県,2024-12-03,8,1513415,VIP,False,
PR0003627,2026-02-08,洗濯機,ドラム式洗濯機,116335,店舗,大阪梅田店,C01421,佐藤,男,54,愛知県,2024-12-03,8,1513415,VIP,False,
PR0003631,2025-08-30,美容家電・小物,美顔器,57480,店舗,新宿店,C01421,佐藤,男,54,愛知県,2024-12-03,8,1513415,VIP,False,
PR0003636,2025-05-11,テレビ,プロジェクター,424009,店舗,渋谷店,C01422,佐藤,男,34,愛知県,2023-07-17,2,570999,Regular,True,
PR0003635,2025-08-19,冷蔵庫,コンパクト冷蔵庫,146990,店舗,大阪梅田店,C01422,佐藤,男,34,愛知県,2023-07-17,2,570999,Regular,False,
PR0003638,2023-03-25,オーディオ,Bluetoothスピーカー,172670,店舗,横浜駅前店,C01423,小林,男,39,神奈川県,2021-07-18,5,682050,VIP,False,
PR0003641,2022-04-05,ゲーム・玩具,携帯ゲーム機,51945,店舗,福岡天神店,C01423,小林,男,39,神奈川県,2021-07-18,5,682050,VIP,False,
PR0003639,2024-11-03,テレビ,プロジェクター,67003,店舗,秋葉原店,C01423,小林,男,39,神奈川県,2021-07-18,5,682050,VIP,False,
PR0003640,2023-08-01,冷蔵庫,冷蔵庫 500L,184192,店舗,横浜駅前店,C01423,小林,男,39,神奈川県,2021-07-18,5,682050,VIP,False,
PR0003637,2022-03-18,洗濯機,コンパクト洗濯機,206240,店舗,池袋店,C01423,小林,男,39,神奈川県,2021-07-18,5,682050,VIP,True,
PR0003642,2024-10-26,スマートフォン,スタンダード 128GB,42540,店舗,大阪梅田店,C01424,藤田,女,33,広島県,2022-08-11,2,69463,Regular,True,
PR0003643,2025-03-23,美容家電・小物,電気シェーバー,26923,店舗,福岡天神店,C01424,藤田,女,33,広島県,2022-08-11,2,69463,Regular,False,
PR0003644,2023-02-21,ゲーム・玩具,携帯ゲーム機,56014,店舗,新宿店,C01425,後藤,男,22,福岡県,2023-01-29,2,239021,Inactive,True,
PR0003645,2023-09-13,スマートフォン,最新スマホ 256GB,183007,店舗,秋葉原店,C01425,後藤,男,22,福岡県,2023-01-29,2,239021,Inactive,False,
PR0003648,2022-09-16,PC・タブレット,ゲーミングPC,340943,EC,,C01427,林,男,28,北海道,2022-04-26,7,1242372,VIP,False,
PR0003649,2025-07-13,PC・タブレット,ワークステーション,57776,EC,,C01427,林,男,28,北海道,2022-04-26,7,1242372,VIP,False,1031
PR0003650,2023-02-19,エアコン,エアコン 18畳用,380258,EC,,C01427,林,男,28,北海道,2022-04-26,7,1242372,VIP,False,
PR0003651,2022-08-04,ゲーム・玩具,ゲームソフト,33670,EC,,C01427,林,男,28,北海道,2022-04-26,7,1242372,VIP,True,
PR0003652,2024-04-09,スマートフォン,最新スマホ 256GB,31365,EC,,C01427,林,男,28,北海道,2022-04-26,7,1242372,VIP,False,
PR0003647,2023-06-06,テレビ,4K テレビ 50型,334591,EC,,C01427,林,男,28,北海道,2022-04-26,7,1242372,VIP,False,
PR0003646,2024-12-20,美容家電・小物,ヘアアイロン,63769,EC,,C01427,林,男,28,北海道,2022-04-26,7,1242372,VIP,False,
PR0003655,2024-03-01,PC・タブレット,ノートPC 15型,274911,店舗,大阪梅田店,C01428,林,男,41,京都府,2021-09-29,3,571405,Loyal,False,
PR0003654,2023-04-01,カメラ・ビデオ,アクションカメラ,251700,店舗,池袋店,C01428,林,男,41,京都府,2021-09-29,3,571405,Loyal,True,
PR0003653,2025-11-27,美容家電・小物,マッサージガン,44794,店舗,渋谷店,C01428,林,男,41,京都府,2021-09-29,3,571405,Loyal,False,
PR0003656,2024-10-15,テレビ,4K テレビ 65型,449252,店舗,横浜駅前店,C01429,伊藤,男,22,北海道,2022-02-02,1,449252,Light,True,
PR0003657,2025-09-26,PC・タブレット,タブレット 10型,302140,EC,,C01430,中村,男,38,宮城県,2025-09-05,2,326577,Regular,True,
PR0003658,2026-01-10,美容家電・小物,ドライヤー,24437,EC,,C01430,中村,男,38,宮城県,2025-09-05,2,326577,Regular,False,
PR0003659,2026-03-02,エアコン,エアコン 6畳用,178545,EC,,C01431,吉田,男,52,神奈川県,2026-01-13,2,197227,Regular,True,
PR0003660,2026-03-20,ゲーム・玩具,コントローラ,18682,EC,,C01431,吉田,男,52,神奈川県,2026-01-13,2,197227,Regular,False,
PR0003662,2026-01-27,PC・タブレット,ノートPC 13型,314255,店舗,秋葉原店,C01432,山口,男,23,兵庫県,2025-08-08,2,731177,Regular,False,
PR0003661,2025-08-24,テレビ,4K テレビ 50型,416922,EC,,C01432,山口,男,23,兵庫県,2025-08-08,2,731177,Regular,True,
PR0003663,2024-03-08,冷蔵庫,フレンチドア 700L,362830,店舗,池袋店,C01433,山下,男,50,宮城県,2021-10-26,1,362830,Inactive,True,
PR0003664,2025-09-27,PC・タブレット,ゲーミングPC,335002,店舗,横浜駅前店,C01434,井上,男,30,千葉県,2022-03-15,5,936968,VIP,False,
PR0003665,2024-05-16,オーディオ,ワイヤレスイヤホン,36441,店舗,新宿店,C01434,井上,男,30,千葉県,2022-03-15,5,936968,VIP,False,
PR0003666,2026-03-27,ゲーム・玩具,携帯ゲーム機,63694,EC,,C01434,井上,男,30,千葉県,2022-03-15,5,936968,VIP,False,
PR0003668,2024-12-08,テレビ,プロジェクター,438407,店舗,横浜駅前店,C01434,井上,男,30,千葉県,2022-03-15,5,936968,VIP,False,
PR0003667,2023-07-04,美容家電・小物,電気シェーバー,63424,店舗,大阪梅田店,C01434,井上,男,30,千葉県,2022-03-15,5,936968,VIP,True,
PR0003670,2024-07-09,ゲーム・玩具,コントローラ,48081,EC,,C01435,斎藤,女,27,東京都,2023-07-30,4,608909,Loyal,False,
PR0003671,2025-03-20,スマートフォン,Pro モデル 512GB,129059,EC,,C01435,斎藤,女,27,東京都,2023-07-30,4,608909,Loyal,False,
PR0003672,2023-09-14,テレビ,4K テレビ 65型,406982,EC,,C01435,斎藤,女,27,東京都,2023-07-30,4,608909,Loyal,True,
PR0003669,2024-12-16,美容家電・小物,ヘアアイロン,24787,EC,,C01435,斎藤,女,27,東京都,2023-07-30,4,608909,Loyal,False,
PR0003673,2025-06-01,カメラ・ビデオ,交換レンズ,222517,店舗,池袋店,C01436,池田,男,42,埼玉県,2024-08-23,1,222517,Light,True,
PR0003677,2025-01-16,PC・タブレット,ワークステーション,320918,EC,,C01438,山本,男,41,京都府,2021-09-29,4,1142330,Loyal,False,
PR0003675,2023-08-25,テレビ,有機EL 55型,492991,EC,,C01438,山本,男,41,京都府,2021-09-29,4,1142330,Loyal,False,
PR0003676,2022-09-05,洗濯機,ドラム式洗濯機,310137,店舗,池袋店,C01438,山本,男,41,京都府,2021-09-29,4,1142330,Loyal,True,
PR0003674,2024-10-04,美容家電・小物,マッサージガン,18284,店舗,大阪梅田店,C01438,山本,男,41,京都府,2021-09-29,4,1142330,Loyal,False,
PR0003678,2023-05-21,PC・タブレット,ノートPC 13型,333120,店舗,福岡天神店,C01439,吉田,男,46,福岡県,2023-04-23,6,747044,VIP,False,
PR0003679,2023-05-19,ゲーム・玩具,携帯ゲーム機,24964,EC,,C01439,吉田,男,46,福岡県,2023-04-23,6,747044,VIP,True,
PR0003681,2024-03-26,スマートフォン,最新スマホ 256GB,101378,店舗,大阪梅田店,C01439,吉田,男,46,福岡県,2023-04-23,6,747044,VIP,False,
PR0003682,2026-03-10,スマートフォン,ミドルレンジ機種,179913,EC,,C01439,吉田,男,46,福岡県,2023-04-23,6,747044,VIP,False,714
PR0003683,2024-12-24,テレビ,スマートテレビ 43型,100223,EC,,C01439,吉田,男,46,福岡県,2023-04-23,6,747044,VIP,False,
PR0003680,2026-02-15,美容家電・小物,マッサージガン,7446,EC,,C01439,吉田,男,46,福岡県,2023-04-23,6,747044,VIP,False,
PR0003684,2026-01-16,テレビ,有機EL 75型,53098,店舗,池袋店,C01440,藤田,男,40,広島県,2023-05-05,1,53098,Light,True,
PR0003687,2025-03-31,カメラ・ビデオ,ミラーレス一眼,211722,店舗,名古屋栄店,C01441,山口,男,27,千葉県,2022-11-22,5,696847,VIP,False,
PR0003685,2023-11-07,ゲーム・玩具,ゲームソフト,11245,店舗,横浜駅前店,C01441,山口,男,27,千葉県,2022-11-22,5,696847,VIP,True,
PR0003688,2025-09-13,スマートフォン,ハイエンド 1TB,55479,店舗,名古屋栄店,C01441,山口,男,27,千葉県,2022-11-22,5,696847,VIP,False,
PR0003686,2025-06-15,テレビ,4K テレビ 65型,344404,EC,,C01441,山口,男,27,千葉県,2022-11-22,5,696847,VIP,False,
PR0003689,2024-02-20,美容家電・小物,電動歯ブラシ,73997,店舗,福岡天神店,C01441,山口,男,27,千葉県,2022-11-22,5,696847,VIP,False,
PR0003690,2026-02-06,スマートフォン,最新スマホ 256GB,181928,店舗,池袋店,C01442,池田,男,73,宮城県,2025-06-01,2,259981,Regular,False,
PR0003691,2025-09-16,美容家電・小物,電動歯ブラシ,78053,店舗,札幌駅前店,C01442,池田,男,73,宮城県,2025-06-01,2,259981,Regular,True,
PR0003692,2021-12-24,PC・タブレット,ノートPC 15型,212541,EC,,C01444,村上,男,63,千葉県,2021-12-10,4,708363,Loyal,True,
PR0003693,2025-11-25,PC・タブレット,ノートPC 13型,298086,店舗,福岡天神店,C01444,村上,男,63,千葉県,2021-12-10,4,708363,Loyal,False,1432
PR0003694,2022-06-07,スマートフォン,Pro モデル 512GB,58189,店舗,福岡天神店,C01444,村上,男,63,千葉県,2021-12-10,4,708363,Loyal,False,
PR0003695,2024-08-06,スマートフォン,スタンダード 128GB,139547,店舗,大阪梅田店,C01444,村上,男,63,千葉県,2021-12-10,4,708363,Loyal,False,791
PR0003698,2026-01-07,スマートフォン,ハイエンド 1TB,65572,EC,,C01445,佐々木,男,53,京都府,2025-09-23,3,538952,Loyal,False,
PR0003697,2025-11-16,テレビ,有機EL 75型,330254,EC,,C01445,佐々木,男,53,京都府,2025-09-23,3,538952,Loyal,False,
PR0003696,2025-11-01,冷蔵庫,冷蔵庫 500L,143126,EC,,C01445,佐々木,男,53,京都府,2025-09-23,3,538952,Loyal,True,
PR0003700,2026-01-31,PC・タブレット,2-in-1 PC,194992,EC,,C01446,坂本,男,45,広島県,2025-11-10,2,257303,Regular,True,
PR0003699,2026-02-09,スマートフォン,スタンダード 128GB,62311,店舗,大阪梅田店,C01446,坂本,男,45,広島県,2025-11-10,2,257303,Regular,False,
PR0003701,2026-01-05,PC・タブレット,2-in-1 PC,208925,EC,,C01447,坂本,男,29,大阪府,2025-11-18,2,606101,Regular,True,
PR0003702,2026-03-24,エアコン,エアコン 6畳用,397176,EC,,C01447,坂本,男,29,大阪府,2025-11-18,2,606101,Regular,False,
PR0003703,2025-12-31,PC・タブレット,ノートPC 13型,311509,店舗,札幌駅前店,C01448,藤田,女,29,千葉県,2025-11-03,3,657492,Loyal,True,
PR0003704,2026-01-21,エアコン,エアコン 10畳用,303057,店舗,渋谷店,C01448,藤田,女,29,千葉県,2025-11-03,3,657492,Loyal,False,
PR0003705,2026-01-05,美容家電・小物,ドライヤー,42926,店舗,新宿店,C01448,藤田,女,29,千葉県,2025-11-03,3,657492,Loyal,False,
PR0003707,2021-12-20,PC・タブレット,ワークステーション,349047,EC,,C01449,小林,女,46,広島県,2021-06-14,2,821919,Regular,True,
PR0003706,2025-10-16,テレビ,有機EL 55型,472872,EC,,C01449,小林,女,46,広島県,2021-06-14,2,821919,Regular,False,
PR0003708,2026-03-09,PC・タブレット,2-in-1 PC,216808,店舗,名古屋栄店,C01450,伊藤,男,37,広島県,2025-12-07,2,234035,Regular,False,
PR0003709,2026-01-10,美容家電・小物,電気シェーバー,17227,店舗,名古屋栄店,C01450,伊藤,男,37,広島県,2025-12-07,2,234035,Regular,True,
PR0003710,2026-02-13,PC・タブレット,2-in-1 PC,120602,EC,,C01451,伊藤,女,43,宮城県,2025-12-06,3,477420,Loyal,False,
PR0003711,2026-01-07,ゲーム・玩具,ゲームソフト,62909,店舗,池袋店,C01451,伊藤,女,43,宮城県,2025-12-06,3,477420,Loyal,True,
PR0003712,2026-03-25,テレビ,スマートテレビ 43型,293909,店舗,福岡天神店,C01451,伊藤,女,43,宮城県,2025-12-06,3,477420,Loyal,False,
PR0003713,2023-12-04,オーディオ,Bluetoothスピーカー,64970,EC,,C01452,村上,女,60,神奈川県,2023-05-31,1,64970,Inactive,True,
PR0003715,2024-05-08,PC・タブレット,2-in-1 PC,273097,店舗,札幌駅前店,C01453,阿部,女,75,兵庫県,2021-06-22,2,401609,Regular,False,
PR0003714,2022-03-30,冷蔵庫,冷蔵庫 500L,128512,EC,,C01453,阿部,女,75,兵庫県,2021-06-22,2,401609,Regular,True,
PR0003720,2025-05-04,オーディオ,ワイヤレスイヤホン,36309,店舗,横浜駅前店,C01454,佐々木,男,56,京都府,2023-06-17,5,705270,VIP,False,
PR0003716,2025-07-23,スマートフォン,スタンダード 128GB,144719,店舗,福岡天神店,C01454,佐々木,男,56,京都府,2023-06-17,5,705270,VIP,False,
PR0003718,2024-04-05,冷蔵庫,冷蔵庫 500L,172545,店舗,新宿店,C01454,佐々木,男,56,京都府,2023-06-17,5,705270,VIP,False,
PR0003719,2024-05-03,洗濯機,ドラム式洗濯機,337370,店舗,大阪梅田店,C01454,佐々木,男,56,京都府,2023-06-17,5,705270,VIP,False,
PR0003717,2024-03-11,美容家電・小物,電気シェーバー,14327,店舗,横浜駅前店,C01454,佐々木,男,56,京都府,2023-06-17,5,705270,VIP,True,
PR0003721,2025-07-04,洗濯機,乾燥機能付き 10kg,216864,店舗,大阪梅田店,C01455,林,男,48,兵庫県,2024-04-05,2,279847,Regular,True,
PR0003722,2025-12-24,美容家電・小物,電気シェーバー,62983,店舗,池袋店,C01455,林,男,48,兵庫県,2024-04-05,2,279847,Regular,False,
PR0003727,2024-05-04,PC・タブレット,2-in-1 PC,341416,EC,,C01456,斎藤,男,59,大阪府,2024-02-06,5,1347879,VIP,False,
PR0003726,2024-10-19,エアコン,業務用エアコン,281275,EC,,C01456,斎藤,男,59,大阪府,2024-02-06,5,1347879,VIP,False,
PR0003725,2024-04-29,オーディオ,ヘッドホン,171986,店舗,横浜駅前店,C01456,斎藤,男,59,大阪府,2024-02-06,5,1347879,VIP,False,
PR0003724,2024-03-10,スマートフォン,ミドルレンジ機種,66224,EC,,C01456,斎藤,男,59,大阪府,2024-02-06,5,1347879,VIP,True,
PR0003723,2025-07-26,テレビ,プロジェクター,486978,EC,,C01456,斎藤,男,59,大阪府,2024-02-06,5,1347879,VIP,False,
PR0003729,2025-11-16,スマートフォン,コンパクトモデル,118477,EC,,C01457,坂本,男,24,福岡県,2025-09-23,2,317546,Regular,False,
PR0003728,2025-10-30,洗濯機,乾燥機能付き 10kg,199069,店舗,秋葉原店,C01457,坂本,男,24,福岡県,2025-09-23,2,317546,Regular,True,
PR0003731,2024-05-13,PC・タブレット,ノートPC 15型,176776,店舗,福岡天神店,C01458,近藤,男,28,福岡県,2024-03-18,2,332090,Regular,True,
PR0003730,2025-03-09,スマートフォン,コンパクトモデル,155314,EC,,C01458,近藤,男,28,福岡県,2024-03-18,2,332090,Regular,False,
PR0003733,2023-12-15,スマートフォン,ハイエンド 1TB,95518,店舗,秋葉原店,C01459,渡辺,女,22,兵庫県,2022-01-23,2,115801,Inactive,False,
PR0003732,2023-05-06,美容家電・小物,電動歯ブラシ,20283,EC,,C01459,渡辺,女,22,兵庫県,2022-01-23,2,115801,Inactive,True,
PR0003735,2025-08-05,スマートフォン,ハイエンド 1TB,56851,店舗,横浜駅前店,C01460,井上,女,33,神奈川県,2021-11-18,3,387638,Loyal,False,
PR0003736,2023-02-11,冷蔵庫,冷蔵庫 600L 大型,317942,店舗,名古屋栄店,C01460,井上,女,33,神奈川県,2021-11-18,3,387638,Loyal,True,
PR0003734,2023-12-31,美容家電・小物,電気シェーバー,12845,EC,,C01460,井上,女,33,神奈川県,2021-11-18,3,387638,Loyal,False,
PR0003737,2025-01-30,エアコン,エアコン 10畳用,337751,店舗,池袋店,C01461,吉田,男,47,広島県,2021-11-04,3,599109,Loyal,False,
PR0003738,2022-07-20,スマートフォン,最新スマホ 256GB,107290,店舗,大阪梅田店,C01461,吉田,男,47,広島県,2021-11-04,3,599109,Loyal,True,
PR0003739,2025-03-20,スマートフォン,コンパクトモデル,154068,店舗,大阪梅田店,C01461,吉田,男,47,広島県,2021-11-04,3,599109,Loyal,False,974
PR0003740,2022-03-17,オーディオ,サウンドバー,58886,店舗,池袋店,C01462,斎藤,男,33,北海道,2022-02-28,4,360223,Loyal,True,
PR0003742,2022-07-02,スマートフォン,コンパクトモデル,86788,EC,,C01462,斎藤,男,33,北海道,2022-02-28,4,360223,Loyal,False,
PR0003743,2025-05-23,スマートフォン,ミドルレンジ機種,176469,店舗,名古屋栄店,C01462,斎藤,男,33,北海道,2022-02-28,4,360223,Loyal,False,1056
PR0003741,2024-02-28,美容家電・小物,美顔器,38080,店舗,横浜駅前店,C01462,斎藤,男,33,北海道,2022-02-28,4,360223,Loyal,False,
PR0003745,2025-06-08,スマートフォン,スタンダード 128GB,50215,店舗,渋谷店,C01463,石川,男,31,北海道,2024-11-10,2,521780,Regular,True,
PR0003744,2025-11-04,テレビ,スマートテレビ 43型,471565,EC,,C01463,石川,男,31,北海道,2024-11-10,2,521780,Regular,False,
PR0003747,2024-12-08,PC・タブレット,ワークステーション,153450,EC,,C01464,斎藤,女,35,北海道,2024-04-13,3,338723,Loyal,False,
PR0003746,2026-03-08,洗濯機,縦型洗濯機,124033,EC,,C01464,斎藤,女,35,北海道,2024-04-13,3,338723,Loyal,False,
PR0003748,2024-05-08,美容家電・小物,ヘアアイロン,61240,店舗,札幌駅前店,C01464,斎藤,女,35,北海道,2024-04-13,3,338723,Loyal,True,
PR0003749,2026-01-15,冷蔵庫,コンパクト冷蔵庫,150654,店舗,福岡天神店,C01465,松本,女,34,北海道,2024-02-21,2,244871,Regular,False,
PR0003750,2024-06-07,洗濯機,全自動 8kg,94217,EC,,C01465,松本,女,34,北海道,2024-02-21,2,244871,Regular,True,
PR0003752,2024-07-10,PC・タブレット,2-in-1 PC,185752,EC,,C01466,池田,男,56,埼玉県,2023-10-15,2,247025,Regular,True,
PR0003751,2026-03-23,スマートフォン,Pro モデル 512GB,61273,EC,,C01466,池田,男,56,埼玉県,2023-10-15,2,247025,Regular,False,
PR0003754,2022-07-28,テレビ,4K テレビ 65型,451141,EC,,C01467,山本,女,36,広島県,2022-03-07,2,472068,Regular,True,
PR0003753,2024-08-15,美容家電・小物,電気シェーバー,20927,EC,,C01467,山本,女,36,広島県,2022-03-07,2,472068,Regular,False,
PR0003756,2025-01-28,ゲーム・玩具,VR ゴーグル,57132,店舗,池袋店,C01468,山崎,女,45,北海道,2024-08-14,2,124435,Regular,True,
PR0003755,2025-09-29,美容家電・小物,ヘアアイロン,67303,EC,,C01468,山崎,女,45,北海道,2024-08-14,2,124435,Regular,False,
PR0003757,2025-10-04,PC・タブレット,ノートPC 13型,81853,店舗,名古屋栄店,C01469,長谷川,女,75,埼玉県,2023-05-07,1,81853,Light,True,
PR0003759,2024-05-27,スマートフォン,ハイエンド 1TB,129708,EC,,C01470,橋本,女,46,宮城県,2023-09-20,2,170143,Regular,True,
PR0003758,2025-08-27,美容家電・小物,電気シェーバー,40435,EC,,C01470,橋本,女,46,宮城県,2023-09-20,2,170143,Regular,False,
PR0003761,2024-11-19,PC・タブレット,ワークステーション,342129,店舗,札幌駅前店,C01471,山田,男,36,宮城県,2022-07-08,2,531406,Regular,True,
PR0003760,2025-04-09,スマートフォン,最新スマホ 256GB,189277,EC,,C01471,山田,男,36,宮城県,2022-07-08,2,531406,Regular,False,
PR0003762,2023-07-12,ゲーム・玩具,据置型ゲーム機,40980,EC,,C01472,石川,男,33,北海道,2022-12-14,1,40980,Inactive,True,
PR0003764,2024-03-12,カメラ・ビデオ,アクションカメラ,108832,店舗,新宿店,C01473,木村,男,49,東京都,2024-03-11,2,500780,Inactive,True,
PR0003763,2024-03-27,テレビ,プロジェクター,391948,店舗,名古屋栄店,C01473,木村,男,49,東京都,2024-03-11,2,500780,Inactive,False,
PR0003767,2023-09-05,スマートフォン,コンパクトモデル,162822,店舗,札幌駅前店,C01474,石井,女,52,福岡県,2021-04-18,3,643129,Loyal,True,
PR0003765,2026-02-20,冷蔵庫,冷蔵庫 600L 大型,421551,店舗,渋谷店,C01474,石井,女,52,福岡県,2021-04-18,3,643129,Loyal,False,
PR0003766,2026-03-16,美容家電・小物,ドライヤー,58756,EC,,C01474,石井,女,52,福岡県,2021-04-18,3,643129,Loyal,False,
PR0003768,2023-07-02,PC・タブレット,ワークステーション,90029,店舗,名古屋栄店,C01475,岡田,男,47,大阪府,2023-03-29,8,866982,VIP,False,
PR0003775,2026-03-29,エアコン,エアコン 10畳用,271607,店舗,池袋店,C01475,岡田,男,47,大阪府,2023-03-29,8,866982,VIP,False,
PR0003774,2023-08-14,オーディオ,ワイヤレスイヤホン,51261,店舗,大阪梅田店,C01475,岡田,男,47,大阪府,2023-03-29,8,866982,VIP,False,
PR0003773,2023-05-28,カメラ・ビデオ,ビデオカメラ,120247,店舗,札幌駅前店,C01475,岡田,男,47,大阪府,2023-03-29,8,866982,VIP,True,
PR0003771,2025-11-22,ゲーム・玩具,携帯ゲーム機,17767,店舗,秋葉原店,C01475,岡田,男,47,大阪府,2023-03-29,8,866982,VIP,False,
PR0003772,2025-04-12,スマートフォン,ハイエンド 1TB,172365,店舗,池袋店,C01475,岡田,男,47,大阪府,2023-03-29,8,866982,VIP,False,
PR0003770,2026-03-25,テレビ,有機EL 55型,50031,店舗,渋谷店,C01475,岡田,男,47,大阪府,2023-03-29,8,866982,VIP,False,
PR0003769,2024-05-10,洗濯機,ドラム式洗濯機,93675,店舗,池袋店,C01475,岡田,男,47,大阪府,2023-03-29,8,866982,VIP,False,
PR0003776,2022-10-25,ゲーム・玩具,据置型ゲーム機,62678,EC,,C01476,鈴木,男,63,広島県,2022-10-05,1,62678,Inactive,True,
PR0003777,2024-03-26,冷蔵庫,フレンチドア 700L,366082,店舗,渋谷店,C01477,阿部,男,52,東京都,2024-01-02,1,366082,Inactive,True,
PR0003778,2023-02-21,テレビ,4K テレビ 65型,116987,店舗,横浜駅前店,C01478,山崎,男,55,広島県,2022-02-20,2,480844,Inactive,True,
PR0003779,2023-10-22,冷蔵庫,コンパクト冷蔵庫,363857,店舗,福岡天神店,C01478,山崎,男,55,広島県,2022-02-20,2,480844,Inactive,False,
PR0003780,2025-07-31,美容家電・小物,美顔器,44952,EC,,C01479,中島,女,22,大阪府,2023-04-21,1,44952,Light,True,
PR0003782,2023-12-04,PC・タブレット,2-in-1 PC,125346,店舗,新宿店,C01480,山崎,男,38,千葉県,2022-03-17,3,669935,Loyal,True,
PR0003781,2024-10-06,カメラ・ビデオ,交換レンズ,204121,店舗,名古屋栄店,C01480,山崎,男,38,千葉県,2022-03-17,3,669935,Loyal,False,
PR0003783,2026-01-04,テレビ,有機EL 55型,340468,店舗,名古屋栄店,C01480,山崎,男,38,千葉県,2022-03-17,3,669935,Loyal,False,
PR0003784,2023-07-07,PC・タブレット,タブレット 10型,280322,EC,,C01481,池田,女,36,京都府,2021-12-28,1,280322,Inactive,True,
PR0003785,2026-01-19,PC・タブレット,ノートPC 13型,224011,EC,,C01482,近藤,男,47,広島県,2025-02-23,2,456461,Regular,False,
PR0003786,2025-12-22,テレビ,4K テレビ 50型,232450,EC,,C01482,近藤,男,47,広島県,2025-02-23,2,456461,Regular,True,
PR0003787,2026-03-22,PC・タブレット,ワークステーション,73494,店舗,天王寺店,C01483,池田,男,37,神奈川県,2025-10-09,3,462644,Loyal,False,
PR0003789,2025-10-21,スマートフォン,コンパクトモデル,50981,EC,,C01483,池田,男,37,神奈川県,2025-10-09,3,462644,Loyal,True,
PR0003788,2026-03-19,テレビ,有機EL 55型,338169,店舗,福岡天神店,C01483,池田,男,37,神奈川県,2025-10-09,3,462644,Loyal,False,
PR0003790,2024-07-02,テレビ,有機EL 55型,263217,EC,,C01484,斎藤,女,36,神奈川県,2023-11-27,1,263217,Light,True,
PR0003793,2025-04-29,カメラ・ビデオ,ビデオカメラ,116587,店舗,札幌駅前店,C01485,林,男,72,広島県,2024-06-21,3,688886,Loyal,False,
PR0003791,2024-09-24,テレビ,プロジェクター,195580,店舗,名古屋栄店,C01485,林,男,72,広島県,2024-06-21,3,688886,Loyal,True,
PR0003792,2025-07-28,冷蔵庫,冷蔵庫 500L,376719,EC,,C01485,林,男,72,広島県,2024-06-21,3,688886,Loyal,False,
PR0003794,2023-11-25,テレビ,スマートテレビ 43型,360153,店舗,秋葉原店,C01486,佐々木,女,43,愛知県,2023-07-30,3,647534,Loyal,True,
PR0003795,2024-07-06,冷蔵庫,フレンチドア 700L,271985,店舗,池袋店,C01486,佐々木,女,43,愛知県,2023-07-30,3,647534,Loyal,False,
PR0003796,2025-09-22,美容家電・小物,電動歯ブラシ,15396,店舗,福岡天神店,C01486,佐々木,女,43,愛知県,2023-07-30,3,647534,Loyal,False,
PR0003797,2026-03-22,PC・タブレット,ノートPC 15型,94687,店舗,札幌駅前店,C01487,池田,男,29,愛知県,2025-01-26,2,374389,Regular,False,
PR0003798,2025-08-27,洗濯機,コンパクト洗濯機,279702,店舗,秋葉原店,C01487,池田,男,29,愛知県,2025-01-26,2,374389,Regular,True,
PR0003800,2023-03-08,テレビ,4K テレビ 65型,350547,EC,,C01488,遠藤,女,57,京都府,2022-12-28,2,428116,Inactive,True,
PR0003799,2023-12-19,美容家電・小物,ヘアアイロン,77569,店舗,池袋店,C01488,遠藤,女,57,京都府,2022-12-28,2,428116,Inactive,False,
PR0003801,2026-03-24,PC・タブレット,ノートPC 13型,229193,EC,,C01489,遠藤,女,60,北海道,2025-06-25,3,379043,Loyal,False,
PR0003802,2026-02-16,テレビ,プロジェクター,112886,店舗,名古屋栄店,C01489,遠藤,女,60,北海道,2025-06-25,3,379043,Loyal,False,
PR0003803,2025-09-14,美容家電・小物,ドライヤー,36964,EC,,C01489,遠藤,女,60,北海道,2025-06-25,3,379043,Loyal,True,
PR0003806,2022-07-20,エアコン,業務用エアコン,211292,店舗,名古屋栄店,C01490,青木,女,47,広島県,2022-06-30,6,1036953,VIP,True,
PR0003808,2025-02-05,ゲーム・玩具,コントローラ,17503,店舗,大阪梅田店,C01490,青木,女,47,広島県,2022-06-30,6,1036953,VIP,False,
PR0003809,2026-02-15,スマートフォン,スタンダード 128GB,105830,店舗,池袋店,C01490,青木,女,47,広島県,2022-06-30,6,1036953,VIP,False,
PR0003807,2025-07-13,冷蔵庫,冷蔵庫 600L 大型,419441,店舗,大阪梅田店,C01490,青木,女,47,広島県,2022-06-30,6,1036953,VIP,False,
PR0003804,2023-11-27,洗濯機,コンパクト洗濯機,250930,店舗,新宿店,C01490,青木,女,47,広島県,2022-06-30,6,1036953,VIP,False,
PR0003805,2025-07-13,美容家電・小物,ドライヤー,31957,店舗,秋葉原店,C01490,青木,女,47,広島県,2022-06-30,6,1036953,VIP,False,
PR0003814,2025-02-27,カメラ・ビデオ,交換レンズ,202417,EC,,C01491,渡辺,女,31,広島県,2023-01-26,6,971661,VIP,False,
PR0003815,2025-09-18,ゲーム・玩具,据置型ゲーム機,63681,店舗,渋谷店,C01491,渡辺,女,31,広島県,2023-01-26,6,971661,VIP,False,
PR0003812,2023-10-04,スマートフォン,ミドルレンジ機種,146776,EC,,C01491,渡辺,女,31,広島県,2023-01-26,6,971661,VIP,False,
PR0003813,2026-01-28,スマートフォン,ミドルレンジ機種,72472,店舗,天王寺店,C01491,渡辺,女,31,広島県,2023-01-26,6,971661,VIP,False,847
PR0003811,2023-05-09,テレビ,プロジェクター,476489,EC,,C01491,渡辺,女,31,広島県,2023-01-26,6,971661,VIP,True,
PR0003810,2024-11-08,美容家電・小物,マッサージガン,9826,店舗,池袋店,C01491,渡辺,女,31,広島県,2023-01-26,6,971661,VIP,False,
PR0003816,2023-10-28,テレビ,スマートテレビ 43型,145266,EC,,C01492,藤田,男,39,千葉県,2022-12-13,2,209061,Inactive,True,
PR0003817,2024-03-06,美容家電・小物,ドライヤー,63795,EC,,C01492,藤田,男,39,千葉県,2022-12-13,2,209061,Inactive,False,
PR0003819,2026-01-25,洗濯機,乾燥機能付き 10kg,86670,店舗,秋葉原店,C01494,近藤,女,51,兵庫県,2025-08-30,2,161044,Regular,True,
PR0003818,2026-02-08,美容家電・小物,ヘアアイロン,74374,店舗,池袋店,C01494,近藤,女,51,兵庫県,2025-08-30,2,161044,Regular,False,
PR0003820,2024-04-23,テレビ,スマートテレビ 43型,338818,店舗,横浜駅前店,C01495,前田,男,50,京都府,2023-01-30,1,338818,Inactive,True,
PR0003821,2022-08-02,ゲーム・玩具,携帯ゲーム機,26092,EC,,C01496,山崎,女,44,広島県,2022-05-29,1,26092,Inactive,True,
PR0003822,2025-10-26,テレビ,スマートテレビ 43型,436234,EC,,C01497,阿部,女,38,埼玉県,2025-05-01,3,787048,Loyal,False,
PR0003823,2025-06-02,洗濯機,乾燥機能付き 10kg,275950,店舗,秋葉原店,C01497,阿部,女,38,埼玉県,2025-05-01,3,787048,Loyal,True,
PR0003824,2026-02-09,美容家電・小物,ヘアアイロン,74864,EC,,C01497,阿部,女,38,埼玉県,2025-05-01,3,787048,Loyal,False,
PR0003829,2025-12-19,PC・タブレット,ワークステーション,298398,店舗,福岡天神店,C01498,藤田,女,38,兵庫県,2025-01-28,6,886873,VIP,False,
PR0003825,2025-10-04,エアコン,エアコン 18畳用,227851,店舗,大阪梅田店,C01498,藤田,女,38,兵庫県,2025-01-28,6,886873,VIP,False,
PR0003830,2025-06-01,ゲーム・玩具,据置型ゲーム機,69345,店舗,大阪梅田店,C01498,藤田,女,38,兵庫県,2025-01-28,6,886873,VIP,False,
PR0003828,2025-05-25,スマートフォン,ミドルレンジ機種,92009,EC,,C01498,藤田,女,38,兵庫県,2025-01-28,6,886873,VIP,False,
PR0003826,2025-02-04,洗濯機,ドラム式洗濯機,177928,EC,,C01498,藤田,女,38,兵庫県,2025-01-28,6,886873,VIP,True,
PR0003827,2025-02-15,美容家電・小物,電気シェーバー,21342,店舗,大阪梅田店,C01498,藤田,女,38,兵庫県,2025-01-28,6,886873,VIP,False,
PR0003831,2026-01-30,エアコン,エアコン 14畳用,366478,EC,,C01499,村上,男,60,大阪府,2024-11-21,2,493987,Regular,True,
PR0003832,2026-03-28,洗濯機,縦型洗濯機,127509,店舗,渋谷店,C01499,村上,男,60,大阪府,2024-11-21,2,493987,Regular,False,
PR0003833,2025-02-01,PC・タブレット,タブレット 10型,143883,店舗,池袋店,C01500,橋本,女,32,宮城県,2024-11-20,1,143883,Light,True,
PR0003834,2025-04-26,PC・タブレット,ゲーミングPC,114820,EC,,C01501,田中,男,70,宮城県,2023-04-27,1,114820,Light,True,
PR0003838,2022-06-25,エアコン,エアコン 10畳用,300011,EC,,C01502,伊藤,男,49,宮城県,2021-07-11,5,782356,VIP,True,
PR0003836,2024-05-18,カメラ・ビデオ,ミラーレス一眼,43567,EC,,C01502,伊藤,男,49,宮城県,2021-07-11,5,782356,VIP,False,
PR0003837,2023-08-14,ゲーム・玩具,ゲームソフト,66448,EC,,C01502,伊藤,男,49,宮城県,2021-07-11,5,782356,VIP,False,
PR0003839,2022-11-17,テレビ,プロジェクター,308368,EC,,C01502,伊藤,男,49,宮城県,2021-07-11,5,782356,VIP,False,
PR0003835,2026-03-19,美容家電・小物,ドライヤー,63962,EC,,C01502,伊藤,男,49,宮城県,2021-07-11,5,782356,VIP,False,
PR0003841,2023-09-09,冷蔵庫,コンパクト冷蔵庫,290267,EC,,C01503,池田,男,53,東京都,2022-07-04,2,354576,Inactive,False,
PR0003840,2023-09-01,美容家電・小物,ドライヤー,64309,EC,,C01503,池田,男,53,東京都,2022-07-04,2,354576,Inactive,True,
PR0003842,2025-01-02,テレビ,有機EL 75型,70467,店舗,福岡天神店,C01504,田中,女,59,京都府,2023-09-23,1,70467,Light,True,
PR0003845,2025-04-08,PC・タブレット,ワークステーション,211507,店舗,福岡天神店,C01505,藤田,男,75,愛知県,2022-04-24,3,317631,Loyal,False,
PR0003843,2025-10-11,スマートフォン,ハイエンド 1TB,51358,店舗,秋葉原店,C01505,藤田,男,75,愛知県,2022-04-24,3,317631,Loyal,False,
PR0003844,2022-10-09,テレビ,4K テレビ 50型,54766,店舗,秋葉原店,C01505,藤田,男,75,愛知県,2022-04-24,3,317631,Loyal,True,
PR0003846,2023-08-12,PC・タブレット,ワークステーション,210476,EC,,C01506,後藤,男,40,千葉県,2022-10-23,3,693383,Loyal,True,
PR0003847,2025-05-12,ゲーム・玩具,ボードゲーム,66733,店舗,新宿店,C01506,後藤,男,40,千葉県,2022-10-23,3,693383,Loyal,False,
PR0003848,2025-10-27,冷蔵庫,冷蔵庫 600L 大型,416174,EC,,C01506,後藤,男,40,千葉県,2022-10-23,3,693383,Loyal,False,
PR0003850,2025-10-31,エアコン,エアコン 14畳用,306147,EC,,C01507,木村,女,52,埼玉県,2025-05-05,2,461130,Regular,False,
PR0003849,2025-10-26,オーディオ,ワイヤレスイヤホン,154983,店舗,福岡天神店,C01507,木村,女,52,埼玉県,2025-05-05,2,461130,Regular,True,
PR0003853,2026-02-09,PC・タブレット,ノートPC 15型,319756,店舗,横浜駅前店,C01508,清水,男,43,広島県,2025-10-24,4,1152037,Loyal,False,
PR0003851,2025-11-13,ゲーム・玩具,コントローラ,77314,店舗,渋谷店,C01508,清水,男,43,広島県,2025-10-24,4,1152037,Loyal,True,
PR0003854,2026-02-11,冷蔵庫,コンパクト冷蔵庫,470702,店舗,札幌駅前店,C01508,清水,男,43,広島県,2025-10-24,4,1152037,Loyal,False,
PR0003852,2026-03-07,洗濯機,コンパクト洗濯機,284265,EC,,C01508,清水,男,43,広島県,2025-10-24,4,1152037,Loyal,False,
PR0003855,2024-02-05,テレビ,プロジェクター,137974,店舗,横浜駅前店,C01509,岡田,女,42,愛知県,2023-05-28,2,268454,Inactive,True,
PR0003856,2024-02-13,冷蔵庫,冷蔵庫 400L,130480,店舗,池袋店,C01509,岡田,女,42,愛知県,2023-05-28,2,268454,Inactive,False,
PR0003857,2024-05-24,スマートフォン,ミドルレンジ機種,92008,EC,,C01510,木村,女,65,兵庫県,2024-05-17,2,136718,Regular,True,
PR0003858,2025-08-07,美容家電・小物,美顔器,44710,店舗,札幌駅前店,C01510,木村,女,65,兵庫県,2024-05-17,2,136718,Regular,False,
PR0003859,2025-06-27,カメラ・ビデオ,コンパクトデジカメ,239255,店舗,名古屋栄店,C01511,村上,女,33,広島県,2025-01-02,2,276079,Regular,True,
PR0003860,2025-12-04,美容家電・小物,電気シェーバー,36824,店舗,大阪梅田店,C01511,村上,女,33,広島県,2025-01-02,2,276079,Regular,False,
PR0003862,2023-12-17,ゲーム・玩具,ボードゲーム,27705,EC,,C01512,阿部,男,37,福岡県,2023-06-18,2,287472,Regular,True,
PR0003861,2026-03-30,洗濯機,ドラム式洗濯機,259767,EC,,C01512,阿部,男,37,福岡県,2023-06-18,2,287472,Regular,False,
PR0003863,2025-10-26,スマートフォン,ハイエンド 1TB,125237,EC,,C01513,長谷川,女,40,千葉県,2022-10-29,3,937570,Loyal,False,
PR0003864,2025-06-24,テレビ,有機EL 55型,404978,店舗,横浜駅前店,C01513,長谷川,女,40,千葉県,2022-10-29,3,937570,Loyal,False,
PR0003865,2024-01-05,冷蔵庫,コンパクト冷蔵庫,407355,店舗,横浜駅前店,C01513,長谷川,女,40,千葉県,2022-10-29,3,937570,Loyal,True,
PR0003866,2024-10-26,ゲーム・玩具,ゲームソフト,51781,EC,,C01514,藤田,女,51,広島県,2021-12-30,3,305475,Loyal,False,
PR0003868,2024-07-11,テレビ,有機EL 75型,138682,EC,,C01514,藤田,女,51,広島県,2021-12-30,3,305475,Loyal,False,
PR0003867,2022-11-15,冷蔵庫,冷蔵庫 500L,115012,店舗,秋葉原店,C01514,藤田,女,51,広島県,2021-12-30,3,305475,Loyal,True,
PR0003872,2026-03-01,PC・タブレット,ノートPC 13型,225505,EC,,C01515,中村,男,45,神奈川県,2025-11-30,5,720892,VIP,False,
PR0003873,2026-01-13,エアコン,エアコン 14畳用,202366,店舗,秋葉原店,C01515,中村,男,45,神奈川県,2025-11-30,5,720892,VIP,False,
PR0003869,2025-12-28,ゲーム・玩具,ボードゲーム,36702,店舗,札幌駅前店,C01515,中村,男,45,神奈川県,2025-11-30,5,720892,VIP,True,
PR0003870,2026-02-20,スマートフォン,最新スマホ 256GB,177465,店舗,秋葉原店,C01515,中村,男,45,神奈川県,2025-11-30,5,720892,VIP,False,
PR0003871,2025-12-31,美容家電・小物,ヘアアイロン,78854,店舗,天王寺店,C01515,中村,男,45,神奈川県,2025-11-30,5,720892,VIP,False,
PR0003875,2026-02-10,PC・タブレット,タブレット 10型,101251,EC,,C01516,岡田,女,47,宮城県,2023-11-02,2,499778,Regular,False,
PR0003874,2025-03-23,エアコン,業務用エアコン,398527,店舗,横浜駅前店,C01516,岡田,女,47,宮城県,2023-11-02,2,499778,Regular,True,
PR0003878,2026-01-27,カメラ・ビデオ,ドローン,295957,店舗,池袋店,C01517,阿部,男,60,京都府,2024-12-28,3,401709,Loyal,False,
PR0003876,2025-06-29,洗濯機,全自動 8kg,87757,店舗,名古屋栄店,C01517,阿部,男,60,京都府,2024-12-28,3,401709,Loyal,True,
PR0003877,2025-09-23,美容家電・小物,電気シェーバー,17995,店舗,横浜駅前店,C01517,阿部,男,60,京都府,2024-12-28,3,401709,Loyal,False,
PR0003882,2024-11-29,PC・タブレット,タブレット 10型,204455,店舗,渋谷店,C01518,小林,女,44,北海道,2022-12-09,5,406459,Loyal,False,
PR0003881,2024-04-14,ゲーム・玩具,据置型ゲーム機,8903,店舗,福岡天神店,C01518,小林,女,44,北海道,2022-12-09,5,406459,Loyal,False,
PR0003883,2024-05-08,スマートフォン,ハイエンド 1TB,30224,店舗,名古屋栄店,C01518,小林,女,44,北海道,2022-12-09,5,406459,Loyal,False,
PR0003879,2023-05-11,洗濯機,縦型洗濯機,137061,EC,,C01518,小林,女,44,北海道,2022-12-09,5,406459,Loyal,True,
PR0003880,2024-06-18,美容家電・小物,電動歯ブラシ,25816,店舗,池袋店,C01518,小林,女,44,北海道,2022-12-09,5,406459,Loyal,False,
PR0003885,2026-02-13,PC・タブレット,2-in-1 PC,115082,店舗,天王寺店,C01519,鈴木,女,65,兵庫県,2024-09-02,8,1254101,VIP,False,
PR0003891,2026-01-13,エアコン,業務用エアコン,110976,店舗,名古屋栄店,C01519,鈴木,女,65,兵庫県,2024-09-02,8,1254101,VIP,False,
PR0003888,2025-02-03,オーディオ,サウンドバー,170762,店舗,新宿店,C01519,鈴木,女,65,兵庫県,2024-09-02,8,1254101,VIP,False,
PR0003887,2025-06-04,ゲーム・玩具,ボードゲーム,36686,店舗,天王寺店,C01519,鈴木,女,65,兵庫県,2024-09-02,8,1254101,VIP,False,
PR0003884,2024-09-26,スマートフォン,ミドルレンジ機種,103853,店舗,秋葉原店,C01519,鈴木,女,65,兵庫県,2024-09-02,8,1254101,VIP,True,
PR0003886,2025-03-01,冷蔵庫,冷蔵庫 600L 大型,467509,店舗,天王寺店,C01519,鈴木,女,65,兵庫県,2024-09-02,8,1254101,VIP,False,
PR0003890,2026-03-18,洗濯機,コンパクト洗濯機,222200,店舗,大阪梅田店,C01519,鈴木,女,65,兵庫県,2024-09-02,8,1254101,VIP,False,
PR0003889,2025-07-22,美容家電・小物,ドライヤー,27033,店舗,天王寺店,C01519,鈴木,女,65,兵庫県,2024-09-02,8,1254101,VIP,False,
PR0003893,2024-11-29,PC・タブレット,ワークステーション,181605,店舗,新宿店,C01521,村上,女,54,兵庫県,2024-04-28,2,486325,Regular,True,
PR0003892,2024-12-07,テレビ,プロジェクター,304720,店舗,秋葉原店,C01521,村上,女,54,兵庫県,2024-04-28,2,486325,Regular,False,
PR0003894,2024-02-25,PC・タブレット,ノートPC 13型,341121,EC,,C01522,中村,男,28,福岡県,2022-03-26,2,401810,Regular,True,
PR0003895,2025-12-21,ゲーム・玩具,ゲームソフト,60689,EC,,C01522,中村,男,28,福岡県,2022-03-26,2,401810,Regular,False,
PR0003896,2025-07-20,エアコン,エアコン 6畳用,124330,店舗,名古屋栄店,C01523,山田,男,47,愛知県,2021-11-27,2,476276,Regular,True,
PR0003897,2026-03-13,テレビ,有機EL 55型,351946,店舗,福岡天神店,C01523,山田,男,47,愛知県,2021-11-27,2,476276,Regular,False,
PR0003898,2025-10-15,PC・タブレット,タブレット 10型,190512,店舗,横浜駅前店,C01524,池田,女,32,千葉県,2025-02-05,2,251291,Regular,False,
PR0003899,2025-08-19,美容家電・小物,美顔器,60779,EC,,C01524,池田,女,32,千葉県,2025-02-05,2,251291,Regular,True,
PR0003900,2023-11-23,テレビ,有機EL 55型,405259,店舗,渋谷店,C01525,中島,男,40,埼玉県,2023-07-31,1,405259,Inactive,True,
PR0003901,2025-08-21,PC・タブレット,2-in-1 PC,317856,店舗,大阪梅田店,C01526,阿部,女,39,福岡県,2024-11-18,2,475698,Regular,True,
PR0003902,2026-02-23,オーディオ,ワイヤレスイヤホン,157842,店舗,池袋店,C01526,阿部,女,39,福岡県,2024-11-18,2,475698,Regular,False,
PR0003904,2025-03-27,オーディオ,ヘッドホン,89633,EC,,C01527,伊藤,男,62,兵庫県,2022-03-10,3,463634,Loyal,True,
PR0003903,2025-08-02,スマートフォン,ハイエンド 1TB,89077,EC,,C01527,伊藤,男,62,兵庫県,2022-03-10,3,463634,Loyal,False,
PR0003905,2025-07-29,冷蔵庫,コンパクト冷蔵庫,284924,EC,,C01527,伊藤,男,62,兵庫県,2022-03-10,3,463634,Loyal,False,
PR0003906,2025-06-04,PC・タブレット,タブレット 10型,349504,店舗,新宿店,C01528,田中,男,30,愛知県,2024-02-05,2,493576,Regular,True,
PR0003907,2025-10-07,スマートフォン,コンパクトモデル,144072,店舗,福岡天神店,C01528,田中,男,30,愛知県,2024-02-05,2,493576,Regular,False,
PR0003908,2021-09-09,エアコン,エアコン 10畳用,317571,EC,,C01529,佐々木,女,75,千葉県,2021-04-11,2,448663,Regular,True,
PR0003909,2026-01-30,洗濯機,全自動 8kg,131092,EC,,C01529,佐々木,女,75,千葉県,2021-04-11,2,448663,Regular,False,
PR0003910,2026-01-25,エアコン,エアコン 6畳用,280439,店舗,天王寺店,C01530,田中,男,45,兵庫県,2024-04-14,2,325041,Regular,False,
PR0003911,2025-08-08,ゲーム・玩具,VR ゴーグル,44602,店舗,新宿店,C01530,田中,男,45,兵庫県,2024-04-14,2,325041,Regular,True,
PR0003912,2023-07-01,PC・タブレット,ノートPC 13型,321912,EC,,C01532,石川,男,29,埼玉県,2022-01-18,3,630287,Loyal,True,
PR0003914,2025-05-02,オーディオ,ホームオーディオ,60366,EC,,C01532,石川,男,29,埼玉県,2022-01-18,3,630287,Loyal,False,
PR0003913,2025-01-29,カメラ・ビデオ,アクションカメラ,248009,EC,,C01532,石川,男,29,埼玉県,2022-01-18,3,630287,Loyal,False,
PR0003916,2024-02-26,PC・タブレット,タブレット 10型,327382,店舗,横浜駅前店,C01533,山崎,男,41,広島県,2023-11-01,3,474120,Loyal,True,
PR0003917,2025-03-14,カメラ・ビデオ,交換レンズ,86003,店舗,池袋店,C01533,山崎,男,41,広島県,2023-11-01,3,474120,Loyal,False,
PR0003915,2025-09-24,テレビ,有機EL 55型,60735,店舗,大阪梅田店,C01533,山崎,男,41,広島県,2023-11-01,3,474120,Loyal,False,
PR0003918,2025-03-17,ゲーム・玩具,据置型ゲーム機,29885,店舗,秋葉原店,C01534,高橋,女,22,宮城県,2024-08-10,1,29885,Light,True,
PR0003923,2025-11-11,エアコン,業務用エアコン,230273,店舗,新宿店,C01536,佐々木,女,45,大阪府,2025-10-15,5,772011,VIP,False,
PR0003919,2025-11-25,ゲーム・玩具,据置型ゲーム機,8043,店舗,札幌駅前店,C01536,佐々木,女,45,大阪府,2025-10-15,5,772011,VIP,False,
PR0003921,2025-12-30,テレビ,4K テレビ 50型,414831,店舗,天王寺店,C01536,佐々木,女,45,大阪府,2025-10-15,5,772011,VIP,False,
PR0003920,2026-02-16,洗濯機,全自動 8kg,104411,店舗,名古屋栄店,C01536,佐々木,女,45,大阪府,2025-10-15,5,772011,VIP,False,
PR0003922,2025-11-10,美容家電・小物,電動歯ブラシ,14453,店舗,渋谷店,C01536,佐々木,女,45,大阪府,2025-10-15,5,772011,VIP,True,
PR0003924,2024-04-14,PC・タブレット,ゲーミングPC,91877,店舗,新宿店,C01537,小川,男,31,兵庫県,2022-04-15,2,434280,Regular,True,
PR0003925,2025-04-24,テレビ,4K テレビ 50型,342403,店舗,札幌駅前店,C01537,小川,男,31,兵庫県,2022-04-15,2,434280,Regular,False,
PR0003926,2024-11-08,スマートフォン,最新スマホ 256GB,80376,EC,,C01538,伊藤,男,58,宮城県,2023-03-15,1,80376,Light,True,
PR0003928,2023-04-20,PC・タブレット,ノートPC 15型,148776,店舗,新宿店,C01539,前田,男,65,千葉県,2022-04-13,2,414605,Inactive,False,
PR0003927,2022-08-26,テレビ,スマートテレビ 43型,265829,店舗,名古屋栄店,C01539,前田,男,65,千葉県,2022-04-13,2,414605,Inactive,True,
PR0003930,2025-07-23,PC・タブレット,ノートPC 13型,113610,店舗,名古屋栄店,C01540,山本,女,24,宮城県,2025-01-28,2,285925,Regular,False,
PR0003929,2025-03-28,スマートフォン,Pro モデル 512GB,172315,店舗,渋谷店,C01540,山本,女,24,宮城県,2025-01-28,2,285925,Regular,True,
PR0003931,2022-11-30,テレビ,4K テレビ 50型,432183,EC,,C01541,木村,男,50,神奈川県,2022-07-16,3,508235,Loyal,False,
PR0003932,2022-07-21,美容家電・小物,電気シェーバー,45930,EC,,C01541,木村,男,50,神奈川県,2022-07-16,3,508235,Loyal,True,
PR0003933,2026-01-13,美容家電・小物,電動歯ブラシ,30122,店舗,池袋店,C01541,木村,男,50,神奈川県,2022-07-16,3,508235,Loyal,False,1272
PR0003935,2025-09-22,スマートフォン,ハイエンド 1TB,142838,店舗,札幌駅前店,C01542,山下,女,43,北海道,2024-04-03,2,174432,Regular,False,
PR0003934,2024-10-16,美容家電・小物,電気シェーバー,31594,EC,,C01542,山下,女,43,北海道,2024-04-03,2,174432,Regular,True,
PR0003936,2026-01-19,カメラ・ビデオ,ビデオカメラ,146802,店舗,渋谷店,C01543,山崎,男,39,東京都,2025-02-05,3,718442,Loyal,False,
PR0003938,2025-10-11,テレビ,4K テレビ 50型,304072,店舗,天王寺店,C01543,山崎,男,39,東京都,2025-02-05,3,718442,Loyal,False,
PR0003937,2025-08-05,洗濯機,ドラム式洗濯機,267568,店舗,福岡天神店,C01543,山崎,男,39,東京都,2025-02-05,3,718442,Loyal,True,
PR0003939,2026-03-04,美容家電・小物,ドライヤー,24475,店舗,池袋店,C01544,鈴木,女,45,千葉県,2023-03-19,1,24475,Light,True,
PR0003940,2025-09-17,エアコン,エアコン 10畳用,325155,店舗,横浜駅前店,C01545,岡田,女,22,愛知県,2025-07-08,1,325155,Light,True,
PR0003942,2024-11-05,オーディオ,サウンドバー,93739,EC,,C01546,石川,男,48,愛知県,2023-10-04,6,1004741,VIP,False,
PR0003946,2025-10-05,ゲーム・玩具,ゲームソフト,5702,店舗,新宿店,C01546,石川,男,48,愛知県,2023-10-04,6,1004741,VIP,False,
PR0003944,2024-01-11,スマートフォン,コンパクトモデル,118780,EC,,C01546,石川,男,48,愛知県,2023-10-04,6,1004741,VIP,True,
PR0003945,2026-03-05,スマートフォン,ハイエンド 1TB,191696,店舗,大阪梅田店,C01546,石川,男,48,愛知県,2023-10-04,6,1004741,VIP,False,784
PR0003943,2025-04-04,テレビ,4K テレビ 50型,380175,EC,,C01546,石川,男,48,愛知県,2023-10-04,6,1004741,VIP,False,
PR0003941,2025-05-15,冷蔵庫,冷蔵庫 600L 大型,214649,EC,,C01546,石川,男,48,愛知県,2023-10-04,6,1004741,VIP,False,
PR0003947,2025-05-18,オーディオ,Bluetoothスピーカー,194879,EC,,C01547,後藤,女,51,神奈川県,2024-05-14,1,194879,Light,True,
PR0003949,2023-10-06,エアコン,エアコン 6畳用,371419,店舗,大阪梅田店,C01548,阿部,男,30,神奈川県,2022-09-09,2,451592,Regular,True,
PR0003948,2025-06-02,洗濯機,ドラム式洗濯機,80173,店舗,横浜駅前店,C01548,阿部,男,30,神奈川県,2022-09-09,2,451592,Regular,False,
PR0003950,2022-12-19,ゲーム・玩具,コントローラ,24186,店舗,天王寺店,C01549,森,女,43,千葉県,2022-04-20,3,516634,Loyal,False,
PR0003952,2022-07-27,冷蔵庫,フレンチドア 700L,465550,店舗,福岡天神店,C01549,森,女,43,千葉県,2022-04-20,3,516634,Loyal,True,
PR0003951,2024-10-02,美容家電・小物,ヘアアイロン,26898,EC,,C01549,森,女,43,千葉県,2022-04-20,3,516634,Loyal,False,
PR0003953,2025-09-03,PC・タブレット,2-in-1 PC,298588,店舗,福岡天神店,C01551,石井,男,56,宮城県,2023-09-04,6,1135359,VIP,False,
PR0003955,2025-02-08,カメラ・ビデオ,ビデオカメラ,71852,店舗,名古屋栄店,C01551,石井,男,56,宮城県,2023-09-04,6,1135359,VIP,False,
PR0003954,2024-03-19,スマートフォン,最新スマホ 256GB,178590,店舗,池袋店,C01551,石井,男,56,宮城県,2023-09-04,6,1135359,VIP,False,
PR0003957,2023-12-09,テレビ,有機EL 55型,308393,店舗,福岡天神店,C01551,石井,男,56,宮城県,2023-09-04,6,1135359,VIP,False,
PR0003956,2023-10-21,洗濯機,縦型洗濯機,240725,EC,,C01551,石井,男,56,宮城県,2023-09-04,6,1135359,VIP,True,
PR0003958,2025-07-07,美容家電・小物,美顔器,37211,店舗,札幌駅前店,C01551,石井,男,56,宮城県,2023-09-04,6,1135359,VIP,False,
PR0003960,2026-02-14,PC・タブレット,ゲーミングPC,129992,店舗,渋谷店,C01552,佐藤,女,42,神奈川県,2024-08-12,3,312501,Loyal,False,
PR0003961,2025-05-13,ゲーム・玩具,VR ゴーグル,7940,EC,,C01552,佐藤,女,42,神奈川県,2024-08-12,3,312501,Loyal,False,
PR0003959,2025-03-16,テレビ,4K テレビ 50型,174569,EC,,C01552,佐藤,女,42,神奈川県,2024-08-12,3,312501,Loyal,True,
PR0003962,2026-02-27,ゲーム・玩具,ゲームソフト,14979,EC,,C01553,小林,男,67,東京都,2025-12-25,2,30295,Regular,False,
PR0003963,2026-01-31,美容家電・小物,ドライヤー,15316,店舗,渋谷店,C01553,小林,男,67,東京都,2025-12-25,2,30295,Regular,True,
PR0003964,2025-11-25,PC・タブレット,タブレット 10型,131216,店舗,渋谷店,C01554,加藤,女,60,東京都,2025-05-22,3,585822,Loyal,False,
PR0003965,2026-03-25,テレビ,有機EL 55型,310110,店舗,渋谷店,C01554,加藤,女,60,東京都,2025-05-22,3,585822,Loyal,False,
PR0003966,2025-09-11,洗濯機,乾燥機能付き 10kg,144496,店舗,大阪梅田店,C01554,加藤,女,60,東京都,2025-05-22,3,585822,Loyal,True,
PR0003967,2024-12-10,テレビ,4K テレビ 50型,170357,店舗,池袋店,C01555,斎藤,女,40,千葉県,2024-05-12,2,570634,Regular,False,
PR0003968,2024-08-30,冷蔵庫,フレンチドア 700L,400277,EC,,C01555,斎藤,女,40,千葉県,2024-05-12,2,570634,Regular,True,
PR0003971,2025-11-03,ゲーム・玩具,コントローラ,56725,EC,,C01556,坂本,男,30,北海道,2024-03-12,3,648503,Loyal,False,
PR0003969,2024-07-20,テレビ,有機EL 55型,284586,EC,,C01556,坂本,男,30,北海道,2024-03-12,3,648503,Loyal,True,
PR0003970,2025-07-26,冷蔵庫,フレンチドア 700L,307192,店舗,大阪梅田店,C01556,坂本,男,30,北海道,2024-03-12,3,648503,Loyal,False,
PR0003975,2025-10-05,カメラ・ビデオ,アクションカメラ,152541,店舗,池袋店,C01557,中村,女,25,広島県,2022-05-11,4,453179,Loyal,False,
PR0003972,2022-06-29,スマートフォン,スタンダード 128GB,39905,店舗,池袋店,C01557,中村,女,25,広島県,2022-05-11,4,453179,Loyal,True,
PR0003973,2025-01-25,スマートフォン,ミドルレンジ機種,187542,EC,,C01557,中村,女,25,広島県,2022-05-11,4,453179,Loyal,False,941
PR0003974,2024-03-19,美容家電・小物,美顔器,73191,店舗,天王寺店,C01557,中村,女,25,広島県,2022-05-11,4,453179,Loyal,False,
PR0003976,2025-06-29,PC・タブレット,ワークステーション,136848,店舗,新宿店,C01558,坂本,女,27,東京都,2023-11-25,1,136848,Light,True,
PR0003977,2026-02-07,ゲーム・玩具,コントローラ,29900,EC,,C01559,後藤,女,22,京都府,2026-01-05,5,866201,VIP,False,
PR0003979,2026-02-15,スマートフォン,スタンダード 128GB,175232,EC,,C01559,後藤,女,22,京都府,2026-01-05,5,866201,VIP,False,
PR0003980,2026-01-28,テレビ,4K テレビ 50型,440118,店舗,秋葉原店,C01559,後藤,女,22,京都府,2026-01-05,5,866201,VIP,False,
PR0003981,2026-01-11,冷蔵庫,フレンチドア 700L,174920,EC,,C01559,後藤,女,22,京都府,2026-01-05,5,866201,VIP,True,
PR0003978,2026-02-22,美容家電・小物,マッサージガン,46031,店舗,札幌駅前店,C01559,後藤,女,22,京都府,2026-01-05,5,866201,VIP,False,
PR0003982,2022-05-31,テレビ,有機EL 75型,451165,店舗,新宿店,C01560,池田,男,73,北海道,2021-12-10,1,451165,Inactive,True,
PR0003983,2021-12-24,冷蔵庫,コンパクト冷蔵庫,491254,店舗,横浜駅前店,C01561,伊藤,女,61,埼玉県,2021-12-13,1,491254,Inactive,True,
PR0003985,2025-06-13,エアコン,エアコン 6畳用,268708,EC,,C01562,藤田,女,72,北海道,2025-05-02,3,405912,Loyal,True,
PR0003984,2025-09-14,スマートフォン,最新スマホ 256GB,108422,店舗,秋葉原店,C01562,藤田,女,72,北海道,2025-05-02,3,405912,Loyal,False,
PR0003986,2025-08-10,美容家電・小物,マッサージガン,28782,店舗,名古屋栄店,C01562,藤田,女,72,北海道,2025-05-02,3,405912,Loyal,False,
PR0003987,2024-07-07,カメラ・ビデオ,アクションカメラ,267204,EC,,C01563,吉田,男,42,大阪府,2023-07-14,1,267204,Light,True,
PR0003989,2025-12-22,PC・タブレット,タブレット 10型,288795,店舗,秋葉原店,C01564,佐藤,男,22,広島県,2021-09-25,2,388589,Regular,False,
PR0003988,2022-07-13,カメラ・ビデオ,ビデオカメラ,99794,店舗,札幌駅前店,C01564,佐藤,男,22,広島県,2021-09-25,2,388589,Regular,True,
PR0003993,2025-04-01,PC・タブレット,2-in-1 PC,169809,EC,,C01565,橋本,男,35,愛知県,2024-09-23,4,1096964,Loyal,False,
PR0003991,2025-11-12,エアコン,エアコン 14畳用,215291,EC,,C01565,橋本,男,35,愛知県,2024-09-23,4,1096964,Loyal,False,
PR0003992,2025-01-06,テレビ,スマートテレビ 43型,424752,店舗,札幌駅前店,C01565,橋本,男,35,愛知県,2024-09-23,4,1096964,Loyal,True,
PR0003990,2025-09-26,洗濯機,コンパクト洗濯機,287112,店舗,秋葉原店,C01565,橋本,男,35,愛知県,2024-09-23,4,1096964,Loyal,False,
PR0003994,2024-03-24,スマートフォン,スタンダード 128GB,137790,店舗,横浜駅前店,C01566,後藤,女,36,埼玉県,2022-01-12,2,439311,Regular,True,
PR0003995,2025-01-25,テレビ,プロジェクター,301521,店舗,渋谷店,C01566,後藤,女,36,埼玉県,2022-01-12,2,439311,Regular,False,
PR0003996,2023-02-12,エアコン,エアコン 10畳用,213161,EC,,C01567,佐々木,女,50,埼玉県,2022-02-15,1,213161,Inactive,True,
PR0003998,2025-03-19,PC・タブレット,ノートPC 15型,120917,店舗,天王寺店,C01568,森,女,43,北海道,2024-03-19,3,278639,Loyal,False,
PR0003999,2025-12-05,テレビ,有機EL 55型,151136,店舗,渋谷店,C01568,森,女,43,北海道,2024-03-19,3,278639,Loyal,False,
PR0003997,2024-12-03,美容家電・小物,マッサージガン,6586,店舗,渋谷店,C01568,森,女,43,北海道,2024-03-19,3,278639,Loyal,True,
PR0004001,2022-05-07,スマートフォン,ハイエンド 1TB,113352,店舗,秋葉原店,C01569,坂本,女,60,宮城県,2022-02-21,3,485307,Loyal,True,
PR0004002,2025-04-19,スマートフォン,ハイエンド 1TB,110446,EC,,C01569,坂本,女,60,宮城県,2022-02-21,3,485307,Loyal,False,1078
PR0004000,2023-01-05,テレビ,有機EL 55型,261509,店舗,札幌駅前店,C01569,坂本,女,60,宮城県,2022-02-21,3,485307,Loyal,False,
PR0004003,2025-10-17,オーディオ,ワイヤレスイヤホン,99409,店舗,札幌駅前店,C01570,森,男,29,京都府,2025-06-28,2,306010,Regular,False,
PR0004004,2025-07-02,カメラ・ビデオ,ビデオカメラ,206601,店舗,札幌駅前店,C01570,森,男,29,京都府,2025-06-28,2,306010,Regular,True,
PR0004007,2025-01-06,オーディオ,ワイヤレスイヤホン,136701,店舗,福岡天神店,C01571,林,女,22,大阪府,2024-11-06,3,256543,Loyal,True,
PR0004005,2025-03-16,ゲーム・玩具,コントローラ,52722,店舗,天王寺店,C01571,林,女,22,大阪府,2024-11-06,3,256543,Loyal,False,
PR0004006,2025-01-29,美容家電・小物,ドライヤー,67120,店舗,名古屋栄店,C01571,林,女,22,大阪府,2024-11-06,3,256543,Loyal,False,
PR0004009,2025-03-19,エアコン,エアコン 18畳用,248889,店舗,秋葉原店,C01572,小川,男,33,大阪府,2021-12-13,2,256548,Regular,False,
PR0004008,2021-12-19,ゲーム・玩具,据置型ゲーム機,7659,店舗,池袋店,C01572,小川,男,33,大阪府,2021-12-13,2,256548,Regular,True,
PR0004010,2026-03-01,PC・タブレット,タブレット 10型,86977,EC,,C01573,藤田,男,30,愛知県,2025-11-15,1,86977,Light,True,
PR0004011,2026-02-06,PC・タブレット,ノートPC 15型,299530,店舗,池袋店,C01574,吉田,女,50,兵庫県,2025-09-30,3,625402,Loyal,False,
PR0004013,2026-02-22,カメラ・ビデオ,ドローン,284055,EC,,C01574,吉田,女,50,兵庫県,2025-09-30,3,625402,Loyal,False,
PR0004012,2026-01-21,美容家電・小物,ドライヤー,41817,店舗,名古屋栄店,C01574,吉田,女,50,兵庫県,2025-09-30,3,625402,Loyal,True,
PR0004014,2025-04-06,PC・タブレット,タブレット 10型,201465,EC,,C01575,渡辺,男,61,京都府,2025-02-17,5,1146107,VIP,True,
PR0004016,2025-06-17,カメラ・ビデオ,コンパクトデジカメ,123376,EC,,C01575,渡辺,男,61,京都府,2025-02-17,5,1146107,VIP,False,
PR0004018,2026-03-04,スマートフォン,ミドルレンジ機種,147650,EC,,C01575,渡辺,男,61,京都府,2025-02-17,5,1146107,VIP,False,
PR0004015,2025-10-08,テレビ,プロジェクター,326989,EC,,C01575,渡辺,男,61,京都府,2025-02-17,5,1146107,VIP,False,
PR0004017,2026-01-08,冷蔵庫,コンパクト冷蔵庫,346627,EC,,C01575,渡辺,男,61,京都府,2025-02-17,5,1146107,VIP,False,
PR0004024,2025-10-17,PC・タブレット,ゲーミングPC,181900,EC,,C01576,中村,女,31,埼玉県,2025-04-23,7,1103525,VIP,False,
PR0004019,2025-12-19,ゲーム・玩具,ゲームソフト,59727,EC,,C01576,中村,女,31,埼玉県,2025-04-23,7,1103525,VIP,False,
PR0004021,2025-08-02,スマートフォン,ハイエンド 1TB,141848,EC,,C01576,中村,女,31,埼玉県,2025-04-23,7,1103525,VIP,False,
PR0004025,2025-06-30,テレビ,有機EL 55型,55241,EC,,C01576,中村,女,31,埼玉県,2025-04-23,7,1103525,VIP,True,
PR0004023,2026-03-02,冷蔵庫,フレンチドア 700L,446832,EC,,C01576,中村,女,31,埼玉県,2025-04-23,7,1103525,VIP,False,
PR0004020,2025-10-24,洗濯機,乾燥機能付き 10kg,174688,EC,,C01576,中村,女,31,埼玉県,2025-04-23,7,1103525,VIP,False,
PR0004022,2025-08-19,美容家電・小物,電気シェーバー,43289,EC,,C01576,中村,女,31,埼玉県,2025-04-23,7,1103525,VIP,False,
PR0004028,2026-03-11,ゲーム・玩具,VR ゴーグル,25765,EC,,C01577,鈴木,女,42,兵庫県,2025-04-29,3,186120,Regular,False,
PR0004026,2026-03-17,スマートフォン,Pro モデル 512GB,37133,EC,,C01577,鈴木,女,42,兵庫県,2025-04-29,3,186120,Regular,False,
PR0004027,2025-09-29,洗濯機,縦型洗濯機,123222,EC,,C01577,鈴木,女,42,兵庫県,2025-04-29,3,186120,Regular,True,
PR0004032,2024-12-17,PC・タブレット,ワークステーション,134611,店舗,池袋店,C01578,清水,男,34,宮城県,2024-07-18,4,312082,Loyal,True,
PR0004031,2026-02-13,エアコン,エアコン 18畳用,96781,店舗,新宿店,C01578,清水,男,34,宮城県,2024-07-18,4,312082,Loyal,False,
PR0004029,2026-02-17,ゲーム・玩具,コントローラ,26375,店舗,大阪梅田店,C01578,清水,男,34,宮城県,2024-07-18,4,312082,Loyal,False,
PR0004030,2025-05-04,スマートフォン,ハイエンド 1TB,54315,店舗,札幌駅前店,C01578,清水,男,34,宮城県,2024-07-18,4,312082,Loyal,False,
PR0004033,2024-02-13,PC・タブレット,タブレット 10型,88623,店舗,池袋店,C01579,阿部,男,30,大阪府,2023-06-06,1,88623,Inactive,True,
PR0004034,2024-02-14,洗濯機,コンパクト洗濯機,242853,店舗,横浜駅前店,C01580,山崎,男,45,北海道,2022-05-31,1,242853,Inactive,True,
PR0004035,2024-04-24,冷蔵庫,コンパクト冷蔵庫,399637,EC,,C01581,田中,男,42,京都府,2023-04-20,1,399637,Inactive,True,
PR0004037,2023-05-29,PC・タブレット,ノートPC 13型,202326,店舗,大阪梅田店,C01582,加藤,男,63,北海道,2021-12-01,2,409060,Inactive,False,
PR0004036,2022-04-04,カメラ・ビデオ,交換レンズ,206734,店舗,池袋店,C01582,加藤,男,63,北海道,2021-12-01,2,409060,Inactive,True,
PR0004038,2025-02-26,ゲーム・玩具,ボードゲーム,18453,店舗,札幌駅前店,C01583,山田,男,37,広島県,2022-04-05,2,180013,Regular,False,
PR0004039,2023-04-07,テレビ,プロジェクター,161560,店舗,秋葉原店,C01583,山田,男,37,広島県,2022-04-05,2,180013,Regular,True,
PR0004041,2025-06-28,PC・タブレット,2-in-1 PC,269933,店舗,福岡天神店,C01584,渡辺,女,31,千葉県,2024-12-14,2,324262,Regular,True,
PR0004040,2026-01-24,美容家電・小物,ドライヤー,54329,店舗,渋谷店,C01584,渡辺,女,31,千葉県,2024-12-14,2,324262,Regular,False,
PR0004046,2023-07-13,エアコン,エアコン 18畳用,249205,店舗,大阪梅田店,C01585,阿部,女,58,兵庫県,2021-12-25,5,590131,VIP,False,
PR0004044,2024-08-06,ゲーム・玩具,ゲームソフト,40529,店舗,大阪梅田店,C01585,阿部,女,58,兵庫県,2021-12-25,5,590131,VIP,False,
PR0004042,2022-11-03,スマートフォン,ハイエンド 1TB,98052,店舗,池袋店,C01585,阿部,女,58,兵庫県,2021-12-25,5,590131,VIP,True,
PR0004043,2025-03-05,スマートフォン,Pro モデル 512GB,131985,店舗,福岡天神店,C01585,阿部,女,58,兵庫県,2021-12-25,5,590131,VIP,False,853
PR0004045,2025-04-13,美容家電・小物,マッサージガン,70360,店舗,秋葉原店,C01585,阿部,女,58,兵庫県,2021-12-25,5,590131,VIP,False,
PR0004047,2025-04-17,スマートフォン,コンパクトモデル,127201,EC,,C01586,林,女,31,福岡県,2022-07-27,2,256572,Regular,False,
PR0004048,2023-07-05,テレビ,4K テレビ 65型,129371,EC,,C01586,林,女,31,福岡県,2022-07-27,2,256572,Regular,True,
PR0004049,2022-08-03,洗濯機,コンパクト洗濯機,122357,EC,,C01587,吉田,女,38,神奈川県,2021-10-06,1,122357,Inactive,True,
PR0004050,2024-11-24,PC・タブレット,2-in-1 PC,104613,店舗,大阪梅田店,C01588,池田,女,75,愛知県,2024-05-15,2,274451,Regular,True,
PR0004051,2025-03-14,冷蔵庫,フレンチドア 700L,169838,EC,,C01588,池田,女,75,愛知県,2024-05-15,2,274451,Regular,False,
PR0004052,2025-07-11,PC・タブレット,ゲーミングPC,210356,店舗,渋谷店,C01589,小林,男,52,千葉県,2024-02-27,1,210356,Light,True,
PR0004055,2022-02-27,PC・タブレット,ワークステーション,107301,EC,,C01590,田中,男,47,北海道,2021-04-20,8,987871,VIP,False,
PR0004056,2025-12-04,PC・タブレット,タブレット 10型,186690,EC,,C01590,田中,男,47,北海道,2021-04-20,8,987871,VIP,False,1376
PR0004057,2022-10-18,オーディオ,ホームオーディオ,156431,EC,,C01590,田中,男,47,北海道,2021-04-20,8,987871,VIP,False,
PR0004058,2021-04-25,スマートフォン,ミドルレンジ機種,179754,EC,,C01590,田中,男,47,北海道,2021-04-20,8,987871,VIP,True,
PR0004059,2023-09-26,スマートフォン,最新スマホ 256GB,165677,EC,,C01590,田中,男,47,北海道,2021-04-20,8,987871,VIP,False,884
PR0004060,2026-02-01,スマートフォン,ミドルレンジ機種,95016,EC,,C01590,田中,男,47,北海道,2021-04-20,8,987871,VIP,False,859
PR0004053,2021-06-20,美容家電・小物,ヘアアイロン,35207,EC,,C01590,田中,男,47,北海道,2021-04-20,8,987871,VIP,False,
PR0004054,2023-12-31,美容家電・小物,ヘアアイロン,61795,EC,,C01590,田中,男,47,北海道,2021-04-20,8,987871,VIP,False,924
PR0004062,2025-05-14,スマートフォン,コンパクトモデル,139624,EC,,C01591,遠藤,女,22,大阪府,2025-03-14,3,216357,Loyal,True,
PR0004063,2026-02-10,テレビ,4K テレビ 65型,70140,EC,,C01591,遠藤,女,22,大阪府,2025-03-14,3,216357,Loyal,False,
PR0004061,2025-07-01,美容家電・小物,マッサージガン,6593,EC,,C01591,遠藤,女,22,大阪府,2025-03-14,3,216357,Loyal,False,
PR0004065,2025-07-02,スマートフォン,スタンダード 128GB,32877,店舗,天王寺店,C01592,前田,男,64,広島県,2023-05-21,2,222826,Regular,True,
PR0004064,2026-01-18,冷蔵庫,冷蔵庫 600L 大型,189949,EC,,C01592,前田,男,64,広島県,2023-05-21,2,222826,Regular,False,
PR0004066,2024-02-07,冷蔵庫,冷蔵庫 600L 大型,436489,店舗,大阪梅田店,C01593,阿部,男,42,京都府,2021-07-12,1,436489,Inactive,True,
PR0004068,2025-10-21,PC・タブレット,ワークステーション,127560,EC,,C01594,池田,女,37,埼玉県,2022-06-16,2,344605,Regular,False,
PR0004067,2022-12-09,洗濯機,乾燥機能付き 10kg,217045,EC,,C01594,池田,女,37,埼玉県,2022-06-16,2,344605,Regular,True,
PR0004070,2025-02-07,冷蔵庫,フレンチドア 700L,354118,店舗,新宿店,C01595,中村,女,48,東京都,2022-10-23,2,374204,Regular,True,
PR0004069,2026-01-18,美容家電・小物,電動歯ブラシ,20086,店舗,秋葉原店,C01595,中村,女,48,東京都,2022-10-23,2,374204,Regular,False,
PR0004072,2024-10-04,PC・タブレット,ノートPC 15型,146788,店舗,天王寺店,C01596,山本,男,44,埼玉県,2023-11-11,5,784731,VIP,True,
PR0004074,2025-01-01,エアコン,業務用エアコン,128930,EC,,C01596,山本,男,44,埼玉県,2023-11-11,5,784731,VIP,False,
PR0004075,2026-01-15,ゲーム・玩具,据置型ゲーム機,30843,店舗,新宿店,C01596,山本,男,44,埼玉県,2023-11-11,5,784731,VIP,False,
PR0004071,2026-02-01,テレビ,有機EL 55型,359482,EC,,C01596,山本,男,44,埼玉県,2023-11-11,5,784731,VIP,False,
PR0004073,2026-03-15,洗濯機,コンパクト洗濯機,118688,EC,,C01596,山本,男,44,埼玉県,2023-11-11,5,784731,VIP,False,
PR0004077,2023-04-11,オーディオ,サウンドバー,90825,店舗,名古屋栄店,C01597,清水,男,38,広島県,2021-09-04,2,288407,Inactive,False,
PR0004076,2022-04-02,冷蔵庫,フレンチドア 700L,197582,店舗,横浜駅前店,C01597,清水,男,38,広島県,2021-09-04,2,288407,Inactive,True,
PR0004079,2025-09-20,PC・タブレット,ノートPC 15型,218626,店舗,札幌駅前店,C01598,池田,男,54,宮城県,2025-02-22,2,650242,Regular,False,
PR0004078,2025-03-16,冷蔵庫,冷蔵庫 500L,431616,店舗,渋谷店,C01598,池田,男,54,宮城県,2025-02-22,2,650242,Regular,True,
PR0004081,2025-12-12,オーディオ,ヘッドホン,166763,店舗,渋谷店,C01599,近藤,女,51,東京都,2021-12-16,4,386467,Loyal,False,
PR0004082,2023-03-25,スマートフォン,Pro モデル 512GB,52088,店舗,横浜駅前店,C01599,近藤,女,51,東京都,2021-12-16,4,386467,Loyal,True,
PR0004083,2025-08-26,スマートフォン,ミドルレンジ機種,63456,店舗,新宿店,C01599,近藤,女,51,東京都,2021-12-16,4,386467,Loyal,False,885
PR0004080,2025-01-17,冷蔵庫,フレンチドア 700L,104160,店舗,渋谷店,C01599,近藤,女,51,東京都,2021-12-16,4,386467,Loyal,False,
PR0004086,2024-12-01,PC・タブレット,ノートPC 15型,120366,店舗,名古屋栄店,C01600,前田,男,64,京都府,2021-10-09,3,192736,Regular,False,
PR0004084,2023-01-16,ゲーム・玩具,据置型ゲーム機,43174,店舗,秋葉原店,C01600,前田,男,64,京都府,2021-10-09,3,192736,Regular,True,
PR0004085,2024-12-02,美容家電・小物,美顔器,29196,店舗,秋葉原店,C01600,前田,男,64,京都府,2021-10-09,3,192736,Regular,False,
PR0004087,2025-01-01,カメラ・ビデオ,交換レンズ,54120,EC,,C01601,山田,男,55,広島県,2021-12-27,2,163597,Regular,False,
PR0004088,2023-04-20,冷蔵庫,コンパクト冷蔵庫,109477,EC,,C01601,山田,男,55,広島県,2021-12-27,2,163597,Regular,True,
PR0004091,2026-03-25,ゲーム・玩具,携帯ゲーム機,29387,EC,,C01602,岡田,男,41,京都府,2025-10-08,3,673114,Loyal,False,
PR0004089,2026-03-27,テレビ,有機EL 55型,299694,店舗,天王寺店,C01602,岡田,男,41,京都府,2025-10-08,3,673114,Loyal,False,
PR0004090,2025-10-15,洗濯機,乾燥機能付き 10kg,344033,店舗,秋葉原店,C01602,岡田,男,41,京都府,2025-10-08,3,673114,Loyal,True,
PR0004093,2024-03-26,洗濯機,コンパクト洗濯機,318911,EC,,C01603,井上,男,49,千葉県,2024-02-02,2,373641,Regular,True,
PR0004092,2024-11-24,美容家電・小物,電気シェーバー,54730,店舗,福岡天神店,C01603,井上,男,49,千葉県,2024-02-02,2,373641,Regular,False,
PR0004096,2026-02-17,ゲーム・玩具,VR ゴーグル,48064,店舗,札幌駅前店,C01604,中村,男,50,京都府,2025-09-03,3,573614,Loyal,False,
PR0004095,2026-02-25,スマートフォン,最新スマホ 256GB,192302,店舗,横浜駅前店,C01604,中村,男,50,京都府,2025-09-03,3,573614,Loyal,False,
PR0004094,2025-12-03,洗濯機,縦型洗濯機,333248,EC,,C01604,中村,男,50,京都府,2025-09-03,3,573614,Loyal,True,
PR0004097,2024-04-26,洗濯機,乾燥機能付き 10kg,271824,EC,,C01605,田中,女,49,宮城県,2022-11-19,1,271824,Inactive,True,
PR0004099,2022-09-22,スマートフォン,スタンダード 128GB,142341,EC,,C01606,藤田,男,71,福岡県,2021-10-21,3,532771,Loyal,True,
PR0004100,2025-01-15,スマートフォン,ミドルレンジ機種,133007,EC,,C01606,藤田,男,71,福岡県,2021-10-21,3,532771,Loyal,False,846
PR0004098,2025-03-20,冷蔵庫,フレンチドア 700L,257423,店舗,札幌駅前店,C01606,藤田,男,71,福岡県,2021-10-21,3,532771,Loyal,False,
PR0004103,2025-07-24,PC・タブレット,タブレット 10型,204865,店舗,横浜駅前店,C01607,山口,女,52,広島県,2022-02-06,3,471753,Loyal,False,
PR0004102,2024-12-22,スマートフォン,スタンダード 128GB,177781,EC,,C01607,山口,女,52,広島県,2022-02-06,3,471753,Loyal,False,
PR0004101,2024-07-14,洗濯機,縦型洗濯機,89107,EC,,C01607,山口,女,52,広島県,2022-02-06,3,471753,Loyal,True,
PR0004104,2023-07-06,ゲーム・玩具,ボードゲーム,54766,EC,,C01608,藤田,男,37,京都府,2021-12-14,2,344933,Regular,True,
PR0004105,2025-03-18,テレビ,有機EL 75型,290167,EC,,C01608,藤田,男,37,京都府,2021-12-14,2,344933,Regular,False,
PR0004108,2023-12-28,オーディオ,Bluetoothスピーカー,136034,店舗,福岡天神店,C01609,前田,男,22,福岡県,2023-11-21,3,703155,Loyal,True,
PR0004107,2024-04-22,スマートフォン,スタンダード 128GB,75448,店舗,名古屋栄店,C01609,前田,男,22,福岡県,2023-11-21,3,703155,Loyal,False,
PR0004106,2026-03-25,テレビ,4K テレビ 65型,491673,EC,,C01609,前田,男,22,福岡県,2023-11-21,3,703155,Loyal,False,
PR0004109,2026-02-14,オーディオ,ワイヤレスイヤホン,150777,EC,,C01610,佐々木,男,64,福岡県,2025-02-23,1,150777,Light,True,
PR0004111,2026-02-22,スマートフォン,最新スマホ 256GB,30102,EC,,C01611,山本,女,68,北海道,2025-04-03,2,200826,Regular,False,
PR0004110,2025-05-14,テレビ,4K テレビ 50型,170724,EC,,C01611,山本,女,68,北海道,2025-04-03,2,200826,Regular,True,
PR0004113,2026-01-09,PC・タブレット,ノートPC 15型,131686,店舗,札幌駅前店,C01612,井上,男,28,北海道,2025-07-11,2,269183,Regular,False,
PR0004112,2025-11-05,スマートフォン,スタンダード 128GB,137497,EC,,C01612,井上,男,28,北海道,2025-07-11,2,269183,Regular,True,
PR0004118,2025-07-22,オーディオ,ヘッドホン,79597,店舗,池袋店,C01613,村上,女,36,京都府,2023-10-24,5,561632,VIP,False,
PR0004115,2024-10-21,カメラ・ビデオ,アクションカメラ,240704,店舗,新宿店,C01613,村上,女,36,京都府,2023-10-24,5,561632,VIP,False,
PR0004116,2026-01-19,スマートフォン,スタンダード 128GB,64533,EC,,C01613,村上,女,36,京都府,2023-10-24,5,561632,VIP,False,
PR0004117,2024-04-06,テレビ,プロジェクター,147644,店舗,福岡天神店,C01613,村上,女,36,京都府,2023-10-24,5,561632,VIP,True,
PR0004114,2026-02-21,美容家電・小物,電気シェーバー,29154,EC,,C01613,村上,女,36,京都府,2023-10-24,5,561632,VIP,False,
PR0004122,2022-03-16,PC・タブレット,ゲーミングPC,285723,EC,,C01614,林,女,49,京都府,2021-08-16,6,1284180,VIP,False,
PR0004123,2026-01-17,PC・タブレット,ノートPC 13型,203145,店舗,大阪梅田店,C01614,林,女,49,京都府,2021-08-16,6,1284180,VIP,False,1403
PR0004124,2021-10-23,カメラ・ビデオ,コンパクトデジカメ,149309,店舗,札幌駅前店,C01614,林,女,49,京都府,2021-08-16,6,1284180,VIP,True,
PR0004119,2023-07-05,スマートフォン,ハイエンド 1TB,147896,店舗,新宿店,C01614,林,女,49,京都府,2021-08-16,6,1284180,VIP,False,
PR0004120,2025-12-11,スマートフォン,ハイエンド 1TB,89255,EC,,C01614,林,女,49,京都府,2021-08-16,6,1284180,VIP,False,890
PR0004121,2025-04-01,テレビ,4K テレビ 50型,408852,EC,,C01614,林,女,49,京都府,2021-08-16,6,1284180,VIP,False,
PR0004125,2023-12-16,PC・タブレット,ノートPC 13型,262942,店舗,福岡天神店,C01615,加藤,男,39,北海道,2023-12-16,1,262942,Inactive,True,
PR0004126,2026-02-04,エアコン,業務用エアコン,291724,店舗,名古屋栄店,C01616,林,男,35,兵庫県,2023-08-13,3,517304,Loyal,False,
PR0004127,2024-09-28,洗濯機,全自動 8kg,164300,店舗,大阪梅田店,C01616,林,男,35,兵庫県,2023-08-13,3,517304,Loyal,False,
PR0004128,2024-03-26,美容家電・小物,電動歯ブラシ,61280,店舗,大阪梅田店,C01616,林,男,35,兵庫県,2023-08-13,3,517304,Loyal,True,
PR0004130,2022-12-21,テレビ,プロジェクター,437536,店舗,天王寺店,C01617,池田,女,51,兵庫県,2022-12-16,2,495048,Regular,True,
PR0004129,2025-06-09,美容家電・小物,電気シェーバー,57512,店舗,大阪梅田店,C01617,池田,女,51,兵庫県,2022-12-16,2,495048,Regular,False,
PR0004132,2022-01-10,PC・タブレット,タブレット 10型,214477,店舗,福岡天神店,C01618,伊藤,男,35,福岡県,2021-07-08,5,1220928,VIP,True,
PR0004133,2025-05-21,PC・タブレット,ワークステーション,76685,店舗,天王寺店,C01618,伊藤,男,35,福岡県,2021-07-08,5,1220928,VIP,False,1227
PR0004135,2024-03-24,スマートフォン,最新スマホ 256GB,118162,EC,,C01618,伊藤,男,35,福岡県,2021-07-08,5,1220928,VIP,False,
PR0004131,2025-12-27,テレビ,有機EL 75型,406683,店舗,札幌駅前店,C01618,伊藤,男,35,福岡県,2021-07-08,5,1220928,VIP,False,
PR0004134,2022-05-04,冷蔵庫,フレンチドア 700L,404921,店舗,福岡天神店,C01618,伊藤,男,35,福岡県,2021-07-08,5,1220928,VIP,False,
PR0004137,2025-11-10,テレビ,プロジェクター,84857,EC,,C01619,藤田,男,52,神奈川県,2023-12-19,2,387253,Regular,False,
PR0004136,2025-10-07,洗濯機,ドラム式洗濯機,302396,EC,,C01619,藤田,男,52,神奈川県,2023-12-19,2,387253,Regular,True,
PR0004138,2025-08-25,スマートフォン,ミドルレンジ機種,121080,店舗,名古屋栄店,C01620,長谷川,女,37,愛知県,2024-08-17,1,121080,Light,True,
PR0004139,2024-02-11,スマートフォン,最新スマホ 256GB,162572,EC,,C01621,山田,男,36,福岡県,2024-02-11,1,162572,Inactive,True,
PR0004140,2024-10-27,テレビ,4K テレビ 50型,358071,店舗,大阪梅田店,C01622,田中,女,67,神奈川県,2024-06-12,2,487934,Regular,True,
PR0004141,2025-09-27,冷蔵庫,冷蔵庫 600L 大型,129863,EC,,C01622,田中,女,67,神奈川県,2024-06-12,2,487934,Regular,False,
PR0004142,2023-07-29,PC・タブレット,ワークステーション,329075,EC,,C01623,山崎,女,45,埼玉県,2022-05-28,1,329075,Inactive,True,
PR0004144,2025-01-21,カメラ・ビデオ,交換レンズ,131780,EC,,C01624,吉田,男,44,広島県,2024-01-10,2,197337,Regular,False,
PR0004143,2024-04-18,テレビ,4K テレビ 50型,65557,EC,,C01624,吉田,男,44,広島県,2024-01-10,2,197337,Regular,True,
PR0004147,2026-01-22,ゲーム・玩具,ゲームソフト,13782,EC,,C01625,林,男,59,宮城県,2024-11-06,4,644072,Loyal,False,
PR0004148,2026-01-12,スマートフォン,Pro モデル 512GB,79379,EC,,C01625,林,男,59,宮城県,2024-11-06,4,644072,Loyal,False,
PR0004145,2025-06-20,冷蔵庫,冷蔵庫 500L,494813,店舗,横浜駅前店,C01625,林,男,59,宮城県,2024-11-06,4,644072,Loyal,False,
PR0004146,2025-06-09,美容家電・小物,ヘアアイロン,56098,店舗,福岡天神店,C01625,林,男,59,宮城県,2024-11-06,4,644072,Loyal,True,
PR0004149,2025-07-03,洗濯機,縦型洗濯機,110871,EC,,C01626,山下,女,69,宮城県,2021-09-07,1,110871,Light,True,
PR0004150,2026-02-20,スマートフォン,コンパクトモデル,190049,店舗,天王寺店,C01627,佐藤,女,49,東京都,2025-11-25,1,190049,Light,True,
PR0004153,2025-04-14,PC・タブレット,ワークステーション,225965,店舗,福岡天神店,C01628,橋本,女,56,神奈川県,2023-08-19,6,816504,VIP,False,
PR0004152,2024-06-14,エアコン,業務用エアコン,179366,EC,,C01628,橋本,女,56,神奈川県,2023-08-19,6,816504,VIP,False,
PR0004156,2025-09-06,カメラ・ビデオ,ミラーレス一眼,212466,店舗,渋谷店,C01628,橋本,女,56,神奈川県,2023-08-19,6,816504,VIP,False,
PR0004154,2023-09-10,スマートフォン,ミドルレンジ機種,133823,店舗,大阪梅田店,C01628,橋本,女,56,神奈川県,2023-08-19,6,816504,VIP,True,
PR0004155,2026-01-19,スマートフォン,ミドルレンジ機種,43318,店舗,秋葉原店,C01628,橋本,女,56,神奈川県,2023-08-19,6,816504,VIP,False,862
PR0004151,2025-09-22,美容家電・小物,電気シェーバー,21566,店舗,名古屋栄店,C01628,橋本,女,56,神奈川県,2023-08-19,6,816504,VIP,False,
PR0004158,2024-04-25,オーディオ,ワイヤレスイヤホン,37757,EC,,C01629,林,男,49,神奈川県,2021-09-29,2,188776,Regular,True,
PR0004157,2025-07-29,テレビ,スマートテレビ 43型,151019,店舗,横浜駅前店,C01629,林,男,49,神奈川県,2021-09-29,2,188776,Regular,False,
PR0004160,2023-11-16,エアコン,エアコン 14畳用,282517,店舗,名古屋栄店,C01630,高橋,女,38,埼玉県,2023-09-13,2,342902,Regular,True,
PR0004159,2024-09-22,スマートフォン,ハイエンド 1TB,60385,EC,,C01630,高橋,女,38,埼玉県,2023-09-13,2,342902,Regular,False,
PR0004164,2025-10-29,エアコン,エアコン 14畳用,177490,店舗,名古屋栄店,C01631,山田,男,59,愛知県,2025-10-09,4,806405,Loyal,True,
PR0004163,2025-12-31,ゲーム・玩具,据置型ゲーム機,19997,店舗,天王寺店,C01631,山田,男,59,愛知県,2025-10-09,4,806405,Loyal,False,
PR0004162,2025-11-07,スマートフォン,コンパクトモデル,116467,店舗,天王寺店,C01631,山田,男,59,愛知県,2025-10-09,4,806405,Loyal,False,
PR0004161,2025-12-12,テレビ,4K テレビ 50型,492451,EC,,C01631,山田,男,59,愛知県,2025-10-09,4,806405,Loyal,False,
PR0004168,2022-01-24,PC・タブレット,ゲーミングPC,300992,店舗,大阪梅田店,C01632,木村,男,66,神奈川県,2022-01-04,6,1041614,VIP,True,
PR0004169,2025-03-27,PC・タブレット,ゲーミングPC,118532,店舗,渋谷店,C01632,木村,男,66,神奈川県,2022-01-04,6,1041614,VIP,False,1158
PR0004167,2023-03-25,テレビ,スマートテレビ 43型,130840,店舗,福岡天神店,C01632,木村,男,66,神奈川県,2022-01-04,6,1041614,VIP,False,
PR0004170,2025-05-26,冷蔵庫,フレンチドア 700L,162443,店舗,秋葉原店,C01632,木村,男,66,神奈川県,2022-01-04,6,1041614,VIP,False,
PR0004166,2023-02-25,洗濯機,乾燥機能付き 10kg,260912,店舗,福岡天神店,C01632,木村,男,66,神奈川県,2022-01-04,6,1041614,VIP,False,
PR0004165,2023-10-14,美容家電・小物,ドライヤー,67895,店舗,天王寺店,C01632,木村,男,66,神奈川県,2022-01-04,6,1041614,VIP,False,
PR0004171,2025-11-01,オーディオ,ヘッドホン,194695,店舗,池袋店,C01633,山下,男,58,広島県,2025-06-08,2,486086,Regular,False,
PR0004172,2025-08-09,テレビ,スマートテレビ 43型,291391,EC,,C01633,山下,男,58,広島県,2025-06-08,2,486086,Regular,True,
PR0004173,2024-02-09,スマートフォン,ミドルレンジ機種,150075,店舗,名古屋栄店,C01634,木村,男,28,愛知県,2022-07-28,2,346832,Regular,True,
PR0004174,2024-09-26,洗濯機,縦型洗濯機,196757,店舗,大阪梅田店,C01634,木村,男,28,愛知県,2022-07-28,2,346832,Regular,False,
PR0004176,2024-01-27,ゲーム・玩具,携帯ゲーム機,49387,店舗,横浜駅前店,C01635,後藤,男,37,千葉県,2024-01-15,2,191126,Regular,True,
PR0004175,2025-02-15,スマートフォン,ハイエンド 1TB,141739,店舗,天王寺店,C01635,後藤,男,37,千葉県,2024-01-15,2,191126,Regular,False,
PR0004179,2023-04-12,エアコン,エアコン 14畳用,239005,EC,,C01636,中島,男,69,東京都,2021-07-15,4,440140,Loyal,False,
PR0004180,2024-08-11,オーディオ,ワイヤレスイヤホン,103301,EC,,C01636,中島,男,69,東京都,2021-07-15,4,440140,Loyal,False,
PR0004177,2021-09-13,美容家電・小物,美顔器,59288,店舗,天王寺店,C01636,中島,男,69,東京都,2021-07-15,4,440140,Loyal,True,
PR0004178,2024-04-20,美容家電・小物,電動歯ブラシ,38546,EC,,C01636,中島,男,69,東京都,2021-07-15,4,440140,Loyal,False,950
PR0004182,2023-07-05,カメラ・ビデオ,アクションカメラ,76071,EC,,C01637,中島,男,22,神奈川県,2023-04-19,3,693868,Inactive,True,
PR0004181,2023-10-28,スマートフォン,ミドルレンジ機種,126719,EC,,C01637,中島,男,22,神奈川県,2023-04-19,3,693868,Inactive,False,
PR0004183,2023-07-06,テレビ,プロジェクター,491078,EC,,C01637,中島,男,22,神奈川県,2023-04-19,3,693868,Inactive,False,
PR0004186,2023-12-23,PC・タブレット,2-in-1 PC,77728,EC,,C01638,山田,女,50,神奈川県,2023-09-05,6,1036864,VIP,True,
PR0004189,2024-12-01,エアコン,エアコン 18畳用,375217,EC,,C01638,山田,女,50,神奈川県,2023-09-05,6,1036864,VIP,False,
PR0004187,2025-06-29,テレビ,4K テレビ 65型,181387,EC,,C01638,山田,女,50,神奈川県,2023-09-05,6,1036864,VIP,False,
PR0004188,2025-02-04,冷蔵庫,コンパクト冷蔵庫,101720,EC,,C01638,山田,女,50,神奈川県,2023-09-05,6,1036864,VIP,False,
PR0004185,2025-03-09,洗濯機,コンパクト洗濯機,291819,EC,,C01638,山田,女,50,神奈川県,2023-09-05,6,1036864,VIP,False,
PR0004184,2025-08-04,美容家電・小物,マッサージガン,8993,EC,,C01638,山田,女,50,神奈川県,2023-09-05,6,1036864,VIP,False,
PR0004191,2026-03-09,テレビ,有機EL 75型,218057,店舗,秋葉原店,C01639,小川,女,37,福岡県,2022-09-09,2,253631,Regular,False,
PR0004190,2026-03-05,美容家電・小物,電動歯ブラシ,35574,EC,,C01639,小川,女,37,福岡県,2022-09-09,2,253631,Regular,True,
PR0004192,2024-11-03,PC・タブレット,2-in-1 PC,79689,EC,,C01640,遠藤,男,51,兵庫県,2023-11-02,3,644584,Loyal,False,
PR0004194,2026-01-04,スマートフォン,コンパクトモデル,176815,店舗,横浜駅前店,C01640,遠藤,男,51,兵庫県,2023-11-02,3,644584,Loyal,False,
PR0004193,2024-08-29,冷蔵庫,冷蔵庫 400L,388080,EC,,C01640,遠藤,男,51,兵庫県,2023-11-02,3,644584,Loyal,True,
PR0004196,2025-08-12,オーディオ,ターンテーブル,149862,EC,,C01641,中島,男,60,福岡県,2024-03-22,3,468786,Loyal,False,
PR0004195,2024-12-09,冷蔵庫,冷蔵庫 600L 大型,298998,店舗,横浜駅前店,C01641,中島,男,60,福岡県,2024-03-22,3,468786,Loyal,False,
PR0004197,2024-05-17,美容家電・小物,電気シェーバー,19926,EC,,C01641,中島,男,60,福岡県,2024-03-22,3,468786,Loyal,True,
PR0004199,2026-01-30,エアコン,エアコン 14畳用,132401,店舗,渋谷店,C01643,高橋,女,39,広島県,2025-07-27,2,259368,Regular,True,
PR0004198,2026-02-04,スマートフォン,コンパクトモデル,126967,店舗,札幌駅前店,C01643,高橋,女,39,広島県,2025-07-27,2,259368,Regular,False,
PR0004200,2024-01-04,洗濯機,全自動 8kg,169458,店舗,渋谷店,C01644,松本,女,75,広島県,2022-07-07,2,245953,Regular,True,
PR0004201,2026-03-07,美容家電・小物,ドライヤー,76495,店舗,秋葉原店,C01644,松本,女,75,広島県,2022-07-07,2,245953,Regular,False,
PR0004206,2024-11-02,エアコン,業務用エアコン,198645,EC,,C01645,伊藤,女,60,北海道,2023-11-15,8,1516664,VIP,False,
PR0004209,2025-03-31,オーディオ,ホームオーディオ,195067,EC,,C01645,伊藤,女,60,北海道,2023-11-15,8,1516664,VIP,False,
PR0004208,2024-07-02,カメラ・ビデオ,ドローン,150575,EC,,C01645,伊藤,女,60,北海道,2023-11-15,8,1516664,VIP,False,
PR0004204,2024-07-15,スマートフォン,スタンダード 128GB,92155,EC,,C01645,伊藤,女,60,北海道,2023-11-15,8,1516664,VIP,False,
PR0004203,2024-11-07,テレビ,4K テレビ 65型,116409,EC,,C01645,伊藤,女,60,北海道,2023-11-15,8,1516664,VIP,False,
PR0004202,2023-12-27,冷蔵庫,コンパクト冷蔵庫,422486,EC,,C01645,伊藤,女,60,北海道,2023-11-15,8,1516664,VIP,True,
PR0004205,2026-01-15,洗濯機,ドラム式洗濯機,332456,EC,,C01645,伊藤,女,60,北海道,2023-11-15,8,1516664,VIP,False,
PR0004207,2025-12-05,美容家電・小物,電気シェーバー,8871,EC,,C01645,伊藤,女,60,北海道,2023-11-15,8,1516664,VIP,False,
PR0004210,2023-08-08,美容家電・小物,電動歯ブラシ,68200,店舗,福岡天神店,C01646,井上,女,61,千葉県,2023-06-17,1,68200,Inactive,True,
PR0004211,2026-01-03,スマートフォン,最新スマホ 256GB,108375,EC,,C01647,斎藤,男,59,大阪府,2022-07-13,2,114347,Regular,False,
PR0004212,2024-11-09,美容家電・小物,電気シェーバー,5972,EC,,C01647,斎藤,男,59,大阪府,2022-07-13,2,114347,Regular,True,
PR0004213,2026-03-28,カメラ・ビデオ,アクションカメラ,126682,店舗,天王寺店,C01648,近藤,女,32,広島県,2025-06-25,2,593875,Regular,False,
PR0004214,2025-11-07,テレビ,4K テレビ 50型,467193,EC,,C01648,近藤,女,32,広島県,2025-06-25,2,593875,Regular,True,
PR0004218,2025-11-23,PC・タブレット,ノートPC 13型,159323,EC,,C01649,小林,女,34,北海道,2025-07-03,5,979377,VIP,False,
PR0004216,2025-07-04,オーディオ,ターンテーブル,89862,店舗,名古屋栄店,C01649,小林,女,34,北海道,2025-07-03,5,979377,VIP,True,
PR0004219,2025-08-04,テレビ,4K テレビ 50型,301378,EC,,C01649,小林,女,34,北海道,2025-07-03,5,979377,VIP,False,
PR0004217,2025-09-22,冷蔵庫,冷蔵庫 400L,362201,店舗,秋葉原店,C01649,小林,女,34,北海道,2025-07-03,5,979377,VIP,False,
PR0004215,2025-08-29,美容家電・小物,マッサージガン,66613,店舗,大阪梅田店,C01649,小林,女,34,北海道,2025-07-03,5,979377,VIP,False,
PR0004221,2023-04-02,スマートフォン,ハイエンド 1TB,35224,店舗,新宿店,C01650,中村,男,72,広島県,2022-11-03,3,288817,Loyal,True,
PR0004222,2025-05-17,スマートフォン,ミドルレンジ機種,96847,店舗,秋葉原店,C01650,中村,男,72,広島県,2022-11-03,3,288817,Loyal,False,776
PR0004220,2024-09-07,テレビ,有機EL 75型,156746,店舗,福岡天神店,C01650,中村,男,72,広島県,2022-11-03,3,288817,Loyal,False,
PR0004223,2026-01-12,スマートフォン,ミドルレンジ機種,103804,EC,,C01651,高橋,女,61,神奈川県,2024-03-09,2,595132,Regular,False,
PR0004224,2025-10-03,冷蔵庫,冷蔵庫 500L,491328,店舗,渋谷店,C01651,高橋,女,61,神奈川県,2024-03-09,2,595132,Regular,True,
PR0004225,2023-07-06,スマートフォン,Pro モデル 512GB,102140,店舗,名古屋栄店,C01652,石井,男,51,千葉県,2021-12-16,2,242927,Regular,True,
PR0004226,2026-03-23,スマートフォン,最新スマホ 256GB,140787,店舗,渋谷店,C01652,石井,男,51,千葉県,2021-12-16,2,242927,Regular,False,991
PR0004228,2026-03-03,スマートフォン,スタンダード 128GB,88119,EC,,C01653,近藤,女,35,東京都,2026-01-23,4,805234,Loyal,False,
PR0004227,2026-03-25,テレビ,4K テレビ 50型,385129,店舗,横浜駅前店,C01653,近藤,女,35,東京都,2026-01-23,4,805234,Loyal,False,
PR0004230,2026-03-21,洗濯機,ドラム式洗濯機,283849,店舗,秋葉原店,C01653,近藤,女,35,東京都,2026-01-23,4,805234,Loyal,False,
PR0004229,2026-01-23,美容家電・小物,ヘアアイロン,48137,店舗,秋葉原店,C01653,近藤,女,35,東京都,2026-01-23,4,805234,Loyal,True,
PR0004233,2026-02-21,スマートフォン,ハイエンド 1TB,95713,店舗,名古屋栄店,C01654,遠藤,女,36,大阪府,2022-06-16,3,289722,Loyal,False,
PR0004232,2024-06-11,テレビ,プロジェクター,186730,EC,,C01654,遠藤,女,36,大阪府,2022-06-16,3,289722,Loyal,True,
PR0004231,2025-09-21,美容家電・小物,電気シェーバー,7279,EC,,C01654,遠藤,女,36,大阪府,2022-06-16,3,289722,Loyal,False,
PR0004234,2024-12-27,ゲーム・玩具,コントローラ,66680,店舗,渋谷店,C01655,池田,男,44,千葉県,2024-04-24,1,66680,Light,True,
PR0004239,2025-10-16,PC・タブレット,ワークステーション,250120,店舗,横浜駅前店,C01656,岡田,男,53,兵庫県,2025-08-11,5,750880,VIP,True,
PR0004238,2025-10-17,エアコン,エアコン 10畳用,257103,EC,,C01656,岡田,男,53,兵庫県,2025-08-11,5,750880,VIP,False,
PR0004236,2026-03-07,ゲーム・玩具,ゲームソフト,39717,店舗,渋谷店,C01656,岡田,男,53,兵庫県,2025-08-11,5,750880,VIP,False,
PR0004235,2026-03-23,スマートフォン,最新スマホ 256GB,34493,EC,,C01656,岡田,男,53,兵庫県,2025-08-11,5,750880,VIP,False,
PR0004237,2026-01-07,テレビ,4K テレビ 65型,169447,店舗,横浜駅前店,C01656,岡田,男,53,兵庫県,2025-08-11,5,750880,VIP,False,
PR0004241,2025-04-28,PC・タブレット,2-in-1 PC,254600,EC,,C01657,斎藤,男,37,京都府,2025-02-15,3,744008,Loyal,False,
PR0004242,2025-12-23,ゲーム・玩具,ゲームソフト,35651,EC,,C01657,斎藤,男,37,京都府,2025-02-15,3,744008,Loyal,False,
PR0004240,2025-04-03,テレビ,4K テレビ 65型,453757,EC,,C01657,斎藤,男,37,京都府,2025-02-15,3,744008,Loyal,True,
PR0004243,2024-10-06,エアコン,エアコン 14畳用,194103,店舗,新宿店,C01658,松本,女,41,宮城県,2022-06-26,1,194103,Light,True,
PR0004244,2025-11-09,PC・タブレット,2-in-1 PC,268173,店舗,福岡天神店,C01659,阿部,女,22,愛知県,2025-09-08,2,299300,Regular,True,
PR0004245,2026-03-16,美容家電・小物,ヘアアイロン,31127,店舗,福岡天神店,C01659,阿部,女,22,愛知県,2025-09-08,2,299300,Regular,False,
PR0004246,2026-01-07,PC・タブレット,2-in-1 PC,93545,EC,,C01660,石井,男,66,千葉県,2024-05-25,3,534056,Loyal,False,
PR0004247,2025-02-16,エアコン,エアコン 14畳用,284670,EC,,C01660,石井,男,66,千葉県,2024-05-25,3,534056,Loyal,True,
PR0004248,2025-12-06,スマートフォン,最新スマホ 256GB,155841,EC,,C01660,石井,男,66,千葉県,2024-05-25,3,534056,Loyal,False,
PR0004249,2024-03-06,ゲーム・玩具,コントローラ,49931,店舗,天王寺店,C01661,高橋,男,22,埼玉県,2022-04-13,1,49931,Inactive,True,
PR0004251,2021-12-21,カメラ・ビデオ,ビデオカメラ,219042,EC,,C01662,長谷川,男,45,千葉県,2021-04-06,2,265239,Regular,True,
PR0004250,2024-10-30,ゲーム・玩具,ゲームソフト,46197,店舗,天王寺店,C01662,長谷川,男,45,千葉県,2021-04-06,2,265239,Regular,False,
PR0004252,2025-09-23,美容家電・小物,マッサージガン,52769,EC,,C01663,中島,男,37,北海道,2022-12-08,1,52769,Light,True,
PR0004254,2026-03-15,カメラ・ビデオ,ミラーレス一眼,68568,EC,,C01664,山田,女,32,東京都,2025-10-09,2,137445,Regular,False,
PR0004253,2025-12-03,美容家電・小物,電動歯ブラシ,68877,EC,,C01664,山田,女,32,東京都,2025-10-09,2,137445,Regular,True,
PR0004257,2026-02-01,PC・タブレット,タブレット 10型,193214,店舗,池袋店,C01665,池田,男,47,宮城県,2021-05-26,3,328604,Loyal,False,
PR0004255,2022-10-22,美容家電・小物,ヘアアイロン,66809,EC,,C01665,池田,男,47,宮城県,2021-05-26,3,328604,Loyal,True,
PR0004256,2025-10-22,美容家電・小物,ヘアアイロン,68581,店舗,横浜駅前店,C01665,池田,男,47,宮城県,2021-05-26,3,328604,Loyal,False,1096
PR0004258,2023-03-19,PC・タブレット,ゲーミングPC,315287,EC,,C01666,青木,女,42,大阪府,2022-07-13,1,315287,Inactive,True,
PR0004259,2024-07-26,テレビ,スマートテレビ 43型,247991,EC,,C01667,岡田,女,34,福岡県,2024-04-28,2,727827,Regular,True,
PR0004260,2025-12-24,冷蔵庫,フレンチドア 700L,479836,店舗,新宿店,C01667,岡田,女,34,福岡県,2024-04-28,2,727827,Regular,False,
PR0004262,2024-02-16,スマートフォン,スタンダード 128GB,48144,店舗,横浜駅前店,C01668,近藤,女,34,埼玉県,2021-11-24,2,83110,Regular,True,
PR0004261,2026-02-16,美容家電・小物,電気シェーバー,34966,店舗,福岡天神店,C01668,近藤,女,34,埼玉県,2021-11-24,2,83110,Regular,False,
PR0004263,2025-11-13,テレビ,4K テレビ 50型,341926,店舗,池袋店,C01669,清水,男,44,千葉県,2025-01-14,2,465332,Regular,False,
PR0004264,2025-05-07,冷蔵庫,冷蔵庫 500L,123406,EC,,C01669,清水,男,44,千葉県,2025-01-14,2,465332,Regular,True,
PR0004266,2025-01-22,エアコン,業務用エアコン,155338,EC,,C01670,阿部,男,61,東京都,2022-03-19,3,436037,Loyal,False,
PR0004267,2024-01-22,テレビ,4K テレビ 50型,169896,EC,,C01670,阿部,男,61,東京都,2022-03-19,3,436037,Loyal,True,
PR0004265,2025-08-18,洗濯機,乾燥機能付き 10kg,110803,EC,,C01670,阿部,男,61,東京都,2022-03-19,3,436037,Loyal,False,
PR0004268,2025-09-14,美容家電・小物,ヘアアイロン,15888,店舗,名古屋栄店,C01671,山口,女,38,大阪府,2025-02-09,1,15888,Light,True,
PR0004270,2025-11-16,スマートフォン,ハイエンド 1TB,72794,店舗,渋谷店,C01672,加藤,女,43,東京都,2022-05-27,2,281043,Regular,False,
PR0004269,2022-11-26,洗濯機,コンパクト洗濯機,208249,店舗,天王寺店,C01672,加藤,女,43,東京都,2022-05-27,2,281043,Regular,True,
PR0004273,2025-05-28,エアコン,エアコン 18畳用,113858,店舗,名古屋栄店,C01673,林,女,42,東京都,2023-03-24,6,626271,VIP,False,
PR0004275,2024-01-31,カメラ・ビデオ,ビデオカメラ,113629,店舗,大阪梅田店,C01673,林,女,42,東京都,2023-03-24,6,626271,VIP,False,
PR0004274,2026-03-14,スマートフォン,Pro モデル 512GB,159971,店舗,横浜駅前店,C01673,林,女,42,東京都,2023-03-24,6,626271,VIP,False,
PR0004276,2024-03-24,洗濯機,乾燥機能付き 10kg,169187,EC,,C01673,林,女,42,東京都,2023-03-24,6,626271,VIP,False,
PR0004271,2023-07-04,美容家電・小物,ドライヤー,32152,EC,,C01673,林,女,42,東京都,2023-03-24,6,626271,VIP,True,
PR0004272,2025-12-15,美容家電・小物,電気シェーバー,37474,店舗,天王寺店,C01673,林,女,42,東京都,2023-03-24,6,626271,VIP,False,895
PR0004278,2024-08-01,エアコン,エアコン 14畳用,243519,EC,,C01674,渡辺,女,48,広島県,2022-12-02,8,1565272,VIP,False,
PR0004282,2023-11-17,ゲーム・玩具,携帯ゲーム機,63680,店舗,横浜駅前店,C01674,渡辺,女,48,広島県,2022-12-02,8,1565272,VIP,False,
PR0004283,2025-05-05,スマートフォン,スタンダード 128GB,106222,店舗,渋谷店,C01674,渡辺,女,48,広島県,2022-12-02,8,1565272,VIP,False,
PR0004284,2024-07-29,テレビ,4K テレビ 65型,372505,店舗,天王寺店,C01674,渡辺,女,48,広島県,2022-12-02,8,1565272,VIP,False,
PR0004277,2023-12-06,冷蔵庫,冷蔵庫 400L,499325,店舗,大阪梅田店,C01674,渡辺,女,48,広島県,2022-12-02,8,1565272,VIP,False,
PR0004281,2024-05-16,洗濯機,ドラム式洗濯機,164430,店舗,天王寺店,C01674,渡辺,女,48,広島県,2022-12-02,8,1565272,VIP,False,
PR0004279,2023-04-09,美容家電・小物,マッサージガン,50929,店舗,秋葉原店,C01674,渡辺,女,48,広島県,2022-12-02,8,1565272,VIP,True,
PR0004280,2025-08-11,美容家電・小物,美顔器,64662,店舗,渋谷店,C01674,渡辺,女,48,広島県,2022-12-02,8,1565272,VIP,False,855
PR0004285,2024-09-05,PC・タブレット,2-in-1 PC,77369,店舗,秋葉原店,C01675,池田,男,62,東京都,2023-04-01,3,437857,Loyal,False,
PR0004286,2025-05-27,スマートフォン,スタンダード 128GB,144978,店舗,福岡天神店,C01675,池田,男,62,東京都,2023-04-01,3,437857,Loyal,False,
PR0004287,2024-03-26,冷蔵庫,冷蔵庫 500L,215510,店舗,大阪梅田店,C01675,池田,男,62,東京都,2023-04-01,3,437857,Loyal,True,
PR0004291,2024-01-22,PC・タブレット,ノートPC 15型,265988,EC,,C01676,阿部,男,75,宮城県,2021-11-21,10,1146652,VIP,False,
PR0004288,2025-12-10,エアコン,エアコン 10畳用,126205,店舗,福岡天神店,C01676,阿部,男,75,宮城県,2021-11-21,10,1146652,VIP,False,
PR0004294,2025-03-11,オーディオ,ヘッドホン,195984,店舗,札幌駅前店,C01676,阿部,男,75,宮城県,2021-11-21,10,1146652,VIP,False,
PR0004293,2024-09-19,カメラ・ビデオ,ドローン,51523,EC,,C01676,阿部,男,75,宮城県,2021-11-21,10,1146652,VIP,False,
PR0004295,2023-03-07,スマートフォン,Pro モデル 512GB,44797,店舗,札幌駅前店,C01676,阿部,男,75,宮城県,2021-11-21,10,1146652,VIP,False,
PR0004296,2025-03-14,スマートフォン,コンパクトモデル,108116,店舗,天王寺店,C01676,阿部,男,75,宮城県,2021-11-21,10,1146652,VIP,False,738
PR0004292,2025-07-07,テレビ,4K テレビ 65型,161395,EC,,C01676,阿部,男,75,宮城県,2021-11-21,10,1146652,VIP,False,
PR0004297,2022-01-12,洗濯機,全自動 8kg,138265,EC,,C01676,阿部,男,75,宮城県,2021-11-21,10,1146652,VIP,True,
PR0004289,2023-07-30,美容家電・小物,マッサージガン,47604,店舗,天王寺店,C01676,阿部,男,75,宮城県,2021-11-21,10,1146652,VIP,False,
PR0004290,2025-11-02,美容家電・小物,ドライヤー,6775,店舗,渋谷店,C01676,阿部,男,75,宮城県,2021-11-21,10,1146652,VIP,False,826
PR0004300,2025-12-27,オーディオ,ターンテーブル,96907,EC,,C01677,青木,女,68,京都府,2025-11-26,4,616528,Loyal,True,
PR0004298,2026-02-12,カメラ・ビデオ,交換レンズ,124737,EC,,C01677,青木,女,68,京都府,2025-11-26,4,616528,Loyal,False,
PR0004301,2026-03-07,スマートフォン,Pro モデル 512GB,122739,EC,,C01677,青木,女,68,京都府,2025-11-26,4,616528,Loyal,False,
PR0004299,2026-03-08,テレビ,有機EL 75型,272145,EC,,C01677,青木,女,68,京都府,2025-11-26,4,616528,Loyal,False,
PR0004303,2025-07-21,ゲーム・玩具,据置型ゲーム機,44726,店舗,天王寺店,C01678,池田,男,53,福岡県,2022-12-10,2,203557,Regular,False,
PR0004302,2025-02-15,洗濯機,乾燥機能付き 10kg,158831,店舗,横浜駅前店,C01678,池田,男,53,福岡県,2022-12-10,2,203557,Regular,True,
PR0004304,2025-01-10,PC・タブレット,ワークステーション,174928,EC,,C01679,渡辺,男,42,福岡県,2022-08-01,6,449802,Loyal,False,
PR0004305,2025-11-15,エアコン,エアコン 6畳用,99721,店舗,池袋店,C01679,渡辺,男,42,福岡県,2022-08-01,6,449802,Loyal,False,
PR0004306,2022-12-15,ゲーム・玩具,据置型ゲーム機,25360,店舗,渋谷店,C01679,渡辺,男,42,福岡県,2022-08-01,6,449802,Loyal,False,
PR0004308,2022-11-28,スマートフォン,スタンダード 128GB,55217,EC,,C01679,渡辺,男,42,福岡県,2022-08-01,6,449802,Loyal,True,
PR0004309,2025-04-19,スマートフォン,スタンダード 128GB,54883,店舗,新宿店,C01679,渡辺,男,42,福岡県,2022-08-01,6,449802,Loyal,False,873
PR0004307,2025-05-21,美容家電・小物,ドライヤー,39693,店舗,池袋店,C01679,渡辺,男,42,福岡県,2022-08-01,6,449802,Loyal,False,
PR0004310,2024-03-23,スマートフォン,コンパクトモデル,62356,EC,,C01680,吉田,女,52,愛知県,2023-09-09,1,62356,Inactive,True,
PR0004312,2026-02-08,PC・タブレット,ワークステーション,269732,店舗,天王寺店,C01681,斎藤,女,53,埼玉県,2026-01-11,2,388830,Regular,False,
PR0004311,2026-01-18,オーディオ,Bluetoothスピーカー,119098,店舗,横浜駅前店,C01681,斎藤,女,53,埼玉県,2026-01-11,2,388830,Regular,True,
PR0004313,2024-01-09,洗濯機,乾燥機能付き 10kg,99508,EC,,C01682,佐藤,男,47,愛知県,2022-11-14,1,99508,Inactive,True,
PR0004315,2023-12-05,スマートフォン,最新スマホ 256GB,37761,店舗,天王寺店,C01683,鈴木,女,35,神奈川県,2022-02-28,2,100706,Regular,True,
PR0004314,2025-05-12,テレビ,プロジェクター,62945,EC,,C01683,鈴木,女,35,神奈川県,2022-02-28,2,100706,Regular,False,
PR0004317,2024-02-27,スマートフォン,Pro モデル 512GB,45849,EC,,C01684,鈴木,女,30,宮城県,2023-11-18,3,349949,Loyal,True,
PR0004316,2025-12-01,洗濯機,全自動 8kg,274563,店舗,秋葉原店,C01684,鈴木,女,30,宮城県,2023-11-18,3,349949,Loyal,False,
PR0004318,2025-07-15,美容家電・小物,ドライヤー,29537,EC,,C01684,鈴木,女,30,宮城県,2023-11-18,3,349949,Loyal,False,
PR0004319,2022-11-20,PC・タブレット,タブレット 10型,140356,EC,,C01685,山口,女,66,宮城県,2022-10-26,1,140356,Inactive,True,
PR0004320,2024-12-13,テレビ,有機EL 55型,408851,EC,,C01686,岡田,男,55,東京都,2023-10-08,1,408851,Light,True,
PR0004322,2025-12-27,冷蔵庫,冷蔵庫 400L,367993,店舗,池袋店,C01687,石川,女,25,兵庫県,2025-06-28,2,397802,Regular,False,
PR0004321,2025-08-03,美容家電・小物,ドライヤー,29809,店舗,新宿店,C01687,石川,女,25,兵庫県,2025-06-28,2,397802,Regular,True,
PR0004326,2025-12-05,PC・タブレット,ゲーミングPC,210522,店舗,札幌駅前店,C01688,岡田,女,68,東京都,2021-12-14,5,866522,VIP,False,
PR0004325,2023-02-19,オーディオ,サウンドバー,151095,店舗,渋谷店,C01688,岡田,女,68,東京都,2021-12-14,5,866522,VIP,True,
PR0004324,2026-02-07,カメラ・ビデオ,コンパクトデジカメ,284029,EC,,C01688,岡田,女,68,東京都,2021-12-14,5,866522,VIP,False,
PR0004327,2024-05-11,スマートフォン,Pro モデル 512GB,30866,EC,,C01688,岡田,女,68,東京都,2021-12-14,5,866522,VIP,False,
PR0004323,2023-04-28,テレビ,有機EL 55型,190010,EC,,C01688,岡田,女,68,東京都,2021-12-14,5,866522,VIP,False,
PR0004329,2023-09-10,洗濯機,ドラム式洗濯機,183389,EC,,C01689,橋本,男,63,神奈川県,2022-03-04,2,234939,Inactive,False,
PR0004328,2022-08-13,美容家電・小物,電気シェーバー,51550,店舗,池袋店,C01689,橋本,男,63,神奈川県,2022-03-04,2,234939,Inactive,True,
PR0004330,2025-03-25,エアコン,エアコン 14畳用,145149,EC,,C01690,山口,男,50,兵庫県,2022-01-03,1,145149,Light,True,
PR0004331,2026-01-07,スマートフォン,コンパクトモデル,74793,EC,,C01691,佐藤,女,50,京都府,2025-12-10,1,74793,Light,True,
PR0004333,2025-12-13,テレビ,有機EL 75型,112397,店舗,福岡天神店,C01693,小川,女,29,兵庫県,2024-05-07,2,166403,Regular,True,
PR0004332,2026-03-05,美容家電・小物,電気シェーバー,54006,店舗,渋谷店,C01693,小川,女,29,兵庫県,2024-05-07,2,166403,Regular,False,
PR0004338,2025-06-09,スマートフォン,ハイエンド 1TB,74830,店舗,大阪梅田店,C01694,林,女,50,北海道,2024-10-22,5,1072513,VIP,False,
PR0004335,2025-11-16,テレビ,プロジェクター,428642,店舗,大阪梅田店,C01694,林,女,50,北海道,2024-10-22,5,1072513,VIP,False,
PR0004337,2025-02-28,冷蔵庫,冷蔵庫 500L,315972,EC,,C01694,林,女,50,北海道,2024-10-22,5,1072513,VIP,False,
PR0004336,2025-10-24,洗濯機,コンパクト洗濯機,202661,店舗,大阪梅田店,C01694,林,女,50,北海道,2024-10-22,5,1072513,VIP,False,
PR0004334,2024-12-19,美容家電・小物,美顔器,50408,EC,,C01694,林,女,50,北海道,2024-10-22,5,1072513,VIP,True,
PR0004340,2024-03-08,スマートフォン,コンパクトモデル,153780,店舗,新宿店,C01695,清水,男,22,東京都,2021-11-29,2,311048,Regular,True,
PR0004339,2026-03-01,テレビ,有機EL 55型,157268,EC,,C01695,清水,男,22,東京都,2021-11-29,2,311048,Regular,False,
PR0004343,2026-03-22,エアコン,エアコン 6畳用,86237,EC,,C01696,遠藤,女,44,神奈川県,2025-06-11,3,227886,Loyal,False,
PR0004342,2026-01-10,オーディオ,ターンテーブル,81944,EC,,C01696,遠藤,女,44,神奈川県,2025-06-11,3,227886,Loyal,False,
PR0004341,2025-08-10,美容家電・小物,美顔器,59705,EC,,C01696,遠藤,女,44,神奈川県,2025-06-11,3,227886,Loyal,True,
PR0004344,2024-06-20,スマートフォン,コンパクトモデル,183679,店舗,池袋店,C01697,加藤,女,22,京都府,2021-12-27,1,183679,Light,True,
PR0004346,2026-03-12,カメラ・ビデオ,交換レンズ,192482,EC,,C01698,小川,女,22,北海道,2025-10-15,2,306019,Regular,False,
PR0004345,2026-01-15,スマートフォン,ミドルレンジ機種,113537,店舗,福岡天神店,C01698,小川,女,22,北海道,2025-10-15,2,306019,Regular,True,
PR0004350,2025-11-13,PC・タブレット,タブレット 10型,58454,店舗,横浜駅前店,C01699,池田,男,23,埼玉県,2022-10-07,7,563061,VIP,False,
PR0004347,2024-09-28,オーディオ,ホームオーディオ,101460,EC,,C01699,池田,男,23,埼玉県,2022-10-07,7,563061,VIP,False,
PR0004351,2024-03-08,ゲーム・玩具,ボードゲーム,75699,EC,,C01699,池田,男,23,埼玉県,2022-10-07,7,563061,VIP,False,
PR0004348,2022-12-15,スマートフォン,ハイエンド 1TB,158332,店舗,名古屋栄店,C01699,池田,男,23,埼玉県,2022-10-07,7,563061,VIP,False,
PR0004349,2025-01-31,スマートフォン,Pro モデル 512GB,117020,EC,,C01699,池田,男,23,埼玉県,2022-10-07,7,563061,VIP,False,778
PR0004352,2022-11-26,美容家電・小物,電動歯ブラシ,22615,店舗,札幌駅前店,C01699,池田,男,23,埼玉県,2022-10-07,7,563061,VIP,True,
PR0004353,2025-07-19,美容家電・小物,美顔器,29481,店舗,池袋店,C01699,池田,男,23,埼玉県,2022-10-07,7,563061,VIP,False,966
PR0004355,2026-01-23,PC・タブレット,2-in-1 PC,337911,店舗,渋谷店,C01700,橋本,女,26,埼玉県,2025-03-08,6,1365340,VIP,False,
PR0004354,2026-02-05,オーディオ,サウンドバー,118300,店舗,名古屋栄店,C01700,橋本,女,26,埼玉県,2025-03-08,6,1365340,VIP,False,
PR0004356,2026-02-14,スマートフォン,スタンダード 128GB,184104,店舗,天王寺店,C01700,橋本,女,26,埼玉県,2025-03-08,6,1365340,VIP,False,
PR0004358,2025-11-25,冷蔵庫,冷蔵庫 600L 大型,331867,店舗,大阪梅田店,C01700,橋本,女,26,埼玉県,2025-03-08,6,1365340,VIP,False,
PR0004359,2026-02-20,洗濯機,コンパクト洗濯機,325962,店舗,名古屋栄店,C01700,橋本,女,26,埼玉県,2025-03-08,6,1365340,VIP,False,
PR0004357,2025-03-09,美容家電・小物,ヘアアイロン,67196,店舗,秋葉原店,C01700,橋本,女,26,埼玉県,2025-03-08,6,1365340,VIP,True,
PR0004362,2022-06-10,オーディオ,サウンドバー,136182,EC,,C01702,長谷川,男,35,東京都,2022-04-09,3,278743,Loyal,True,
PR0004360,2026-03-11,カメラ・ビデオ,ビデオカメラ,81846,店舗,秋葉原店,C01702,長谷川,男,35,東京都,2022-04-09,3,278743,Loyal,False,
PR0004361,2025-10-10,ゲーム・玩具,ゲームソフト,60715,EC,,C01702,長谷川,男,35,東京都,2022-04-09,3,278743,Loyal,False,
PR0004366,2025-12-31,PC・タブレット,ゲーミングPC,79049,店舗,名古屋栄店,C01703,松本,女,28,広島県,2025-12-25,5,574708,VIP,True,
PR0004367,2026-01-01,カメラ・ビデオ,アクションカメラ,253852,店舗,渋谷店,C01703,松本,女,28,広島県,2025-12-25,5,574708,VIP,False,
PR0004365,2026-01-26,ゲーム・玩具,携帯ゲーム機,71382,EC,,C01703,松本,女,28,広島県,2025-12-25,5,574708,VIP,False,
PR0004363,2026-02-06,スマートフォン,ミドルレンジ機種,92697,店舗,池袋店,C01703,松本,女,28,広島県,2025-12-25,5,574708,VIP,False,
PR0004364,2026-03-12,美容家電・小物,ヘアアイロン,77728,店舗,秋葉原店,C01703,松本,女,28,広島県,2025-12-25,5,574708,VIP,False,
PR0004370,2026-02-26,PC・タブレット,ノートPC 13型,253594,EC,,C01704,石井,男,35,埼玉県,2023-02-22,4,850890,Loyal,False,
PR0004369,2023-11-06,エアコン,エアコン 6畳用,115153,店舗,横浜駅前店,C01704,石井,男,35,埼玉県,2023-02-22,4,850890,Loyal,True,
PR0004368,2024-03-01,ゲーム・玩具,コントローラ,19009,EC,,C01704,石井,男,35,埼玉県,2023-02-22,4,850890,Loyal,False,
PR0004371,2024-09-07,テレビ,スマートテレビ 43型,463134,EC,,C01704,石井,男,35,埼玉県,2023-02-22,4,850890,Loyal,False,
PR0004376,2025-07-01,PC・タブレット,タブレット 10型,61704,店舗,名古屋栄店,C01705,森,女,74,広島県,2022-05-06,5,762368,VIP,False,
PR0004374,2024-07-30,カメラ・ビデオ,ミラーレス一眼,124108,EC,,C01705,森,女,74,広島県,2022-05-06,5,762368,VIP,False,
PR0004375,2024-05-08,テレビ,プロジェクター,438303,EC,,C01705,森,女,74,広島県,2022-05-06,5,762368,VIP,False,
PR0004372,2025-05-15,洗濯機,ドラム式洗濯機,133030,店舗,秋葉原店,C01705,森,女,74,広島県,2022-05-06,5,762368,VIP,False,
PR0004373,2024-02-22,美容家電・小物,ドライヤー,5223,EC,,C01705,森,女,74,広島県,2022-05-06,5,762368,VIP,True,
PR0004378,2024-12-04,エアコン,エアコン 6畳用,192208,EC,,C01706,青木,女,48,埼玉県,2024-09-08,2,408031,Regular,True,
PR0004377,2025-06-27,テレビ,有機EL 55型,215823,EC,,C01706,青木,女,48,埼玉県,2024-09-08,2,408031,Regular,False,
PR0004379,2025-11-02,美容家電・小物,電動歯ブラシ,22421,EC,,C01708,長谷川,女,37,愛知県,2025-08-17,1,22421,Light,True,
PR0004381,2024-09-11,PC・タブレット,タブレット 10型,99635,EC,,C01709,森,男,56,宮城県,2023-10-03,4,417713,Loyal,False,
PR0004383,2024-06-26,テレビ,プロジェクター,157629,EC,,C01709,森,男,56,宮城県,2023-10-03,4,417713,Loyal,False,
PR0004382,2025-01-25,洗濯機,縦型洗濯機,151080,EC,,C01709,森,男,56,宮城県,2023-10-03,4,417713,Loyal,False,
PR0004380,2024-05-11,美容家電・小物,電気シェーバー,9369,店舗,池袋店,C01709,森,男,56,宮城県,2023-10-03,4,417713,Loyal,True,
PR0004384,2023-10-12,エアコン,業務用エアコン,189000,店舗,大阪梅田店,C01710,清水,男,49,千葉県,2022-08-11,2,351229,Inactive,False,
PR0004385,2023-08-09,テレビ,プロジェクター,162229,店舗,天王寺店,C01710,清水,男,49,千葉県,2022-08-11,2,351229,Inactive,True,
PR0004387,2025-12-20,オーディオ,サウンドバー,165095,店舗,札幌駅前店,C01711,橋本,女,53,愛知県,2024-10-28,2,244559,Regular,False,
PR0004386,2025-06-25,美容家電・小物,ドライヤー,79464,店舗,横浜駅前店,C01711,橋本,女,53,愛知県,2024-10-28,2,244559,Regular,True,
PR0004391,2023-06-30,PC・タブレット,タブレット 10型,346390,店舗,渋谷店,C01712,山崎,男,55,大阪府,2022-05-04,6,1064717,VIP,False,
PR0004390,2024-05-20,カメラ・ビデオ,アクションカメラ,195184,店舗,札幌駅前店,C01712,山崎,男,55,大阪府,2022-05-04,6,1064717,VIP,False,
PR0004388,2024-03-18,スマートフォン,スタンダード 128GB,147799,店舗,名古屋栄店,C01712,山崎,男,55,大阪府,2022-05-04,6,1064717,VIP,False,
PR0004389,2026-03-17,スマートフォン,スタンダード 128GB,59967,店舗,天王寺店,C01712,山崎,男,55,大阪府,2022-05-04,6,1064717,VIP,False,729
PR0004393,2024-01-25,テレビ,4K テレビ 50型,102434,店舗,渋谷店,C01712,山崎,男,55,大阪府,2022-05-04,6,1064717,VIP,False,
PR0004392,2023-01-18,洗濯機,全自動 8kg,212943,EC,,C01712,山崎,男,55,大阪府,2022-05-04,6,1064717,VIP,True,
PR0004395,2025-07-17,オーディオ,ワイヤレスイヤホン,176374,EC,,C01713,田中,男,22,北海道,2021-07-21,2,645334,Regular,False,
PR0004394,2025-02-08,テレビ,有機EL 75型,468960,EC,,C01713,田中,男,22,北海道,2021-07-21,2,645334,Regular,True,
PR0004396,2025-07-02,エアコン,業務用エアコン,304446,店舗,天王寺店,C01714,中島,男,46,千葉県,2021-05-16,1,304446,Light,True,
PR0004397,2023-10-22,エアコン,エアコン 10畳用,248281,店舗,横浜駅前店,C01715,鈴木,男,35,北海道,2022-09-23,3,870677,Loyal,False,
PR0004399,2024-10-19,カメラ・ビデオ,交換レンズ,125977,店舗,池袋店,C01715,鈴木,男,35,北海道,2022-09-23,3,870677,Loyal,False,
PR0004398,2023-08-12,テレビ,スマートテレビ 43型,496419,店舗,天王寺店,C01715,鈴木,男,35,北海道,2022-09-23,3,870677,Loyal,True,
PR0004400,2026-01-24,冷蔵庫,冷蔵庫 600L 大型,270364,EC,,C01716,木村,男,75,大阪府,2024-09-05,2,582656,Regular,True,
PR0004401,2026-03-21,洗濯機,全自動 8kg,312292,EC,,C01716,木村,男,75,大阪府,2024-09-05,2,582656,Regular,False,
PR0004402,2022-04-07,エアコン,業務用エアコン,90686,店舗,名古屋栄店,C01717,山本,女,32,千葉県,2021-05-12,2,253709,Inactive,True,
PR0004403,2023-12-23,洗濯機,縦型洗濯機,163023,店舗,天王寺店,C01717,山本,女,32,千葉県,2021-05-12,2,253709,Inactive,False,
PR0004405,2025-03-29,PC・タブレット,ゲーミングPC,93022,EC,,C01718,坂本,男,47,兵庫県,2022-02-17,4,582538,Loyal,False,
PR0004406,2024-03-18,カメラ・ビデオ,ミラーレス一眼,159301,EC,,C01718,坂本,男,47,兵庫県,2022-02-17,4,582538,Loyal,True,
PR0004407,2024-12-11,スマートフォン,ミドルレンジ機種,121866,店舗,渋谷店,C01718,坂本,男,47,兵庫県,2022-02-17,4,582538,Loyal,False,
PR0004404,2024-12-26,冷蔵庫,冷蔵庫 400L,208349,EC,,C01718,坂本,男,47,兵庫県,2022-02-17,4,582538,Loyal,False,
PR0004409,2025-01-28,エアコン,業務用エアコン,161506,店舗,札幌駅前店,C01719,阿部,男,54,北海道,2023-03-24,2,214258,Regular,False,
PR0004408,2024-08-30,美容家電・小物,電動歯ブラシ,52752,EC,,C01719,阿部,男,54,北海道,2023-03-24,2,214258,Regular,True,
PR0004412,2024-06-23,エアコン,エアコン 10畳用,157628,EC,,C01721,阿部,男,52,福岡県,2021-10-24,3,379882,Loyal,False,
PR0004410,2023-04-17,冷蔵庫,冷蔵庫 500L,199610,店舗,天王寺店,C01721,阿部,男,52,福岡県,2021-10-24,3,379882,Loyal,True,
PR0004411,2025-12-09,美容家電・小物,電気シェーバー,22644,EC,,C01721,阿部,男,52,福岡県,2021-10-24,3,379882,Loyal,False,
PR0004413,2025-09-19,スマートフォン,ミドルレンジ機種,67618,店舗,横浜駅前店,C01722,斎藤,女,25,埼玉県,2025-07-30,1,67618,Light,True,
PR0004414,2025-10-18,スマートフォン,コンパクトモデル,129157,店舗,福岡天神店,C01723,松本,女,42,京都府,2025-10-04,2,494465,Regular,True,
PR0004415,2025-11-07,冷蔵庫,コンパクト冷蔵庫,365308,店舗,秋葉原店,C01723,松本,女,42,京都府,2025-10-04,2,494465,Regular,False,
PR0004417,2022-05-16,PC・タブレット,ワークステーション,153357,店舗,横浜駅前店,C01724,木村,女,58,宮城県,2021-11-03,3,711705,Inactive,True,
PR0004418,2024-04-02,スマートフォン,スタンダード 128GB,65117,店舗,福岡天神店,C01724,木村,女,58,宮城県,2021-11-03,3,711705,Inactive,False,
PR0004416,2022-05-18,テレビ,スマートテレビ 43型,493231,店舗,池袋店,C01724,木村,女,58,宮城県,2021-11-03,3,711705,Inactive,False,
PR0004420,2023-07-21,PC・タブレット,ノートPC 15型,263253,店舗,渋谷店,C01726,山田,女,66,広島県,2022-10-24,2,336242,Regular,True,
PR0004419,2025-04-17,美容家電・小物,電動歯ブラシ,72989,店舗,池袋店,C01726,山田,女,66,広島県,2022-10-24,2,336242,Regular,False,
PR0004422,2026-01-05,スマートフォン,最新スマホ 256GB,178038,店舗,天王寺店,C01727,池田,男,70,宮城県,2023-12-29,2,416146,Regular,True,
PR0004421,2026-03-29,テレビ,有機EL 75型,238108,EC,,C01727,池田,男,70,宮城県,2023-12-29,2,416146,Regular,False,
PR0004426,2024-02-15,PC・タブレット,ワークステーション,144421,EC,,C01728,佐々木,女,28,福岡県,2023-09-01,8,935796,VIP,False,
PR0004430,2025-04-30,エアコン,エアコン 18畳用,175028,EC,,C01728,佐々木,女,28,福岡県,2023-09-01,8,935796,VIP,False,
PR0004425,2025-09-07,カメラ・ビデオ,アクションカメラ,141423,EC,,C01728,佐々木,女,28,福岡県,2023-09-01,8,935796,VIP,False,
PR0004423,2023-11-05,ゲーム・玩具,ゲームソフト,17100,EC,,C01728,佐々木,女,28,福岡県,2023-09-01,8,935796,VIP,False,
PR0004428,2023-10-25,スマートフォン,ミドルレンジ機種,107806,EC,,C01728,佐々木,女,28,福岡県,2023-09-01,8,935796,VIP,True,
PR0004429,2025-11-10,スマートフォン,Pro モデル 512GB,198569,EC,,C01728,佐々木,女,28,福岡県,2023-09-01,8,935796,VIP,False,747
PR0004427,2024-08-09,洗濯機,コンパクト洗濯機,128759,EC,,C01728,佐々木,女,28,福岡県,2023-09-01,8,935796,VIP,False,
PR0004424,2024-07-22,美容家電・小物,ヘアアイロン,22690,店舗,新宿店,C01728,佐々木,女,28,福岡県,2023-09-01,8,935796,VIP,False,
PR0004431,2024-06-29,エアコン,エアコン 18畳用,134820,EC,,C01729,井上,男,52,兵庫県,2021-11-30,2,306644,Regular,True,
PR0004432,2025-01-19,スマートフォン,Pro モデル 512GB,171824,店舗,天王寺店,C01729,井上,男,52,兵庫県,2021-11-30,2,306644,Regular,False,
PR0004434,2022-12-31,スマートフォン,最新スマホ 256GB,142766,EC,,C01730,林,女,22,愛知県,2021-09-16,2,550059,Inactive,False,
PR0004433,2022-05-24,テレビ,有機EL 55型,407293,EC,,C01730,林,女,22,愛知県,2021-09-16,2,550059,Inactive,True,
PR0004436,2024-06-20,カメラ・ビデオ,ドローン,102909,EC,,C01731,斎藤,男,48,兵庫県,2021-08-05,3,384778,Loyal,False,
PR0004437,2025-11-02,スマートフォン,コンパクトモデル,44940,店舗,福岡天神店,C01731,斎藤,男,48,兵庫県,2021-08-05,3,384778,Loyal,False,
PR0004435,2022-02-01,テレビ,4K テレビ 50型,236929,EC,,C01731,斎藤,男,48,兵庫県,2021-08-05,3,384778,Loyal,True,
PR0004442,2024-10-04,PC・タブレット,ノートPC 13型,72332,店舗,池袋店,C01732,山本,男,68,神奈川県,2023-10-01,6,747490,VIP,False,
PR0004441,2025-04-03,エアコン,エアコン 10畳用,81076,店舗,新宿店,C01732,山本,男,68,神奈川県,2023-10-01,6,747490,VIP,False,
PR0004438,2023-10-30,スマートフォン,コンパクトモデル,97043,店舗,札幌駅前店,C01732,山本,男,68,神奈川県,2023-10-01,6,747490,VIP,True,
PR0004439,2025-11-05,スマートフォン,ハイエンド 1TB,171036,店舗,渋谷店,C01732,山本,男,68,神奈川県,2023-10-01,6,747490,VIP,False,737
PR0004443,2025-07-26,テレビ,4K テレビ 65型,56452,店舗,名古屋栄店,C01732,山本,男,68,神奈川県,2023-10-01,6,747490,VIP,False,
PR0004440,2024-03-12,冷蔵庫,冷蔵庫 500L,269551,EC,,C01732,山本,男,68,神奈川県,2023-10-01,6,747490,VIP,False,
PR0004444,2025-09-16,洗濯機,ドラム式洗濯機,236431,EC,,C01734,山下,男,30,神奈川県,2021-11-28,1,236431,Light,True,
PR0004446,2024-09-06,PC・タブレット,ゲーミングPC,301062,EC,,C01735,松本,男,72,宮城県,2024-07-07,2,345191,Regular,True,
PR0004445,2025-01-13,ゲーム・玩具,VR ゴーグル,44129,EC,,C01735,松本,男,72,宮城県,2024-07-07,2,345191,Regular,False,
PR0004447,2026-01-29,エアコン,業務用エアコン,138348,店舗,大阪梅田店,C01736,鈴木,男,43,千葉県,2024-11-25,2,217393,Regular,True,
PR0004448,2026-03-27,美容家電・小物,電気シェーバー,79045,EC,,C01736,鈴木,男,43,千葉県,2024-11-25,2,217393,Regular,False,
PR0004451,2023-09-25,エアコン,業務用エアコン,162352,EC,,C01737,青木,男,62,京都府,2023-05-10,3,532243,Loyal,False,
PR0004449,2025-12-30,オーディオ,サウンドバー,78095,EC,,C01737,青木,男,62,京都府,2023-05-10,3,532243,Loyal,False,
PR0004450,2023-06-21,カメラ・ビデオ,ドローン,291796,EC,,C01737,青木,男,62,京都府,2023-05-10,3,532243,Loyal,True,
PR0004452,2025-01-13,エアコン,業務用エアコン,327357,店舗,名古屋栄店,C01738,前田,女,43,宮城県,2024-09-07,2,684079,Regular,False,
PR0004453,2024-11-21,テレビ,プロジェクター,356722,店舗,渋谷店,C01738,前田,女,43,宮城県,2024-09-07,2,684079,Regular,True,
PR0004455,2025-09-01,カメラ・ビデオ,ドローン,94734,店舗,池袋店,C01739,石川,男,32,宮城県,2025-02-18,2,171914,Regular,True,
PR0004454,2025-11-23,スマートフォン,スタンダード 128GB,77180,店舗,横浜駅前店,C01739,石川,男,32,宮城県,2025-02-18,2,171914,Regular,False,
PR0004456,2026-02-18,エアコン,エアコン 18畳用,319094,EC,,C01740,阿部,女,42,北海道,2021-08-06,3,548122,Loyal,False,
PR0004457,2024-01-03,テレビ,プロジェクター,155003,EC,,C01740,阿部,女,42,北海道,2021-08-06,3,548122,Loyal,True,
PR0004458,2024-11-04,美容家電・小物,電動歯ブラシ,74025,店舗,渋谷店,C01740,阿部,女,42,北海道,2021-08-06,3,548122,Loyal,False,
PR0004460,2024-10-20,ゲーム・玩具,VR ゴーグル,23786,EC,,C01741,後藤,女,44,大阪府,2021-09-25,2,139486,Regular,False,
PR0004459,2023-12-25,スマートフォン,ミドルレンジ機種,115700,EC,,C01741,後藤,女,44,大阪府,2021-09-25,2,139486,Regular,True,
PR0004461,2024-01-21,カメラ・ビデオ,ミラーレス一眼,98603,店舗,秋葉原店,C01742,佐々木,男,38,愛知県,2022-02-04,1,98603,Inactive,True,
PR0004462,2023-05-04,洗濯機,コンパクト洗濯機,257608,店舗,大阪梅田店,C01743,山下,女,22,福岡県,2023-03-15,1,257608,Inactive,True,
PR0004463,2026-03-25,PC・タブレット,ノートPC 13型,62375,EC,,C01744,山崎,男,49,千葉県,2025-09-05,2,259961,Regular,False,
PR0004464,2025-09-24,カメラ・ビデオ,コンパクトデジカメ,197586,店舗,秋葉原店,C01744,山崎,男,49,千葉県,2025-09-05,2,259961,Regular,True,
PR0004465,2024-10-02,洗濯機,縦型洗濯機,192684,EC,,C01745,林,男,57,千葉県,2024-05-08,1,192684,Light,True,
PR0004468,2023-06-05,カメラ・ビデオ,ドローン,183602,店舗,天王寺店,C01746,石川,男,40,千葉県,2022-09-15,3,638426,Loyal,True,
PR0004467,2025-01-21,スマートフォン,ハイエンド 1TB,55675,店舗,名古屋栄店,C01746,石川,男,40,千葉県,2022-09-15,3,638426,Loyal,False,
PR0004466,2024-03-03,冷蔵庫,コンパクト冷蔵庫,399149,店舗,天王寺店,C01746,石川,男,40,千葉県,2022-09-15,3,638426,Loyal,False,
PR0004469,2026-01-02,PC・タブレット,ノートPC 13型,326853,EC,,C01747,池田,男,22,神奈川県,2024-05-24,2,525913,Regular,False,
PR0004470,2025-07-21,エアコン,業務用エアコン,199060,EC,,C01747,池田,男,22,神奈川県,2024-05-24,2,525913,Regular,True,
PR0004473,2024-01-06,ゲーム・玩具,据置型ゲーム機,28513,EC,,C01748,村上,男,43,千葉県,2022-11-07,3,346489,Loyal,True,
PR0004472,2024-11-28,洗濯機,ドラム式洗濯機,296515,EC,,C01748,村上,男,43,千葉県,2022-11-07,3,346489,Loyal,False,
PR0004471,2024-10-23,美容家電・小物,ドライヤー,21461,EC,,C01748,村上,男,43,千葉県,2022-11-07,3,346489,Loyal,False,
PR0004474,2024-08-25,洗濯機,縦型洗濯機,227432,EC,,C01749,山本,男,53,東京都,2023-02-15,1,227432,Light,True,
PR0004475,2025-07-28,PC・タブレット,ノートPC 15型,144872,EC,,C01750,山本,女,49,兵庫県,2023-08-17,1,144872,Light,True,
PR0004478,2024-12-08,PC・タブレット,ゲーミングPC,287616,店舗,福岡天神店,C01751,石井,女,56,京都府,2024-03-10,3,399514,Loyal,True,
PR0004477,2026-02-20,スマートフォン,コンパクトモデル,51535,EC,,C01751,石井,女,56,京都府,2024-03-10,3,399514,Loyal,False,
PR0004476,2025-10-11,美容家電・小物,電気シェーバー,60363,EC,,C01751,石井,女,56,京都府,2024-03-10,3,399514,Loyal,False,
PR0004479,2023-12-13,PC・タブレット,ゲーミングPC,172816,EC,,C01752,渡辺,女,57,埼玉県,2023-04-13,1,172816,Inactive,True,
PR0004480,2024-01-04,美容家電・小物,美顔器,16402,店舗,秋葉原店,C01753,松本,男,44,広島県,2022-09-02,1,16402,Inactive,True,
PR0004483,2023-10-07,PC・タブレット,2-in-1 PC,91826,店舗,天王寺店,C01754,藤田,女,67,愛知県,2023-03-30,3,298536,Loyal,True,
PR0004481,2024-12-17,テレビ,有機EL 55型,140127,店舗,池袋店,C01754,藤田,女,67,愛知県,2023-03-30,3,298536,Loyal,False,
PR0004482,2025-03-02,美容家電・小物,電気シェーバー,66583,店舗,札幌駅前店,C01754,藤田,女,67,愛知県,2023-03-30,3,298536,Loyal,False,
PR0004484,2026-02-14,冷蔵庫,冷蔵庫 500L,422693,EC,,C01755,藤田,女,57,宮城県,2025-07-26,1,422693,Light,True,
PR0004485,2022-07-30,PC・タブレット,2-in-1 PC,84525,店舗,名古屋栄店,C01756,吉田,男,33,東京都,2022-03-15,2,112277,Inactive,True,
PR0004486,2023-08-25,美容家電・小物,電動歯ブラシ,27752,EC,,C01756,吉田,男,33,東京都,2022-03-15,2,112277,Inactive,False,
PR0004487,2025-12-17,PC・タブレット,ワークステーション,300983,店舗,大阪梅田店,C01757,長谷川,女,22,埼玉県,2025-10-29,2,378043,Regular,True,
PR0004488,2026-03-19,ゲーム・玩具,VR ゴーグル,77060,EC,,C01757,長谷川,女,22,埼玉県,2025-10-29,2,378043,Regular,False,
PR0004489,2025-08-20,エアコン,業務用エアコン,141868,EC,,C01758,藤田,男,54,広島県,2025-06-11,1,141868,Light,True,
PR0004490,2025-08-26,オーディオ,ヘッドホン,120567,店舗,横浜駅前店,C01759,松本,女,44,愛知県,2023-01-23,4,437474,Loyal,False,
PR0004491,2023-02-08,スマートフォン,Pro モデル 512GB,81030,EC,,C01759,松本,女,44,愛知県,2023-01-23,4,437474,Loyal,True,
PR0004492,2025-10-14,スマートフォン,コンパクトモデル,178248,EC,,C01759,松本,女,44,愛知県,2023-01-23,4,437474,Loyal,False,979
PR0004493,2024-06-17,美容家電・小物,電動歯ブラシ,57629,店舗,札幌駅前店,C01759,松本,女,44,愛知県,2023-01-23,4,437474,Loyal,False,
PR0004496,2023-08-28,PC・タブレット,ゲーミングPC,229898,店舗,大阪梅田店,C01760,森,女,31,広島県,2023-01-01,3,864768,Loyal,False,
PR0004494,2024-05-07,スマートフォン,ミドルレンジ機種,194563,店舗,渋谷店,C01760,森,女,31,広島県,2023-01-01,3,864768,Loyal,False,
PR0004495,2023-02-15,テレビ,4K テレビ 50型,440307,EC,,C01760,森,女,31,広島県,2023-01-01,3,864768,Loyal,True,
PR0004497,2024-12-08,PC・タブレット,ワークステーション,290319,店舗,池袋店,C01761,遠藤,男,55,広島県,2023-11-25,4,874195,Loyal,False,
PR0004499,2023-12-07,スマートフォン,ハイエンド 1TB,137707,店舗,大阪梅田店,C01761,遠藤,男,55,広島県,2023-11-25,4,874195,Loyal,True,
PR0004500,2024-09-18,テレビ,プロジェクター,318190,店舗,名古屋栄店,C01761,遠藤,男,55,広島県,2023-11-25,4,874195,Loyal,False,
PR0004498,2025-09-10,洗濯機,コンパクト洗濯機,127979,EC,,C01761,遠藤,男,55,広島県,2023-11-25,4,874195,Loyal,False,
PR0004502,2024-11-29,スマートフォン,ミドルレンジ機種,115436,店舗,大阪梅田店,C01762,山本,女,22,福岡県,2023-12-27,2,479559,Regular,True,
PR0004501,2025-12-16,テレビ,有機EL 75型,364123,店舗,横浜駅前店,C01762,山本,女,22,福岡県,2023-12-27,2,479559,Regular,False,
PR0004507,2023-02-08,PC・タブレット,ワークステーション,240090,EC,,C01763,中島,男,38,京都府,2021-09-06,6,1145404,VIP,False,
PR0004508,2024-05-26,ゲーム・玩具,据置型ゲーム機,53840,店舗,新宿店,C01763,中島,男,38,京都府,2021-09-06,6,1145404,VIP,False,
PR0004503,2023-03-30,スマートフォン,ミドルレンジ機種,149988,店舗,天王寺店,C01763,中島,男,38,京都府,2021-09-06,6,1145404,VIP,False,
PR0004504,2025-05-03,スマートフォン,スタンダード 128GB,175848,店舗,新宿店,C01763,中島,男,38,京都府,2021-09-06,6,1145404,VIP,False,765
PR0004506,2022-04-25,冷蔵庫,フレンチドア 700L,261348,店舗,渋谷店,C01763,中島,男,38,京都府,2021-09-06,6,1145404,VIP,True,
PR0004505,2023-08-04,洗濯機,乾燥機能付き 10kg,264290,EC,,C01763,中島,男,38,京都府,2021-09-06,6,1145404,VIP,False,
PR0004509,2024-01-24,冷蔵庫,冷蔵庫 400L,481545,店舗,福岡天神店,C01764,池田,女,71,大阪府,2023-08-31,1,481545,Inactive,True,
PR0004512,2023-10-17,エアコン,業務用エアコン,230263,EC,,C01765,井上,男,30,兵庫県,2023-07-31,3,786987,Loyal,True,
PR0004510,2024-12-16,オーディオ,ワイヤレスイヤホン,74230,EC,,C01765,井上,男,30,兵庫県,2023-07-31,3,786987,Loyal,False,
PR0004511,2024-10-18,テレビ,4K テレビ 50型,482494,EC,,C01765,井上,男,30,兵庫県,2023-07-31,3,786987,Loyal,False,
PR0004513,2025-11-13,テレビ,スマートテレビ 43型,121795,店舗,名古屋栄店,C01766,加藤,女,63,神奈川県,2025-01-17,2,176135,Regular,False,
PR0004514,2025-02-06,美容家電・小物,ヘアアイロン,54340,EC,,C01766,加藤,女,63,神奈川県,2025-01-17,2,176135,Regular,True,
PR0004518,2024-10-08,PC・タブレット,タブレット 10型,299149,EC,,C01767,山崎,男,28,福岡県,2024-07-11,5,719237,VIP,False,
PR0004516,2025-05-04,ゲーム・玩具,据置型ゲーム機,24541,EC,,C01767,山崎,男,28,福岡県,2024-07-11,5,719237,VIP,False,
PR0004515,2024-12-10,スマートフォン,Pro モデル 512GB,157650,EC,,C01767,山崎,男,28,福岡県,2024-07-11,5,719237,VIP,False,
PR0004517,2025-12-17,冷蔵庫,フレンチドア 700L,171218,EC,,C01767,山崎,男,28,福岡県,2024-07-11,5,719237,VIP,False,
PR0004519,2024-09-18,美容家電・小物,ヘアアイロン,66679,EC,,C01767,山崎,男,28,福岡県,2024-07-11,5,719237,VIP,True,
PR0004521,2022-07-02,エアコン,エアコン 14畳用,380823,店舗,名古屋栄店,C01768,村上,男,43,愛知県,2022-06-17,2,659598,Regular,True,
PR0004520,2025-08-19,洗濯機,ドラム式洗濯機,278775,店舗,新宿店,C01768,村上,男,43,愛知県,2022-06-17,2,659598,Regular,False,
PR0004523,2025-06-16,カメラ・ビデオ,ドローン,97307,店舗,福岡天神店,C01769,岡田,女,75,神奈川県,2025-02-05,3,203455,Loyal,False,
PR0004524,2025-04-20,ゲーム・玩具,携帯ゲーム機,58802,店舗,大阪梅田店,C01769,岡田,女,75,神奈川県,2025-02-05,3,203455,Loyal,True,
PR0004522,2025-06-12,美容家電・小物,ヘアアイロン,47346,店舗,池袋店,C01769,岡田,女,75,神奈川県,2025-02-05,3,203455,Loyal,False,
PR0004525,2025-07-25,スマートフォン,最新スマホ 256GB,53823,店舗,天王寺店,C01770,石井,男,53,埼玉県,2024-05-16,1,53823,Light,True,
PR0004527,2026-03-14,スマートフォン,スタンダード 128GB,191346,店舗,秋葉原店,C01771,中島,女,22,埼玉県,2025-11-20,2,197506,Regular,False,
PR0004526,2026-03-11,美容家電・小物,ヘアアイロン,6160,店舗,渋谷店,C01771,中島,女,22,埼玉県,2025-11-20,2,197506,Regular,True,
PR0004529,2025-04-28,テレビ,有機EL 75型,101027,EC,,C01772,後藤,女,63,大阪府,2024-10-23,2,285764,Regular,False,
PR0004528,2025-01-05,洗濯機,縦型洗濯機,184737,EC,,C01772,後藤,女,63,大阪府,2024-10-23,2,285764,Regular,True,
PR0004530,2023-11-15,スマートフォン,ミドルレンジ機種,178557,EC,,C01773,小林,女,39,大阪府,2021-04-12,2,246113,Regular,True,
PR0004531,2025-05-03,美容家電・小物,電動歯ブラシ,67556,EC,,C01773,小林,女,39,大阪府,2021-04-12,2,246113,Regular,False,
PR0004532,2025-02-03,洗濯機,コンパクト洗濯機,118020,店舗,新宿店,C01774,森,男,46,東京都,2021-08-26,1,118020,Light,True,
PR0004533,2023-11-05,PC・タブレット,ワークステーション,159105,EC,,C01775,松本,男,60,兵庫県,2022-12-31,2,591792,Regular,True,
PR0004534,2025-12-22,テレビ,有機EL 55型,432687,EC,,C01775,松本,男,60,兵庫県,2022-12-31,2,591792,Regular,False,
PR0004535,2025-09-05,カメラ・ビデオ,交換レンズ,290497,EC,,C01776,石川,男,37,京都府,2024-08-08,3,636452,Loyal,False,
PR0004536,2024-10-17,スマートフォン,最新スマホ 256GB,194035,EC,,C01776,石川,男,37,京都府,2024-08-08,3,636452,Loyal,True,
PR0004537,2025-01-08,洗濯機,縦型洗濯機,151920,店舗,大阪梅田店,C01776,石川,男,37,京都府,2024-08-08,3,636452,Loyal,False,
PR0004538,2024-02-22,ゲーム・玩具,据置型ゲーム機,52311,店舗,池袋店,C01777,鈴木,男,44,千葉県,2023-05-12,3,244022,Loyal,True,
PR0004540,2024-06-14,スマートフォン,スタンダード 128GB,48890,EC,,C01777,鈴木,男,44,千葉県,2023-05-12,3,244022,Loyal,False,
PR0004539,2026-03-28,テレビ,有機EL 75型,142821,EC,,C01777,鈴木,男,44,千葉県,2023-05-12,3,244022,Loyal,False,
PR0004543,2024-04-30,カメラ・ビデオ,コンパクトデジカメ,190654,EC,,C01778,加藤,女,73,北海道,2022-05-28,3,294389,Loyal,True,
PR0004541,2025-01-26,スマートフォン,ハイエンド 1TB,34791,店舗,天王寺店,C01778,加藤,女,73,北海道,2022-05-28,3,294389,Loyal,False,
PR0004542,2025-02-13,美容家電・小物,電気シェーバー,68944,EC,,C01778,加藤,女,73,北海道,2022-05-28,3,294389,Loyal,False,
PR0004545,2026-01-29,ゲーム・玩具,据置型ゲーム機,58931,店舗,札幌駅前店,C01779,吉田,女,46,東京都,2025-07-13,2,101201,Regular,False,
PR0004544,2025-12-28,美容家電・小物,マッサージガン,42270,店舗,横浜駅前店,C01779,吉田,女,46,東京都,2025-07-13,2,101201,Regular,True,
PR0004546,2026-01-23,スマートフォン,ハイエンド 1TB,195175,EC,,C01780,阿部,男,57,広島県,2023-06-20,3,792131,Loyal,False,
PR0004548,2024-05-26,テレビ,プロジェクター,296492,店舗,札幌駅前店,C01780,阿部,男,57,広島県,2023-06-20,3,792131,Loyal,True,
PR0004547,2025-10-31,洗濯機,コンパクト洗濯機,300464,EC,,C01780,阿部,男,57,広島県,2023-06-20,3,792131,Loyal,False,
PR0004551,2024-01-19,スマートフォン,スタンダード 128GB,73287,店舗,名古屋栄店,C01781,田中,女,35,北海道,2022-02-06,5,353236,Loyal,False,
PR0004552,2025-12-28,スマートフォン,ハイエンド 1TB,152807,EC,,C01781,田中,女,35,北海道,2022-02-06,5,353236,Loyal,False,709
PR0004553,2022-03-13,テレビ,有機EL 75型,80850,EC,,C01781,田中,女,35,北海道,2022-02-06,5,353236,Loyal,True,
PR0004549,2023-04-27,美容家電・小物,ヘアアイロン,22937,店舗,福岡天神店,C01781,田中,女,35,北海道,2022-02-06,5,353236,Loyal,False,
PR0004550,2025-12-29,美容家電・小物,電動歯ブラシ,23355,店舗,渋谷店,C01781,田中,女,35,北海道,2022-02-06,5,353236,Loyal,False,977
PR0004555,2023-09-12,カメラ・ビデオ,コンパクトデジカメ,119389,EC,,C01782,遠藤,男,30,愛知県,2023-07-24,3,329611,Loyal,True,
PR0004554,2025-09-16,スマートフォン,ハイエンド 1TB,147054,EC,,C01782,遠藤,男,30,愛知県,2023-07-24,3,329611,Loyal,False,
PR0004556,2026-02-11,テレビ,スマートテレビ 43型,63168,店舗,天王寺店,C01782,遠藤,男,30,愛知県,2023-07-24,3,329611,Loyal,False,
PR0004557,2023-06-22,テレビ,有機EL 55型,309412,店舗,名古屋栄店,C01783,青木,男,39,兵庫県,2022-07-31,1,309412,Inactive,True,
PR0004560,2024-08-14,スマートフォン,ハイエンド 1TB,118131,店舗,札幌駅前店,C01784,小林,男,51,神奈川県,2024-05-19,3,810042,Loyal,True,
PR0004558,2026-01-02,冷蔵庫,コンパクト冷蔵庫,377621,店舗,横浜駅前店,C01784,小林,男,51,神奈川県,2024-05-19,3,810042,Loyal,False,
PR0004559,2025-09-27,洗濯機,コンパクト洗濯機,314290,店舗,福岡天神店,C01784,小林,男,51,神奈川県,2024-05-19,3,810042,Loyal,False,
PR0004561,2023-11-04,冷蔵庫,コンパクト冷蔵庫,368426,EC,,C01785,阿部,女,75,大阪府,2023-02-18,1,368426,Inactive,True,
PR0004562,2024-06-16,ゲーム・玩具,VR ゴーグル,62860,店舗,天王寺店,C01786,青木,女,41,宮城県,2024-04-25,2,189979,Regular,True,
PR0004563,2025-09-06,スマートフォン,Pro モデル 512GB,127119,店舗,新宿店,C01786,青木,女,41,宮城県,2024-04-25,2,189979,Regular,False,
PR0004565,2022-06-26,PC・タブレット,2-in-1 PC,67262,店舗,横浜駅前店,C01787,加藤,女,35,福岡県,2022-03-16,3,148876,Regular,True,
PR0004564,2025-11-25,ゲーム・玩具,VR ゴーグル,71108,店舗,横浜駅前店,C01787,加藤,女,35,福岡県,2022-03-16,3,148876,Regular,False,
PR0004566,2023-07-31,美容家電・小物,マッサージガン,10506,店舗,大阪梅田店,C01787,加藤,女,35,福岡県,2022-03-16,3,148876,Regular,False,
PR0004568,2026-03-14,エアコン,エアコン 6畳用,397892,店舗,池袋店,C01788,中島,男,74,愛知県,2023-03-27,2,512118,Regular,False,
PR0004567,2025-06-07,スマートフォン,Pro モデル 512GB,114226,店舗,福岡天神店,C01788,中島,男,74,愛知県,2023-03-27,2,512118,Regular,True,
PR0004569,2024-04-15,エアコン,エアコン 14畳用,292124,店舗,福岡天神店,C01789,伊藤,男,48,兵庫県,2023-04-21,4,767932,Loyal,False,
PR0004571,2024-12-28,カメラ・ビデオ,コンパクトデジカメ,73440,店舗,池袋店,C01789,伊藤,男,48,兵庫県,2023-04-21,4,767932,Loyal,False,
PR0004570,2024-03-15,スマートフォン,ハイエンド 1TB,185128,店舗,池袋店,C01789,伊藤,男,48,兵庫県,2023-04-21,4,767932,Loyal,True,
PR0004572,2025-08-05,冷蔵庫,冷蔵庫 600L 大型,217240,EC,,C01789,伊藤,男,48,兵庫県,2023-04-21,4,767932,Loyal,False,
PR0004579,2024-10-03,PC・タブレット,2-in-1 PC,114700,店舗,札幌駅前店,C01790,遠藤,女,50,愛知県,2022-12-26,8,993923,VIP,False,
PR0004576,2022-12-28,カメラ・ビデオ,ドローン,145106,店舗,札幌駅前店,C01790,遠藤,女,50,愛知県,2022-12-26,8,993923,VIP,True,
PR0004577,2025-05-25,ゲーム・玩具,コントローラ,35765,店舗,池袋店,C01790,遠藤,女,50,愛知県,2022-12-26,8,993923,VIP,False,
PR0004573,2026-02-16,スマートフォン,Pro モデル 512GB,33678,EC,,C01790,遠藤,女,50,愛知県,2022-12-26,8,993923,VIP,False,
PR0004578,2025-03-03,テレビ,スマートテレビ 43型,101124,店舗,名古屋栄店,C01790,遠藤,女,50,愛知県,2022-12-26,8,993923,VIP,False,
PR0004580,2023-10-30,冷蔵庫,冷蔵庫 400L,494395,店舗,名古屋栄店,C01790,遠藤,女,50,愛知県,2022-12-26,8,993923,VIP,False,
PR0004574,2023-02-01,美容家電・小物,美顔器,28093,店舗,札幌駅前店,C01790,遠藤,女,50,愛知県,2022-12-26,8,993923,VIP,False,
PR0004575,2025-05-08,美容家電・小物,電動歯ブラシ,41062,店舗,池袋店,C01790,遠藤,女,50,愛知県,2022-12-26,8,993923,VIP,False,827
PR0004581,2025-03-16,カメラ・ビデオ,ビデオカメラ,103138,EC,,C01791,橋本,男,56,広島県,2024-08-09,1,103138,Light,True,
PR0004584,2025-09-02,スマートフォン,スタンダード 128GB,97773,EC,,C01792,林,男,56,愛知県,2025-04-12,3,641637,Loyal,False,
PR0004583,2026-02-01,テレビ,有機EL 75型,397336,店舗,新宿店,C01792,林,男,56,愛知県,2025-04-12,3,641637,Loyal,False,
PR0004582,2025-06-25,冷蔵庫,冷蔵庫 600L 大型,146528,店舗,横浜駅前店,C01792,林,男,56,愛知県,2025-04-12,3,641637,Loyal,True,
PR0004585,2026-02-14,オーディオ,ホームオーディオ,141117,EC,,C01793,森,男,32,東京都,2025-10-09,1,141117,Light,True,
PR0004586,2024-07-09,テレビ,有機EL 75型,97269,店舗,渋谷店,C01794,村上,女,37,神奈川県,2024-03-13,1,97269,Light,True,
PR0004592,2024-12-30,カメラ・ビデオ,交換レンズ,141152,店舗,池袋店,C01795,松本,男,33,福岡県,2024-09-09,7,1166809,VIP,True,
PR0004593,2025-11-13,ゲーム・玩具,VR ゴーグル,59907,EC,,C01795,松本,男,33,福岡県,2024-09-09,7,1166809,VIP,False,
PR0004589,2025-02-01,スマートフォン,ミドルレンジ機種,90746,EC,,C01795,松本,男,33,福岡県,2024-09-09,7,1166809,VIP,False,
PR0004588,2025-06-02,テレビ,プロジェクター,152177,EC,,C01795,松本,男,33,福岡県,2024-09-09,7,1166809,VIP,False,
PR0004591,2025-07-02,冷蔵庫,フレンチドア 700L,473592,EC,,C01795,松本,男,33,福岡県,2024-09-09,7,1166809,VIP,False,
PR0004590,2025-05-25,洗濯機,ドラム式洗濯機,169996,店舗,秋葉原店,C01795,松本,男,33,福岡県,2024-09-09,7,1166809,VIP,False,
PR0004587,2025-02-13,美容家電・小物,ヘアアイロン,79239,EC,,C01795,松本,男,33,福岡県,2024-09-09,7,1166809,VIP,False,
PR0004594,2023-01-13,テレビ,4K テレビ 65型,312525,店舗,名古屋栄店,C01796,山下,男,60,大阪府,2021-10-08,2,408384,Regular,True,
PR0004595,2025-09-02,洗濯機,全自動 8kg,95859,店舗,秋葉原店,C01796,山下,男,60,大阪府,2021-10-08,2,408384,Regular,False,
PR0004597,2024-07-09,オーディオ,ホームオーディオ,92574,EC,,C01797,山田,男,35,広島県,2022-01-08,3,327711,Loyal,True,
PR0004596,2025-06-24,スマートフォン,最新スマホ 256GB,34817,店舗,名古屋栄店,C01797,山田,男,35,広島県,2022-01-08,3,327711,Loyal,False,
PR0004598,2026-02-17,洗濯機,全自動 8kg,200320,店舗,札幌駅前店,C01797,山田,男,35,広島県,2022-01-08,3,327711,Loyal,False,
PR0004602,2025-02-13,PC・タブレット,ノートPC 15型,274357,EC,,C01798,森,男,41,埼玉県,2024-12-31,8,1935642,VIP,True,
PR0004605,2025-08-28,エアコン,エアコン 6畳用,272713,EC,,C01798,森,男,41,埼玉県,2024-12-31,8,1935642,VIP,False,
PR0004601,2025-03-14,カメラ・ビデオ,交換レンズ,214183,店舗,池袋店,C01798,森,男,41,埼玉県,2024-12-31,8,1935642,VIP,False,
PR0004603,2025-06-21,ゲーム・玩具,ボードゲーム,55521,EC,,C01798,森,男,41,埼玉県,2024-12-31,8,1935642,VIP,False,
PR0004600,2025-08-08,スマートフォン,Pro モデル 512GB,97024,EC,,C01798,森,男,41,埼玉県,2024-12-31,8,1935642,VIP,False,
PR0004604,2025-08-29,テレビ,有機EL 75型,322206,EC,,C01798,森,男,41,埼玉県,2024-12-31,8,1935642,VIP,False,
PR0004599,2025-11-17,冷蔵庫,フレンチドア 700L,484825,店舗,名古屋栄店,C01798,森,男,41,埼玉県,2024-12-31,8,1935642,VIP,False,
PR0004606,2025-09-27,洗濯機,全自動 8kg,214813,店舗,渋谷店,C01798,森,男,41,埼玉県,2024-12-31,8,1935642,VIP,False,
PR0004607,2024-10-04,テレビ,スマートテレビ 43型,211335,店舗,新宿店,C01799,小林,女,59,福岡県,2021-07-10,2,243139,Regular,True,
PR0004608,2025-09-17,美容家電・小物,美顔器,31804,店舗,横浜駅前店,C01799,小林,女,59,福岡県,2021-07-10,2,243139,Regular,False,
PR0004610,2025-11-17,スマートフォン,コンパクトモデル,170550,店舗,池袋店,C01800,佐々木,男,46,北海道,2025-07-20,2,314333,Regular,False,
PR0004609,2025-10-27,冷蔵庫,冷蔵庫 400L,143783,EC,,C01800,佐々木,男,46,北海道,2025-07-20,2,314333,Regular,True,
PR0004612,2023-06-02,エアコン,業務用エアコン,102414,店舗,横浜駅前店,C01801,吉田,男,58,千葉県,2022-12-22,2,288114,Regular,True,
PR0004611,2024-05-25,洗濯機,コンパクト洗濯機,185700,EC,,C01801,吉田,男,58,千葉県,2022-12-22,2,288114,Regular,False,
PR0004614,2025-03-07,PC・タブレット,タブレット 10型,65547,EC,,C01802,前田,女,47,愛知県,2021-09-16,7,1011908,VIP,False,
PR0004617,2025-09-22,カメラ・ビデオ,ビデオカメラ,153407,店舗,横浜駅前店,C01802,前田,女,47,愛知県,2021-09-16,7,1011908,VIP,False,
PR0004618,2025-07-01,ゲーム・玩具,ゲームソフト,70783,店舗,大阪梅田店,C01802,前田,女,47,愛知県,2021-09-16,7,1011908,VIP,False,
PR0004616,2024-02-19,テレビ,4K テレビ 50型,69095,EC,,C01802,前田,女,47,愛知県,2021-09-16,7,1011908,VIP,False,
PR0004615,2023-04-25,冷蔵庫,コンパクト冷蔵庫,460094,EC,,C01802,前田,女,47,愛知県,2021-09-16,7,1011908,VIP,True,
PR0004619,2026-02-13,洗濯機,ドラム式洗濯機,150956,EC,,C01802,前田,女,47,愛知県,2021-09-16,7,1011908,VIP,False,
PR0004613,2024-10-12,美容家電・小物,電気シェーバー,42026,店舗,名古屋栄店,C01802,前田,女,47,愛知県,2021-09-16,7,1011908,VIP,False,
PR0004622,2022-03-25,エアコン,エアコン 10畳用,398914,店舗,新宿店,C01803,村上,男,48,京都府,2021-12-02,5,928049,VIP,True,
PR0004620,2025-07-11,テレビ,有機EL 75型,140721,店舗,天王寺店,C01803,村上,男,48,京都府,2021-12-02,5,928049,VIP,False,
PR0004623,2022-09-28,冷蔵庫,冷蔵庫 600L 大型,105990,店舗,横浜駅前店,C01803,村上,男,48,京都府,2021-12-02,5,928049,VIP,False,
PR0004621,2023-03-31,洗濯機,全自動 8kg,242986,店舗,横浜駅前店,C01803,村上,男,48,京都府,2021-12-02,5,928049,VIP,False,
PR0004624,2025-03-20,美容家電・小物,電動歯ブラシ,39438,店舗,秋葉原店,C01803,村上,男,48,京都府,2021-12-02,5,928049,VIP,False,
PR0004625,2023-05-16,オーディオ,サウンドバー,79876,EC,,C01804,山本,男,39,神奈川県,2022-07-22,4,625218,Loyal,True,
PR0004626,2025-07-17,ゲーム・玩具,ボードゲーム,27236,EC,,C01804,山本,男,39,神奈川県,2022-07-22,4,625218,Loyal,False,
PR0004628,2025-07-09,冷蔵庫,冷蔵庫 600L 大型,382292,EC,,C01804,山本,男,39,神奈川県,2022-07-22,4,625218,Loyal,False,
PR0004627,2024-08-15,洗濯機,コンパクト洗濯機,135814,EC,,C01804,山本,男,39,神奈川県,2022-07-22,4,625218,Loyal,False,
PR0004629,2022-12-21,冷蔵庫,冷蔵庫 500L,268699,EC,,C01805,石川,女,31,福岡県,2022-04-29,1,268699,Inactive,True,
PR0004631,2023-11-27,テレビ,有機EL 75型,388944,EC,,C01806,藤田,男,53,埼玉県,2023-01-29,2,722809,Inactive,True,
PR0004630,2024-02-11,冷蔵庫,冷蔵庫 400L,333865,店舗,横浜駅前店,C01806,藤田,男,53,埼玉県,2023-01-29,2,722809,Inactive,False,
PR0004632,2025-07-17,PC・タブレット,ゲーミングPC,228085,店舗,名古屋栄店,C01807,長谷川,男,70,千葉県,2024-12-16,5,1142403,VIP,True,
PR0004636,2026-02-17,スマートフォン,Pro モデル 512GB,160391,EC,,C01807,長谷川,男,70,千葉県,2024-12-16,5,1142403,VIP,False,
PR0004634,2026-03-02,テレビ,有機EL 55型,303193,店舗,札幌駅前店,C01807,長谷川,男,70,千葉県,2024-12-16,5,1142403,VIP,False,
PR0004633,2025-11-07,冷蔵庫,冷蔵庫 500L,384361,店舗,札幌駅前店,C01807,長谷川,男,70,千葉県,2024-12-16,5,1142403,VIP,False,
PR0004635,2025-08-09,美容家電・小物,電動歯ブラシ,66373,店舗,新宿店,C01807,長谷川,男,70,千葉県,2024-12-16,5,1142403,VIP,False,
PR0004637,2024-01-28,スマートフォン,Pro モデル 512GB,178931,店舗,池袋店,C01808,中島,男,41,広島県,2023-03-14,1,178931,Inactive,True,
PR0004638,2025-11-21,スマートフォン,ミドルレンジ機種,143293,EC,,C01809,坂本,女,39,宮城県,2025-11-02,1,143293,Light,True,
PR0004640,2024-08-13,オーディオ,ヘッドホン,93811,EC,,C01810,山本,女,34,愛知県,2024-02-15,3,256197,Loyal,False,
PR0004641,2025-02-22,テレビ,スマートテレビ 43型,132968,EC,,C01810,山本,女,34,愛知県,2024-02-15,3,256197,Loyal,False,
PR0004639,2024-03-27,美容家電・小物,電動歯ブラシ,29418,店舗,横浜駅前店,C01810,山本,女,34,愛知県,2024-02-15,3,256197,Loyal,True,
PR0004643,2025-03-23,エアコン,業務用エアコン,179470,EC,,C01811,長谷川,男,29,京都府,2024-11-24,2,240166,Regular,True,
PR0004642,2025-04-30,スマートフォン,ミドルレンジ機種,60696,EC,,C01811,長谷川,男,29,京都府,2024-11-24,2,240166,Regular,False,
PR0004647,2025-05-25,エアコン,エアコン 14畳用,95882,店舗,渋谷店,C01812,橋本,男,53,埼玉県,2021-05-19,4,418276,Loyal,False,
PR0004644,2023-08-22,スマートフォン,ハイエンド 1TB,185021,店舗,秋葉原店,C01812,橋本,男,53,埼玉県,2021-05-19,4,418276,Loyal,True,
PR0004645,2026-01-15,スマートフォン,コンパクトモデル,85481,店舗,横浜駅前店,C01812,橋本,男,53,埼玉県,2021-05-19,4,418276,Loyal,False,877
PR0004646,2024-12-25,美容家電・小物,ドライヤー,51892,店舗,横浜駅前店,C01812,橋本,男,53,埼玉県,2021-05-19,4,418276,Loyal,False,
PR0004648,2025-07-03,ゲーム・玩具,VR ゴーグル,26480,EC,,C01813,鈴木,女,49,広島県,2024-12-12,3,366560,Loyal,False,
PR0004649,2025-01-02,スマートフォン,コンパクトモデル,156891,EC,,C01813,鈴木,女,49,広島県,2024-12-12,3,366560,Loyal,True,
PR0004650,2025-01-22,洗濯機,縦型洗濯機,183189,EC,,C01813,鈴木,女,49,広島県,2024-12-12,3,366560,Loyal,False,
PR0004654,2023-02-07,オーディオ,ターンテーブル,117430,店舗,新宿店,C01814,松本,男,51,東京都,2021-11-19,4,528220,Loyal,False,
PR0004652,2023-05-20,スマートフォン,スタンダード 128GB,126765,店舗,秋葉原店,C01814,松本,男,51,東京都,2021-11-19,4,528220,Loyal,False,
PR0004653,2025-06-26,スマートフォン,Pro モデル 512GB,161436,店舗,秋葉原店,C01814,松本,男,51,東京都,2021-11-19,4,528220,Loyal,False,768
PR0004651,2022-10-16,洗濯機,乾燥機能付き 10kg,122589,店舗,名古屋栄店,C01814,松本,男,51,東京都,2021-11-19,4,528220,Loyal,True,
PR0004659,2026-01-09,エアコン,エアコン 6畳用,396681,店舗,名古屋栄店,C01815,小林,男,44,神奈川県,2025-11-27,5,1096869,VIP,False,
PR0004655,2025-12-18,カメラ・ビデオ,交換レンズ,57342,店舗,札幌駅前店,C01815,小林,男,44,神奈川県,2025-11-27,5,1096869,VIP,True,
PR0004657,2026-03-14,スマートフォン,ミドルレンジ機種,164837,店舗,渋谷店,C01815,小林,男,44,神奈川県,2025-11-27,5,1096869,VIP,False,
PR0004658,2026-02-04,テレビ,4K テレビ 65型,290486,店舗,秋葉原店,C01815,小林,男,44,神奈川県,2025-11-27,5,1096869,VIP,False,
PR0004656,2026-03-16,洗濯機,縦型洗濯機,187523,店舗,天王寺店,C01815,小林,男,44,神奈川県,2025-11-27,5,1096869,VIP,False,
PR0004661,2021-12-06,PC・タブレット,ノートPC 15型,237820,店舗,横浜駅前店,C01816,小川,男,42,京都府,2021-07-13,9,1174361,VIP,True,
PR0004662,2025-06-01,PC・タブレット,ゲーミングPC,186909,店舗,大阪梅田店,C01816,小川,男,42,京都府,2021-07-13,9,1174361,VIP,False,1273
PR0004667,2023-10-16,エアコン,エアコン 18畳用,286066,店舗,秋葉原店,C01816,小川,男,42,京都府,2021-07-13,9,1174361,VIP,False,
PR0004663,2025-03-14,カメラ・ビデオ,ミラーレス一眼,83637,店舗,名古屋栄店,C01816,小川,男,42,京都府,2021-07-13,9,1174361,VIP,False,
PR0004668,2022-09-19,ゲーム・玩具,携帯ゲーム機,35295,店舗,秋葉原店,C01816,小川,男,42,京都府,2021-07-13,9,1174361,VIP,False,
PR0004660,2026-03-18,テレビ,スマートテレビ 43型,103313,店舗,渋谷店,C01816,小川,男,42,京都府,2021-07-13,9,1174361,VIP,False,
PR0004666,2022-11-30,洗濯機,乾燥機能付き 10kg,153258,店舗,秋葉原店,C01816,小川,男,42,京都府,2021-07-13,9,1174361,VIP,False,
PR0004664,2023-01-05,美容家電・小物,マッサージガン,78630,店舗,秋葉原店,C01816,小川,男,42,京都府,2021-07-13,9,1174361,VIP,False,
PR0004665,2025-05-23,美容家電・小物,電動歯ブラシ,9433,EC,,C01816,小川,男,42,京都府,2021-07-13,9,1174361,VIP,False,869
PR0004669,2025-09-18,PC・タブレット,2-in-1 PC,131941,店舗,名古屋栄店,C01817,前田,男,59,京都府,2023-12-28,1,131941,Light,True,
PR0004670,2024-06-14,PC・タブレット,ノートPC 15型,321399,店舗,秋葉原店,C01818,山田,男,27,埼玉県,2023-09-23,2,533447,Regular,True,
PR0004671,2024-12-08,カメラ・ビデオ,アクションカメラ,212048,店舗,池袋店,C01818,山田,男,27,埼玉県,2023-09-23,2,533447,Regular,False,
PR0004673,2022-10-02,テレビ,スマートテレビ 43型,350214,店舗,新宿店,C01819,遠藤,女,28,東京都,2022-04-12,2,474692,Inactive,True,
PR0004672,2023-07-16,冷蔵庫,フレンチドア 700L,124478,EC,,C01819,遠藤,女,28,東京都,2022-04-12,2,474692,Inactive,False,
PR0004674,2025-06-16,エアコン,エアコン 6畳用,268532,店舗,横浜駅前店,C01820,木村,男,49,愛知県,2023-12-15,3,839924,Loyal,False,
PR0004676,2025-08-07,スマートフォン,最新スマホ 256GB,77872,店舗,横浜駅前店,C01820,木村,男,49,愛知県,2023-12-15,3,839924,Loyal,False,
PR0004675,2024-01-14,テレビ,有機EL 75型,493520,EC,,C01820,木村,男,49,愛知県,2023-12-15,3,839924,Loyal,True,
PR0004677,2025-12-21,テレビ,4K テレビ 65型,224467,店舗,池袋店,C01821,渡辺,女,67,千葉県,2023-10-08,1,224467,Light,True,
PR0004679,2025-10-17,PC・タブレット,2-in-1 PC,106283,店舗,新宿店,C01822,山田,女,24,兵庫県,2024-10-20,3,272818,Loyal,False,
PR0004680,2025-06-07,テレビ,有機EL 55型,145017,店舗,池袋店,C01822,山田,女,24,兵庫県,2024-10-20,3,272818,Loyal,True,
PR0004678,2026-01-16,美容家電・小物,マッサージガン,21518,店舗,福岡天神店,C01822,山田,女,24,兵庫県,2024-10-20,3,272818,Loyal,False,
PR0004683,2026-01-30,ゲーム・玩具,VR ゴーグル,75470,店舗,横浜駅前店,C01823,石川,女,41,福岡県,2025-03-25,3,374406,Loyal,False,
PR0004681,2025-09-10,テレビ,4K テレビ 65型,241042,店舗,横浜駅前店,C01823,石川,女,41,福岡県,2025-03-25,3,374406,Loyal,False,
PR0004682,2025-08-16,美容家電・小物,ドライヤー,57894,店舗,福岡天神店,C01823,石川,女,41,福岡県,2025-03-25,3,374406,Loyal,True,
PR0004685,2026-01-13,エアコン,エアコン 18畳用,387311,店舗,池袋店,C01824,青木,女,54,千葉県,2025-12-06,3,480489,Loyal,False,
PR0004684,2025-12-29,スマートフォン,ミドルレンジ機種,33752,店舗,渋谷店,C01824,青木,女,54,千葉県,2025-12-06,3,480489,Loyal,True,
PR0004686,2026-03-05,美容家電・小物,ドライヤー,59426,店舗,天王寺店,C01824,青木,女,54,千葉県,2025-12-06,3,480489,Loyal,False,
PR0004688,2025-11-19,冷蔵庫,冷蔵庫 600L 大型,194521,店舗,天王寺店,C01825,後藤,男,51,東京都,2025-09-12,2,270164,Regular,False,
PR0004687,2025-10-31,美容家電・小物,マッサージガン,75643,EC,,C01825,後藤,男,51,東京都,2025-09-12,2,270164,Regular,True,
PR0004689,2026-03-16,PC・タブレット,2-in-1 PC,190492,店舗,札幌駅前店,C01826,橋本,男,32,福岡県,2025-04-29,2,264704,Regular,False,
PR0004690,2025-08-07,美容家電・小物,ヘアアイロン,74212,店舗,渋谷店,C01826,橋本,男,32,福岡県,2025-04-29,2,264704,Regular,True,
PR0004692,2024-06-29,エアコン,エアコン 6畳用,294057,店舗,新宿店,C01827,石井,女,65,北海道,2024-04-14,2,318558,Regular,True,
PR0004691,2024-07-05,ゲーム・玩具,VR ゴーグル,24501,EC,,C01827,石井,女,65,北海道,2024-04-14,2,318558,Regular,False,
PR0004693,2025-01-22,テレビ,有機EL 75型,101740,店舗,大阪梅田店,C01828,山崎,女,39,北海道,2021-12-17,1,101740,Light,True,
PR0004694,2025-06-05,PC・タブレット,2-in-1 PC,64726,EC,,C01829,近藤,男,75,神奈川県,2024-10-14,4,686202,Loyal,False,
PR0004696,2024-12-04,テレビ,プロジェクター,282187,EC,,C01829,近藤,男,75,神奈川県,2024-10-14,4,686202,Loyal,True,
PR0004697,2025-02-27,洗濯機,乾燥機能付き 10kg,312659,EC,,C01829,近藤,男,75,神奈川県,2024-10-14,4,686202,Loyal,False,
PR0004695,2025-09-29,美容家電・小物,電動歯ブラシ,26630,店舗,横浜駅前店,C01829,近藤,男,75,神奈川県,2024-10-14,4,686202,Loyal,False,
PR0004698,2022-10-11,PC・タブレット,タブレット 10型,175842,店舗,札幌駅前店,C01830,石井,女,22,東京都,2021-07-03,3,473863,Loyal,True,
PR0004700,2023-08-09,エアコン,エアコン 6畳用,220027,店舗,池袋店,C01830,石井,女,22,東京都,2021-07-03,3,473863,Loyal,False,
PR0004699,2025-08-15,美容家電・小物,ヘアアイロン,77994,店舗,札幌駅前店,C01830,石井,女,22,東京都,2021-07-03,3,473863,Loyal,False,
PR0004702,2024-04-19,ゲーム・玩具,ゲームソフト,45945,店舗,秋葉原店,C01831,斎藤,男,46,埼玉県,2023-09-25,3,382624,Loyal,True,
PR0004701,2025-09-04,冷蔵庫,冷蔵庫 400L,283588,EC,,C01831,斎藤,男,46,埼玉県,2023-09-25,3,382624,Loyal,False,
PR0004703,2025-08-19,美容家電・小物,電気シェーバー,53091,店舗,福岡天神店,C01831,斎藤,男,46,埼玉県,2023-09-25,3,382624,Loyal,False,
PR0004706,2025-11-17,スマートフォン,コンパクトモデル,33444,店舗,天王寺店,C01832,山本,男,43,京都府,2022-04-25,4,477743,Loyal,False,
PR0004705,2026-01-31,冷蔵庫,コンパクト冷蔵庫,104390,店舗,大阪梅田店,C01832,山本,男,43,京都府,2022-04-25,4,477743,Loyal,False,
PR0004707,2024-08-20,洗濯機,縦型洗濯機,288393,店舗,大阪梅田店,C01832,山本,男,43,京都府,2022-04-25,4,477743,Loyal,True,
PR0004704,2024-10-30,美容家電・小物,ドライヤー,51516,店舗,天王寺店,C01832,山本,男,43,京都府,2022-04-25,4,477743,Loyal,False,
PR0004708,2023-10-20,美容家電・小物,電動歯ブラシ,11222,EC,,C01833,長谷川,女,32,福岡県,2023-09-13,1,11222,Inactive,True,
PR0004709,2024-10-11,美容家電・小物,ヘアアイロン,29233,店舗,天王寺店,C01834,山崎,女,67,東京都,2022-11-27,1,29233,Light,True,
PR0004710,2024-02-29,冷蔵庫,フレンチドア 700L,415034,店舗,渋谷店,C01835,高橋,男,51,東京都,2023-11-20,1,415034,Inactive,True,
PR0004713,2025-03-09,ゲーム・玩具,ゲームソフト,13061,EC,,C01836,中村,女,42,宮城県,2024-08-16,5,654884,VIP,True,
PR0004712,2025-09-10,スマートフォン,ミドルレンジ機種,38746,店舗,天王寺店,C01836,中村,女,42,宮城県,2024-08-16,5,654884,VIP,False,
PR0004715,2025-09-03,冷蔵庫,フレンチドア 700L,404029,EC,,C01836,中村,女,42,宮城県,2024-08-16,5,654884,VIP,False,
PR0004714,2025-07-10,洗濯機,乾燥機能付き 10kg,139811,EC,,C01836,中村,女,42,宮城県,2024-08-16,5,654884,VIP,False,
PR0004711,2025-07-22,美容家電・小物,マッサージガン,59237,EC,,C01836,中村,女,42,宮城県,2024-08-16,5,654884,VIP,False,
PR0004716,2024-01-20,エアコン,エアコン 10畳用,317997,EC,,C01837,前田,男,40,埼玉県,2022-12-23,1,317997,Inactive,True,
PR0004718,2025-10-01,オーディオ,ワイヤレスイヤホン,172834,店舗,名古屋栄店,C01838,後藤,男,33,宮城県,2023-07-26,2,593373,Regular,False,
PR0004717,2024-03-11,テレビ,プロジェクター,420539,店舗,天王寺店,C01838,後藤,男,33,宮城県,2023-07-26,2,593373,Regular,True,
PR0004719,2025-05-24,オーディオ,ヘッドホン,129139,店舗,福岡天神店,C01839,山崎,男,24,大阪府,2024-10-27,1,129139,Light,True,
PR0004721,2026-03-05,エアコン,エアコン 18畳用,301175,店舗,新宿店,C01840,山田,女,64,東京都,2025-11-19,3,745694,Loyal,False,
PR0004720,2026-03-07,テレビ,スマートテレビ 43型,370110,店舗,横浜駅前店,C01840,山田,女,64,東京都,2025-11-19,3,745694,Loyal,False,
PR0004722,2026-01-11,美容家電・小物,美顔器,74409,店舗,福岡天神店,C01840,山田,女,64,東京都,2025-11-19,3,745694,Loyal,True,
PR0004723,2026-03-07,エアコン,エアコン 14畳用,369023,EC,,C01842,村上,女,22,宮城県,2026-01-07,3,768198,Loyal,False,
PR0004724,2026-01-20,スマートフォン,ハイエンド 1TB,89619,店舗,天王寺店,C01842,村上,女,22,宮城県,2026-01-07,3,768198,Loyal,False,
PR0004725,2026-01-12,洗濯機,乾燥機能付き 10kg,309556,店舗,池袋店,C01842,村上,女,22,宮城県,2026-01-07,3,768198,Loyal,True,
PR0004726,2025-02-19,カメラ・ビデオ,ミラーレス一眼,104969,店舗,渋谷店,C01843,佐藤,男,49,広島県,2021-05-16,2,571321,Regular,False,
PR0004727,2024-08-29,冷蔵庫,冷蔵庫 500L,466352,店舗,渋谷店,C01843,佐藤,男,49,広島県,2021-05-16,2,571321,Regular,True,
PR0004729,2024-06-02,エアコン,エアコン 14畳用,198016,店舗,札幌駅前店,C01844,山崎,女,58,千葉県,2024-05-18,2,275840,Regular,True,
PR0004728,2026-01-30,美容家電・小物,ヘアアイロン,77824,EC,,C01844,山崎,女,58,千葉県,2024-05-18,2,275840,Regular,False,
PR0004731,2023-06-15,エアコン,業務用エアコン,381820,EC,,C01845,佐藤,女,55,神奈川県,2022-04-11,3,668526,Loyal,True,
PR0004732,2024-01-27,スマートフォン,ミドルレンジ機種,159141,店舗,札幌駅前店,C01845,佐藤,女,55,神奈川県,2022-04-11,3,668526,Loyal,False,
PR0004730,2026-03-24,テレビ,スマートテレビ 43型,127565,店舗,渋谷店,C01845,佐藤,女,55,神奈川県,2022-04-11,3,668526,Loyal,False,
PR0004733,2025-09-17,PC・タブレット,ゲーミングPC,328146,店舗,名古屋栄店,C01846,佐藤,男,54,福岡県,2025-03-05,2,407284,Regular,False,
PR0004734,2025-05-28,美容家電・小物,ヘアアイロン,79138,店舗,新宿店,C01846,佐藤,男,54,福岡県,2025-03-05,2,407284,Regular,True,
PR0004736,2026-02-12,PC・タブレット,ゲーミングPC,341874,EC,,C01847,山口,男,42,埼玉県,2025-09-13,2,418514,Regular,False,
PR0004735,2025-12-08,ゲーム・玩具,コントローラ,76640,EC,,C01847,山口,男,42,埼玉県,2025-09-13,2,418514,Regular,True,
PR0004737,2024-01-26,スマートフォン,ハイエンド 1TB,47068,EC,,C01848,渡辺,男,45,福岡県,2021-10-30,3,422005,Loyal,True,
PR0004739,2026-02-07,テレビ,スマートテレビ 43型,295702,EC,,C01848,渡辺,男,45,福岡県,2021-10-30,3,422005,Loyal,False,
PR0004738,2026-03-26,美容家電・小物,ヘアアイロン,79235,EC,,C01848,渡辺,男,45,福岡県,2021-10-30,3,422005,Loyal,False,
PR0004740,2025-12-23,スマートフォン,ハイエンド 1TB,159887,店舗,秋葉原店,C01849,井上,男,66,広島県,2023-10-19,2,199368,Regular,False,
PR0004741,2024-11-08,美容家電・小物,電動歯ブラシ,39481,店舗,渋谷店,C01849,井上,男,66,広島県,2023-10-19,2,199368,Regular,True,
PR0004742,2023-01-06,美容家電・小物,電気シェーバー,11762,EC,,C01850,遠藤,男,41,広島県,2021-04-29,1,11762,Inactive,True,
PR0004745,2025-11-24,PC・タブレット,ノートPC 13型,344444,店舗,福岡天神店,C01851,佐々木,男,26,京都府,2023-08-25,3,486357,Loyal,False,
PR0004744,2025-09-28,オーディオ,ホームオーディオ,51212,店舗,秋葉原店,C01851,佐々木,男,26,京都府,2023-08-25,3,486357,Loyal,False,
PR0004743,2025-04-22,テレビ,プロジェクター,90701,店舗,横浜駅前店,C01851,佐々木,男,26,京都府,2023-08-25,3,486357,Loyal,True,
PR0004746,2025-12-30,テレビ,4K テレビ 50型,460433,店舗,横浜駅前店,C01852,遠藤,女,35,愛知県,2025-04-13,1,460433,Light,True,
PR0004747,2026-03-27,オーディオ,ターンテーブル,50151,EC,,C01853,井上,女,63,千葉県,2023-11-19,3,414223,Loyal,False,
PR0004749,2024-12-02,スマートフォン,コンパクトモデル,113957,EC,,C01853,井上,女,63,千葉県,2023-11-19,3,414223,Loyal,True,
PR0004748,2026-02-08,冷蔵庫,コンパクト冷蔵庫,250115,EC,,C01853,井上,女,63,千葉県,2023-11-19,3,414223,Loyal,False,
PR0004751,2024-05-10,テレビ,有機EL 55型,201539,EC,,C01854,鈴木,女,73,広島県,2022-11-23,2,208174,Regular,True,
PR0004750,2025-07-15,美容家電・小物,電動歯ブラシ,6635,EC,,C01854,鈴木,女,73,広島県,2022-11-23,2,208174,Regular,False,
PR0004753,2024-11-12,ゲーム・玩具,コントローラ,66880,店舗,天王寺店,C01855,中村,男,24,兵庫県,2024-10-09,2,105812,Regular,True,
PR0004752,2025-11-30,美容家電・小物,マッサージガン,38932,EC,,C01855,中村,男,24,兵庫県,2024-10-09,2,105812,Regular,False,
PR0004755,2026-02-25,PC・タブレット,ノートPC 13型,110864,EC,,C01856,佐藤,男,41,神奈川県,2024-11-09,7,1626518,VIP,False,
PR0004758,2024-12-04,エアコン,業務用エアコン,384494,店舗,横浜駅前店,C01856,佐藤,男,41,神奈川県,2024-11-09,7,1626518,VIP,True,
PR0004754,2025-01-15,オーディオ,Bluetoothスピーカー,68549,EC,,C01856,佐藤,男,41,神奈川県,2024-11-09,7,1626518,VIP,False,
PR0004759,2026-01-09,カメラ・ビデオ,交換レンズ,221175,EC,,C01856,佐藤,男,41,神奈川県,2024-11-09,7,1626518,VIP,False,
PR0004756,2025-07-01,スマートフォン,ハイエンド 1TB,35369,店舗,名古屋栄店,C01856,佐藤,男,41,神奈川県,2024-11-09,7,1626518,VIP,False,
PR0004760,2024-12-25,テレビ,有機EL 55型,490235,EC,,C01856,佐藤,男,41,神奈川県,2024-11-09,7,1626518,VIP,False,
PR0004757,2026-03-13,冷蔵庫,冷蔵庫 400L,315832,EC,,C01856,佐藤,男,41,神奈川県,2024-11-09,7,1626518,VIP,False,
PR0004762,2022-11-26,カメラ・ビデオ,コンパクトデジカメ,248208,店舗,池袋店,C01857,石井,男,52,京都府,2022-02-11,3,426070,Loyal,True,
PR0004761,2025-06-14,ゲーム・玩具,携帯ゲーム機,17855,店舗,名古屋栄店,C01857,石井,男,52,京都府,2022-02-11,3,426070,Loyal,False,
PR0004763,2025-01-10,スマートフォン,Pro モデル 512GB,160007,店舗,大阪梅田店,C01857,石井,男,52,京都府,2022-02-11,3,426070,Loyal,False,
PR0004764,2026-01-13,PC・タブレット,2-in-1 PC,189719,店舗,新宿店,C01858,藤田,女,71,東京都,2025-06-30,2,239339,Regular,True,
PR0004765,2026-01-18,美容家電・小物,ドライヤー,49620,店舗,名古屋栄店,C01858,藤田,女,71,東京都,2025-06-30,2,239339,Regular,False,
PR0004773,2024-09-20,PC・タブレット,2-in-1 PC,254418,店舗,天王寺店,C01859,松本,女,61,宮城県,2022-11-01,8,1494883,VIP,False,
PR0004767,2023-05-02,エアコン,エアコン 18畳用,306465,EC,,C01859,松本,女,61,宮城県,2022-11-01,8,1494883,VIP,True,
PR0004769,2025-12-12,オーディオ,サウンドバー,158582,EC,,C01859,松本,女,61,宮城県,2022-11-01,8,1494883,VIP,False,
PR0004770,2023-11-30,スマートフォン,ミドルレンジ機種,52987,EC,,C01859,松本,女,61,宮城県,2022-11-01,8,1494883,VIP,False,
PR0004771,2026-01-20,スマートフォン,コンパクトモデル,70030,店舗,池袋店,C01859,松本,女,61,宮城県,2022-11-01,8,1494883,VIP,False,782
PR0004768,2024-12-22,テレビ,スマートテレビ 43型,459400,EC,,C01859,松本,女,61,宮城県,2022-11-01,8,1494883,VIP,False,
PR0004772,2025-03-06,洗濯機,コンパクト洗濯機,125193,店舗,天王寺店,C01859,松本,女,61,宮城県,2022-11-01,8,1494883,VIP,False,
PR0004766,2024-11-12,美容家電・小物,ヘアアイロン,67808,EC,,C01859,松本,女,61,宮城県,2022-11-01,8,1494883,VIP,False,
PR0004774,2026-03-30,テレビ,有機EL 75型,371517,EC,,C01860,高橋,女,45,埼玉県,2023-12-01,2,426260,Regular,False,
PR0004775,2024-01-03,美容家電・小物,ドライヤー,54743,店舗,名古屋栄店,C01860,高橋,女,45,埼玉県,2023-12-01,2,426260,Regular,True,
PR0004778,2025-07-26,PC・タブレット,ノートPC 15型,221130,EC,,C01861,青木,男,44,北海道,2024-03-28,3,451125,Loyal,False,
PR0004776,2025-04-04,オーディオ,ターンテーブル,195411,EC,,C01861,青木,男,44,北海道,2024-03-28,3,451125,Loyal,False,
PR0004777,2024-12-02,ゲーム・玩具,据置型ゲーム機,34584,店舗,大阪梅田店,C01861,青木,男,44,北海道,2024-03-28,3,451125,Loyal,True,
PR0004779,2023-12-25,美容家電・小物,マッサージガン,56563,EC,,C01862,小川,男,22,神奈川県,2022-09-02,1,56563,Inactive,True,
PR0004780,2026-01-10,美容家電・小物,電気シェーバー,14022,店舗,大阪梅田店,C01863,村上,女,22,兵庫県,2024-10-01,1,14022,Light,True,
PR0004782,2025-10-06,オーディオ,ワイヤレスイヤホン,168747,店舗,池袋店,C01864,山崎,女,71,広島県,2025-04-24,2,342500,Regular,False,
PR0004781,2025-09-06,スマートフォン,コンパクトモデル,173753,EC,,C01864,山崎,女,71,広島県,2025-04-24,2,342500,Regular,True,
PR0004785,2024-02-14,ゲーム・玩具,コントローラ,53790,店舗,渋谷店,C01865,阿部,女,39,東京都,2022-05-30,3,111040,Regular,False,
PR0004783,2022-10-05,美容家電・小物,ドライヤー,20838,店舗,福岡天神店,C01865,阿部,女,39,東京都,2022-05-30,3,111040,Regular,True,
PR0004784,2026-03-03,美容家電・小物,電気シェーバー,36412,店舗,天王寺店,C01865,阿部,女,39,東京都,2022-05-30,3,111040,Regular,False,1245
PR0004786,2023-12-25,洗濯機,乾燥機能付き 10kg,165004,店舗,池袋店,C01866,長谷川,男,43,北海道,2023-09-02,1,165004,Inactive,True,
PR0004788,2023-11-16,PC・タブレット,ノートPC 15型,127177,EC,,C01867,後藤,男,22,北海道,2023-05-07,2,565612,Inactive,False,
PR0004787,2023-11-12,テレビ,4K テレビ 65型,438435,店舗,福岡天神店,C01867,後藤,男,22,北海道,2023-05-07,2,565612,Inactive,True,
PR0004791,2025-10-04,ゲーム・玩具,VR ゴーグル,16809,店舗,新宿店,C01868,遠藤,男,43,宮城県,2023-11-16,3,174999,Regular,False,
PR0004789,2024-09-06,テレビ,プロジェクター,128458,店舗,新宿店,C01868,遠藤,男,43,宮城県,2023-11-16,3,174999,Regular,False,
PR0004790,2024-07-26,美容家電・小物,美顔器,29732,店舗,天王寺店,C01868,遠藤,男,43,宮城県,2023-11-16,3,174999,Regular,True,
PR0004793,2024-09-06,テレビ,4K テレビ 50型,199592,EC,,C01869,田中,女,49,広島県,2022-09-20,2,253664,Regular,False,
PR0004792,2024-05-02,美容家電・小物,マッサージガン,54072,EC,,C01869,田中,女,49,広島県,2022-09-20,2,253664,Regular,True,
PR0004794,2025-09-24,スマートフォン,最新スマホ 256GB,79581,店舗,大阪梅田店,C01870,渡辺,男,42,神奈川県,2025-08-03,4,354400,Loyal,True,
PR0004797,2026-02-05,テレビ,有機EL 55型,64336,店舗,大阪梅田店,C01870,渡辺,男,42,神奈川県,2025-08-03,4,354400,Loyal,False,
PR0004795,2026-03-11,冷蔵庫,冷蔵庫 400L,143571,店舗,大阪梅田店,C01870,渡辺,男,42,神奈川県,2025-08-03,4,354400,Loyal,False,
PR0004796,2026-02-17,美容家電・小物,ドライヤー,66912,店舗,横浜駅前店,C01870,渡辺,男,42,神奈川県,2025-08-03,4,354400,Loyal,False,
PR0004798,2025-12-07,PC・タブレット,タブレット 10型,261261,店舗,渋谷店,C01871,石井,女,45,福岡県,2024-03-24,2,431926,Regular,False,
PR0004799,2024-12-30,スマートフォン,スタンダード 128GB,170665,店舗,札幌駅前店,C01871,石井,女,45,福岡県,2024-03-24,2,431926,Regular,True,
PR0004800,2025-03-13,PC・タブレット,ワークステーション,144877,EC,,C01872,加藤,女,26,愛知県,2024-10-17,2,384257,Regular,True,
PR0004801,2026-01-30,テレビ,スマートテレビ 43型,239380,EC,,C01872,加藤,女,26,愛知県,2024-10-17,2,384257,Regular,False,
PR0004802,2022-10-10,美容家電・小物,美顔器,42953,店舗,名古屋栄店,C01873,藤田,女,37,神奈川県,2022-03-08,1,42953,Inactive,True,
PR0004803,2022-03-26,PC・タブレット,ワークステーション,318760,店舗,札幌駅前店,C01874,山口,女,38,京都府,2021-09-26,2,440504,Regular,True,
PR0004804,2025-09-26,PC・タブレット,ノートPC 15型,121744,EC,,C01874,山口,女,38,京都府,2021-09-26,2,440504,Regular,False,1280
PR0004805,2023-05-02,PC・タブレット,ワークステーション,84831,EC,,C01875,田中,女,40,埼玉県,2022-11-24,3,307117,Loyal,True,
PR0004806,2024-04-25,カメラ・ビデオ,交換レンズ,173081,店舗,秋葉原店,C01875,田中,女,40,埼玉県,2022-11-24,3,307117,Loyal,False,
PR0004807,2025-02-09,美容家電・小物,電気シェーバー,49205,店舗,新宿店,C01875,田中,女,40,埼玉県,2022-11-24,3,307117,Loyal,False,
PR0004809,2022-12-04,PC・タブレット,ノートPC 13型,339410,店舗,札幌駅前店,C01876,渡辺,男,24,神奈川県,2021-07-08,4,764264,Loyal,False,
PR0004808,2021-08-01,ゲーム・玩具,コントローラ,55535,店舗,福岡天神店,C01876,渡辺,男,24,神奈川県,2021-07-08,4,764264,Loyal,True,
PR0004810,2023-02-18,スマートフォン,スタンダード 128GB,183958,店舗,池袋店,C01876,渡辺,男,24,神奈川県,2021-07-08,4,764264,Loyal,False,
PR0004811,2025-08-29,スマートフォン,ミドルレンジ機種,185361,店舗,札幌駅前店,C01876,渡辺,男,24,神奈川県,2021-07-08,4,764264,Loyal,False,923
PR0004813,2024-01-08,スマートフォン,スタンダード 128GB,125729,EC,,C01877,鈴木,男,23,千葉県,2022-12-08,2,372817,Regular,True,
PR0004812,2025-03-30,冷蔵庫,フレンチドア 700L,247088,店舗,札幌駅前店,C01877,鈴木,男,23,千葉県,2022-12-08,2,372817,Regular,False,
PR0004814,2025-10-01,カメラ・ビデオ,交換レンズ,195622,店舗,大阪梅田店,C01878,加藤,男,60,埼玉県,2021-09-20,2,426376,Regular,False,
PR0004815,2022-01-06,冷蔵庫,フレンチドア 700L,230754,店舗,横浜駅前店,C01878,加藤,男,60,埼玉県,2021-09-20,2,426376,Regular,True,
PR0004816,2025-05-23,オーディオ,ヘッドホン,40971,EC,,C01879,高橋,女,39,京都府,2025-03-28,3,253819,Loyal,False,
PR0004818,2025-04-30,スマートフォン,最新スマホ 256GB,164500,店舗,池袋店,C01879,高橋,女,39,京都府,2025-03-28,3,253819,Loyal,True,
PR0004817,2025-10-22,美容家電・小物,電気シェーバー,48348,店舗,池袋店,C01879,高橋,女,39,京都府,2025-03-28,3,253819,Loyal,False,
PR0004820,2023-06-01,テレビ,プロジェクター,499316,店舗,新宿店,C01880,坂本,女,74,京都府,2022-06-22,2,573020,Inactive,False,
PR0004819,2023-05-05,美容家電・小物,電気シェーバー,73704,店舗,天王寺店,C01880,坂本,女,74,京都府,2022-06-22,2,573020,Inactive,True,
PR0004821,2026-02-16,美容家電・小物,電気シェーバー,33290,店舗,渋谷店,C01881,遠藤,男,49,東京都,2021-07-04,1,33290,Light,True,
PR0004823,2024-10-08,スマートフォン,ハイエンド 1TB,187301,EC,,C01882,藤田,女,42,北海道,2022-04-15,2,264659,Regular,True,
PR0004822,2025-11-09,美容家電・小物,電動歯ブラシ,77358,EC,,C01882,藤田,女,42,北海道,2022-04-15,2,264659,Regular,False,
PR0004825,2023-08-06,ゲーム・玩具,VR ゴーグル,48086,EC,,C01883,中島,男,57,埼玉県,2022-11-22,2,158256,Regular,True,
PR0004824,2024-06-27,テレビ,スマートテレビ 43型,110170,EC,,C01883,中島,男,57,埼玉県,2022-11-22,2,158256,Regular,False,
PR0004828,2024-01-25,エアコン,業務用エアコン,379610,EC,,C01884,山下,男,75,千葉県,2023-08-02,3,706183,Loyal,False,
PR0004827,2025-11-06,ゲーム・玩具,ゲームソフト,47143,EC,,C01884,山下,男,75,千葉県,2023-08-02,3,706183,Loyal,False,
PR0004826,2023-10-23,テレビ,4K テレビ 50型,279430,EC,,C01884,山下,男,75,千葉県,2023-08-02,3,706183,Loyal,True,
PR0004831,2024-07-19,スマートフォン,最新スマホ 256GB,157595,店舗,新宿店,C01885,松本,男,41,北海道,2024-03-03,3,491703,Loyal,True,
PR0004829,2026-03-06,洗濯機,乾燥機能付き 10kg,298340,店舗,横浜駅前店,C01885,松本,男,41,北海道,2024-03-03,3,491703,Loyal,False,
PR0004830,2026-01-15,美容家電・小物,電動歯ブラシ,35768,店舗,新宿店,C01885,松本,男,41,北海道,2024-03-03,3,491703,Loyal,False,
PR0004834,2024-06-15,ゲーム・玩具,据置型ゲーム機,57308,店舗,秋葉原店,C01886,加藤,男,59,兵庫県,2024-02-26,3,686744,Loyal,True,
PR0004833,2025-03-31,テレビ,プロジェクター,410060,店舗,渋谷店,C01886,加藤,男,59,兵庫県,2024-02-26,3,686744,Loyal,False,
PR0004832,2024-07-23,洗濯機,乾燥機能付き 10kg,219376,店舗,札幌駅前店,C01886,加藤,男,59,兵庫県,2024-02-26,3,686744,Loyal,False,
PR0004836,2024-09-21,冷蔵庫,フレンチドア 700L,400334,店舗,秋葉原店,C01887,佐藤,女,56,北海道,2021-05-01,2,418045,Regular,True,
PR0004835,2025-02-18,美容家電・小物,ドライヤー,17711,店舗,新宿店,C01887,佐藤,女,56,北海道,2021-05-01,2,418045,Regular,False,
PR0004837,2024-12-17,PC・タブレット,ワークステーション,212194,店舗,横浜駅前店,C01889,鈴木,男,68,宮城県,2024-08-22,7,1429876,VIP,False,
PR0004840,2025-03-04,エアコン,エアコン 10畳用,177336,EC,,C01889,鈴木,男,68,宮城県,2024-08-22,7,1429876,VIP,False,
PR0004841,2025-11-07,カメラ・ビデオ,ビデオカメラ,225301,EC,,C01889,鈴木,男,68,宮城県,2024-08-22,7,1429876,VIP,False,
PR0004842,2024-10-29,スマートフォン,Pro モデル 512GB,124935,EC,,C01889,鈴木,男,68,宮城県,2024-08-22,7,1429876,VIP,False,
PR0004838,2025-05-03,テレビ,スマートテレビ 43型,499609,EC,,C01889,鈴木,男,68,宮城県,2024-08-22,7,1429876,VIP,False,
PR0004843,2024-09-02,洗濯機,ドラム式洗濯機,127018,店舗,天王寺店,C01889,鈴木,男,68,宮城県,2024-08-22,7,1429876,VIP,True,
PR0004839,2025-06-22,美容家電・小物,電動歯ブラシ,63483,店舗,秋葉原店,C01889,鈴木,男,68,宮城県,2024-08-22,7,1429876,VIP,False,
PR0004848,2024-05-05,PC・タブレット,2-in-1 PC,140568,EC,,C01890,佐々木,男,22,兵庫県,2023-12-22,5,768097,VIP,True,
PR0004844,2025-04-03,カメラ・ビデオ,ドローン,132717,EC,,C01890,佐々木,男,22,兵庫県,2023-12-22,5,768097,VIP,False,
PR0004846,2025-05-25,ゲーム・玩具,ボードゲーム,9091,EC,,C01890,佐々木,男,22,兵庫県,2023-12-22,5,768097,VIP,False,
PR0004845,2024-12-10,スマートフォン,ミドルレンジ機種,82255,EC,,C01890,佐々木,男,22,兵庫県,2023-12-22,5,768097,VIP,False,
PR0004847,2024-11-05,テレビ,4K テレビ 65型,403466,EC,,C01890,佐々木,男,22,兵庫県,2023-12-22,5,768097,VIP,False,
PR0004851,2024-01-31,PC・タブレット,ワークステーション,296775,EC,,C01891,高橋,女,55,福岡県,2023-11-11,3,583801,Loyal,True,
PR0004849,2024-12-25,エアコン,エアコン 14畳用,255373,EC,,C01891,高橋,女,55,福岡県,2023-11-11,3,583801,Loyal,False,
PR0004850,2026-01-11,美容家電・小物,マッサージガン,31653,店舗,大阪梅田店,C01891,高橋,女,55,福岡県,2023-11-11,3,583801,Loyal,False,
PR0004852,2023-12-11,PC・タブレット,タブレット 10型,287399,EC,,C01892,山口,女,42,大阪府,2021-06-10,2,490963,Inactive,False,
PR0004853,2023-07-09,エアコン,エアコン 6畳用,203564,EC,,C01892,山口,女,42,大阪府,2021-06-10,2,490963,Inactive,True,
PR0004855,2026-02-03,PC・タブレット,ワークステーション,277099,EC,,C01893,阿部,男,28,埼玉県,2023-02-24,2,479282,Regular,False,
PR0004854,2025-08-26,洗濯機,コンパクト洗濯機,202183,EC,,C01893,阿部,男,28,埼玉県,2023-02-24,2,479282,Regular,True,
PR0004859,2024-06-18,エアコン,エアコン 6畳用,132805,店舗,大阪梅田店,C01894,池田,女,54,埼玉県,2022-05-22,4,454966,Loyal,False,
PR0004856,2023-05-05,スマートフォン,コンパクトモデル,122144,店舗,大阪梅田店,C01894,池田,女,54,埼玉県,2022-05-22,4,454966,Loyal,True,
PR0004857,2026-01-02,スマートフォン,コンパクトモデル,152650,店舗,池袋店,C01894,池田,女,54,埼玉県,2022-05-22,4,454966,Loyal,False,973
PR0004858,2023-10-18,美容家電・小物,美顔器,47367,店舗,新宿店,C01894,池田,女,54,埼玉県,2022-05-22,4,454966,Loyal,False,
PR0004860,2022-06-25,スマートフォン,Pro モデル 512GB,71964,店舗,札幌駅前店,C01895,長谷川,女,22,宮城県,2022-04-26,3,321899,Loyal,True,
PR0004861,2025-03-01,スマートフォン,ハイエンド 1TB,186545,EC,,C01895,長谷川,女,22,宮城県,2022-04-26,3,321899,Loyal,False,980
PR0004862,2024-03-21,テレビ,有機EL 75型,63390,店舗,渋谷店,C01895,長谷川,女,22,宮城県,2022-04-26,3,321899,Loyal,False,
PR0004863,2026-03-16,PC・タブレット,ワークステーション,71705,店舗,天王寺店,C01896,藤田,男,42,千葉県,2024-05-13,2,255262,Regular,False,
PR0004864,2025-01-21,スマートフォン,最新スマホ 256GB,183557,EC,,C01896,藤田,男,42,千葉県,2024-05-13,2,255262,Regular,True,
PR0004865,2024-04-13,美容家電・小物,電気シェーバー,62790,EC,,C01897,渡辺,女,49,北海道,2023-04-23,1,62790,Inactive,True,
PR0004866,2024-10-03,PC・タブレット,2-in-1 PC,183231,EC,,C01898,坂本,女,50,埼玉県,2023-09-12,2,395129,Regular,False,
PR0004867,2024-01-25,洗濯機,縦型洗濯機,211898,EC,,C01898,坂本,女,50,埼玉県,2023-09-12,2,395129,Regular,True,
PR0004868,2024-11-21,PC・タブレット,2-in-1 PC,65700,EC,,C01899,青木,女,75,京都府,2023-05-28,3,432779,Loyal,False,
PR0004870,2025-11-20,ゲーム・玩具,携帯ゲーム機,61052,EC,,C01899,青木,女,75,京都府,2023-05-28,3,432779,Loyal,False,
PR0004869,2024-01-28,冷蔵庫,冷蔵庫 600L 大型,306027,EC,,C01899,青木,女,75,京都府,2023-05-28,3,432779,Loyal,True,
PR0004872,2025-11-09,PC・タブレット,ノートPC 13型,133047,EC,,C01900,中村,女,31,埼玉県,2022-04-30,2,237795,Regular,False,
PR0004871,2025-06-24,スマートフォン,コンパクトモデル,104748,EC,,C01900,中村,女,31,埼玉県,2022-04-30,2,237795,Regular,True,
PR0004874,2024-01-15,PC・タブレット,ノートPC 13型,314529,EC,,C01901,近藤,女,55,福岡県,2021-05-06,3,562040,Inactive,False,
PR0004873,2024-04-17,スマートフォン,スタンダード 128GB,39574,EC,,C01901,近藤,女,55,福岡県,2021-05-06,3,562040,Inactive,False,
PR0004875,2021-09-08,洗濯機,縦型洗濯機,207937,EC,,C01901,近藤,女,55,福岡県,2021-05-06,3,562040,Inactive,True,
PR0004876,2023-12-09,ゲーム・玩具,ゲームソフト,16675,店舗,天王寺店,C01902,石井,男,33,宮城県,2023-12-03,1,16675,Inactive,True,
PR0004877,2022-05-15,テレビ,有機EL 75型,102217,EC,,C01903,岡田,女,65,宮城県,2022-05-04,1,102217,Inactive,True,
PR0004878,2022-04-15,冷蔵庫,フレンチドア 700L,244266,EC,,C01904,小川,男,46,宮城県,2022-02-09,1,244266,Inactive,True,
PR0004879,2025-02-10,PC・タブレット,2-in-1 PC,254414,店舗,池袋店,C01905,青木,男,61,東京都,2024-07-22,2,719032,Regular,False,
PR0004880,2024-12-30,テレビ,プロジェクター,464618,EC,,C01905,青木,男,61,東京都,2024-07-22,2,719032,Regular,True,
PR0004881,2023-08-31,PC・タブレット,ワークステーション,182771,EC,,C01906,村上,男,48,神奈川県,2023-08-26,1,182771,Inactive,True,
PR0004883,2023-03-14,PC・タブレット,ゲーミングPC,168826,店舗,横浜駅前店,C01907,森,男,45,宮城県,2023-01-31,3,455151,Loyal,True,
PR0004884,2025-02-05,スマートフォン,コンパクトモデル,187900,EC,,C01907,森,男,45,宮城県,2023-01-31,3,455151,Loyal,False,
PR0004882,2025-05-27,洗濯機,全自動 8kg,98425,店舗,新宿店,C01907,森,男,45,宮城県,2023-01-31,3,455151,Loyal,False,
PR0004887,2023-12-05,PC・タブレット,2-in-1 PC,183314,EC,,C01908,石井,男,32,兵庫県,2023-08-26,5,1354399,VIP,False,
PR0004889,2024-05-09,エアコン,業務用エアコン,281135,EC,,C01908,石井,男,32,兵庫県,2023-08-26,5,1354399,VIP,False,
PR0004888,2023-11-05,カメラ・ビデオ,アクションカメラ,277024,店舗,池袋店,C01908,石井,男,32,兵庫県,2023-08-26,5,1354399,VIP,False,
PR0004885,2025-11-29,スマートフォン,スタンダード 128GB,118543,店舗,名古屋栄店,C01908,石井,男,32,兵庫県,2023-08-26,5,1354399,VIP,False,
PR0004886,2023-09-03,テレビ,4K テレビ 65型,494383,EC,,C01908,石井,男,32,兵庫県,2023-08-26,5,1354399,VIP,True,
PR0004890,2024-11-03,テレビ,4K テレビ 50型,302026,EC,,C01909,森,女,44,神奈川県,2024-04-14,2,330929,Regular,True,
PR0004891,2025-11-26,美容家電・小物,電気シェーバー,28903,EC,,C01909,森,女,44,神奈川県,2024-04-14,2,330929,Regular,False,
PR0004893,2023-04-11,エアコン,エアコン 6畳用,103067,EC,,C01910,遠藤,女,50,愛知県,2022-05-29,2,109012,Inactive,True,
PR0004892,2023-09-14,美容家電・小物,ドライヤー,5945,EC,,C01910,遠藤,女,50,愛知県,2022-05-29,2,109012,Inactive,False,
PR0004895,2023-08-08,PC・タブレット,タブレット 10型,120803,店舗,秋葉原店,C01911,前田,男,30,兵庫県,2023-04-04,2,512569,Inactive,True,
PR0004894,2024-02-24,テレビ,有機EL 55型,391766,店舗,新宿店,C01911,前田,男,30,兵庫県,2023-04-04,2,512569,Inactive,False,
PR0004897,2025-03-26,PC・タブレット,2-in-1 PC,51282,EC,,C01912,石川,男,64,東京都,2025-02-06,2,459909,Regular,True,
PR0004896,2025-12-05,テレビ,4K テレビ 50型,408627,EC,,C01912,石川,男,64,東京都,2025-02-06,2,459909,Regular,False,
PR0004898,2023-08-20,PC・タブレット,タブレット 10型,210429,EC,,C01913,阿部,男,44,神奈川県,2021-04-19,2,256246,Inactive,False,
PR0004899,2023-05-08,ゲーム・玩具,VR ゴーグル,45817,店舗,秋葉原店,C01913,阿部,男,44,神奈川県,2021-04-19,2,256246,Inactive,True,
PR0004900,2026-03-18,エアコン,エアコン 14畳用,346384,店舗,札幌駅前店,C01914,藤田,男,37,京都府,2026-01-13,1,346384,Light,True,
PR0004901,2025-12-23,美容家電・小物,美顔器,22297,EC,,C01915,田中,女,30,宮城県,2024-12-25,1,22297,Light,True,
PR0004902,2023-09-18,スマートフォン,最新スマホ 256GB,151316,店舗,横浜駅前店,C01916,遠藤,女,43,愛知県,2022-11-08,2,492015,Inactive,False,
PR0004903,2022-11-14,洗濯機,乾燥機能付き 10kg,340699,店舗,渋谷店,C01916,遠藤,女,43,愛知県,2022-11-08,2,492015,Inactive,True,
PR0004905,2026-02-20,スマートフォン,最新スマホ 256GB,92320,EC,,C01917,山本,男,44,京都府,2025-09-11,2,212771,Regular,True,
PR0004904,2026-03-25,冷蔵庫,コンパクト冷蔵庫,120451,EC,,C01917,山本,男,44,京都府,2025-09-11,2,212771,Regular,False,
PR0004906,2024-06-30,スマートフォン,コンパクトモデル,197407,店舗,渋谷店,C01918,坂本,女,40,福岡県,2024-04-18,2,259832,Regular,True,
PR0004907,2024-08-23,美容家電・小物,ヘアアイロン,62425,EC,,C01918,坂本,女,40,福岡県,2024-04-18,2,259832,Regular,False,
PR0004909,2022-07-07,オーディオ,ターンテーブル,134684,店舗,札幌駅前店,C01919,山下,女,45,京都府,2022-04-03,2,218048,Regular,True,
PR0004908,2024-07-20,スマートフォン,スタンダード 128GB,83364,店舗,名古屋栄店,C01919,山下,女,45,京都府,2022-04-03,2,218048,Regular,False,
PR0004913,2025-12-22,PC・タブレット,タブレット 10型,297288,EC,,C01920,渡辺,女,58,京都府,2022-12-20,5,1014035,VIP,False,
PR0004914,2026-01-18,スマートフォン,Pro モデル 512GB,53238,店舗,池袋店,C01920,渡辺,女,58,京都府,2022-12-20,5,1014035,VIP,False,
PR0004912,2023-12-16,テレビ,スマートテレビ 43型,112804,EC,,C01920,渡辺,女,58,京都府,2022-12-20,5,1014035,VIP,False,
PR0004911,2023-05-23,冷蔵庫,冷蔵庫 400L,476021,店舗,秋葉原店,C01920,渡辺,女,58,京都府,2022-12-20,5,1014035,VIP,True,
PR0004910,2025-12-20,美容家電・小物,電気シェーバー,74684,店舗,新宿店,C01920,渡辺,女,58,京都府,2022-12-20,5,1014035,VIP,False,
PR0004916,2023-12-04,PC・タブレット,ノートPC 13型,331556,EC,,C01921,阿部,女,75,東京都,2023-06-16,5,1157937,VIP,False,
PR0004915,2025-08-15,エアコン,エアコン 18畳用,339786,店舗,渋谷店,C01921,阿部,女,75,東京都,2023-06-16,5,1157937,VIP,False,
PR0004918,2026-01-09,ゲーム・玩具,VR ゴーグル,5785,店舗,新宿店,C01921,阿部,女,75,東京都,2023-06-16,5,1157937,VIP,False,
PR0004917,2025-06-26,テレビ,4K テレビ 50型,376012,店舗,札幌駅前店,C01921,阿部,女,75,東京都,2023-06-16,5,1157937,VIP,False,
PR0004919,2023-07-31,冷蔵庫,コンパクト冷蔵庫,104798,店舗,新宿店,C01921,阿部,女,75,東京都,2023-06-16,5,1157937,VIP,True,
PR0004922,2021-12-19,カメラ・ビデオ,交換レンズ,293275,店舗,渋谷店,C01922,橋本,女,39,埼玉県,2021-04-17,3,341082,Loyal,False,
PR0004920,2021-06-22,美容家電・小物,ドライヤー,38456,EC,,C01922,橋本,女,39,埼玉県,2021-04-17,3,341082,Loyal,True,
PR0004921,2024-09-01,美容家電・小物,電動歯ブラシ,9351,EC,,C01922,橋本,女,39,埼玉県,2021-04-17,3,341082,Loyal,False,1167
PR0004923,2022-05-17,オーディオ,Bluetoothスピーカー,158842,店舗,札幌駅前店,C01923,渡辺,男,60,愛知県,2022-05-10,2,252404,Inactive,True,
PR0004924,2023-07-14,テレビ,4K テレビ 65型,93562,店舗,新宿店,C01923,渡辺,男,60,愛知県,2022-05-10,2,252404,Inactive,False,
PR0004926,2023-04-12,スマートフォン,ハイエンド 1TB,98400,店舗,天王寺店,C01925,清水,男,59,京都府,2022-07-08,2,149606,Inactive,False,
PR0004925,2022-07-09,美容家電・小物,ドライヤー,51206,店舗,名古屋栄店,C01925,清水,男,59,京都府,2022-07-08,2,149606,Inactive,True,
PR0004927,2026-02-19,PC・タブレット,ゲーミングPC,52212,EC,,C01926,伊藤,男,58,京都府,2026-01-22,1,52212,Light,True,
PR0004928,2024-01-26,エアコン,エアコン 10畳用,240544,店舗,天王寺店,C01927,中村,女,54,京都府,2023-09-27,2,313775,Inactive,False,
PR0004929,2023-11-02,美容家電・小物,電気シェーバー,73231,EC,,C01927,中村,女,54,京都府,2023-09-27,2,313775,Inactive,True,
PR0004930,2025-12-20,エアコン,エアコン 14畳用,82720,EC,,C01928,石井,男,56,愛知県,2025-06-03,2,371487,Regular,True,
PR0004931,2026-02-10,冷蔵庫,冷蔵庫 400L,288767,店舗,秋葉原店,C01928,石井,男,56,愛知県,2025-06-03,2,371487,Regular,False,
PR0004934,2026-01-21,オーディオ,サウンドバー,116307,店舗,札幌駅前店,C01929,小川,女,35,東京都,2025-11-18,3,393160,Loyal,True,
PR0004933,2026-03-06,テレビ,4K テレビ 50型,269182,店舗,渋谷店,C01929,小川,女,35,東京都,2025-11-18,3,393160,Loyal,False,
PR0004932,2026-02-11,美容家電・小物,ヘアアイロン,7671,店舗,福岡天神店,C01929,小川,女,35,東京都,2025-11-18,3,393160,Loyal,False,
PR0004937,2025-02-19,PC・タブレット,ワークステーション,347738,店舗,札幌駅前店,C01930,近藤,男,51,大阪府,2024-11-01,3,753476,Loyal,False,
PR0004936,2025-02-10,カメラ・ビデオ,アクションカメラ,92213,EC,,C01930,近藤,男,51,大阪府,2024-11-01,3,753476,Loyal,True,
PR0004935,2025-10-15,洗濯機,乾燥機能付き 10kg,313525,EC,,C01930,近藤,男,51,大阪府,2024-11-01,3,753476,Loyal,False,
PR0004938,2025-09-07,ゲーム・玩具,VR ゴーグル,57188,店舗,天王寺店,C01931,遠藤,男,45,福岡県,2022-04-03,2,290536,Regular,False,
PR0004939,2024-09-09,洗濯機,縦型洗濯機,233348,店舗,天王寺店,C01931,遠藤,男,45,福岡県,2022-04-03,2,290536,Regular,True,
PR0004942,2022-11-21,スマートフォン,Pro モデル 512GB,188356,店舗,池袋店,C01932,林,女,54,兵庫県,2021-09-27,4,448285,Loyal,False,
PR0004943,2025-07-28,スマートフォン,最新スマホ 256GB,150854,店舗,名古屋栄店,C01932,林,女,54,兵庫県,2021-09-27,4,448285,Loyal,False,980
PR0004940,2022-05-17,美容家電・小物,電気シェーバー,65362,店舗,池袋店,C01932,林,女,54,兵庫県,2021-09-27,4,448285,Loyal,True,
PR0004941,2024-12-08,美容家電・小物,電気シェーバー,43713,店舗,大阪梅田店,C01932,林,女,54,兵庫県,2021-09-27,4,448285,Loyal,False,936
PR0004944,2025-02-24,PC・タブレット,2-in-1 PC,214067,店舗,池袋店,C01933,吉田,女,34,広島県,2022-10-14,3,445746,Loyal,False,
PR0004946,2023-01-06,エアコン,エアコン 10畳用,158156,店舗,新宿店,C01933,吉田,女,34,広島県,2022-10-14,3,445746,Loyal,True,
PR0004945,2024-09-15,美容家電・小物,ヘアアイロン,73523,EC,,C01933,吉田,女,34,広島県,2022-10-14,3,445746,Loyal,False,
PR0004949,2021-10-13,PC・タブレット,ノートPC 13型,186330,EC,,C01934,山崎,男,43,福岡県,2021-07-02,7,814728,VIP,True,
PR0004950,2025-03-24,PC・タブレット,ワークステーション,113687,EC,,C01934,山崎,男,43,福岡県,2021-07-02,7,814728,VIP,False,1258
PR0004951,2022-08-15,エアコン,エアコン 10畳用,231947,店舗,大阪梅田店,C01934,山崎,男,43,福岡県,2021-07-02,7,814728,VIP,False,
PR0004952,2021-10-23,カメラ・ビデオ,ビデオカメラ,40601,店舗,福岡天神店,C01934,山崎,男,43,福岡県,2021-07-02,7,814728,VIP,False,
PR0004953,2026-02-16,カメラ・ビデオ,コンパクトデジカメ,98983,店舗,渋谷店,C01934,山崎,男,43,福岡県,2021-07-02,7,814728,VIP,False,1577
PR0004947,2022-11-10,美容家電・小物,マッサージガン,72408,EC,,C01934,山崎,男,43,福岡県,2021-07-02,7,814728,VIP,False,
PR0004948,2025-07-15,美容家電・小物,ドライヤー,70772,店舗,福岡天神店,C01934,山崎,男,43,福岡県,2021-07-02,7,814728,VIP,False,978
PR0004955,2026-03-25,オーディオ,サウンドバー,85038,店舗,横浜駅前店,C01935,林,女,27,埼玉県,2025-11-15,3,252639,Loyal,False,
PR0004956,2026-01-02,カメラ・ビデオ,ビデオカメラ,113118,EC,,C01935,林,女,27,埼玉県,2025-11-15,3,252639,Loyal,True,
PR0004954,2026-03-19,テレビ,4K テレビ 65型,54483,EC,,C01935,林,女,27,埼玉県,2025-11-15,3,252639,Loyal,False,
PR0004958,2025-08-21,エアコン,エアコン 10畳用,139236,EC,,C01936,山田,男,54,東京都,2024-12-06,2,440235,Regular,True,
PR0004957,2025-10-18,テレビ,有機EL 75型,300999,EC,,C01936,山田,男,54,東京都,2024-12-06,2,440235,Regular,False,
PR0004959,2026-01-17,エアコン,エアコン 10畳用,212627,店舗,横浜駅前店,C01937,松本,女,60,愛知県,2026-01-10,2,331587,Regular,True,
PR0004960,2026-02-15,テレビ,プロジェクター,118960,店舗,名古屋栄店,C01937,松本,女,60,愛知県,2026-01-10,2,331587,Regular,False,
PR0004962,2025-04-08,スマートフォン,ハイエンド 1TB,128526,店舗,秋葉原店,C01938,佐藤,女,39,広島県,2024-02-29,2,154759,Regular,True,
PR0004961,2025-12-29,美容家電・小物,美顔器,26233,店舗,大阪梅田店,C01938,佐藤,女,39,広島県,2024-02-29,2,154759,Regular,False,
PR0004965,2025-10-22,スマートフォン,最新スマホ 256GB,175383,店舗,天王寺店,C01939,佐藤,男,60,東京都,2025-05-06,3,372387,Loyal,False,
PR0004964,2025-12-18,テレビ,4K テレビ 50型,58731,店舗,天王寺店,C01939,佐藤,男,60,東京都,2025-05-06,3,372387,Loyal,False,
PR0004963,2025-08-13,冷蔵庫,コンパクト冷蔵庫,138273,店舗,新宿店,C01939,佐藤,男,60,東京都,2025-05-06,3,372387,Loyal,True,
PR0004967,2026-03-19,PC・タブレット,ゲーミングPC,122079,店舗,秋葉原店,C01940,山崎,男,49,福岡県,2025-11-03,2,145831,Regular,False,
PR0004966,2025-11-10,美容家電・小物,電気シェーバー,23752,店舗,池袋店,C01940,山崎,男,49,福岡県,2025-11-03,2,145831,Regular,True,
PR0004968,2025-05-15,PC・タブレット,ゲーミングPC,114225,店舗,新宿店,C01941,林,男,38,愛知県,2021-07-26,1,114225,Light,True,
PR0004972,2025-12-23,PC・タブレット,ワークステーション,101282,店舗,渋谷店,C01942,長谷川,男,42,神奈川県,2021-05-06,4,643210,Loyal,False,
PR0004969,2023-09-21,スマートフォン,最新スマホ 256GB,191132,EC,,C01942,長谷川,男,42,神奈川県,2021-05-06,4,643210,Loyal,True,
PR0004970,2026-02-20,スマートフォン,ミドルレンジ機種,49243,店舗,池袋店,C01942,長谷川,男,42,神奈川県,2021-05-06,4,643210,Loyal,False,883
PR0004971,2024-03-23,洗濯機,乾燥機能付き 10kg,301553,EC,,C01942,長谷川,男,42,神奈川県,2021-05-06,4,643210,Loyal,False,
PR0004975,2025-02-24,PC・タブレット,ワークステーション,74239,店舗,秋葉原店,C01943,阿部,女,52,愛知県,2023-02-02,3,441045,Loyal,False,
PR0004973,2025-03-11,スマートフォン,最新スマホ 256GB,134774,EC,,C01943,阿部,女,52,愛知県,2023-02-02,3,441045,Loyal,False,
PR0004974,2024-01-19,冷蔵庫,冷蔵庫 400L,232032,EC,,C01943,阿部,女,52,愛知県,2023-02-02,3,441045,Loyal,True,
PR0004982,2026-03-09,PC・タブレット,ゲーミングPC,74390,店舗,福岡天神店,C01944,岡田,女,22,東京都,2022-03-04,8,1120143,VIP,False,
PR0004977,2025-06-01,オーディオ,ホームオーディオ,79521,店舗,横浜駅前店,C01944,岡田,女,22,東京都,2022-03-04,8,1120143,VIP,False,
PR0004978,2024-11-11,カメラ・ビデオ,ミラーレス一眼,161553,店舗,横浜駅前店,C01944,岡田,女,22,東京都,2022-03-04,8,1120143,VIP,False,
PR0004979,2025-11-30,ゲーム・玩具,コントローラ,67914,店舗,秋葉原店,C01944,岡田,女,22,東京都,2022-03-04,8,1120143,VIP,False,
PR0004980,2023-08-23,スマートフォン,スタンダード 128GB,120516,EC,,C01944,岡田,女,22,東京都,2022-03-04,8,1120143,VIP,True,
PR0004981,2025-05-31,スマートフォン,Pro モデル 512GB,109892,店舗,大阪梅田店,C01944,岡田,女,22,東京都,2022-03-04,8,1120143,VIP,False,647
PR0004983,2026-01-22,テレビ,有機EL 75型,472061,店舗,天王寺店,C01944,岡田,女,22,東京都,2022-03-04,8,1120143,VIP,False,
PR0004976,2026-01-15,美容家電・小物,電気シェーバー,34296,店舗,天王寺店,C01944,岡田,女,22,東京都,2022-03-04,8,1120143,VIP,False,
PR0004985,2025-07-18,スマートフォン,スタンダード 128GB,176909,EC,,C01945,小林,男,35,兵庫県,2025-01-14,2,187941,Regular,True,
PR0004984,2025-09-01,美容家電・小物,ヘアアイロン,11032,EC,,C01945,小林,男,35,兵庫県,2025-01-14,2,187941,Regular,False,
PR0004986,2024-07-27,PC・タブレット,2-in-1 PC,299869,EC,,C01946,遠藤,男,37,埼玉県,2023-12-08,2,578709,Regular,False,
PR0004987,2024-06-18,テレビ,プロジェクター,278840,店舗,札幌駅前店,C01946,遠藤,男,37,埼玉県,2023-12-08,2,578709,Regular,True,
PR0004988,2025-07-23,PC・タブレット,タブレット 10型,60362,EC,,C01947,池田,女,65,愛知県,2023-06-22,3,436262,Loyal,False,
PR0004990,2023-10-19,テレビ,有機EL 55型,358678,EC,,C01947,池田,女,65,愛知県,2023-06-22,3,436262,Loyal,True,
PR0004989,2025-07-14,美容家電・小物,電動歯ブラシ,17222,店舗,大阪梅田店,C01947,池田,女,65,愛知県,2023-06-22,3,436262,Loyal,False,
PR0004991,2026-02-12,PC・タブレット,ゲーミングPC,56607,店舗,福岡天神店,C01948,井上,男,49,兵庫県,2025-09-11,2,421804,Regular,False,
PR0004992,2026-01-03,テレビ,有機EL 75型,365197,店舗,名古屋栄店,C01948,井上,男,49,兵庫県,2025-09-11,2,421804,Regular,True,
PR0004993,2023-07-08,PC・タブレット,ワークステーション,159551,店舗,札幌駅前店,C01949,岡田,男,23,大阪府,2022-11-07,2,381388,Inactive,True,
PR0004994,2023-12-27,テレビ,4K テレビ 65型,221837,店舗,名古屋栄店,C01949,岡田,男,23,大阪府,2022-11-07,2,381388,Inactive,False,
PR0004995,2025-07-29,エアコン,エアコン 14畳用,376254,EC,,C01950,岡田,男,22,京都府,2022-05-26,3,761303,Loyal,False,
PR0004996,2024-10-13,冷蔵庫,フレンチドア 700L,357620,店舗,新宿店,C01950,岡田,男,22,京都府,2022-05-26,3,761303,Loyal,True,
PR0004997,2025-09-17,美容家電・小物,ヘアアイロン,27429,店舗,横浜駅前店,C01950,岡田,男,22,京都府,2022-05-26,3,761303,Loyal,False,
PR0005001,2026-02-21,PC・タブレット,ノートPC 13型,125862,店舗,福岡天神店,C01951,池田,女,66,兵庫県,2024-10-13,4,639594,Loyal,False,
PR0004999,2025-07-14,オーディオ,Bluetoothスピーカー,111527,EC,,C01951,池田,女,66,兵庫県,2024-10-13,4,639594,Loyal,False,
PR0004998,2025-07-30,テレビ,スマートテレビ 43型,377814,店舗,名古屋栄店,C01951,池田,女,66,兵庫県,2024-10-13,4,639594,Loyal,False,
PR0005000,2025-03-31,美容家電・小物,電動歯ブラシ,24391,店舗,天王寺店,C01951,池田,女,66,兵庫県,2024-10-13,4,639594,Loyal,True,
PR0005002,2025-08-10,テレビ,プロジェクター,300075,店舗,天王寺店,C01952,山崎,男,52,千葉県,2021-12-11,1,300075,Light,True,
PR0005003,2023-01-30,PC・タブレット,2-in-1 PC,237067,EC,,C01953,林,女,30,京都府,2021-04-12,1,237067,Inactive,True,
PR0005004,2024-04-02,スマートフォン,最新スマホ 256GB,98589,店舗,横浜駅前店,C01954,長谷川,男,51,北海道,2024-01-25,1,98589,Inactive,True,
PR0005006,2024-03-04,PC・タブレット,ワークステーション,251333,EC,,C01955,青木,男,22,愛知県,2022-07-03,2,440866,Regular,True,
PR0005005,2024-07-29,テレビ,有機EL 55型,189533,店舗,札幌駅前店,C01955,青木,男,22,愛知県,2022-07-03,2,440866,Regular,False,
PR0005008,2024-04-21,オーディオ,サウンドバー,147982,店舗,横浜駅前店,C01956,中島,男,29,宮城県,2023-04-08,2,215718,Regular,True,
PR0005007,2025-08-02,ゲーム・玩具,据置型ゲーム機,67736,店舗,渋谷店,C01956,中島,男,29,宮城県,2023-04-08,2,215718,Regular,False,
PR0005010,2026-02-13,PC・タブレット,ワークステーション,203743,EC,,C01957,石川,男,51,愛知県,2024-12-30,2,300235,Regular,False,
PR0005009,2025-01-07,スマートフォン,ハイエンド 1TB,96492,店舗,横浜駅前店,C01957,石川,男,51,愛知県,2024-12-30,2,300235,Regular,True,
PR0005011,2025-03-28,スマートフォン,コンパクトモデル,75358,EC,,C01958,佐々木,男,69,神奈川県,2025-02-22,1,75358,Light,True,
PR0005013,2023-03-14,PC・タブレット,ワークステーション,268197,EC,,C01959,小林,女,53,千葉県,2021-05-31,2,481465,Inactive,False,
PR0005012,2022-05-02,エアコン,エアコン 14畳用,213268,EC,,C01959,小林,女,53,千葉県,2021-05-31,2,481465,Inactive,True,
PR0005015,2025-10-12,PC・タブレット,ゲーミングPC,329612,店舗,名古屋栄店,C01960,小林,男,32,福岡県,2025-09-27,3,938901,Loyal,True,
PR0005014,2026-02-17,スマートフォン,ミドルレンジ機種,153413,店舗,渋谷店,C01960,小林,男,32,福岡県,2025-09-27,3,938901,Loyal,False,
PR0005016,2025-11-04,テレビ,4K テレビ 65型,455876,EC,,C01960,小林,男,32,福岡県,2025-09-27,3,938901,Loyal,False,
PR0005017,2025-11-06,美容家電・小物,美顔器,68043,EC,,C01961,木村,男,34,千葉県,2022-09-25,1,68043,Light,True,
PR0005018,2022-07-22,冷蔵庫,冷蔵庫 500L,111318,店舗,天王寺店,C01962,田中,男,57,兵庫県,2022-06-17,1,111318,Inactive,True,
PR0005020,2022-06-17,PC・タブレット,ノートPC 13型,109379,店舗,秋葉原店,C01963,山下,女,35,東京都,2021-09-27,6,422501,Loyal,False,
PR0005021,2025-08-18,PC・タブレット,タブレット 10型,87934,店舗,新宿店,C01963,山下,女,35,東京都,2021-09-27,6,422501,Loyal,False,1158
PR0005023,2022-01-07,ゲーム・玩具,携帯ゲーム機,18268,店舗,札幌駅前店,C01963,山下,女,35,東京都,2021-09-27,6,422501,Loyal,True,
PR0005024,2026-03-29,ゲーム・玩具,ボードゲーム,6436,店舗,新宿店,C01963,山下,女,35,東京都,2021-09-27,6,422501,Loyal,False,1542
PR0005022,2024-05-18,スマートフォン,Pro モデル 512GB,193393,店舗,池袋店,C01963,山下,女,35,東京都,2021-09-27,6,422501,Loyal,False,
PR0005019,2025-08-19,美容家電・小物,ドライヤー,7091,店舗,横浜駅前店,C01963,山下,女,35,東京都,2021-09-27,6,422501,Loyal,False,
PR0005029,2024-11-04,PC・タブレット,ワークステーション,148487,店舗,大阪梅田店,C01964,石井,女,40,北海道,2024-01-10,5,947825,VIP,False,
PR0005027,2025-10-14,スマートフォン,ミドルレンジ機種,178467,店舗,池袋店,C01964,石井,女,40,北海道,2024-01-10,5,947825,VIP,False,
PR0005026,2025-04-27,テレビ,有機EL 55型,478803,EC,,C01964,石井,女,40,北海道,2024-01-10,5,947825,VIP,False,
PR0005028,2024-01-28,冷蔵庫,コンパクト冷蔵庫,113682,店舗,横浜駅前店,C01964,石井,女,40,北海道,2024-01-10,5,947825,VIP,True,
PR0005025,2024-04-29,美容家電・小物,美顔器,28386,EC,,C01964,石井,女,40,北海道,2024-01-10,5,947825,VIP,False,
PR0005030,2021-12-23,ゲーム・玩具,ボードゲーム,13109,EC,,C01965,佐々木,男,39,埼玉県,2021-09-20,1,13109,Inactive,True,
PR0005032,2025-09-30,冷蔵庫,冷蔵庫 400L,358005,EC,,C01966,山崎,女,49,福岡県,2025-06-07,2,364047,Regular,True,
PR0005031,2026-01-10,美容家電・小物,美顔器,6042,店舗,天王寺店,C01966,山崎,女,49,福岡県,2025-06-07,2,364047,Regular,False,
PR0005035,2022-09-04,PC・タブレット,ノートPC 15型,54684,店舗,天王寺店,C01967,鈴木,男,34,神奈川県,2022-04-12,5,978842,VIP,True,
PR0005036,2026-01-02,PC・タブレット,ノートPC 15型,329756,EC,,C01967,鈴木,男,34,神奈川県,2022-04-12,5,978842,VIP,False,1216
PR0005037,2024-04-06,オーディオ,Bluetoothスピーカー,184972,EC,,C01967,鈴木,男,34,神奈川県,2022-04-12,5,978842,VIP,False,
PR0005034,2025-04-19,カメラ・ビデオ,アクションカメラ,211111,EC,,C01967,鈴木,男,34,神奈川県,2022-04-12,5,978842,VIP,False,
PR0005033,2025-10-23,スマートフォン,最新スマホ 256GB,198319,EC,,C01967,鈴木,男,34,神奈川県,2022-04-12,5,978842,VIP,False,
PR0005039,2026-01-15,PC・タブレット,タブレット 10型,182479,EC,,C01968,藤田,男,47,兵庫県,2025-03-26,2,428698,Regular,True,
PR0005038,2026-02-05,テレビ,4K テレビ 65型,246219,店舗,天王寺店,C01968,藤田,男,47,兵庫県,2025-03-26,2,428698,Regular,False,
PR0005040,2024-09-13,カメラ・ビデオ,ミラーレス一眼,238799,EC,,C01969,池田,男,49,福岡県,2023-02-10,2,253558,Regular,False,
PR0005041,2024-04-28,美容家電・小物,マッサージガン,14759,EC,,C01969,池田,男,49,福岡県,2023-02-10,2,253558,Regular,True,
PR0005043,2024-02-27,オーディオ,ワイヤレスイヤホン,114877,店舗,札幌駅前店,C01970,岡田,男,41,京都府,2023-03-05,3,184221,Inactive,False,
PR0005042,2023-09-05,ゲーム・玩具,ゲームソフト,56567,EC,,C01970,岡田,男,41,京都府,2023-03-05,3,184221,Inactive,True,
PR0005044,2023-11-12,美容家電・小物,電動歯ブラシ,12777,EC,,C01970,岡田,男,41,京都府,2023-03-05,3,184221,Inactive,False,
PR0005045,2023-08-11,テレビ,プロジェクター,221502,店舗,名古屋栄店,C01971,小川,女,55,埼玉県,2021-10-19,2,412700,Inactive,True,
PR0005046,2024-03-13,洗濯機,全自動 8kg,191198,店舗,名古屋栄店,C01971,小川,女,55,埼玉県,2021-10-19,2,412700,Inactive,False,
PR0005047,2023-01-15,テレビ,4K テレビ 65型,204605,店舗,福岡天神店,C01972,斎藤,男,29,京都府,2021-06-30,1,204605,Inactive,True,
PR0005048,2024-08-27,カメラ・ビデオ,ドローン,67809,EC,,C01973,山田,女,47,東京都,2024-08-11,4,365142,Loyal,True,
PR0005051,2025-08-25,スマートフォン,スタンダード 128GB,74475,EC,,C01973,山田,女,47,東京都,2024-08-11,4,365142,Loyal,False,
PR0005050,2025-02-17,テレビ,プロジェクター,216100,EC,,C01973,山田,女,47,東京都,2024-08-11,4,365142,Loyal,False,
PR0005049,2024-12-02,美容家電・小物,ヘアアイロン,6758,EC,,C01973,山田,女,47,東京都,2024-08-11,4,365142,Loyal,False,
PR0005053,2026-02-06,PC・タブレット,2-in-1 PC,208775,EC,,C01974,村上,女,44,北海道,2024-11-18,2,377431,Regular,False,
PR0005052,2025-07-14,カメラ・ビデオ,交換レンズ,168656,店舗,天王寺店,C01974,村上,女,44,北海道,2024-11-18,2,377431,Regular,True,
PR0005054,2026-03-13,PC・タブレット,ワークステーション,275899,EC,,C01975,田中,男,43,広島県,2024-12-02,2,321866,Regular,False,
PR0005055,2025-03-24,スマートフォン,スタンダード 128GB,45967,EC,,C01975,田中,男,43,広島県,2024-12-02,2,321866,Regular,True,
PR0005057,2025-01-24,スマートフォン,ハイエンド 1TB,64932,店舗,新宿店,C01976,山下,女,54,神奈川県,2022-10-29,2,174478,Regular,False,
PR0005056,2024-07-12,テレビ,有機EL 55型,109546,店舗,札幌駅前店,C01976,山下,女,54,神奈川県,2022-10-29,2,174478,Regular,True,
PR0005059,2025-11-07,テレビ,4K テレビ 65型,209683,店舗,天王寺店,C01977,佐藤,女,62,福岡県,2025-06-11,2,452379,Regular,False,
PR0005058,2025-07-07,洗濯機,ドラム式洗濯機,242696,EC,,C01977,佐藤,女,62,福岡県,2025-06-11,2,452379,Regular,True,
PR0005061,2026-03-29,スマートフォン,ハイエンド 1TB,158928,店舗,池袋店,C01978,佐々木,男,66,宮城県,2025-12-25,2,456618,Regular,False,
PR0005060,2026-02-01,テレビ,4K テレビ 50型,297690,EC,,C01978,佐々木,男,66,宮城県,2025-12-25,2,456618,Regular,True,
PR0005063,2025-12-06,テレビ,4K テレビ 65型,98264,店舗,天王寺店,C01979,岡田,男,55,神奈川県,2024-07-05,3,406281,Loyal,True,
PR0005062,2026-03-22,冷蔵庫,冷蔵庫 500L,261974,店舗,新宿店,C01979,岡田,男,55,神奈川県,2024-07-05,3,406281,Loyal,False,
PR0005064,2025-12-16,美容家電・小物,マッサージガン,46043,店舗,大阪梅田店,C01979,岡田,男,55,神奈川県,2024-07-05,3,406281,Loyal,False,
PR0005065,2025-12-30,オーディオ,Bluetoothスピーカー,181510,店舗,池袋店,C01980,中島,男,36,広島県,2025-10-07,1,181510,Light,True,
PR0005067,2025-04-05,オーディオ,ターンテーブル,83031,EC,,C01981,長谷川,女,46,千葉県,2025-03-02,2,90793,Regular,True,
PR0005066,2025-11-09,美容家電・小物,美顔器,7762,EC,,C01981,長谷川,女,46,千葉県,2025-03-02,2,90793,Regular,False,
PR0005071,2026-01-19,PC・タブレット,ワークステーション,273790,EC,,C01982,阿部,女,48,福岡県,2024-02-29,5,1265773,VIP,False,
PR0005070,2026-02-06,エアコン,エアコン 14畳用,370808,店舗,池袋店,C01982,阿部,女,48,福岡県,2024-02-29,5,1265773,VIP,False,
PR0005072,2024-06-07,スマートフォン,最新スマホ 256GB,126774,店舗,横浜駅前店,C01982,阿部,女,48,福岡県,2024-02-29,5,1265773,VIP,False,
PR0005069,2024-05-31,テレビ,4K テレビ 50型,464983,EC,,C01982,阿部,女,48,福岡県,2024-02-29,5,1265773,VIP,True,
PR0005068,2024-10-21,美容家電・小物,電動歯ブラシ,29418,EC,,C01982,阿部,女,48,福岡県,2024-02-29,5,1265773,VIP,False,
PR0005075,2024-06-02,PC・タブレット,ワークステーション,325179,店舗,横浜駅前店,C01983,山本,男,29,神奈川県,2021-04-09,4,712925,Loyal,False,
PR0005073,2021-07-20,スマートフォン,ミドルレンジ機種,178589,店舗,札幌駅前店,C01983,山本,男,29,神奈川県,2021-04-09,4,712925,Loyal,True,
PR0005074,2024-04-22,スマートフォン,ハイエンド 1TB,156194,店舗,福岡天神店,C01983,山本,男,29,神奈川県,2021-04-09,4,712925,Loyal,False,1007
PR0005076,2025-08-23,美容家電・小物,美顔器,52963,EC,,C01983,山本,男,29,神奈川県,2021-04-09,4,712925,Loyal,False,
PR0005080,2025-04-16,エアコン,エアコン 10畳用,324625,EC,,C01984,林,男,43,兵庫県,2025-02-14,4,1020325,Loyal,True,
PR0005077,2025-08-11,スマートフォン,ミドルレンジ機種,86796,EC,,C01984,林,男,43,兵庫県,2025-02-14,4,1020325,Loyal,False,
PR0005079,2025-08-27,テレビ,4K テレビ 50型,280858,店舗,福岡天神店,C01984,林,男,43,兵庫県,2025-02-14,4,1020325,Loyal,False,
PR0005078,2026-02-06,洗濯機,乾燥機能付き 10kg,328046,EC,,C01984,林,男,43,兵庫県,2025-02-14,4,1020325,Loyal,False,
PR0005082,2025-01-31,オーディオ,ホームオーディオ,121078,EC,,C01985,石川,女,55,福岡県,2023-03-24,2,227383,Regular,True,
PR0005081,2025-05-05,スマートフォン,Pro モデル 512GB,106305,EC,,C01985,石川,女,55,福岡県,2023-03-24,2,227383,Regular,False,
PR0005083,2024-10-23,PC・タブレット,ワークステーション,88413,EC,,C01986,山口,男,56,広島県,2022-04-10,1,88413,Light,True,
PR0005084,2025-06-04,ゲーム・玩具,据置型ゲーム機,33081,EC,,C01987,伊藤,男,25,千葉県,2022-02-18,1,33081,Light,True,
PR0005085,2024-05-16,エアコン,エアコン 6畳用,130156,EC,,C01988,小川,男,37,京都府,2023-08-25,2,201309,Regular,False,
PR0005086,2023-10-15,美容家電・小物,ドライヤー,71153,店舗,札幌駅前店,C01988,小川,男,37,京都府,2023-08-25,2,201309,Regular,True,
PR0005087,2024-09-05,スマートフォン,コンパクトモデル,154814,店舗,大阪梅田店,C01989,石井,女,52,神奈川県,2024-03-09,3,240796,Loyal,False,
PR0005089,2024-03-19,テレビ,プロジェクター,59659,店舗,名古屋栄店,C01989,石井,女,52,神奈川県,2024-03-09,3,240796,Loyal,True,
PR0005088,2025-12-13,美容家電・小物,マッサージガン,26323,店舗,福岡天神店,C01989,石井,女,52,神奈川県,2024-03-09,3,240796,Loyal,False,
PR0005090,2024-09-07,スマートフォン,スタンダード 128GB,104108,EC,,C01990,近藤,女,33,広島県,2024-02-21,2,166056,Regular,True,
PR0005091,2025-04-20,美容家電・小物,ドライヤー,61948,店舗,横浜駅前店,C01990,近藤,女,33,広島県,2024-02-21,2,166056,Regular,False,
PR0005092,2025-12-11,美容家電・小物,美顔器,72728,店舗,名古屋栄店,C01991,加藤,女,73,千葉県,2023-11-07,1,72728,Light,True,
PR0005094,2023-09-15,エアコン,エアコン 14畳用,283566,店舗,札幌駅前店,C01992,山崎,女,48,北海道,2022-03-19,2,351384,Inactive,False,
PR0005093,2023-09-14,オーディオ,ホームオーディオ,67818,店舗,大阪梅田店,C01992,山崎,女,48,北海道,2022-03-19,2,351384,Inactive,True,
PR0005096,2025-12-30,PC・タブレット,ゲーミングPC,332781,店舗,天王寺店,C01993,前田,女,38,福岡県,2025-03-12,2,461547,Regular,False,
PR0005095,2025-06-09,スマートフォン,コンパクトモデル,128766,EC,,C01993,前田,女,38,福岡県,2025-03-12,2,461547,Regular,True,
PR0005098,2026-03-26,テレビ,スマートテレビ 43型,80464,店舗,天王寺店,C01994,山下,女,32,埼玉県,2025-11-26,2,153433,Regular,False,
PR0005097,2026-01-28,美容家電・小物,電気シェーバー,72969,店舗,福岡天神店,C01994,山下,女,32,埼玉県,2025-11-26,2,153433,Regular,True,
PR0005099,2024-08-18,オーディオ,ヘッドホン,35218,店舗,渋谷店,C01995,小川,男,51,宮城県,2022-08-05,2,407224,Regular,False,
PR0005100,2023-12-24,テレビ,4K テレビ 65型,372006,店舗,渋谷店,C01995,小川,男,51,宮城県,2022-08-05,2,407224,Regular,True,
PR0005103,2023-08-15,PC・タブレット,ゲーミングPC,140545,店舗,横浜駅前店,C01996,木村,女,62,千葉県,2021-11-02,3,798183,Loyal,True,
PR0005101,2025-11-13,冷蔵庫,冷蔵庫 500L,367504,店舗,福岡天神店,C01996,木村,女,62,千葉県,2021-11-02,3,798183,Loyal,False,
PR0005102,2025-02-07,洗濯機,全自動 8kg,290134,店舗,天王寺店,C01996,木村,女,62,千葉県,2021-11-02,3,798183,Loyal,False,
PR0005105,2025-09-06,スマートフォン,最新スマホ 256GB,34422,EC,,C01997,清水,男,35,福岡県,2024-02-16,2,41042,Regular,False,
PR0005104,2024-10-13,美容家電・小物,美顔器,6620,EC,,C01997,清水,男,35,福岡県,2024-02-16,2,41042,Regular,True,
PR0005106,2025-12-22,テレビ,有機EL 75型,437358,EC,,C01998,山本,女,52,広島県,2022-08-22,1,437358,Light,True,
PR0005111,2025-11-21,PC・タブレット,ワークステーション,98169,EC,,C01999,坂本,男,37,東京都,2025-08-01,5,646059,VIP,False,
PR0005107,2026-01-19,エアコン,エアコン 6畳用,238485,店舗,池袋店,C01999,坂本,男,37,東京都,2025-08-01,5,646059,VIP,False,
PR0005108,2025-08-19,スマートフォン,ミドルレンジ機種,73052,店舗,横浜駅前店,C01999,坂本,男,37,東京都,2025-08-01,5,646059,VIP,True,
PR0005110,2025-10-10,テレビ,スマートテレビ 43型,198142,店舗,札幌駅前店,C01999,坂本,男,37,東京都,2025-08-01,5,646059,VIP,False,
PR0005109,2025-10-04,美容家電・小物,ヘアアイロン,38211,店舗,天王寺店,C01999,坂本,男,37,東京都,2025-08-01,5,646059,VIP,False,
PR0005113,2024-01-28,PC・タブレット,ゲーミングPC,297777,店舗,渋谷店,C02000,村上,男,47,広島県,2022-07-15,3,720130,Loyal,False,
PR0005114,2024-11-01,スマートフォン,スタンダード 128GB,133375,店舗,池袋店,C02000,村上,男,47,広島県,2022-07-15,3,720130,Loyal,False,
PR0005112,2023-07-24,冷蔵庫,フレンチドア 700L,288978,店舗,秋葉原店,C02000,村上,男,47,広島県,2022-07-15,3,720130,Loyal,True,
PR0005116,2025-12-08,PC・タブレット,タブレット 10型,273964,店舗,札幌駅前店,C02001,吉田,男,64,大阪府,2025-09-10,5,631061,VIP,False,
PR0005118,2025-09-16,オーディオ,ホームオーディオ,86294,店舗,福岡天神店,C02001,吉田,男,64,大阪府,2025-09-10,5,631061,VIP,True,
PR0005115,2026-02-15,ゲーム・玩具,ゲームソフト,59421,店舗,大阪梅田店,C02001,吉田,男,64,大阪府,2025-09-10,5,631061,VIP,False,
PR0005119,2026-01-08,スマートフォン,コンパクトモデル,191097,店舗,秋葉原店,C02001,吉田,男,64,大阪府,2025-09-10,5,631061,VIP,False,
PR0005117,2025-12-27,美容家電・小物,ヘアアイロン,20285,店舗,福岡天神店,C02001,吉田,男,64,大阪府,2025-09-10,5,631061,VIP,False,
PR0005120,2024-12-21,テレビ,4K テレビ 65型,297681,EC,,C02002,石川,女,57,千葉県,2023-03-27,2,551556,Regular,False,
PR0005121,2024-07-07,冷蔵庫,コンパクト冷蔵庫,253875,店舗,天王寺店,C02002,石川,女,57,千葉県,2023-03-27,2,551556,Regular,True,
PR0005122,2026-03-12,PC・タブレット,タブレット 10型,285204,店舗,札幌駅前店,C02003,斎藤,男,63,兵庫県,2023-11-18,2,454910,Regular,False,
PR0005123,2026-01-14,スマートフォン,ミドルレンジ機種,169706,EC,,C02003,斎藤,男,63,兵庫県,2023-11-18,2,454910,Regular,True,
PR0005126,2024-11-15,エアコン,エアコン 6畳用,99101,店舗,札幌駅前店,C02004,渡辺,男,31,福岡県,2024-08-24,3,602205,Loyal,True,
PR0005124,2026-01-21,スマートフォン,Pro モデル 512GB,42452,店舗,横浜駅前店,C02004,渡辺,男,31,福岡県,2024-08-24,3,602205,Loyal,False,
PR0005125,2024-11-25,テレビ,スマートテレビ 43型,460652,EC,,C02004,渡辺,男,31,福岡県,2024-08-24,3,602205,Loyal,False,
PR0005127,2024-06-16,PC・タブレット,ゲーミングPC,326576,店舗,札幌駅前店,C02006,坂本,女,61,大阪府,2022-05-06,3,616687,Loyal,True,
PR0005128,2026-03-04,ゲーム・玩具,ボードゲーム,33104,EC,,C02006,坂本,女,61,大阪府,2022-05-06,3,616687,Loyal,False,
PR0005129,2025-04-19,洗濯機,コンパクト洗濯機,257007,店舗,福岡天神店,C02006,坂本,女,61,大阪府,2022-05-06,3,616687,Loyal,False,
PR0005130,2025-07-24,カメラ・ビデオ,ドローン,90971,EC,,C02007,吉田,女,33,愛知県,2024-11-26,1,90971,Light,True,
PR0005131,2024-10-05,ゲーム・玩具,コントローラ,74884,店舗,大阪梅田店,C02008,田中,女,34,宮城県,2024-09-10,2,352769,Regular,True,
PR0005132,2025-05-07,洗濯機,ドラム式洗濯機,277885,店舗,横浜駅前店,C02008,田中,女,34,宮城県,2024-09-10,2,352769,Regular,False,
PR0005135,2026-01-01,カメラ・ビデオ,アクションカメラ,261717,店舗,天王寺店,C02009,田中,男,55,広島県,2024-02-02,3,745602,Loyal,False,
PR0005133,2025-07-24,冷蔵庫,冷蔵庫 600L 大型,327037,EC,,C02009,田中,男,55,広島県,2024-02-02,3,745602,Loyal,True,
PR0005134,2025-11-01,洗濯機,コンパクト洗濯機,156848,EC,,C02009,田中,男,55,広島県,2024-02-02,3,745602,Loyal,False,
PR0005137,2025-08-19,PC・タブレット,ノートPC 13型,323649,EC,,C02010,林,男,29,宮城県,2022-11-13,2,353262,Regular,False,
PR0005136,2023-05-19,ゲーム・玩具,コントローラ,29613,EC,,C02010,林,男,29,宮城県,2022-11-13,2,353262,Regular,True,
PR0005138,2023-11-04,スマートフォン,ハイエンド 1TB,117651,EC,,C02011,遠藤,男,36,大阪府,2023-05-25,1,117651,Inactive,True,
PR0005140,2025-11-10,エアコン,エアコン 18畳用,123486,店舗,天王寺店,C02012,青木,男,41,愛知県,2024-10-30,2,157690,Regular,False,
PR0005139,2025-06-17,ゲーム・玩具,携帯ゲーム機,34204,EC,,C02012,青木,男,41,愛知県,2024-10-30,2,157690,Regular,True,
PR0005141,2023-08-22,スマートフォン,Pro モデル 512GB,164222,EC,,C02013,長谷川,女,73,埼玉県,2021-12-04,1,164222,Inactive,True,
PR0005143,2026-01-18,オーディオ,サウンドバー,122932,店舗,池袋店,C02014,岡田,男,57,宮城県,2025-04-01,4,514284,Loyal,False,
PR0005144,2025-06-08,スマートフォン,スタンダード 128GB,147784,EC,,C02014,岡田,男,57,宮城県,2025-04-01,4,514284,Loyal,False,
PR0005142,2025-04-21,テレビ,有機EL 55型,197201,店舗,札幌駅前店,C02014,岡田,男,57,宮城県,2025-04-01,4,514284,Loyal,True,
PR0005145,2025-10-31,美容家電・小物,マッサージガン,46367,店舗,渋谷店,C02014,岡田,男,57,宮城県,2025-04-01,4,514284,Loyal,False,
PR0005147,2024-07-14,スマートフォン,スタンダード 128GB,176338,店舗,福岡天神店,C02015,小林,男,74,埼玉県,2023-02-13,2,369877,Regular,False,
PR0005146,2023-11-07,テレビ,有機EL 55型,193539,EC,,C02015,小林,男,74,埼玉県,2023-02-13,2,369877,Regular,True,
PR0005148,2024-11-01,冷蔵庫,冷蔵庫 500L,404185,店舗,池袋店,C02016,石井,女,33,広島県,2023-01-04,2,417491,Regular,True,
PR0005149,2026-02-12,美容家電・小物,美顔器,13306,店舗,札幌駅前店,C02016,石井,女,33,広島県,2023-01-04,2,417491,Regular,False,
PR0005151,2026-03-08,PC・タブレット,ノートPC 13型,300397,店舗,横浜駅前店,C02017,佐々木,女,55,千葉県,2024-01-26,2,651679,Regular,False,
PR0005150,2024-06-09,冷蔵庫,冷蔵庫 600L 大型,351282,EC,,C02017,佐々木,女,55,千葉県,2024-01-26,2,651679,Regular,True,
PR0005153,2024-04-27,エアコン,エアコン 6畳用,251611,EC,,C02018,山田,女,58,東京都,2022-01-04,4,896435,Loyal,False,
PR0005155,2023-01-24,テレビ,4K テレビ 65型,492298,店舗,札幌駅前店,C02018,山田,女,58,東京都,2022-01-04,4,896435,Loyal,True,
PR0005154,2024-11-29,洗濯機,コンパクト洗濯機,119306,店舗,秋葉原店,C02018,山田,女,58,東京都,2022-01-04,4,896435,Loyal,False,
PR0005152,2024-08-09,美容家電・小物,美顔器,33220,店舗,札幌駅前店,C02018,山田,女,58,東京都,2022-01-04,4,896435,Loyal,False,
PR0005158,2024-06-15,スマートフォン,ハイエンド 1TB,34630,店舗,札幌駅前店,C02019,佐々木,男,59,宮城県,2021-05-09,3,292235,Loyal,False,
PR0005156,2023-07-14,冷蔵庫,フレンチドア 700L,222919,店舗,秋葉原店,C02019,佐々木,男,59,宮城県,2021-05-09,3,292235,Loyal,True,
PR0005157,2024-08-15,美容家電・小物,ドライヤー,34686,店舗,福岡天神店,C02019,佐々木,男,59,宮城県,2021-05-09,3,292235,Loyal,False,
PR0005161,2023-02-04,カメラ・ビデオ,アクションカメラ,117695,EC,,C02020,田中,女,44,北海道,2022-03-30,3,272944,Inactive,True,
PR0005159,2023-11-20,ゲーム・玩具,VR ゴーグル,16710,EC,,C02020,田中,女,44,北海道,2022-03-30,3,272944,Inactive,False,
PR0005160,2024-02-15,テレビ,スマートテレビ 43型,138539,EC,,C02020,田中,女,44,北海道,2022-03-30,3,272944,Inactive,False,
PR0005162,2026-02-22,カメラ・ビデオ,アクションカメラ,180257,店舗,大阪梅田店,C02021,青木,女,45,福岡県,2026-01-23,2,189710,Regular,False,
PR0005163,2026-02-09,美容家電・小物,電動歯ブラシ,9453,店舗,横浜駅前店,C02021,青木,女,45,福岡県,2026-01-23,2,189710,Regular,True,
PR0005164,2024-11-28,PC・タブレット,ワークステーション,141884,店舗,札幌駅前店,C02022,佐々木,女,57,宮城県,2023-03-16,3,539195,Loyal,False,
PR0005165,2025-07-29,エアコン,業務用エアコン,285340,店舗,大阪梅田店,C02022,佐々木,女,57,宮城県,2023-03-16,3,539195,Loyal,False,
PR0005166,2024-05-12,スマートフォン,ハイエンド 1TB,111971,EC,,C02022,佐々木,女,57,宮城県,2023-03-16,3,539195,Loyal,True,
PR0005167,2022-01-30,スマートフォン,最新スマホ 256GB,71194,店舗,新宿店,C02023,後藤,女,31,神奈川県,2021-04-20,3,418023,Loyal,True,
PR0005168,2024-05-02,スマートフォン,最新スマホ 256GB,193248,店舗,渋谷店,C02023,後藤,女,31,神奈川県,2021-04-20,3,418023,Loyal,False,823
PR0005169,2025-05-07,テレビ,有機EL 75型,153581,店舗,新宿店,C02023,後藤,女,31,神奈川県,2021-04-20,3,418023,Loyal,False,
PR0005171,2025-03-29,カメラ・ビデオ,ドローン,198384,EC,,C02024,山本,男,36,愛知県,2025-02-26,2,328251,Regular,True,
PR0005170,2025-12-04,スマートフォン,ミドルレンジ機種,129867,EC,,C02024,山本,男,36,愛知県,2025-02-26,2,328251,Regular,False,
PR0005174,2026-02-03,PC・タブレット,タブレット 10型,194240,店舗,福岡天神店,C02025,小川,男,22,埼玉県,2024-03-06,4,585166,Loyal,False,
PR0005175,2024-05-25,カメラ・ビデオ,交換レンズ,295107,店舗,池袋店,C02025,小川,男,22,埼玉県,2024-03-06,4,585166,Loyal,True,
PR0005173,2024-10-31,ゲーム・玩具,ボードゲーム,5937,店舗,天王寺店,C02025,小川,男,22,埼玉県,2024-03-06,4,585166,Loyal,False,
PR0005172,2026-02-13,スマートフォン,ミドルレンジ機種,89882,店舗,札幌駅前店,C02025,小川,男,22,埼玉県,2024-03-06,4,585166,Loyal,False,
PR0005176,2025-03-08,ゲーム・玩具,VR ゴーグル,6645,店舗,渋谷店,C02026,後藤,男,55,東京都,2021-05-19,3,132623,Regular,False,
PR0005177,2021-12-20,スマートフォン,ミドルレンジ機種,95681,店舗,渋谷店,C02026,後藤,男,55,東京都,2021-05-19,3,132623,Regular,True,
PR0005178,2024-08-10,スマートフォン,コンパクトモデル,30297,店舗,秋葉原店,C02026,後藤,男,55,東京都,2021-05-19,3,132623,Regular,False,964
PR0005179,2025-08-23,PC・タブレット,ゲーミングPC,159084,店舗,名古屋栄店,C02027,後藤,男,22,広島県,2025-03-01,2,188869,Regular,False,
PR0005180,2025-05-28,ゲーム・玩具,ゲームソフト,29785,店舗,渋谷店,C02027,後藤,男,22,広島県,2025-03-01,2,188869,Regular,True,
PR0005183,2025-02-11,PC・タブレット,タブレット 10型,60092,EC,,C02029,山崎,女,47,広島県,2024-07-15,4,231252,Loyal,False,
PR0005181,2025-12-10,オーディオ,ワイヤレスイヤホン,149285,店舗,福岡天神店,C02029,山崎,女,47,広島県,2024-07-15,4,231252,Loyal,False,
PR0005184,2024-09-24,ゲーム・玩具,VR ゴーグル,11780,EC,,C02029,山崎,女,47,広島県,2024-07-15,4,231252,Loyal,True,
PR0005182,2025-05-29,美容家電・小物,マッサージガン,10095,EC,,C02029,山崎,女,47,広島県,2024-07-15,4,231252,Loyal,False,
PR0005185,2024-10-29,ゲーム・玩具,据置型ゲーム機,27217,EC,,C02030,橋本,男,68,埼玉県,2022-05-22,1,27217,Light,True,
PR0005188,2023-09-18,エアコン,エアコン 18畳用,277874,EC,,C02031,山崎,男,54,京都府,2022-03-16,6,1255576,VIP,True,
PR0005191,2024-07-02,カメラ・ビデオ,コンパクトデジカメ,79467,EC,,C02031,山崎,男,54,京都府,2022-03-16,6,1255576,VIP,False,
PR0005190,2025-02-27,スマートフォン,ミドルレンジ機種,198664,EC,,C02031,山崎,男,54,京都府,2022-03-16,6,1255576,VIP,False,
PR0005187,2024-11-30,テレビ,スマートテレビ 43型,443693,店舗,大阪梅田店,C02031,山崎,男,54,京都府,2022-03-16,6,1255576,VIP,False,
PR0005186,2024-03-21,洗濯機,縦型洗濯機,197787,店舗,横浜駅前店,C02031,山崎,男,54,京都府,2022-03-16,6,1255576,VIP,False,
PR0005189,2025-05-25,美容家電・小物,マッサージガン,58091,店舗,新宿店,C02031,山崎,男,54,京都府,2022-03-16,6,1255576,VIP,False,
PR0005192,2022-01-14,洗濯機,乾燥機能付き 10kg,209197,EC,,C02032,山下,女,38,福岡県,2021-11-10,1,209197,Inactive,True,
PR0005195,2024-09-01,カメラ・ビデオ,ビデオカメラ,227073,店舗,秋葉原店,C02033,林,男,29,京都府,2024-01-04,3,484768,Loyal,False,
PR0005193,2024-03-19,ゲーム・玩具,ゲームソフト,62430,店舗,池袋店,C02033,林,男,29,京都府,2024-01-04,3,484768,Loyal,False,
PR0005194,2024-03-16,スマートフォン,スタンダード 128GB,195265,店舗,福岡天神店,C02033,林,男,29,京都府,2024-01-04,3,484768,Loyal,True,
PR0005196,2024-04-08,PC・タブレット,2-in-1 PC,244840,EC,,C02034,阿部,女,61,千葉県,2023-06-21,2,544032,Regular,True,
PR0005197,2024-07-25,エアコン,エアコン 14畳用,299192,EC,,C02034,阿部,女,61,千葉県,2023-06-21,2,544032,Regular,False,
PR0005198,2025-02-19,エアコン,業務用エアコン,160207,EC,,C02035,加藤,女,55,京都府,2024-12-06,2,566953,Regular,True,
PR0005199,2025-09-21,冷蔵庫,フレンチドア 700L,406746,EC,,C02035,加藤,女,55,京都府,2024-12-06,2,566953,Regular,False,
PR0005200,2025-09-18,テレビ,プロジェクター,263911,店舗,渋谷店,C02036,清水,男,55,東京都,2025-03-18,1,263911,Light,True,
PR0005202,2026-01-10,PC・タブレット,タブレット 10型,200931,EC,,C02037,林,女,64,東京都,2025-04-23,2,258228,Regular,False,
PR0005201,2025-12-20,美容家電・小物,電気シェーバー,57297,EC,,C02037,林,女,64,東京都,2025-04-23,2,258228,Regular,True,
PR0005203,2024-12-30,PC・タブレット,ゲーミングPC,65597,EC,,C02038,森,女,36,福岡県,2021-10-08,1,65597,Light,True,
PR0005204,2024-07-29,スマートフォン,スタンダード 128GB,156315,EC,,C02039,高橋,男,49,東京都,2021-06-29,2,400835,Regular,False,
PR0005205,2022-03-01,テレビ,4K テレビ 65型,244520,EC,,C02039,高橋,男,49,東京都,2021-06-29,2,400835,Regular,True,
PR0005210,2022-12-03,PC・タブレット,ゲーミングPC,112758,店舗,天王寺店,C02040,山下,男,51,京都府,2021-05-10,5,455743,Loyal,False,
PR0005206,2022-02-13,ゲーム・玩具,ゲームソフト,48423,EC,,C02040,山下,男,51,京都府,2021-05-10,5,455743,Loyal,True,
PR0005207,2023-09-15,スマートフォン,スタンダード 128GB,105000,EC,,C02040,山下,男,51,京都府,2021-05-10,5,455743,Loyal,False,
PR0005208,2025-09-01,スマートフォン,ミドルレンジ機種,70992,EC,,C02040,山下,男,51,京都府,2021-05-10,5,455743,Loyal,False,717
PR0005209,2023-10-03,テレビ,有機EL 75型,118570,EC,,C02040,山下,男,51,京都府,2021-05-10,5,455743,Loyal,False,
PR0005212,2023-02-18,スマートフォン,ハイエンド 1TB,145379,店舗,福岡天神店,C02041,吉田,男,28,北海道,2022-04-06,2,241931,Inactive,True,
PR0005211,2023-11-03,テレビ,スマートテレビ 43型,96552,EC,,C02041,吉田,男,28,北海道,2022-04-06,2,241931,Inactive,False,
PR0005213,2024-04-11,オーディオ,ワイヤレスイヤホン,57418,店舗,大阪梅田店,C02042,渡辺,男,50,千葉県,2024-03-23,3,391623,Loyal,True,
PR0005215,2026-03-16,洗濯機,縦型洗濯機,291507,店舗,横浜駅前店,C02042,渡辺,男,50,千葉県,2024-03-23,3,391623,Loyal,False,
PR0005214,2024-09-06,美容家電・小物,ヘアアイロン,42698,店舗,池袋店,C02042,渡辺,男,50,千葉県,2024-03-23,3,391623,Loyal,False,
PR0005216,2024-10-16,テレビ,4K テレビ 65型,303708,店舗,渋谷店,C02043,清水,女,48,広島県,2024-08-14,1,303708,Light,True,
PR0005217,2026-02-09,美容家電・小物,ヘアアイロン,68400,EC,,C02044,吉田,女,56,京都府,2025-12-11,1,68400,Light,True,
PR0005219,2026-02-11,カメラ・ビデオ,ビデオカメラ,171554,EC,,C02045,渡辺,男,42,兵庫県,2026-01-08,2,336940,Regular,False,
PR0005218,2026-01-13,スマートフォン,スタンダード 128GB,165386,EC,,C02045,渡辺,男,42,兵庫県,2026-01-08,2,336940,Regular,True,
PR0005221,2025-04-26,ゲーム・玩具,携帯ゲーム機,66307,EC,,C02046,岡田,男,50,広島県,2025-02-05,5,967689,VIP,False,
PR0005223,2025-04-08,テレビ,プロジェクター,357122,EC,,C02046,岡田,男,50,広島県,2025-02-05,5,967689,VIP,True,
PR0005220,2026-03-27,冷蔵庫,冷蔵庫 600L 大型,396426,店舗,天王寺店,C02046,岡田,男,50,広島県,2025-02-05,5,967689,VIP,False,
PR0005222,2026-01-17,洗濯機,コンパクト洗濯機,107359,EC,,C02046,岡田,男,50,広島県,2025-02-05,5,967689,VIP,False,
PR0005224,2025-10-19,美容家電・小物,ドライヤー,40475,店舗,池袋店,C02046,岡田,男,50,広島県,2025-02-05,5,967689,VIP,False,
PR0005227,2025-06-12,PC・タブレット,ノートPC 15型,208180,店舗,福岡天神店,C02047,中島,女,64,東京都,2024-08-14,4,736842,Loyal,False,
PR0005228,2025-03-02,エアコン,エアコン 10畳用,318572,EC,,C02047,中島,女,64,東京都,2024-08-14,4,736842,Loyal,True,
PR0005225,2026-01-16,オーディオ,ターンテーブル,143774,店舗,横浜駅前店,C02047,中島,女,64,東京都,2024-08-14,4,736842,Loyal,False,
PR0005226,2025-09-11,美容家電・小物,ドライヤー,66316,店舗,天王寺店,C02047,中島,女,64,東京都,2024-08-14,4,736842,Loyal,False,
PR0005229,2025-08-11,PC・タブレット,タブレット 10型,193439,店舗,札幌駅前店,C02048,小林,女,38,兵庫県,2024-02-01,2,235501,Regular,False,
PR0005230,2024-11-12,美容家電・小物,電動歯ブラシ,42062,店舗,新宿店,C02048,小林,女,38,兵庫県,2024-02-01,2,235501,Regular,True,
PR0005232,2023-01-27,カメラ・ビデオ,ミラーレス一眼,265496,EC,,C02049,伊藤,女,60,宮城県,2021-11-29,2,434210,Inactive,True,
PR0005231,2024-02-17,テレビ,有機EL 75型,168714,店舗,天王寺店,C02049,伊藤,女,60,宮城県,2021-11-29,2,434210,Inactive,False,
PR0005233,2025-03-24,PC・タブレット,ノートPC 13型,97336,店舗,大阪梅田店,C02050,松本,男,42,北海道,2022-02-01,1,97336,Light,True,
PR0005235,2026-02-17,ゲーム・玩具,ゲームソフト,65270,EC,,C02051,山崎,女,24,神奈川県,2025-12-23,2,367074,Regular,False,
PR0005234,2025-12-27,洗濯機,コンパクト洗濯機,301804,EC,,C02051,山崎,女,24,神奈川県,2025-12-23,2,367074,Regular,True,
PR0005237,2025-08-02,PC・タブレット,ワークステーション,157188,EC,,C02052,村上,女,24,千葉県,2025-08-01,6,804322,VIP,True,
PR0005239,2025-10-19,オーディオ,ワイヤレスイヤホン,16870,EC,,C02052,村上,女,24,千葉県,2025-08-01,6,804322,VIP,False,
PR0005238,2025-11-30,スマートフォン,最新スマホ 256GB,84550,EC,,C02052,村上,女,24,千葉県,2025-08-01,6,804322,VIP,False,
PR0005241,2026-03-18,テレビ,有機EL 55型,202468,EC,,C02052,村上,女,24,千葉県,2025-08-01,6,804322,VIP,False,
PR0005240,2025-11-04,洗濯機,全自動 8kg,318000,EC,,C02052,村上,女,24,千葉県,2025-08-01,6,804322,VIP,False,
PR0005236,2025-11-20,美容家電・小物,ドライヤー,25246,EC,,C02052,村上,女,24,千葉県,2025-08-01,6,804322,VIP,False,
PR0005244,2025-12-19,オーディオ,Bluetoothスピーカー,98582,店舗,池袋店,C02053,藤田,女,52,北海道,2024-07-12,3,348612,Loyal,False,
PR0005242,2025-12-11,テレビ,有機EL 75型,51231,店舗,札幌駅前店,C02053,藤田,女,52,北海道,2024-07-12,3,348612,Loyal,True,
PR0005243,2026-03-22,洗濯機,乾燥機能付き 10kg,198799,店舗,秋葉原店,C02053,藤田,女,52,北海道,2024-07-12,3,348612,Loyal,False,
PR0005245,2025-08-29,PC・タブレット,2-in-1 PC,325432,店舗,札幌駅前店,C02054,阿部,女,46,神奈川県,2025-08-03,3,664715,Loyal,False,
PR0005247,2025-08-19,カメラ・ビデオ,ミラーレス一眼,290926,店舗,大阪梅田店,C02054,阿部,女,46,神奈川県,2025-08-03,3,664715,Loyal,True,
PR0005246,2026-03-19,美容家電・小物,電動歯ブラシ,48357,店舗,池袋店,C02054,阿部,女,46,神奈川県,2025-08-03,3,664715,Loyal,False,
PR0005249,2025-05-15,オーディオ,ワイヤレスイヤホン,193438,店舗,天王寺店,C02055,山下,男,45,福岡県,2022-10-20,3,274343,Loyal,True,
PR0005248,2025-11-13,ゲーム・玩具,携帯ゲーム機,37413,店舗,大阪梅田店,C02055,山下,男,45,福岡県,2022-10-20,3,274343,Loyal,False,
PR0005250,2025-11-08,美容家電・小物,電気シェーバー,43492,店舗,横浜駅前店,C02055,山下,男,45,福岡県,2022-10-20,3,274343,Loyal,False,
PR0005253,2024-05-20,PC・タブレット,2-in-1 PC,196237,店舗,渋谷店,C02056,加藤,男,35,兵庫県,2022-10-06,3,512845,Loyal,True,
PR0005251,2025-06-19,スマートフォン,コンパクトモデル,172446,店舗,秋葉原店,C02056,加藤,男,35,兵庫県,2022-10-06,3,512845,Loyal,False,
PR0005252,2024-11-29,テレビ,プロジェクター,144162,店舗,大阪梅田店,C02056,加藤,男,35,兵庫県,2022-10-06,3,512845,Loyal,False,
PR0005256,2024-09-08,PC・タブレット,ノートPC 13型,193284,EC,,C02057,山崎,男,48,北海道,2023-03-17,3,888528,Loyal,True,
PR0005254,2025-12-18,カメラ・ビデオ,ミラーレス一眼,269646,EC,,C02057,山崎,男,48,北海道,2023-03-17,3,888528,Loyal,False,
PR0005255,2025-09-26,テレビ,有機EL 75型,425598,EC,,C02057,山崎,男,48,北海道,2023-03-17,3,888528,Loyal,False,
PR0005257,2025-04-27,スマートフォン,Pro モデル 512GB,105275,店舗,福岡天神店,C02058,斎藤,男,37,京都府,2025-04-03,2,489120,Regular,True,
PR0005258,2025-12-11,冷蔵庫,コンパクト冷蔵庫,383845,店舗,秋葉原店,C02058,斎藤,男,37,京都府,2025-04-03,2,489120,Regular,False,
PR0005260,2024-05-15,テレビ,4K テレビ 50型,413139,EC,,C02059,木村,男,41,京都府,2022-08-07,2,855817,Regular,True,
PR0005259,2026-01-21,冷蔵庫,冷蔵庫 400L,442678,EC,,C02059,木村,男,41,京都府,2022-08-07,2,855817,Regular,False,
PR0005261,2025-05-30,美容家電・小物,電動歯ブラシ,22514,EC,,C02061,加藤,女,66,北海道,2025-03-20,1,22514,Light,True,
PR0005263,2025-10-31,PC・タブレット,2-in-1 PC,65941,店舗,池袋店,C02062,林,男,67,神奈川県,2024-08-02,2,396952,Regular,False,
PR0005262,2025-05-18,テレビ,4K テレビ 65型,331011,店舗,秋葉原店,C02062,林,男,67,神奈川県,2024-08-02,2,396952,Regular,True,
PR0005265,2025-01-03,PC・タブレット,2-in-1 PC,200138,店舗,札幌駅前店,C02063,小林,男,51,神奈川県,2021-04-02,2,672681,Regular,False,
PR0005264,2024-05-28,テレビ,有機EL 55型,472543,店舗,名古屋栄店,C02063,小林,男,51,神奈川県,2021-04-02,2,672681,Regular,True,
PR0005267,2024-03-23,PC・タブレット,ノートPC 15型,218057,EC,,C02064,小川,女,49,神奈川県,2021-11-25,2,390348,Inactive,False,
PR0005266,2022-04-27,オーディオ,ワイヤレスイヤホン,172291,店舗,横浜駅前店,C02064,小川,女,49,神奈川県,2021-11-25,2,390348,Inactive,True,
PR0005268,2025-10-04,洗濯機,全自動 8kg,104165,店舗,大阪梅田店,C02065,加藤,女,43,千葉県,2023-05-08,2,109273,Regular,False,
PR0005269,2023-10-24,美容家電・小物,電気シェーバー,5108,店舗,福岡天神店,C02065,加藤,女,43,千葉県,2023-05-08,2,109273,Regular,True,
PR0005270,2022-09-05,スマートフォン,ミドルレンジ機種,85507,店舗,秋葉原店,C02066,長谷川,男,51,宮城県,2021-04-26,1,85507,Inactive,True,
PR0005271,2026-02-14,冷蔵庫,冷蔵庫 600L 大型,234978,EC,,C02067,岡田,女,58,宮城県,2025-11-25,1,234978,Light,True,
PR0005273,2023-08-09,PC・タブレット,ゲーミングPC,321134,EC,,C02068,田中,男,45,京都府,2022-08-27,2,628307,Inactive,True,
PR0005272,2023-12-10,テレビ,4K テレビ 50型,307173,EC,,C02068,田中,男,45,京都府,2022-08-27,2,628307,Inactive,False,
PR0005274,2025-03-15,PC・タブレット,2-in-1 PC,197978,店舗,札幌駅前店,C02069,前田,男,48,北海道,2024-05-01,2,497269,Regular,False,
PR0005275,2024-12-10,テレビ,プロジェクター,299291,EC,,C02069,前田,男,48,北海道,2024-05-01,2,497269,Regular,True,
PR0005276,2025-02-04,PC・タブレット,ノートPC 15型,69561,店舗,名古屋栄店,C02070,後藤,男,41,京都府,2024-07-21,2,243097,Regular,False,
PR0005277,2025-01-18,スマートフォン,最新スマホ 256GB,173536,店舗,大阪梅田店,C02070,後藤,男,41,京都府,2024-07-21,2,243097,Regular,True,
PR0005278,2024-09-01,カメラ・ビデオ,ドローン,222232,店舗,札幌駅前店,C02071,木村,男,51,東京都,2024-08-23,2,515853,Regular,True,
PR0005279,2024-12-29,テレビ,有機EL 55型,293621,店舗,福岡天神店,C02071,木村,男,51,東京都,2024-08-23,2,515853,Regular,False,
PR0005281,2022-12-09,テレビ,スマートテレビ 43型,287740,店舗,新宿店,C02072,後藤,女,50,広島県,2022-06-06,3,728932,Loyal,False,
PR0005282,2022-11-05,冷蔵庫,冷蔵庫 600L 大型,381031,店舗,池袋店,C02072,後藤,女,50,広島県,2022-06-06,3,728932,Loyal,True,
PR0005280,2025-04-11,美容家電・小物,電動歯ブラシ,60161,店舗,天王寺店,C02072,後藤,女,50,広島県,2022-06-06,3,728932,Loyal,False,
PR0005283,2025-03-08,PC・タブレット,タブレット 10型,288869,店舗,大阪梅田店,C02073,石川,男,63,東京都,2023-10-02,2,725174,Regular,False,
PR0005284,2023-11-06,冷蔵庫,冷蔵庫 500L,436305,EC,,C02073,石川,男,63,東京都,2023-10-02,2,725174,Regular,True,
PR0005285,2021-11-26,洗濯機,全自動 8kg,198031,店舗,池袋店,C02074,清水,女,50,広島県,2021-07-15,1,198031,Inactive,True,
PR0005286,2023-03-11,冷蔵庫,冷蔵庫 400L,411268,EC,,C02075,小川,男,63,千葉県,2022-11-19,1,411268,Inactive,True,
PR0005287,2023-10-08,スマートフォン,スタンダード 128GB,59691,店舗,大阪梅田店,C02076,鈴木,女,22,北海道,2022-12-21,3,107798,Regular,True,
PR0005288,2025-12-13,スマートフォン,ミドルレンジ機種,39749,店舗,名古屋栄店,C02076,鈴木,女,22,北海道,2022-12-21,3,107798,Regular,False,797
PR0005289,2024-04-18,美容家電・小物,電気シェーバー,8358,店舗,天王寺店,C02076,鈴木,女,22,北海道,2022-12-21,3,107798,Regular,False,
PR0005291,2022-12-01,スマートフォン,スタンダード 128GB,156931,EC,,C02077,村上,男,34,兵庫県,2022-07-09,3,477371,Loyal,True,
PR0005292,2025-11-09,スマートフォン,最新スマホ 256GB,153511,店舗,名古屋栄店,C02077,村上,男,34,兵庫県,2022-07-09,3,477371,Loyal,False,1074
PR0005290,2026-03-20,洗濯機,コンパクト洗濯機,166929,EC,,C02077,村上,男,34,兵庫県,2022-07-09,3,477371,Loyal,False,
PR0005293,2023-12-01,テレビ,スマートテレビ 43型,54997,店舗,大阪梅田店,C02078,坂本,女,36,埼玉県,2023-04-17,1,54997,Inactive,True,
PR0005297,2023-07-18,PC・タブレット,ノートPC 13型,241251,店舗,名古屋栄店,C02079,田中,男,22,神奈川県,2023-06-18,5,973079,VIP,True,
PR0005295,2025-01-29,エアコン,エアコン 18畳用,170387,店舗,福岡天神店,C02079,田中,男,22,神奈川県,2023-06-18,5,973079,VIP,False,
PR0005296,2024-02-28,ゲーム・玩具,据置型ゲーム機,41976,店舗,秋葉原店,C02079,田中,男,22,神奈川県,2023-06-18,5,973079,VIP,False,
PR0005298,2024-09-15,テレビ,有機EL 55型,481477,店舗,名古屋栄店,C02079,田中,男,22,神奈川県,2023-06-18,5,973079,VIP,False,
PR0005294,2023-09-06,美容家電・小物,マッサージガン,37988,店舗,大阪梅田店,C02079,田中,男,22,神奈川県,2023-06-18,5,973079,VIP,False,
PR0005300,2024-09-28,カメラ・ビデオ,交換レンズ,212840,EC,,C02080,青木,男,56,東京都,2024-05-08,2,249741,Regular,True,
PR0005299,2024-12-30,美容家電・小物,ドライヤー,36901,EC,,C02080,青木,男,56,東京都,2024-05-08,2,249741,Regular,False,
PR0005301,2026-01-30,ゲーム・玩具,VR ゴーグル,79875,EC,,C02081,石川,男,23,埼玉県,2025-05-27,2,121889,Regular,False,
PR0005302,2025-11-26,スマートフォン,スタンダード 128GB,42014,EC,,C02081,石川,男,23,埼玉県,2025-05-27,2,121889,Regular,True,
PR0005303,2025-12-28,PC・タブレット,ノートPC 15型,110422,EC,,C02082,中島,女,32,愛知県,2025-03-02,2,148053,Regular,True,
PR0005304,2026-03-19,スマートフォン,ミドルレンジ機種,37631,EC,,C02082,中島,女,32,愛知県,2025-03-02,2,148053,Regular,False,
PR0005305,2025-11-22,エアコン,業務用エアコン,130071,EC,,C02083,高橋,男,45,北海道,2025-09-04,5,687393,VIP,True,
PR0005308,2025-12-28,オーディオ,サウンドバー,197804,EC,,C02083,高橋,男,45,北海道,2025-09-04,5,687393,VIP,False,
PR0005306,2025-12-02,ゲーム・玩具,コントローラ,32041,EC,,C02083,高橋,男,45,北海道,2025-09-04,5,687393,VIP,False,
PR0005307,2026-03-01,テレビ,4K テレビ 65型,288065,EC,,C02083,高橋,男,45,北海道,2025-09-04,5,687393,VIP,False,
PR0005309,2025-12-31,美容家電・小物,電動歯ブラシ,39412,EC,,C02083,高橋,男,45,北海道,2025-09-04,5,687393,VIP,False,
PR0005313,2024-10-11,エアコン,業務用エアコン,288813,EC,,C02084,坂本,女,31,千葉県,2022-11-26,4,611130,Loyal,False,
PR0005311,2023-03-03,スマートフォン,最新スマホ 256GB,130994,店舗,天王寺店,C02084,坂本,女,31,千葉県,2022-11-26,4,611130,Loyal,True,
PR0005312,2025-09-06,スマートフォン,スタンダード 128GB,152178,店舗,横浜駅前店,C02084,坂本,女,31,千葉県,2022-11-26,4,611130,Loyal,False,918
PR0005310,2025-12-08,美容家電・小物,美顔器,39145,店舗,札幌駅前店,C02084,坂本,女,31,千葉県,2022-11-26,4,611130,Loyal,False,
PR0005315,2021-08-27,テレビ,スマートテレビ 43型,490909,店舗,横浜駅前店,C02085,山下,男,53,大阪府,2021-05-18,2,513773,Regular,True,
PR0005314,2024-11-05,美容家電・小物,電動歯ブラシ,22864,店舗,大阪梅田店,C02085,山下,男,53,大阪府,2021-05-18,2,513773,Regular,False,
PR0005316,2022-03-11,エアコン,エアコン 10畳用,248530,EC,,C02086,前田,女,43,宮城県,2022-02-08,2,391594,Inactive,True,
PR0005317,2023-01-10,洗濯機,全自動 8kg,143064,店舗,秋葉原店,C02086,前田,女,43,宮城県,2022-02-08,2,391594,Inactive,False,
PR0005321,2025-01-24,オーディオ,Bluetoothスピーカー,109056,EC,,C02087,山口,男,36,大阪府,2024-01-10,5,619669,VIP,False,
PR0005318,2025-12-14,ゲーム・玩具,VR ゴーグル,47563,店舗,名古屋栄店,C02087,山口,男,36,大阪府,2024-01-10,5,619669,VIP,False,
PR0005319,2026-02-27,スマートフォン,ハイエンド 1TB,109446,EC,,C02087,山口,男,36,大阪府,2024-01-10,5,619669,VIP,False,
PR0005320,2024-03-14,冷蔵庫,コンパクト冷蔵庫,314168,EC,,C02087,山口,男,36,大阪府,2024-01-10,5,619669,VIP,True,
PR0005322,2025-11-01,美容家電・小物,ヘアアイロン,39436,店舗,池袋店,C02087,山口,男,36,大阪府,2024-01-10,5,619669,VIP,False,
PR0005323,2025-11-20,スマートフォン,コンパクトモデル,96027,店舗,秋葉原店,C02088,小川,女,35,東京都,2022-02-05,3,470381,Loyal,False,
PR0005324,2025-08-27,冷蔵庫,フレンチドア 700L,274503,店舗,秋葉原店,C02088,小川,女,35,東京都,2022-02-05,3,470381,Loyal,False,
PR0005325,2024-10-22,洗濯機,全自動 8kg,99851,店舗,池袋店,C02088,小川,女,35,東京都,2022-02-05,3,470381,Loyal,True,
PR0005326,2022-04-23,エアコン,エアコン 6畳用,286743,店舗,名古屋栄店,C02089,森,男,37,北海道,2021-04-13,2,438580,Regular,True,
PR0005327,2025-01-10,スマートフォン,コンパクトモデル,151837,店舗,名古屋栄店,C02089,森,男,37,北海道,2021-04-13,2,438580,Regular,False,
PR0005329,2025-11-25,スマートフォン,スタンダード 128GB,112903,EC,,C02090,橋本,女,72,京都府,2025-05-12,2,328076,Regular,False,
PR0005328,2025-07-24,冷蔵庫,フレンチドア 700L,215173,EC,,C02090,橋本,女,72,京都府,2025-05-12,2,328076,Regular,True,
PR0005331,2026-02-22,オーディオ,ホームオーディオ,23578,店舗,札幌駅前店,C02091,小林,女,51,広島県,2022-08-28,4,384298,Loyal,False,
PR0005332,2023-08-17,スマートフォン,コンパクトモデル,144855,店舗,横浜駅前店,C02091,小林,女,51,広島県,2022-08-28,4,384298,Loyal,True,
PR0005333,2025-10-20,スマートフォン,コンパクトモデル,138124,店舗,天王寺店,C02091,小林,女,51,広島県,2022-08-28,4,384298,Loyal,False,795
PR0005330,2025-05-05,美容家電・小物,ヘアアイロン,77741,EC,,C02091,小林,女,51,広島県,2022-08-28,4,384298,Loyal,False,
PR0005338,2024-04-09,PC・タブレット,タブレット 10型,279898,店舗,秋葉原店,C02092,中村,男,34,千葉県,2023-05-19,8,1473036,VIP,False,
PR0005339,2024-05-16,エアコン,エアコン 6畳用,179937,店舗,天王寺店,C02092,中村,男,34,千葉県,2023-05-19,8,1473036,VIP,False,
PR0005337,2023-10-16,カメラ・ビデオ,ドローン,260870,店舗,札幌駅前店,C02092,中村,男,34,千葉県,2023-05-19,8,1473036,VIP,True,
PR0005335,2026-03-01,ゲーム・玩具,コントローラ,14642,店舗,大阪梅田店,C02092,中村,男,34,千葉県,2023-05-19,8,1473036,VIP,False,
PR0005341,2025-12-08,スマートフォン,ハイエンド 1TB,43293,店舗,大阪梅田店,C02092,中村,男,34,千葉県,2023-05-19,8,1473036,VIP,False,
PR0005340,2025-07-19,テレビ,4K テレビ 50型,287607,店舗,横浜駅前店,C02092,中村,男,34,千葉県,2023-05-19,8,1473036,VIP,False,
PR0005336,2026-03-09,冷蔵庫,フレンチドア 700L,343815,店舗,秋葉原店,C02092,中村,男,34,千葉県,2023-05-19,8,1473036,VIP,False,
PR0005334,2024-04-19,美容家電・小物,マッサージガン,62974,店舗,渋谷店,C02092,中村,男,34,千葉県,2023-05-19,8,1473036,VIP,False,
PR0005342,2022-08-23,PC・タブレット,ワークステーション,202441,店舗,福岡天神店,C02093,石井,女,41,福岡県,2022-04-16,4,719054,Loyal,True,
PR0005344,2025-03-16,エアコン,エアコン 18畳用,367445,店舗,新宿店,C02093,石井,女,41,福岡県,2022-04-16,4,719054,Loyal,False,
PR0005345,2024-11-08,オーディオ,サウンドバー,94625,EC,,C02093,石井,女,41,福岡県,2022-04-16,4,719054,Loyal,False,
PR0005343,2024-03-12,美容家電・小物,ヘアアイロン,54543,店舗,大阪梅田店,C02093,石井,女,41,福岡県,2022-04-16,4,719054,Loyal,False,
PR0005346,2024-09-10,スマートフォン,ミドルレンジ機種,137661,店舗,池袋店,C02094,長谷川,男,46,宮城県,2024-05-27,2,476601,Regular,True,
PR0005347,2026-03-23,テレビ,有機EL 75型,338940,店舗,大阪梅田店,C02094,長谷川,男,46,宮城県,2024-05-27,2,476601,Regular,False,
PR0005348,2026-02-19,PC・タブレット,ノートPC 15型,106823,店舗,天王寺店,C02096,山本,女,61,宮城県,2025-01-12,3,216787,Loyal,False,
PR0005350,2025-04-15,スマートフォン,Pro モデル 512GB,57853,店舗,札幌駅前店,C02096,山本,女,61,宮城県,2025-01-12,3,216787,Loyal,True,
PR0005349,2025-09-06,美容家電・小物,ドライヤー,52111,EC,,C02096,山本,女,61,宮城県,2025-01-12,3,216787,Loyal,False,
PR0005353,2025-06-16,PC・タブレット,ワークステーション,63736,EC,,C02097,中島,女,37,埼玉県,2023-04-28,8,1332633,VIP,False,
PR0005354,2024-06-22,オーディオ,サウンドバー,199344,店舗,新宿店,C02097,中島,女,37,埼玉県,2023-04-28,8,1332633,VIP,False,
PR0005351,2023-08-04,ゲーム・玩具,携帯ゲーム機,74804,店舗,名古屋栄店,C02097,中島,女,37,埼玉県,2023-04-28,8,1332633,VIP,False,
PR0005356,2024-09-21,スマートフォン,ハイエンド 1TB,84847,EC,,C02097,中島,女,37,埼玉県,2023-04-28,8,1332633,VIP,False,
PR0005355,2023-05-24,テレビ,プロジェクター,194557,EC,,C02097,中島,女,37,埼玉県,2023-04-28,8,1332633,VIP,True,
PR0005352,2023-08-11,冷蔵庫,コンパクト冷蔵庫,496276,EC,,C02097,中島,女,37,埼玉県,2023-04-28,8,1332633,VIP,False,
PR0005358,2024-08-15,洗濯機,乾燥機能付き 10kg,156903,店舗,大阪梅田店,C02097,中島,女,37,埼玉県,2023-04-28,8,1332633,VIP,False,
PR0005357,2024-07-19,美容家電・小物,美顔器,62166,店舗,渋谷店,C02097,中島,女,37,埼玉県,2023-04-28,8,1332633,VIP,False,
PR0005360,2025-12-12,テレビ,有機EL 55型,56386,店舗,札幌駅前店,C02098,山田,女,50,愛知県,2024-04-13,2,117946,Regular,False,
PR0005359,2024-10-01,美容家電・小物,ドライヤー,61560,店舗,大阪梅田店,C02098,山田,女,50,愛知県,2024-04-13,2,117946,Regular,True,
PR0005362,2025-11-29,カメラ・ビデオ,コンパクトデジカメ,183335,店舗,渋谷店,C02099,阿部,男,23,愛知県,2025-08-09,3,384395,Loyal,True,
PR0005361,2026-03-11,ゲーム・玩具,VR ゴーグル,14286,店舗,新宿店,C02099,阿部,男,23,愛知県,2025-08-09,3,384395,Loyal,False,
PR0005363,2026-03-29,スマートフォン,Pro モデル 512GB,186774,店舗,秋葉原店,C02099,阿部,男,23,愛知県,2025-08-09,3,384395,Loyal,False,
PR0005364,2025-12-19,PC・タブレット,ゲーミングPC,51189,店舗,新宿店,C02100,山本,男,29,京都府,2025-11-22,2,197137,Regular,True,
PR0005365,2026-03-29,スマートフォン,コンパクトモデル,145948,EC,,C02100,山本,男,29,京都府,2025-11-22,2,197137,Regular,False,
PR0005366,2026-01-27,オーディオ,ワイヤレスイヤホン,166866,EC,,C02101,後藤,女,37,神奈川県,2024-08-24,2,205113,Regular,False,
PR0005367,2024-12-27,スマートフォン,スタンダード 128GB,38247,店舗,天王寺店,C02101,後藤,女,37,神奈川県,2024-08-24,2,205113,Regular,True,
PR0005368,2025-08-17,PC・タブレット,ノートPC 15型,97664,店舗,秋葉原店,C02102,山田,男,28,北海道,2024-06-17,2,151335,Regular,True,
PR0005369,2026-02-16,ゲーム・玩具,VR ゴーグル,53671,店舗,池袋店,C02102,山田,男,28,北海道,2024-06-17,2,151335,Regular,False,
PR0005371,2025-10-27,スマートフォン,スタンダード 128GB,186674,EC,,C02103,遠藤,女,25,福岡県,2025-04-16,2,264578,Regular,True,
PR0005370,2025-10-31,美容家電・小物,電動歯ブラシ,77904,店舗,渋谷店,C02103,遠藤,女,25,福岡県,2025-04-16,2,264578,Regular,False,
PR0005372,2023-10-22,洗濯機,縦型洗濯機,116716,EC,,C02104,阿部,男,50,広島県,2022-10-21,1,116716,Inactive,True,
PR0005373,2025-07-13,オーディオ,ヘッドホン,193257,EC,,C02105,林,男,22,京都府,2024-01-06,2,248047,Regular,True,
PR0005374,2025-10-28,ゲーム・玩具,据置型ゲーム機,54790,店舗,秋葉原店,C02105,林,男,22,京都府,2024-01-06,2,248047,Regular,False,
PR0005376,2023-02-27,PC・タブレット,ワークステーション,321238,EC,,C02106,佐藤,男,51,千葉県,2022-03-13,2,517115,Regular,True,
PR0005375,2024-08-14,エアコン,エアコン 18畳用,195877,店舗,天王寺店,C02106,佐藤,男,51,千葉県,2022-03-13,2,517115,Regular,False,
PR0005378,2022-07-02,PC・タブレット,タブレット 10型,182615,店舗,天王寺店,C02107,山田,男,37,北海道,2021-10-31,2,324872,Regular,True,
PR0005377,2025-07-24,オーディオ,ターンテーブル,142257,店舗,横浜駅前店,C02107,山田,男,37,北海道,2021-10-31,2,324872,Regular,False,
PR0005379,2024-12-04,カメラ・ビデオ,ミラーレス一眼,201613,店舗,秋葉原店,C02108,石川,男,52,広島県,2021-05-10,1,201613,Light,True,
PR0005380,2025-04-26,ゲーム・玩具,コントローラ,67674,店舗,福岡天神店,C02109,中村,男,44,東京都,2024-08-19,2,387996,Regular,False,
PR0005381,2025-04-21,冷蔵庫,コンパクト冷蔵庫,320322,店舗,新宿店,C02109,中村,男,44,東京都,2024-08-19,2,387996,Regular,True,
PR0005383,2025-07-16,PC・タブレット,ノートPC 13型,215261,店舗,秋葉原店,C02110,池田,男,22,京都府,2023-03-14,3,769344,Loyal,False,
PR0005382,2026-01-03,スマートフォン,ミドルレンジ機種,63338,店舗,横浜駅前店,C02110,池田,男,22,京都府,2023-03-14,3,769344,Loyal,False,
PR0005384,2023-10-18,テレビ,4K テレビ 50型,490745,店舗,横浜駅前店,C02110,池田,男,22,京都府,2023-03-14,3,769344,Loyal,True,
PR0005388,2024-09-11,PC・タブレット,ゲーミングPC,322822,店舗,横浜駅前店,C02111,渡辺,男,28,愛知県,2022-09-02,4,533689,Loyal,False,
PR0005385,2023-05-08,ゲーム・玩具,ゲームソフト,33302,店舗,天王寺店,C02111,渡辺,男,28,愛知県,2022-09-02,4,533689,Loyal,True,
PR0005387,2025-04-25,スマートフォン,最新スマホ 256GB,142936,店舗,横浜駅前店,C02111,渡辺,男,28,愛知県,2022-09-02,4,533689,Loyal,False,
PR0005386,2025-06-13,美容家電・小物,マッサージガン,34629,店舗,名古屋栄店,C02111,渡辺,男,28,愛知県,2022-09-02,4,533689,Loyal,False,
PR0005389,2023-11-06,エアコン,エアコン 10畳用,172243,EC,,C02112,藤田,男,59,京都府,2021-08-22,2,332177,Regular,True,
PR0005390,2024-07-23,スマートフォン,スタンダード 128GB,159934,店舗,秋葉原店,C02112,藤田,男,59,京都府,2021-08-22,2,332177,Regular,False,
PR0005391,2026-01-28,テレビ,プロジェクター,232237,店舗,池袋店,C02113,田中,男,64,神奈川県,2022-02-19,1,232237,Light,True,
PR0005392,2024-04-14,スマートフォン,ミドルレンジ機種,143519,EC,,C02114,森,女,69,宮城県,2024-04-11,1,143519,Inactive,True,
PR0005393,2025-01-13,PC・タブレット,ノートPC 13型,345009,店舗,新宿店,C02115,鈴木,男,75,京都府,2024-04-18,5,1511717,VIP,False,
PR0005395,2025-03-25,エアコン,エアコン 18畳用,261300,EC,,C02115,鈴木,男,75,京都府,2024-04-18,5,1511717,VIP,False,
PR0005396,2026-02-23,スマートフォン,コンパクトモデル,179043,店舗,横浜駅前店,C02115,鈴木,男,75,京都府,2024-04-18,5,1511717,VIP,False,
PR0005397,2025-12-01,テレビ,有機EL 75型,486304,EC,,C02115,鈴木,男,75,京都府,2024-04-18,5,1511717,VIP,False,
PR0005394,2024-10-04,洗濯機,コンパクト洗濯機,240061,EC,,C02115,鈴木,男,75,京都府,2024-04-18,5,1511717,VIP,True,
PR0005400,2023-07-05,PC・タブレット,ワークステーション,179804,店舗,秋葉原店,C02116,中村,男,66,福岡県,2022-05-26,4,835806,Loyal,False,
PR0005399,2023-10-30,エアコン,エアコン 6畳用,99097,EC,,C02116,中村,男,66,福岡県,2022-05-26,4,835806,Loyal,False,
PR0005398,2024-08-31,テレビ,プロジェクター,330506,店舗,名古屋栄店,C02116,中村,男,66,福岡県,2022-05-26,4,835806,Loyal,False,
PR0005401,2022-10-17,洗濯機,ドラム式洗濯機,226399,EC,,C02116,中村,男,66,福岡県,2022-05-26,4,835806,Loyal,True,
PR0005402,2025-11-16,エアコン,エアコン 18畳用,132650,店舗,大阪梅田店,C02117,木村,女,64,大阪府,2023-09-05,3,328398,Loyal,False,
PR0005403,2024-10-05,カメラ・ビデオ,コンパクトデジカメ,167168,EC,,C02117,木村,女,64,大阪府,2023-09-05,3,328398,Loyal,False,
PR0005404,2023-10-02,美容家電・小物,マッサージガン,28580,店舗,名古屋栄店,C02117,木村,女,64,大阪府,2023-09-05,3,328398,Loyal,True,
PR0005406,2024-11-26,冷蔵庫,フレンチドア 700L,217179,EC,,C02118,坂本,女,69,北海道,2024-04-28,2,259386,Regular,True,
PR0005405,2025-07-02,美容家電・小物,マッサージガン,42207,EC,,C02118,坂本,女,69,北海道,2024-04-28,2,259386,Regular,False,
PR0005407,2025-07-06,エアコン,エアコン 10畳用,327127,EC,,C02120,高橋,女,53,兵庫県,2025-06-18,3,505547,Loyal,True,
PR0005408,2025-07-24,オーディオ,ターンテーブル,166023,店舗,福岡天神店,C02120,高橋,女,53,兵庫県,2025-06-18,3,505547,Loyal,False,
PR0005409,2025-11-22,美容家電・小物,ヘアアイロン,12397,EC,,C02120,高橋,女,53,兵庫県,2025-06-18,3,505547,Loyal,False,
PR0005410,2023-08-10,スマートフォン,ミドルレンジ機種,86880,EC,,C02121,木村,女,28,東京都,2021-09-27,2,121912,Regular,True,
PR0005411,2025-12-03,スマートフォン,Pro モデル 512GB,35032,EC,,C02121,木村,女,28,東京都,2021-09-27,2,121912,Regular,False,846
PR0005416,2025-09-18,オーディオ,ワイヤレスイヤホン,160213,店舗,天王寺店,C02122,石川,女,40,神奈川県,2022-03-27,8,1008327,VIP,False,
PR0005417,2023-08-25,カメラ・ビデオ,コンパクトデジカメ,90042,EC,,C02122,石川,女,40,神奈川県,2022-03-27,8,1008327,VIP,False,
PR0005412,2023-08-12,スマートフォン,ミドルレンジ機種,99802,店舗,渋谷店,C02122,石川,女,40,神奈川県,2022-03-27,8,1008327,VIP,False,
PR0005413,2025-09-05,スマートフォン,最新スマホ 256GB,160491,店舗,新宿店,C02122,石川,女,40,神奈川県,2022-03-27,8,1008327,VIP,False,755
PR0005419,2025-09-07,テレビ,プロジェクター,163618,EC,,C02122,石川,女,40,神奈川県,2022-03-27,8,1008327,VIP,False,
PR0005418,2025-12-26,冷蔵庫,冷蔵庫 400L,184369,店舗,池袋店,C02122,石川,女,40,神奈川県,2022-03-27,8,1008327,VIP,False,
PR0005414,2022-08-04,美容家電・小物,美顔器,70122,店舗,池袋店,C02122,石川,女,40,神奈川県,2022-03-27,8,1008327,VIP,True,
PR0005415,2024-09-27,美容家電・小物,ヘアアイロン,79670,店舗,大阪梅田店,C02122,石川,女,40,神奈川県,2022-03-27,8,1008327,VIP,False,785
PR0005420,2024-03-03,PC・タブレット,タブレット 10型,187263,店舗,渋谷店,C02123,青木,女,53,兵庫県,2023-10-18,5,929117,VIP,False,
PR0005421,2024-05-30,エアコン,業務用エアコン,242293,店舗,新宿店,C02123,青木,女,53,兵庫県,2023-10-18,5,929117,VIP,False,
PR0005423,2025-12-17,ゲーム・玩具,据置型ゲーム機,39003,店舗,池袋店,C02123,青木,女,53,兵庫県,2023-10-18,5,929117,VIP,False,
PR0005424,2023-12-29,テレビ,有機EL 55型,434956,EC,,C02123,青木,女,53,兵庫県,2023-10-18,5,929117,VIP,True,
PR0005422,2024-11-08,美容家電・小物,ドライヤー,25602,店舗,横浜駅前店,C02123,青木,女,53,兵庫県,2023-10-18,5,929117,VIP,False,
PR0005430,2026-03-07,PC・タブレット,ワークステーション,317804,店舗,福岡天神店,C02124,佐々木,男,69,兵庫県,2026-01-01,6,1584294,VIP,False,
PR0005428,2026-01-17,エアコン,エアコン 6畳用,343248,店舗,渋谷店,C02124,佐々木,男,69,兵庫県,2026-01-01,6,1584294,VIP,True,
PR0005427,2026-03-14,スマートフォン,最新スマホ 256GB,195107,店舗,横浜駅前店,C02124,佐々木,男,69,兵庫県,2026-01-01,6,1584294,VIP,False,
PR0005429,2026-02-16,冷蔵庫,コンパクト冷蔵庫,347393,店舗,名古屋栄店,C02124,佐々木,男,69,兵庫県,2026-01-01,6,1584294,VIP,False,
PR0005425,2026-01-17,洗濯機,縦型洗濯機,341239,店舗,大阪梅田店,C02124,佐々木,男,69,兵庫県,2026-01-01,6,1584294,VIP,True,
PR0005426,2026-02-09,美容家電・小物,美顔器,39503,EC,,C02124,佐々木,男,69,兵庫県,2026-01-01,6,1584294,VIP,False,
PR0005431,2023-03-06,テレビ,プロジェクター,224564,EC,,C02125,佐藤,女,55,埼玉県,2021-06-03,1,224564,Inactive,True,
PR0005433,2026-03-24,PC・タブレット,タブレット 10型,108195,EC,,C02126,池田,女,41,兵庫県,2021-11-20,4,761891,Loyal,False,
PR0005432,2025-12-16,エアコン,エアコン 18畳用,343179,EC,,C02126,池田,女,41,兵庫県,2021-11-20,4,761891,Loyal,False,
PR0005434,2022-06-12,スマートフォン,ハイエンド 1TB,140749,店舗,池袋店,C02126,池田,女,41,兵庫県,2021-11-20,4,761891,Loyal,True,
PR0005435,2024-07-12,スマートフォン,ミドルレンジ機種,169768,店舗,札幌駅前店,C02126,池田,女,41,兵庫県,2021-11-20,4,761891,Loyal,False,761
PR0005438,2026-03-16,PC・タブレット,ノートPC 13型,87101,店舗,横浜駅前店,C02127,鈴木,男,54,大阪府,2024-07-25,3,652955,Loyal,False,
PR0005437,2025-09-05,スマートフォン,スタンダード 128GB,77402,店舗,秋葉原店,C02127,鈴木,男,54,大阪府,2024-07-25,3,652955,Loyal,False,
PR0005436,2025-08-02,テレビ,スマートテレビ 43型,488452,店舗,渋谷店,C02127,鈴木,男,54,大阪府,2024-07-25,3,652955,Loyal,True,
PR0005439,2022-04-05,エアコン,エアコン 10畳用,133096,EC,,C02128,鈴木,女,56,広島県,2021-09-22,3,392129,Loyal,True,
PR0005440,2024-06-16,スマートフォン,最新スマホ 256GB,196669,EC,,C02128,鈴木,女,56,広島県,2021-09-22,3,392129,Loyal,False,
PR0005441,2023-10-07,美容家電・小物,ドライヤー,62364,店舗,札幌駅前店,C02128,鈴木,女,56,広島県,2021-09-22,3,392129,Loyal,False,
PR0005442,2023-05-05,オーディオ,ヘッドホン,156556,EC,,C02129,高橋,女,33,東京都,2022-02-08,2,300573,Inactive,False,
PR0005443,2022-07-30,スマートフォン,ハイエンド 1TB,144017,店舗,大阪梅田店,C02129,高橋,女,33,東京都,2022-02-08,2,300573,Inactive,True,
PR0005445,2025-12-07,テレビ,有機EL 55型,204084,EC,,C02130,小林,女,34,埼玉県,2023-05-18,2,276821,Regular,True,
PR0005444,2026-01-08,美容家電・小物,電動歯ブラシ,72737,EC,,C02130,小林,女,34,埼玉県,2023-05-18,2,276821,Regular,False,
PR0005447,2023-02-12,PC・タブレット,ゲーミングPC,184531,EC,,C02131,前田,女,58,兵庫県,2022-02-08,3,848536,Loyal,True,
PR0005446,2023-07-23,テレビ,4K テレビ 65型,487029,店舗,秋葉原店,C02131,前田,女,58,兵庫県,2022-02-08,3,848536,Loyal,False,
PR0005448,2025-09-13,洗濯機,乾燥機能付き 10kg,176976,EC,,C02131,前田,女,58,兵庫県,2022-02-08,3,848536,Loyal,False,
PR0005450,2025-07-27,冷蔵庫,フレンチドア 700L,405264,EC,,C02132,山崎,女,50,福岡県,2023-05-22,2,426857,Regular,False,
PR0005449,2025-07-22,美容家電・小物,電気シェーバー,21593,EC,,C02132,山崎,女,50,福岡県,2023-05-22,2,426857,Regular,True,
PR0005453,2025-11-25,ゲーム・玩具,ボードゲーム,30729,店舗,新宿店,C02133,清水,男,27,埼玉県,2024-06-27,3,143570,Regular,False,
PR0005451,2026-02-02,スマートフォン,スタンダード 128GB,101866,EC,,C02133,清水,男,27,埼玉県,2024-06-27,3,143570,Regular,False,
PR0005452,2025-09-27,美容家電・小物,電動歯ブラシ,10975,店舗,横浜駅前店,C02133,清水,男,27,埼玉県,2024-06-27,3,143570,Regular,True,
PR0005454,2025-01-09,冷蔵庫,コンパクト冷蔵庫,115211,店舗,大阪梅田店,C02134,坂本,男,48,北海道,2022-03-11,1,115211,Light,True,
PR0005455,2023-07-31,オーディオ,Bluetoothスピーカー,48617,店舗,秋葉原店,C02135,中島,男,43,東京都,2022-05-01,2,409397,Regular,True,
PR0005456,2024-08-16,冷蔵庫,フレンチドア 700L,360780,店舗,天王寺店,C02135,中島,男,43,東京都,2022-05-01,2,409397,Regular,False,
PR0005457,2026-03-04,美容家電・小物,ドライヤー,73930,店舗,池袋店,C02136,石井,女,39,埼玉県,2024-12-06,1,73930,Light,True,
PR0005459,2025-09-28,PC・タブレット,ノートPC 15型,213226,店舗,天王寺店,C02137,坂本,男,56,兵庫県,2023-09-06,2,461380,Regular,False,
PR0005458,2024-09-14,カメラ・ビデオ,ミラーレス一眼,248154,店舗,新宿店,C02137,坂本,男,56,兵庫県,2023-09-06,2,461380,Regular,True,
PR0005460,2025-10-16,スマートフォン,最新スマホ 256GB,111091,店舗,福岡天神店,C02138,石井,男,64,神奈川県,2022-11-22,1,111091,Light,True,
PR0005461,2025-09-20,カメラ・ビデオ,ミラーレス一眼,194739,EC,,C02139,岡田,女,23,京都府,2021-12-10,4,666224,Loyal,False,
PR0005463,2022-09-17,スマートフォン,スタンダード 128GB,68576,EC,,C02139,岡田,女,23,京都府,2021-12-10,4,666224,Loyal,True,
PR0005464,2025-01-20,スマートフォン,コンパクトモデル,62189,EC,,C02139,岡田,女,23,京都府,2021-12-10,4,666224,Loyal,False,856
PR0005462,2026-01-20,テレビ,有機EL 55型,340720,店舗,大阪梅田店,C02139,岡田,女,23,京都府,2021-12-10,4,666224,Loyal,False,
PR0005466,2022-03-01,スマートフォン,スタンダード 128GB,182852,店舗,渋谷店,C02140,山田,女,41,東京都,2021-10-19,2,414066,Inactive,True,
PR0005465,2022-07-04,洗濯機,全自動 8kg,231214,EC,,C02140,山田,女,41,東京都,2021-10-19,2,414066,Inactive,False,
PR0005469,2024-07-06,エアコン,エアコン 18畳用,107995,店舗,大阪梅田店,C02141,石井,男,64,北海道,2024-04-05,3,172392,Regular,True,
PR0005467,2026-01-02,スマートフォン,Pro モデル 512GB,40563,店舗,新宿店,C02141,石井,男,64,北海道,2024-04-05,3,172392,Regular,False,
PR0005468,2026-02-24,美容家電・小物,美顔器,23834,EC,,C02141,石井,男,64,北海道,2024-04-05,3,172392,Regular,False,
PR0005470,2023-03-09,スマートフォン,最新スマホ 256GB,160734,EC,,C02142,林,男,50,千葉県,2022-09-09,1,160734,Inactive,True,
PR0005471,2024-10-29,エアコン,エアコン 6畳用,120729,店舗,渋谷店,C02143,石井,女,46,神奈川県,2024-07-14,2,132977,Regular,True,
PR0005472,2025-07-24,美容家電・小物,ドライヤー,12248,店舗,横浜駅前店,C02143,石井,女,46,神奈川県,2024-07-14,2,132977,Regular,False,
PR0005473,2024-09-01,美容家電・小物,電気シェーバー,44015,店舗,渋谷店,C02144,池田,男,46,大阪府,2023-01-31,1,44015,Light,True,
PR0005476,2025-11-24,エアコン,エアコン 6畳用,350208,店舗,渋谷店,C02145,山口,女,40,兵庫県,2021-10-26,4,422055,Loyal,False,
PR0005477,2025-03-30,オーディオ,ホームオーディオ,49449,店舗,福岡天神店,C02145,山口,女,40,兵庫県,2021-10-26,4,422055,Loyal,False,
PR0005474,2021-12-01,美容家電・小物,マッサージガン,16671,店舗,池袋店,C02145,山口,女,40,兵庫県,2021-10-26,4,422055,Loyal,True,
PR0005475,2025-05-19,美容家電・小物,電動歯ブラシ,5727,店舗,福岡天神店,C02145,山口,女,40,兵庫県,2021-10-26,4,422055,Loyal,False,1265
PR0005478,2026-01-30,美容家電・小物,電気シェーバー,28627,店舗,秋葉原店,C02146,坂本,女,35,愛知県,2025-07-14,1,28627,Light,True,
PR0005481,2024-12-26,PC・タブレット,ワークステーション,188290,EC,,C02147,橋本,男,57,東京都,2023-01-24,3,724159,Loyal,False,
PR0005479,2024-07-12,スマートフォン,スタンダード 128GB,91614,店舗,池袋店,C02147,橋本,男,57,東京都,2023-01-24,3,724159,Loyal,True,
PR0005480,2025-12-31,冷蔵庫,冷蔵庫 600L 大型,444255,EC,,C02147,橋本,男,57,東京都,2023-01-24,3,724159,Loyal,False,
PR0005482,2022-10-10,スマートフォン,コンパクトモデル,162767,店舗,福岡天神店,C02148,木村,女,45,宮城県,2021-07-15,1,162767,Inactive,True,
PR0005483,2025-05-05,スマートフォン,ハイエンド 1TB,119938,EC,,C02149,池田,男,48,北海道,2025-04-07,2,413354,Regular,True,
PR0005484,2025-07-07,テレビ,有機EL 55型,293416,店舗,横浜駅前店,C02149,池田,男,48,北海道,2025-04-07,2,413354,Regular,False,
PR0005486,2023-03-22,オーディオ,Bluetoothスピーカー,45739,店舗,名古屋栄店,C02150,小林,男,43,千葉県,2022-02-05,2,338634,Inactive,True,
PR0005485,2023-08-19,テレビ,プロジェクター,292895,店舗,新宿店,C02150,小林,男,43,千葉県,2022-02-05,2,338634,Inactive,False,
PR0005489,2024-04-18,スマートフォン,コンパクトモデル,133534,店舗,天王寺店,C02151,岡田,男,60,埼玉県,2023-07-22,3,686902,Loyal,True,
PR0005487,2024-10-31,テレビ,スマートテレビ 43型,214345,店舗,天王寺店,C02151,岡田,男,60,埼玉県,2023-07-22,3,686902,Loyal,False,
PR0005488,2025-08-14,冷蔵庫,冷蔵庫 500L,339023,EC,,C02151,岡田,男,60,埼玉県,2023-07-22,3,686902,Loyal,False,
PR0005491,2024-12-10,PC・タブレット,2-in-1 PC,206021,店舗,新宿店,C02152,藤田,女,70,千葉県,2023-03-06,2,549998,Regular,False,
PR0005490,2024-09-25,テレビ,プロジェクター,343977,店舗,秋葉原店,C02152,藤田,女,70,千葉県,2023-03-06,2,549998,Regular,True,
PR0005494,2024-01-27,オーディオ,サウンドバー,82161,EC,,C02153,山口,男,60,北海道,2023-12-21,3,562765,Loyal,True,
PR0005493,2026-02-28,カメラ・ビデオ,コンパクトデジカメ,243284,EC,,C02153,山口,男,60,北海道,2023-12-21,3,562765,Loyal,False,
PR0005492,2025-10-20,テレビ,4K テレビ 50型,237320,EC,,C02153,山口,男,60,北海道,2023-12-21,3,562765,Loyal,False,
PR0005497,2024-03-08,スマートフォン,ハイエンド 1TB,92110,店舗,池袋店,C02154,青木,女,36,宮城県,2022-11-24,3,538569,Inactive,False,
PR0005495,2023-12-11,テレビ,4K テレビ 65型,165839,店舗,池袋店,C02154,青木,女,36,宮城県,2022-11-24,3,538569,Inactive,False,
PR0005496,2023-07-23,冷蔵庫,冷蔵庫 400L,280620,店舗,札幌駅前店,C02154,青木,女,36,宮城県,2022-11-24,3,538569,Inactive,True,
PR0005499,2025-08-01,オーディオ,ホームオーディオ,104321,店舗,池袋店,C02155,山口,男,64,広島県,2024-07-18,3,536729,Loyal,False,
PR0005498,2024-10-22,テレビ,有機EL 55型,279268,店舗,横浜駅前店,C02155,山口,男,64,広島県,2024-07-18,3,536729,Loyal,True,
PR0005500,2025-06-20,洗濯機,コンパクト洗濯機,153140,店舗,横浜駅前店,C02155,山口,男,64,広島県,2024-07-18,3,536729,Loyal,False,
PR0005501,2025-03-03,冷蔵庫,冷蔵庫 500L,142700,店舗,天王寺店,C02156,中島,男,37,東京都,2023-08-05,1,142700,Light,True,
PR0005503,2026-03-07,テレビ,4K テレビ 65型,369428,店舗,福岡天神店,C02157,佐藤,女,38,神奈川県,2025-12-05,2,720046,Regular,True,
PR0005502,2026-03-30,冷蔵庫,冷蔵庫 400L,350618,EC,,C02157,佐藤,女,38,神奈川県,2025-12-05,2,720046,Regular,False,
PR0005505,2026-01-16,エアコン,業務用エアコン,288844,EC,,C02158,石川,男,44,兵庫県,2025-03-17,3,644885,Loyal,False,
PR0005506,2026-02-02,スマートフォン,スタンダード 128GB,154570,EC,,C02158,石川,男,44,兵庫県,2025-03-17,3,644885,Loyal,False,
PR0005504,2025-07-09,洗濯機,全自動 8kg,201471,店舗,大阪梅田店,C02158,石川,男,44,兵庫県,2025-03-17,3,644885,Loyal,True,
PR0005507,2025-11-07,PC・タブレット,2-in-1 PC,129962,店舗,新宿店,C02159,山崎,男,65,広島県,2025-06-30,1,129962,Light,True,
PR0005509,2024-12-16,カメラ・ビデオ,交換レンズ,119459,店舗,大阪梅田店,C02160,岡田,男,54,神奈川県,2021-12-01,2,474240,Regular,False,
PR0005508,2024-11-20,テレビ,スマートテレビ 43型,354781,店舗,渋谷店,C02160,岡田,男,54,神奈川県,2021-12-01,2,474240,Regular,True,
PR0005514,2026-01-31,オーディオ,ホームオーディオ,135315,店舗,新宿店,C02161,松本,女,51,広島県,2025-02-25,5,480290,Loyal,False,
PR0005513,2026-01-06,ゲーム・玩具,ボードゲーム,43851,店舗,横浜駅前店,C02161,松本,女,51,広島県,2025-02-25,5,480290,Loyal,False,
PR0005511,2026-03-17,スマートフォン,最新スマホ 256GB,95399,店舗,名古屋栄店,C02161,松本,女,51,広島県,2025-02-25,5,480290,Loyal,False,
PR0005510,2025-07-03,テレビ,有機EL 75型,130170,店舗,横浜駅前店,C02161,松本,女,51,広島県,2025-02-25,5,480290,Loyal,False,
PR0005512,2025-03-31,美容家電・小物,電動歯ブラシ,75555,EC,,C02161,松本,女,51,広島県,2025-02-25,5,480290,Loyal,True,
PR0005516,2026-03-04,カメラ・ビデオ,ビデオカメラ,240291,店舗,天王寺店,C02162,石川,男,61,兵庫県,2024-05-18,3,547495,Loyal,False,
PR0005515,2025-08-16,洗濯機,縦型洗濯機,273790,店舗,札幌駅前店,C02162,石川,男,61,兵庫県,2024-05-18,3,547495,Loyal,False,
PR0005517,2024-07-05,美容家電・小物,マッサージガン,33414,EC,,C02162,石川,男,61,兵庫県,2024-05-18,3,547495,Loyal,True,
PR0005518,2024-06-12,スマートフォン,スタンダード 128GB,176931,店舗,秋葉原店,C02163,井上,女,27,千葉県,2022-07-19,1,176931,Light,True,
PR0005520,2026-01-29,洗濯機,ドラム式洗濯機,163023,店舗,渋谷店,C02164,遠藤,女,61,東京都,2023-11-18,2,191979,Regular,False,
PR0005519,2024-10-20,美容家電・小物,マッサージガン,28956,店舗,名古屋栄店,C02164,遠藤,女,61,東京都,2023-11-18,2,191979,Regular,True,
PR0005521,2024-06-12,テレビ,プロジェクター,383547,店舗,渋谷店,C02165,山本,男,38,福岡県,2021-10-14,1,383547,Light,True,
PR0005522,2025-01-07,PC・タブレット,タブレット 10型,294158,EC,,C02166,森,男,61,北海道,2024-12-12,2,619827,Regular,True,
PR0005523,2025-08-08,洗濯機,全自動 8kg,325669,EC,,C02166,森,男,61,北海道,2024-12-12,2,619827,Regular,False,
PR0005524,2023-06-19,エアコン,エアコン 10畳用,328672,店舗,秋葉原店,C02167,山田,男,30,宮城県,2021-07-27,3,505373,Loyal,True,
PR0005525,2025-09-16,スマートフォン,ミドルレンジ機種,32979,店舗,福岡天神店,C02167,山田,男,30,宮城県,2021-07-27,3,505373,Loyal,False,
PR0005526,2025-11-19,テレビ,有機EL 75型,143722,EC,,C02167,山田,男,30,宮城県,2021-07-27,3,505373,Loyal,False,
PR0005527,2023-03-24,洗濯機,コンパクト洗濯機,330083,店舗,札幌駅前店,C02168,遠藤,男,26,兵庫県,2021-09-27,1,330083,Inactive,True,
PR0005529,2024-11-14,ゲーム・玩具,ゲームソフト,9295,EC,,C02169,阿部,男,41,北海道,2023-07-28,3,607676,Loyal,False,
PR0005530,2023-12-05,スマートフォン,最新スマホ 256GB,188581,EC,,C02169,阿部,男,41,北海道,2023-07-28,3,607676,Loyal,True,
PR0005528,2025-05-28,冷蔵庫,冷蔵庫 600L 大型,409800,EC,,C02169,阿部,男,41,北海道,2023-07-28,3,607676,Loyal,False,
PR0005532,2026-01-12,オーディオ,ターンテーブル,66593,店舗,札幌駅前店,C02170,木村,男,42,京都府,2025-09-13,3,396863,Loyal,False,
PR0005531,2025-12-25,スマートフォン,コンパクトモデル,80399,EC,,C02170,木村,男,42,京都府,2025-09-13,3,396863,Loyal,True,
PR0005533,2026-03-30,洗濯機,乾燥機能付き 10kg,249871,店舗,池袋店,C02170,木村,男,42,京都府,2025-09-13,3,396863,Loyal,False,
PR0005534,2023-11-10,PC・タブレット,2-in-1 PC,53319,店舗,札幌駅前店,C02171,井上,男,22,北海道,2023-03-31,2,154259,Inactive,True,
PR0005535,2024-01-15,スマートフォン,最新スマホ 256GB,100940,店舗,横浜駅前店,C02171,井上,男,22,北海道,2023-03-31,2,154259,Inactive,False,
PR0005537,2025-09-13,冷蔵庫,冷蔵庫 500L,328212,店舗,福岡天神店,C02172,石川,女,43,東京都,2025-06-04,2,469613,Regular,True,
PR0005536,2026-01-27,洗濯機,全自動 8kg,141401,店舗,福岡天神店,C02172,石川,女,43,東京都,2025-06-04,2,469613,Regular,False,
PR0005538,2021-08-04,スマートフォン,最新スマホ 256GB,71176,EC,,C02173,岡田,女,75,神奈川県,2021-07-31,2,190476,Inactive,True,
PR0005539,2024-03-31,スマートフォン,ミドルレンジ機種,119300,EC,,C02173,岡田,女,75,神奈川県,2021-07-31,2,190476,Inactive,False,970
PR0005540,2023-06-01,スマートフォン,Pro モデル 512GB,42160,店舗,渋谷店,C02174,山口,男,52,神奈川県,2021-10-22,1,42160,Inactive,True,
PR0005541,2025-08-09,エアコン,エアコン 14畳用,166307,店舗,大阪梅田店,C02175,岡田,女,39,愛知県,2022-08-15,1,166307,Light,True,
PR0005542,2025-07-04,PC・タブレット,ノートPC 13型,199038,EC,,C02176,高橋,男,44,北海道,2021-08-31,2,414096,Regular,False,
PR0005543,2023-04-26,冷蔵庫,冷蔵庫 500L,215058,EC,,C02176,高橋,男,44,北海道,2021-08-31,2,414096,Regular,True,
PR0005544,2024-12-10,PC・タブレット,タブレット 10型,288483,店舗,福岡天神店,C02177,鈴木,女,59,福岡県,2024-03-29,1,288483,Light,True,
PR0005548,2023-08-28,ゲーム・玩具,携帯ゲーム機,42739,EC,,C02178,後藤,女,49,兵庫県,2022-08-12,4,437643,Loyal,True,
PR0005546,2023-10-15,スマートフォン,最新スマホ 256GB,132366,EC,,C02178,後藤,女,49,兵庫県,2022-08-12,4,437643,Loyal,False,
PR0005547,2026-02-15,スマートフォン,スタンダード 128GB,31443,EC,,C02178,後藤,女,49,兵庫県,2022-08-12,4,437643,Loyal,False,854
PR0005545,2025-09-14,洗濯機,全自動 8kg,231095,EC,,C02178,後藤,女,49,兵庫県,2022-08-12,4,437643,Loyal,False,
PR0005552,2026-01-09,エアコン,業務用エアコン,115975,EC,,C02179,伊藤,女,47,埼玉県,2025-12-12,4,349461,Loyal,True,
PR0005549,2026-03-18,ゲーム・玩具,据置型ゲーム機,68936,EC,,C02179,伊藤,女,47,埼玉県,2025-12-12,4,349461,Loyal,False,
PR0005550,2026-03-23,スマートフォン,ミドルレンジ機種,100243,EC,,C02179,伊藤,女,47,埼玉県,2025-12-12,4,349461,Loyal,False,
PR0005551,2026-02-03,美容家電・小物,ドライヤー,64307,EC,,C02179,伊藤,女,47,埼玉県,2025-12-12,4,349461,Loyal,False,
PR0005553,2026-03-21,PC・タブレット,ワークステーション,296362,店舗,新宿店,C02180,加藤,女,34,宮城県,2025-09-26,2,455392,Regular,False,
PR0005554,2025-10-17,エアコン,エアコン 6畳用,159030,店舗,渋谷店,C02180,加藤,女,34,宮城県,2025-09-26,2,455392,Regular,True,
PR0005555,2026-01-25,カメラ・ビデオ,コンパクトデジカメ,287121,店舗,天王寺店,C02181,池田,女,52,東京都,2025-08-18,3,651849,Loyal,False,
PR0005556,2026-01-11,洗濯機,縦型洗濯機,341166,EC,,C02181,池田,女,52,東京都,2025-08-18,3,651849,Loyal,False,
PR0005557,2025-09-27,美容家電・小物,ヘアアイロン,23562,店舗,新宿店,C02181,池田,女,52,東京都,2025-08-18,3,651849,Loyal,True,
PR0005559,2024-03-21,冷蔵庫,冷蔵庫 400L,189748,店舗,池袋店,C02182,阿部,女,34,北海道,2021-07-09,2,228565,Regular,True,
PR0005558,2024-10-21,美容家電・小物,ドライヤー,38817,店舗,秋葉原店,C02182,阿部,女,34,北海道,2021-07-09,2,228565,Regular,False,
PR0005560,2025-10-28,スマートフォン,Pro モデル 512GB,85643,店舗,天王寺店,C02183,橋本,女,46,神奈川県,2023-09-08,1,85643,Light,True,
PR0005562,2026-01-13,冷蔵庫,冷蔵庫 500L,149014,店舗,渋谷店,C02184,井上,女,57,広島県,2024-12-21,2,218883,Regular,False,
PR0005561,2025-02-16,美容家電・小物,電気シェーバー,69869,店舗,大阪梅田店,C02184,井上,女,57,広島県,2024-12-21,2,218883,Regular,True,
PR0005564,2025-03-14,テレビ,4K テレビ 65型,450480,店舗,横浜駅前店,C02185,吉田,女,75,広島県,2021-08-03,2,887815,Regular,False,
PR0005563,2022-01-07,冷蔵庫,冷蔵庫 400L,437335,店舗,札幌駅前店,C02185,吉田,女,75,広島県,2021-08-03,2,887815,Regular,True,
PR0005565,2024-07-02,スマートフォン,ハイエンド 1TB,85013,店舗,横浜駅前店,C02186,中島,女,48,京都府,2023-11-08,2,281442,Regular,False,
PR0005566,2024-06-21,テレビ,4K テレビ 65型,196429,EC,,C02186,中島,女,48,京都府,2023-11-08,2,281442,Regular,True,
PR0005567,2024-03-10,エアコン,業務用エアコン,277809,店舗,天王寺店,C02187,池田,男,54,京都府,2021-07-02,2,465039,Regular,True,
PR0005568,2024-07-14,冷蔵庫,コンパクト冷蔵庫,187230,EC,,C02187,池田,男,54,京都府,2021-07-02,2,465039,Regular,False,
PR0005571,2025-12-14,スマートフォン,Pro モデル 512GB,40951,店舗,札幌駅前店,C02188,佐々木,女,53,兵庫県,2022-01-22,4,222184,Loyal,False,
PR0005572,2023-11-18,冷蔵庫,冷蔵庫 600L 大型,154256,店舗,秋葉原店,C02188,佐々木,女,53,兵庫県,2022-01-22,4,222184,Loyal,False,
PR0005569,2023-04-17,美容家電・小物,ヘアアイロン,16256,店舗,新宿店,C02188,佐々木,女,53,兵庫県,2022-01-22,4,222184,Loyal,True,
PR0005570,2025-10-21,美容家電・小物,電動歯ブラシ,10721,EC,,C02188,佐々木,女,53,兵庫県,2022-01-22,4,222184,Loyal,False,918
PR0005573,2026-03-03,美容家電・小物,電気シェーバー,66484,店舗,名古屋栄店,C02189,鈴木,女,69,福岡県,2024-01-04,1,66484,Light,True,
PR0005575,2025-05-14,エアコン,エアコン 14畳用,318868,店舗,新宿店,C02190,橋本,女,36,千葉県,2023-11-23,2,395472,Regular,True,
PR0005574,2026-02-09,美容家電・小物,電動歯ブラシ,76604,店舗,大阪梅田店,C02190,橋本,女,36,千葉県,2023-11-23,2,395472,Regular,False,
PR0005576,2025-11-03,テレビ,4K テレビ 65型,154509,店舗,新宿店,C02191,田中,男,27,福岡県,2025-01-01,1,154509,Light,True,
PR0005577,2026-03-19,美容家電・小物,美顔器,27881,店舗,天王寺店,C02192,清水,男,41,埼玉県,2025-07-16,1,27881,Light,True,
PR0005580,2024-11-02,オーディオ,ヘッドホン,15234,EC,,C02194,斎藤,女,44,京都府,2021-11-08,3,64012,Regular,False,
PR0005579,2025-02-12,ゲーム・玩具,据置型ゲーム機,25505,EC,,C02194,斎藤,女,44,京都府,2021-11-08,3,64012,Regular,False,
PR0005578,2023-08-23,美容家電・小物,電動歯ブラシ,23273,EC,,C02194,斎藤,女,44,京都府,2021-11-08,3,64012,Regular,True,
PR0005582,2022-06-28,ゲーム・玩具,ボードゲーム,77307,店舗,渋谷店,C02195,中島,男,54,大阪府,2021-07-06,3,601946,Loyal,True,
PR0005581,2024-03-07,スマートフォン,ミドルレンジ機種,130411,店舗,福岡天神店,C02195,中島,男,54,大阪府,2021-07-06,3,601946,Loyal,False,
PR0005583,2025-06-03,テレビ,スマートテレビ 43型,394228,EC,,C02195,中島,男,54,大阪府,2021-07-06,3,601946,Loyal,False,
PR0005584,2022-05-14,カメラ・ビデオ,ビデオカメラ,66038,EC,,C02196,岡田,男,23,宮城県,2021-08-25,5,540932,VIP,True,
PR0005587,2025-04-20,ゲーム・玩具,コントローラ,69540,店舗,天王寺店,C02196,岡田,男,23,宮城県,2021-08-25,5,540932,VIP,False,
PR0005585,2022-06-27,スマートフォン,最新スマホ 256GB,155993,EC,,C02196,岡田,男,23,宮城県,2021-08-25,5,540932,VIP,False,
PR0005586,2024-06-25,スマートフォン,最新スマホ 256GB,145631,EC,,C02196,岡田,男,23,宮城県,2021-08-25,5,540932,VIP,False,729
PR0005588,2025-05-01,テレビ,4K テレビ 65型,103730,EC,,C02196,岡田,男,23,宮城県,2021-08-25,5,540932,VIP,False,
PR0005591,2025-05-26,オーディオ,ヘッドホン,191433,店舗,天王寺店,C02197,山下,男,24,埼玉県,2025-04-02,3,500938,Loyal,False,
PR0005590,2026-01-18,カメラ・ビデオ,ミラーレス一眼,207512,EC,,C02197,山下,男,24,埼玉県,2025-04-02,3,500938,Loyal,False,
PR0005589,2025-05-23,スマートフォン,コンパクトモデル,101993,EC,,C02197,山下,男,24,埼玉県,2025-04-02,3,500938,Loyal,True,
PR0005594,2026-01-06,ゲーム・玩具,ボードゲーム,53641,EC,,C02198,藤田,女,26,愛知県,2024-12-25,3,235930,Loyal,False,
PR0005592,2026-01-10,スマートフォン,最新スマホ 256GB,138187,店舗,渋谷店,C02198,藤田,女,26,愛知県,2024-12-25,3,235930,Loyal,False,
PR0005593,2025-09-29,美容家電・小物,ドライヤー,44102,店舗,横浜駅前店,C02198,藤田,女,26,愛知県,2024-12-25,3,235930,Loyal,True,
PR0005599,2025-05-22,カメラ・ビデオ,ミラーレス一眼,144186,店舗,横浜駅前店,C02199,岡田,男,42,宮城県,2023-07-20,5,335796,Loyal,False,
PR0005597,2024-02-14,ゲーム・玩具,携帯ゲーム機,22274,店舗,横浜駅前店,C02199,岡田,男,42,宮城県,2023-07-20,5,335796,Loyal,False,
PR0005595,2023-09-03,スマートフォン,コンパクトモデル,104697,店舗,天王寺店,C02199,岡田,男,42,宮城県,2023-07-20,5,335796,Loyal,True,
PR0005596,2025-11-06,スマートフォン,最新スマホ 256GB,32436,店舗,池袋店,C02199,岡田,男,42,宮城県,2023-07-20,5,335796,Loyal,False,795
PR0005598,2023-10-15,美容家電・小物,電気シェーバー,32203,店舗,新宿店,C02199,岡田,男,42,宮城県,2023-07-20,5,335796,Loyal,False,
PR0005602,2025-07-16,オーディオ,Bluetoothスピーカー,34067,EC,,C02200,中島,男,75,福岡県,2024-12-12,3,373235,Loyal,False,
PR0005600,2026-02-10,ゲーム・玩具,コントローラ,36308,店舗,新宿店,C02200,中島,男,75,福岡県,2024-12-12,3,373235,Loyal,False,
PR0005601,2025-03-25,洗濯機,縦型洗濯機,302860,EC,,C02200,中島,男,75,福岡県,2024-12-12,3,373235,Loyal,True,
PR0005605,2026-01-11,エアコン,エアコン 18畳用,148056,EC,,C02201,中村,女,44,兵庫県,2025-08-08,3,388911,Loyal,False,
PR0005604,2025-12-06,スマートフォン,最新スマホ 256GB,199792,EC,,C02201,中村,女,44,兵庫県,2025-08-08,3,388911,Loyal,True,
PR0005603,2025-12-14,美容家電・小物,美顔器,41063,店舗,池袋店,C02201,中村,女,44,兵庫県,2025-08-08,3,388911,Loyal,False,
PR0005606,2024-02-13,PC・タブレット,2-in-1 PC,114369,EC,,C02202,斎藤,女,48,京都府,2023-10-11,2,321618,Regular,True,
PR0005607,2025-07-11,エアコン,エアコン 10畳用,207249,店舗,池袋店,C02202,斎藤,女,48,京都府,2023-10-11,2,321618,Regular,False,
PR0005609,2025-01-13,エアコン,業務用エアコン,367135,店舗,名古屋栄店,C02203,近藤,男,59,埼玉県,2024-03-15,2,534273,Regular,True,
PR0005608,2025-09-05,スマートフォン,ミドルレンジ機種,167138,EC,,C02203,近藤,男,59,埼玉県,2024-03-15,2,534273,Regular,False,
PR0005611,2023-04-17,テレビ,スマートテレビ 43型,351409,EC,,C02204,森,女,58,兵庫県,2022-12-30,2,368539,Regular,True,
PR0005610,2024-06-24,美容家電・小物,ドライヤー,17130,EC,,C02204,森,女,58,兵庫県,2022-12-30,2,368539,Regular,False,
PR0005612,2024-05-13,ゲーム・玩具,コントローラ,41465,EC,,C02205,渡辺,男,36,広島県,2023-10-22,1,41465,Light,True,
PR0005614,2024-11-11,エアコン,エアコン 18畳用,212513,店舗,横浜駅前店,C02206,阿部,女,64,東京都,2023-08-22,2,229088,Regular,False,
PR0005613,2023-08-23,美容家電・小物,美顔器,16575,店舗,大阪梅田店,C02206,阿部,女,64,東京都,2023-08-22,2,229088,Regular,True,
PR0005615,2025-11-21,PC・タブレット,ワークステーション,233823,店舗,名古屋栄店,C02207,前田,男,75,兵庫県,2025-01-06,3,357474,Loyal,False,
PR0005616,2026-03-17,カメラ・ビデオ,ドローン,62709,店舗,大阪梅田店,C02207,前田,男,75,兵庫県,2025-01-06,3,357474,Loyal,False,
PR0005617,2025-03-04,美容家電・小物,電気シェーバー,60942,店舗,横浜駅前店,C02207,前田,男,75,兵庫県,2025-01-06,3,357474,Loyal,True,
PR0005618,2025-05-14,ゲーム・玩具,据置型ゲーム機,70786,店舗,大阪梅田店,C02209,加藤,女,44,北海道,2023-10-26,2,76296,Regular,False,
PR0005619,2025-02-28,美容家電・小物,電動歯ブラシ,5510,店舗,横浜駅前店,C02209,加藤,女,44,北海道,2023-10-26,2,76296,Regular,True,
PR0005620,2024-11-21,エアコン,業務用エアコン,194797,店舗,渋谷店,C02210,石川,女,42,宮城県,2024-08-17,1,194797,Light,True,
PR0005624,2025-11-26,エアコン,エアコン 6畳用,301161,店舗,横浜駅前店,C02211,中村,女,43,京都府,2025-10-10,4,744275,Loyal,True,
PR0005621,2025-11-30,オーディオ,ホームオーディオ,193105,店舗,札幌駅前店,C02211,中村,女,43,京都府,2025-10-10,4,744275,Loyal,False,
PR0005622,2026-02-11,カメラ・ビデオ,ミラーレス一眼,232970,店舗,渋谷店,C02211,中村,女,43,京都府,2025-10-10,4,744275,Loyal,False,
PR0005623,2026-02-03,美容家電・小物,マッサージガン,17039,店舗,福岡天神店,C02211,中村,女,43,京都府,2025-10-10,4,744275,Loyal,False,
PR0005627,2025-12-23,スマートフォン,スタンダード 128GB,120651,EC,,C02212,後藤,女,50,兵庫県,2025-11-21,3,611010,Loyal,True,
PR0005626,2026-03-10,テレビ,有機EL 55型,289914,EC,,C02212,後藤,女,50,兵庫県,2025-11-21,3,611010,Loyal,False,
PR0005625,2026-03-26,洗濯機,全自動 8kg,200445,EC,,C02212,後藤,女,50,兵庫県,2025-11-21,3,611010,Loyal,False,
PR0005629,2024-08-02,PC・タブレット,ノートPC 15型,50163,EC,,C02213,佐々木,女,61,福岡県,2023-04-20,3,566331,Loyal,True,
PR0005628,2025-01-05,スマートフォン,最新スマホ 256GB,181938,EC,,C02213,佐々木,女,61,福岡県,2023-04-20,3,566331,Loyal,False,
PR0005630,2025-10-19,洗濯機,ドラム式洗濯機,334230,EC,,C02213,佐々木,女,61,福岡県,2023-04-20,3,566331,Loyal,False,
PR0005632,2024-07-22,オーディオ,ホームオーディオ,171330,店舗,福岡天神店,C02214,岡田,女,47,東京都,2021-04-17,2,401821,Regular,False,
PR0005631,2022-08-20,カメラ・ビデオ,ビデオカメラ,230491,店舗,池袋店,C02214,岡田,女,47,東京都,2021-04-17,2,401821,Regular,True,
PR0005633,2023-08-07,洗濯機,縦型洗濯機,186440,店舗,札幌駅前店,C02215,田中,男,59,神奈川県,2023-07-22,1,186440,Inactive,True,
PR0005635,2024-07-09,エアコン,エアコン 14畳用,329015,店舗,横浜駅前店,C02216,藤田,男,54,北海道,2022-12-19,3,460339,Loyal,False,
PR0005634,2023-09-27,ゲーム・玩具,据置型ゲーム機,55141,EC,,C02216,藤田,男,54,北海道,2022-12-19,3,460339,Loyal,False,
PR0005636,2023-09-15,美容家電・小物,マッサージガン,76183,店舗,横浜駅前店,C02216,藤田,男,54,北海道,2022-12-19,3,460339,Loyal,True,
PR0005637,2022-04-18,PC・タブレット,ノートPC 13型,217743,EC,,C02217,坂本,男,24,神奈川県,2022-01-08,6,624712,VIP,True,
PR0005638,2025-11-19,PC・タブレット,ノートPC 13型,57448,EC,,C02217,坂本,男,24,神奈川県,2022-01-08,6,624712,VIP,False,1311
PR0005639,2025-05-23,エアコン,エアコン 14畳用,92122,EC,,C02217,坂本,男,24,神奈川県,2022-01-08,6,624712,VIP,False,
PR0005642,2024-02-04,カメラ・ビデオ,交換レンズ,210689,EC,,C02217,坂本,男,24,神奈川県,2022-01-08,6,624712,VIP,False,
PR0005641,2023-08-10,ゲーム・玩具,ボードゲーム,6044,EC,,C02217,坂本,男,24,神奈川県,2022-01-08,6,624712,VIP,False,
PR0005640,2024-11-30,スマートフォン,ミドルレンジ機種,40666,EC,,C02217,坂本,男,24,神奈川県,2022-01-08,6,624712,VIP,False,
PR0005645,2025-01-25,スマートフォン,スタンダード 128GB,35834,EC,,C02218,前田,女,22,福岡県,2023-10-23,3,407960,Loyal,False,
PR0005644,2024-05-16,洗濯機,乾燥機能付き 10kg,311612,EC,,C02218,前田,女,22,福岡県,2023-10-23,3,407960,Loyal,True,
PR0005643,2024-07-19,美容家電・小物,マッサージガン,60514,店舗,大阪梅田店,C02218,前田,女,22,福岡県,2023-10-23,3,407960,Loyal,False,
PR0005646,2026-02-01,洗濯機,乾燥機能付き 10kg,293655,店舗,渋谷店,C02219,加藤,女,32,埼玉県,2021-08-30,1,293655,Light,True,
PR0005648,2025-03-02,オーディオ,ターンテーブル,126033,店舗,新宿店,C02220,吉田,女,49,広島県,2024-02-22,2,464226,Regular,True,
PR0005647,2025-09-29,テレビ,有機EL 55型,338193,店舗,福岡天神店,C02220,吉田,女,49,広島県,2024-02-22,2,464226,Regular,False,
PR0005649,2024-08-21,エアコン,エアコン 14畳用,229930,EC,,C02221,山本,女,29,福岡県,2024-03-28,2,263606,Regular,True,
PR0005650,2025-12-21,美容家電・小物,マッサージガン,33676,店舗,秋葉原店,C02221,山本,女,29,福岡県,2024-03-28,2,263606,Regular,False,
PR0005651,2024-12-18,テレビ,有機EL 75型,473973,EC,,C02222,山口,女,41,福岡県,2021-12-14,1,473973,Light,True,
PR0005653,2022-09-13,エアコン,業務用エアコン,324444,店舗,新宿店,C02223,井上,男,41,埼玉県,2021-07-24,2,364951,Inactive,False,
PR0005652,2022-05-07,美容家電・小物,マッサージガン,40507,店舗,福岡天神店,C02223,井上,男,41,埼玉県,2021-07-24,2,364951,Inactive,True,
PR0005656,2025-05-19,エアコン,エアコン 10畳用,203067,店舗,天王寺店,C02224,小川,女,55,兵庫県,2022-09-15,5,1131084,VIP,False,
PR0005655,2023-11-12,オーディオ,サウンドバー,195928,EC,,C02224,小川,女,55,兵庫県,2022-09-15,5,1131084,VIP,False,
PR0005658,2025-09-21,冷蔵庫,冷蔵庫 600L 大型,331460,店舗,札幌駅前店,C02224,小川,女,55,兵庫県,2022-09-15,5,1131084,VIP,False,
PR0005657,2023-07-21,洗濯機,乾燥機能付き 10kg,338440,EC,,C02224,小川,女,55,兵庫県,2022-09-15,5,1131084,VIP,True,
PR0005654,2025-09-25,美容家電・小物,美顔器,62189,EC,,C02224,小川,女,55,兵庫県,2022-09-15,5,1131084,VIP,False,
PR0005659,2024-03-10,美容家電・小物,電動歯ブラシ,36470,EC,,C02225,清水,女,46,北海道,2021-11-06,1,36470,Inactive,True,
PR0005660,2022-08-15,美容家電・小物,ヘアアイロン,73088,店舗,池袋店,C02226,清水,女,75,広島県,2022-08-09,1,73088,Inactive,True,
PR0005661,2025-10-06,カメラ・ビデオ,アクションカメラ,164379,EC,,C02227,前田,男,55,宮城県,2025-02-02,3,266196,Loyal,False,
PR0005662,2025-02-21,スマートフォン,ミドルレンジ機種,55603,EC,,C02227,前田,男,55,宮城県,2025-02-02,3,266196,Loyal,True,
PR0005663,2025-04-04,美容家電・小物,美顔器,46214,EC,,C02227,前田,男,55,宮城県,2025-02-02,3,266196,Loyal,False,
PR0005665,2025-03-21,冷蔵庫,冷蔵庫 400L,360323,店舗,札幌駅前店,C02228,青木,女,56,大阪府,2025-01-20,2,419469,Regular,True,
PR0005664,2025-09-20,美容家電・小物,電気シェーバー,59146,店舗,池袋店,C02228,青木,女,56,大阪府,2025-01-20,2,419469,Regular,False,
PR0005669,2024-05-24,PC・タブレット,ワークステーション,303960,EC,,C02229,清水,女,36,神奈川県,2023-09-06,7,1554490,VIP,False,
PR0005671,2023-10-04,エアコン,エアコン 10畳用,329187,店舗,池袋店,C02229,清水,女,36,神奈川県,2023-09-06,7,1554490,VIP,True,
PR0005672,2025-04-14,オーディオ,Bluetoothスピーカー,70674,店舗,新宿店,C02229,清水,女,36,神奈川県,2023-09-06,7,1554490,VIP,False,
PR0005670,2025-02-06,カメラ・ビデオ,ビデオカメラ,246536,EC,,C02229,清水,女,36,神奈川県,2023-09-06,7,1554490,VIP,False,
PR0005666,2024-11-21,スマートフォン,ミドルレンジ機種,132118,店舗,天王寺店,C02229,清水,女,36,神奈川県,2023-09-06,7,1554490,VIP,False,
PR0005668,2025-12-20,テレビ,4K テレビ 50型,462375,EC,,C02229,清水,女,36,神奈川県,2023-09-06,7,1554490,VIP,False,
PR0005667,2024-12-02,美容家電・小物,美顔器,9640,店舗,秋葉原店,C02229,清水,女,36,神奈川県,2023-09-06,7,1554490,VIP,False,
PR0005673,2022-11-01,エアコン,エアコン 10畳用,89310,EC,,C02230,渡辺,男,67,愛知県,2022-06-03,1,89310,Inactive,True,
PR0005674,2025-10-31,PC・タブレット,タブレット 10型,62364,店舗,池袋店,C02231,吉田,男,62,京都府,2022-09-22,1,62364,Light,True,
PR0005675,2025-09-05,スマートフォン,Pro モデル 512GB,144025,店舗,大阪梅田店,C02232,山下,男,22,千葉県,2021-05-31,2,252821,Regular,False,
PR0005676,2025-08-15,テレビ,4K テレビ 65型,108796,店舗,大阪梅田店,C02232,山下,男,22,千葉県,2021-05-31,2,252821,Regular,True,
PR0005677,2024-11-17,カメラ・ビデオ,ビデオカメラ,57177,店舗,横浜駅前店,C02233,中村,女,57,兵庫県,2024-03-28,1,57177,Light,True,
PR0005683,2023-04-13,カメラ・ビデオ,ビデオカメラ,136770,店舗,福岡天神店,C02234,森,男,56,宮城県,2022-02-07,7,816945,VIP,False,
PR0005681,2023-12-27,スマートフォン,ハイエンド 1TB,86845,EC,,C02234,森,男,56,宮城県,2022-02-07,7,816945,VIP,False,
PR0005682,2026-03-20,スマートフォン,Pro モデル 512GB,150327,EC,,C02234,森,男,56,宮城県,2022-02-07,7,816945,VIP,False,814
PR0005680,2023-10-30,テレビ,4K テレビ 65型,308203,EC,,C02234,森,男,56,宮城県,2022-02-07,7,816945,VIP,False,
PR0005684,2023-03-08,冷蔵庫,冷蔵庫 400L,112211,店舗,札幌駅前店,C02234,森,男,56,宮城県,2022-02-07,7,816945,VIP,False,
PR0005678,2022-07-05,美容家電・小物,美顔器,8377,店舗,秋葉原店,C02234,森,男,56,宮城県,2022-02-07,7,816945,VIP,True,
PR0005679,2025-05-04,美容家電・小物,電動歯ブラシ,14212,店舗,札幌駅前店,C02234,森,男,56,宮城県,2022-02-07,7,816945,VIP,False,1034
PR0005687,2025-08-01,PC・タブレット,ノートPC 15型,63462,店舗,名古屋栄店,C02235,長谷川,男,31,北海道,2021-06-08,4,282199,Loyal,False,
PR0005688,2022-01-07,オーディオ,ホームオーディオ,24194,店舗,天王寺店,C02235,長谷川,男,31,北海道,2021-06-08,4,282199,Loyal,True,
PR0005686,2023-05-03,ゲーム・玩具,ボードゲーム,51752,EC,,C02235,長谷川,男,31,北海道,2021-06-08,4,282199,Loyal,False,
PR0005685,2024-12-06,スマートフォン,ハイエンド 1TB,142791,店舗,新宿店,C02235,長谷川,男,31,北海道,2021-06-08,4,282199,Loyal,False,
PR0005689,2025-11-03,冷蔵庫,冷蔵庫 400L,300011,店舗,福岡天神店,C02236,橋本,女,32,愛知県,2024-05-22,2,422720,Regular,False,
PR0005690,2024-07-28,洗濯機,コンパクト洗濯機,122709,店舗,秋葉原店,C02236,橋本,女,32,愛知県,2024-05-22,2,422720,Regular,True,
PR0005692,2023-08-04,ゲーム・玩具,VR ゴーグル,6200,EC,,C02237,石川,男,40,兵庫県,2022-01-23,2,327693,Inactive,False,
PR0005691,2023-04-13,洗濯機,ドラム式洗濯機,321493,EC,,C02237,石川,男,40,兵庫県,2022-01-23,2,327693,Inactive,True,
PR0005694,2025-06-01,エアコン,エアコン 18畳用,109306,EC,,C02238,吉田,女,44,広島県,2025-02-17,3,270246,Loyal,True,
PR0005693,2025-06-01,スマートフォン,ミドルレンジ機種,70311,店舗,名古屋栄店,C02238,吉田,女,44,広島県,2025-02-17,3,270246,Loyal,True,
PR0005695,2025-11-14,洗濯機,縦型洗濯機,90629,EC,,C02238,吉田,女,44,広島県,2025-02-17,3,270246,Loyal,False,
PR0005698,2025-10-09,PC・タブレット,ノートPC 15型,308360,店舗,名古屋栄店,C02239,石井,男,49,北海道,2025-08-09,3,757204,Loyal,False,
PR0005697,2025-10-06,ゲーム・玩具,VR ゴーグル,71272,EC,,C02239,石井,男,49,北海道,2025-08-09,3,757204,Loyal,True,
PR0005696,2026-01-28,冷蔵庫,冷蔵庫 400L,377572,EC,,C02239,石井,男,49,北海道,2025-08-09,3,757204,Loyal,False,
PR0005699,2024-04-01,PC・タブレット,ワークステーション,345274,店舗,札幌駅前店,C02240,山口,男,70,神奈川県,2021-08-14,3,483125,Loyal,False,
PR0005700,2021-11-16,スマートフォン,ハイエンド 1TB,86071,店舗,福岡天神店,C02240,山口,男,70,神奈川県,2021-08-14,3,483125,Loyal,True,
PR0005701,2024-05-16,スマートフォン,スタンダード 128GB,51780,店舗,秋葉原店,C02240,山口,男,70,神奈川県,2021-08-14,3,483125,Loyal,False,912
PR0005703,2024-01-18,ゲーム・玩具,携帯ゲーム機,51294,EC,,C02241,清水,男,66,広島県,2023-01-24,2,357655,Inactive,True,
PR0005702,2024-02-11,テレビ,プロジェクター,306361,店舗,秋葉原店,C02241,清水,男,66,広島県,2023-01-24,2,357655,Inactive,False,
PR0005705,2023-05-02,オーディオ,ヘッドホン,94463,EC,,C02242,田中,女,28,兵庫県,2023-04-24,2,160087,Regular,True,
PR0005704,2024-09-22,カメラ・ビデオ,ドローン,65624,店舗,名古屋栄店,C02242,田中,女,28,兵庫県,2023-04-24,2,160087,Regular,False,
PR0005706,2025-12-08,PC・タブレット,ワークステーション,62687,店舗,福岡天神店,C02243,藤田,男,61,愛知県,2022-04-17,1,62687,Light,True,
PR0005707,2023-09-12,テレビ,有機EL 75型,385563,店舗,秋葉原店,C02244,長谷川,女,47,京都府,2023-07-17,1,385563,Inactive,True,
PR0005709,2023-08-17,オーディオ,Bluetoothスピーカー,32419,店舗,渋谷店,C02245,後藤,女,64,千葉県,2022-05-14,2,468106,Inactive,True,
PR0005708,2024-02-22,テレビ,有機EL 55型,435687,店舗,秋葉原店,C02245,後藤,女,64,千葉県,2022-05-14,2,468106,Inactive,False,
PR0005710,2025-01-24,洗濯機,コンパクト洗濯機,246948,店舗,渋谷店,C02246,池田,女,46,京都府,2023-07-17,1,246948,Light,True,
PR0005711,2026-03-16,PC・タブレット,ワークステーション,111305,店舗,池袋店,C02247,後藤,男,36,神奈川県,2026-01-29,4,642019,Loyal,False,
PR0005713,2026-03-28,ゲーム・玩具,コントローラ,19432,店舗,札幌駅前店,C02247,後藤,男,36,神奈川県,2026-01-29,4,642019,Loyal,False,
PR0005712,2026-02-03,テレビ,スマートテレビ 43型,317542,店舗,横浜駅前店,C02247,後藤,男,36,神奈川県,2026-01-29,4,642019,Loyal,True,
PR0005714,2026-02-26,洗濯機,乾燥機能付き 10kg,193740,店舗,池袋店,C02247,後藤,男,36,神奈川県,2026-01-29,4,642019,Loyal,False,
PR0005720,2021-12-31,PC・タブレット,ゲーミングPC,238685,EC,,C02248,森,女,38,兵庫県,2021-04-02,7,1219819,VIP,True,
PR0005721,2025-02-25,PC・タブレット,ゲーミングPC,318057,EC,,C02248,森,女,38,兵庫県,2021-04-02,7,1219819,VIP,False,1152
PR0005717,2022-11-15,ゲーム・玩具,携帯ゲーム機,19058,店舗,横浜駅前店,C02248,森,女,38,兵庫県,2021-04-02,7,1219819,VIP,False,
PR0005715,2022-06-14,スマートフォン,ミドルレンジ機種,179970,EC,,C02248,森,女,38,兵庫県,2021-04-02,7,1219819,VIP,False,
PR0005716,2024-10-19,スマートフォン,Pro モデル 512GB,140712,EC,,C02248,森,女,38,兵庫県,2021-04-02,7,1219819,VIP,False,858
PR0005718,2023-01-12,テレビ,4K テレビ 50型,248831,EC,,C02248,森,女,38,兵庫県,2021-04-02,7,1219819,VIP,False,
PR0005719,2025-11-22,美容家電・小物,ドライヤー,74506,店舗,大阪梅田店,C02248,森,女,38,兵庫県,2021-04-02,7,1219819,VIP,False,
PR0005722,2022-07-23,ゲーム・玩具,携帯ゲーム機,20895,店舗,大阪梅田店,C02249,森,男,45,愛知県,2022-01-24,3,195738,Regular,True,
PR0005723,2023-05-24,スマートフォン,ハイエンド 1TB,133392,店舗,秋葉原店,C02249,森,男,45,愛知県,2022-01-24,3,195738,Regular,False,
PR0005724,2026-03-11,スマートフォン,最新スマホ 256GB,41451,店舗,渋谷店,C02249,森,男,45,愛知県,2022-01-24,3,195738,Regular,False,1022
PR0005725,2024-02-09,PC・タブレット,ノートPC 13型,180549,EC,,C02250,林,男,62,福岡県,2022-11-03,2,345170,Inactive,False,
PR0005726,2023-01-19,冷蔵庫,冷蔵庫 600L 大型,164621,店舗,秋葉原店,C02250,林,男,62,福岡県,2022-11-03,2,345170,Inactive,True,
PR0005728,2025-12-09,ゲーム・玩具,ゲームソフト,27537,EC,,C02251,前田,女,29,福岡県,2025-09-29,3,209444,Loyal,True,
PR0005729,2026-01-25,スマートフォン,ハイエンド 1TB,158292,EC,,C02251,前田,女,29,福岡県,2025-09-29,3,209444,Loyal,False,
PR0005727,2026-03-08,美容家電・小物,ドライヤー,23615,EC,,C02251,前田,女,29,福岡県,2025-09-29,3,209444,Loyal,False,
PR0005730,2023-06-09,洗濯機,乾燥機能付き 10kg,200812,店舗,天王寺店,C02252,池田,男,46,埼玉県,2023-02-15,1,200812,Inactive,True,
PR0005731,2025-03-24,ゲーム・玩具,ボードゲーム,48595,EC,,C02253,佐藤,男,22,福岡県,2021-10-20,2,70340,Regular,False,
PR0005732,2025-03-01,美容家電・小物,マッサージガン,21745,EC,,C02253,佐藤,男,22,福岡県,2021-10-20,2,70340,Regular,True,
PR0005733,2025-04-26,PC・タブレット,ノートPC 13型,142658,EC,,C02254,木村,女,64,北海道,2025-03-22,2,519333,Regular,True,
PR0005734,2025-06-25,冷蔵庫,冷蔵庫 500L,376675,店舗,渋谷店,C02254,木村,女,64,北海道,2025-03-22,2,519333,Regular,False,
PR0005737,2026-03-19,スマートフォン,最新スマホ 256GB,137313,EC,,C02255,長谷川,男,66,神奈川県,2024-01-06,3,689572,Loyal,False,
PR0005736,2024-07-12,テレビ,スマートテレビ 43型,102127,店舗,名古屋栄店,C02255,長谷川,男,66,神奈川県,2024-01-06,3,689572,Loyal,False,
PR0005735,2024-02-12,冷蔵庫,冷蔵庫 600L 大型,450132,店舗,渋谷店,C02255,長谷川,男,66,神奈川県,2024-01-06,3,689572,Loyal,True,
PR0005738,2026-01-30,カメラ・ビデオ,ドローン,73133,店舗,福岡天神店,C02256,斎藤,男,54,埼玉県,2024-12-23,1,73133,Light,True,
PR0005741,2025-10-01,PC・タブレット,2-in-1 PC,277524,EC,,C02257,伊藤,男,36,宮城県,2024-02-03,3,435440,Loyal,False,
PR0005740,2024-11-22,カメラ・ビデオ,アクションカメラ,138004,EC,,C02257,伊藤,男,36,宮城県,2024-02-03,3,435440,Loyal,True,
PR0005739,2025-12-31,美容家電・小物,美顔器,19912,EC,,C02257,伊藤,男,36,宮城県,2024-02-03,3,435440,Loyal,False,
PR0005742,2026-01-03,エアコン,エアコン 10畳用,195787,EC,,C02258,池田,男,42,広島県,2024-11-05,3,908579,Loyal,False,
PR0005744,2025-12-16,テレビ,プロジェクター,444627,店舗,渋谷店,C02258,池田,男,42,広島県,2024-11-05,3,908579,Loyal,False,
PR0005743,2025-02-12,洗濯機,コンパクト洗濯機,268165,店舗,大阪梅田店,C02258,池田,男,42,広島県,2024-11-05,3,908579,Loyal,True,
PR0005746,2025-10-15,ゲーム・玩具,コントローラ,72676,EC,,C02259,坂本,男,39,大阪府,2025-03-21,2,162656,Regular,True,
PR0005745,2025-11-08,テレビ,有機EL 55型,89980,店舗,天王寺店,C02259,坂本,男,39,大阪府,2025-03-21,2,162656,Regular,False,
PR0005747,2023-07-31,洗濯機,ドラム式洗濯機,104117,店舗,名古屋栄店,C02260,阿部,男,22,兵庫県,2021-05-08,1,104117,Inactive,True,
PR0005748,2022-07-08,PC・タブレット,ゲーミングPC,296780,EC,,C02261,石井,女,36,広島県,2021-08-25,2,468231,Regular,True,
PR0005749,2024-11-08,エアコン,エアコン 18畳用,171451,EC,,C02261,石井,女,36,広島県,2021-08-25,2,468231,Regular,False,
PR0005752,2024-06-29,PC・タブレット,ノートPC 13型,170295,EC,,C02262,佐藤,女,40,埼玉県,2022-07-11,3,505742,Loyal,False,
PR0005750,2023-05-29,エアコン,エアコン 6畳用,279771,EC,,C02262,佐藤,女,40,埼玉県,2022-07-11,3,505742,Loyal,True,
PR0005751,2024-07-01,美容家電・小物,美顔器,55676,店舗,名古屋栄店,C02262,佐藤,女,40,埼玉県,2022-07-11,3,505742,Loyal,False,
PR0005754,2025-06-27,PC・タブレット,ワークステーション,299161,店舗,渋谷店,C02263,石井,男,40,東京都,2023-04-20,3,570941,Loyal,False,
PR0005753,2023-08-15,ゲーム・玩具,コントローラ,71995,EC,,C02263,石井,男,40,東京都,2023-04-20,3,570941,Loyal,True,
PR0005755,2025-12-16,洗濯機,乾燥機能付き 10kg,199785,店舗,大阪梅田店,C02263,石井,男,40,東京都,2023-04-20,3,570941,Loyal,False,
PR0005756,2024-01-18,スマートフォン,スタンダード 128GB,129813,EC,,C02264,前田,男,39,京都府,2022-07-06,1,129813,Inactive,True,
PR0005759,2025-04-17,PC・タブレット,ゲーミングPC,245682,店舗,横浜駅前店,C02265,橋本,女,47,大阪府,2024-12-27,3,1066496,Loyal,False,
PR0005757,2025-04-01,テレビ,有機EL 75型,470970,EC,,C02265,橋本,女,47,大阪府,2024-12-27,3,1066496,Loyal,True,
PR0005758,2025-10-23,洗濯機,乾燥機能付き 10kg,349844,EC,,C02265,橋本,女,47,大阪府,2024-12-27,3,1066496,Loyal,False,
PR0005760,2024-11-17,PC・タブレット,ゲーミングPC,328294,EC,,C02266,山口,女,61,京都府,2023-10-29,2,378765,Regular,True,
PR0005761,2025-03-08,美容家電・小物,電気シェーバー,50471,店舗,秋葉原店,C02266,山口,女,61,京都府,2023-10-29,2,378765,Regular,False,
PR0005768,2024-07-07,PC・タブレット,ノートPC 15型,90735,EC,,C02267,青木,女,45,兵庫県,2021-10-12,9,1336745,VIP,False,
PR0005762,2023-08-18,エアコン,エアコン 18畳用,242898,店舗,渋谷店,C02267,青木,女,45,兵庫県,2021-10-12,9,1336745,VIP,False,
PR0005769,2024-10-22,オーディオ,ワイヤレスイヤホン,123604,店舗,大阪梅田店,C02267,青木,女,45,兵庫県,2021-10-12,9,1336745,VIP,False,
PR0005763,2022-01-17,カメラ・ビデオ,ビデオカメラ,53436,EC,,C02267,青木,女,45,兵庫県,2021-10-12,9,1336745,VIP,True,
PR0005767,2025-01-14,スマートフォン,最新スマホ 256GB,123354,EC,,C02267,青木,女,45,兵庫県,2021-10-12,9,1336745,VIP,False,
PR0005766,2023-11-29,テレビ,4K テレビ 65型,153804,店舗,札幌駅前店,C02267,青木,女,45,兵庫県,2021-10-12,9,1336745,VIP,False,
PR0005770,2024-09-17,冷蔵庫,フレンチドア 700L,479366,店舗,福岡天神店,C02267,青木,女,45,兵庫県,2021-10-12,9,1336745,VIP,False,
PR0005764,2022-11-30,美容家電・小物,ドライヤー,6610,EC,,C02267,青木,女,45,兵庫県,2021-10-12,9,1336745,VIP,False,
PR0005765,2025-01-22,美容家電・小物,電気シェーバー,62938,EC,,C02267,青木,女,45,兵庫県,2021-10-12,9,1336745,VIP,False,784
PR0005773,2024-10-22,エアコン,エアコン 10畳用,255173,店舗,札幌駅前店,C02268,森,男,48,広島県,2023-05-13,3,446888,Loyal,False,
PR0005771,2023-12-08,スマートフォン,スタンダード 128GB,120311,店舗,大阪梅田店,C02268,森,男,48,広島県,2023-05-13,3,446888,Loyal,True,
PR0005772,2026-01-13,スマートフォン,スタンダード 128GB,71404,店舗,新宿店,C02268,森,男,48,広島県,2023-05-13,3,446888,Loyal,False,767
PR0005775,2023-10-27,PC・タブレット,ワークステーション,324293,店舗,新宿店,C02269,渡辺,男,44,千葉県,2022-07-16,6,1374769,VIP,False,
PR0005779,2022-08-04,エアコン,エアコン 14畳用,290941,店舗,天王寺店,C02269,渡辺,男,44,千葉県,2022-07-16,6,1374769,VIP,True,
PR0005776,2025-07-16,カメラ・ビデオ,コンパクトデジカメ,191450,店舗,新宿店,C02269,渡辺,男,44,千葉県,2022-07-16,6,1374769,VIP,False,
PR0005777,2025-06-22,ゲーム・玩具,携帯ゲーム機,66169,店舗,秋葉原店,C02269,渡辺,男,44,千葉県,2022-07-16,6,1374769,VIP,False,
PR0005778,2025-07-08,テレビ,有機EL 55型,455758,店舗,横浜駅前店,C02269,渡辺,男,44,千葉県,2022-07-16,6,1374769,VIP,False,
PR0005774,2025-07-19,美容家電・小物,マッサージガン,46158,EC,,C02269,渡辺,男,44,千葉県,2022-07-16,6,1374769,VIP,False,
PR0005780,2025-11-11,エアコン,エアコン 14畳用,343525,EC,,C02270,渡辺,男,55,北海道,2025-05-03,3,406674,Loyal,True,
PR0005781,2025-12-27,ゲーム・玩具,コントローラ,36800,EC,,C02270,渡辺,男,55,北海道,2025-05-03,3,406674,Loyal,False,
PR0005782,2026-02-28,美容家電・小物,電気シェーバー,26349,店舗,新宿店,C02270,渡辺,男,55,北海道,2025-05-03,3,406674,Loyal,False,
PR0005784,2025-06-07,エアコン,エアコン 10畳用,166711,EC,,C02271,小林,男,43,福岡県,2025-05-04,2,289329,Regular,True,
PR0005783,2025-08-26,スマートフォン,Pro モデル 512GB,122618,EC,,C02271,小林,男,43,福岡県,2025-05-04,2,289329,Regular,False,
PR0005785,2023-05-30,カメラ・ビデオ,交換レンズ,103277,店舗,福岡天神店,C02272,伊藤,男,45,大阪府,2023-04-24,2,207401,Inactive,True,
PR0005786,2023-07-06,洗濯機,乾燥機能付き 10kg,104124,店舗,池袋店,C02272,伊藤,男,45,大阪府,2023-04-24,2,207401,Inactive,False,
PR0005787,2023-02-27,PC・タブレット,ノートPC 15型,110709,EC,,C02273,中島,女,54,大阪府,2022-11-06,1,110709,Inactive,True,
PR0005788,2024-11-03,PC・タブレット,ノートPC 15型,182528,EC,,C02274,佐々木,女,36,神奈川県,2022-07-21,3,722651,Loyal,False,
PR0005789,2024-11-01,エアコン,エアコン 14畳用,342826,EC,,C02274,佐々木,女,36,神奈川県,2022-07-21,3,722651,Loyal,False,
PR0005790,2023-11-28,スマートフォン,ハイエンド 1TB,197297,EC,,C02274,佐々木,女,36,神奈川県,2022-07-21,3,722651,Loyal,True,
PR0005791,2024-10-13,カメラ・ビデオ,ミラーレス一眼,271850,EC,,C02275,森,男,38,福岡県,2023-11-15,2,345235,Regular,False,
PR0005792,2023-12-07,スマートフォン,コンパクトモデル,73385,EC,,C02275,森,男,38,福岡県,2023-11-15,2,345235,Regular,True,
PR0005793,2026-03-12,PC・タブレット,ノートPC 15型,321047,EC,,C02276,近藤,男,58,北海道,2025-06-23,2,426702,Regular,False,
PR0005794,2026-01-08,スマートフォン,Pro モデル 512GB,105655,店舗,福岡天神店,C02276,近藤,男,58,北海道,2025-06-23,2,426702,Regular,True,
PR0005796,2025-02-01,PC・タブレット,ゲーミングPC,179770,店舗,名古屋栄店,C02277,吉田,男,30,北海道,2024-02-10,2,335362,Regular,True,
PR0005795,2025-11-08,エアコン,エアコン 10畳用,155592,EC,,C02277,吉田,男,30,北海道,2024-02-10,2,335362,Regular,False,
PR0005799,2023-10-30,PC・タブレット,ノートPC 15型,333248,EC,,C02278,山田,女,36,京都府,2022-11-14,9,1323642,VIP,False,
PR0005801,2025-12-18,エアコン,エアコン 6畳用,137249,EC,,C02278,山田,女,36,京都府,2022-11-14,9,1323642,VIP,False,
PR0005800,2024-05-02,オーディオ,サウンドバー,150150,店舗,池袋店,C02278,山田,女,36,京都府,2022-11-14,9,1323642,VIP,False,
PR0005803,2023-01-30,カメラ・ビデオ,交換レンズ,257289,店舗,新宿店,C02278,山田,女,36,京都府,2022-11-14,9,1323642,VIP,False,
PR0005805,2025-08-10,ゲーム・玩具,据置型ゲーム機,8773,店舗,新宿店,C02278,山田,女,36,京都府,2022-11-14,9,1323642,VIP,False,
PR0005802,2025-02-15,テレビ,4K テレビ 50型,271083,EC,,C02278,山田,女,36,京都府,2022-11-14,9,1323642,VIP,False,
PR0005804,2026-01-20,洗濯機,乾燥機能付き 10kg,100574,店舗,池袋店,C02278,山田,女,36,京都府,2022-11-14,9,1323642,VIP,False,
PR0005797,2022-11-16,美容家電・小物,マッサージガン,15663,店舗,天王寺店,C02278,山田,女,36,京都府,2022-11-14,9,1323642,VIP,True,
PR0005798,2025-04-29,美容家電・小物,電気シェーバー,49613,店舗,福岡天神店,C02278,山田,女,36,京都府,2022-11-14,9,1323642,VIP,False,895
PR0005808,2026-03-11,カメラ・ビデオ,交換レンズ,114672,EC,,C02279,後藤,男,45,京都府,2024-11-01,5,626274,VIP,False,
PR0005807,2026-03-24,ゲーム・玩具,コントローラ,71174,店舗,福岡天神店,C02279,後藤,男,45,京都府,2024-11-01,5,626274,VIP,False,
PR0005806,2025-07-06,冷蔵庫,冷蔵庫 400L,183788,店舗,大阪梅田店,C02279,後藤,男,45,京都府,2024-11-01,5,626274,VIP,True,
PR0005809,2026-01-18,洗濯機,ドラム式洗濯機,200252,EC,,C02279,後藤,男,45,京都府,2024-11-01,5,626274,VIP,False,
PR0005810,2025-08-24,美容家電・小物,美顔器,56388,EC,,C02279,後藤,男,45,京都府,2024-11-01,5,626274,VIP,False,
PR0005812,2023-09-07,エアコン,エアコン 14畳用,236047,EC,,C02280,遠藤,女,44,埼玉県,2023-04-11,3,323481,Loyal,True,
PR0005811,2024-04-16,ゲーム・玩具,ボードゲーム,31395,店舗,名古屋栄店,C02280,遠藤,女,44,埼玉県,2023-04-11,3,323481,Loyal,False,
PR0005813,2025-01-12,美容家電・小物,美顔器,56039,EC,,C02280,遠藤,女,44,埼玉県,2023-04-11,3,323481,Loyal,False,
PR0005815,2026-01-05,テレビ,有機EL 75型,462031,店舗,横浜駅前店,C02281,井上,男,75,兵庫県,2024-03-14,2,838426,Regular,False,
PR0005814,2024-08-10,冷蔵庫,コンパクト冷蔵庫,376395,店舗,福岡天神店,C02281,井上,男,75,兵庫県,2024-03-14,2,838426,Regular,True,
PR0005816,2026-01-21,オーディオ,ターンテーブル,38376,店舗,横浜駅前店,C02282,鈴木,男,39,東京都,2022-12-15,2,146802,Regular,False,
PR0005817,2025-06-22,冷蔵庫,冷蔵庫 600L 大型,108426,EC,,C02282,鈴木,男,39,東京都,2022-12-15,2,146802,Regular,True,
PR0005819,2026-03-05,PC・タブレット,タブレット 10型,267234,EC,,C02283,藤田,男,48,福岡県,2026-01-11,2,336883,Regular,False,
PR0005818,2026-01-20,美容家電・小物,美顔器,69649,EC,,C02283,藤田,男,48,福岡県,2026-01-11,2,336883,Regular,True,
PR0005822,2025-09-24,PC・タブレット,タブレット 10型,271805,店舗,天王寺店,C02284,長谷川,女,50,兵庫県,2025-07-25,3,542139,Loyal,True,
PR0005820,2026-03-07,テレビ,スマートテレビ 43型,233688,店舗,横浜駅前店,C02284,長谷川,女,50,兵庫県,2025-07-25,3,542139,Loyal,False,
PR0005821,2026-01-24,美容家電・小物,電気シェーバー,36646,店舗,横浜駅前店,C02284,長谷川,女,50,兵庫県,2025-07-25,3,542139,Loyal,False,
PR0005827,2026-03-09,PC・タブレット,2-in-1 PC,79964,店舗,横浜駅前店,C02285,前田,女,60,京都府,2025-04-14,5,697882,VIP,False,
PR0005826,2025-06-19,エアコン,業務用エアコン,352314,店舗,新宿店,C02285,前田,女,60,京都府,2025-04-14,5,697882,VIP,True,
PR0005825,2026-02-05,オーディオ,Bluetoothスピーカー,180519,店舗,札幌駅前店,C02285,前田,女,60,京都府,2025-04-14,5,697882,VIP,False,
PR0005824,2025-10-10,スマートフォン,ミドルレンジ機種,53329,店舗,天王寺店,C02285,前田,女,60,京都府,2025-04-14,5,697882,VIP,False,
PR0005823,2025-08-11,美容家電・小物,電気シェーバー,31756,店舗,秋葉原店,C02285,前田,女,60,京都府,2025-04-14,5,697882,VIP,False,
PR0005828,2026-01-01,PC・タブレット,ノートPC 13型,206460,店舗,池袋店,C02286,前田,女,41,福岡県,2025-09-06,2,429914,Regular,True,
PR0005829,2026-02-23,エアコン,エアコン 10畳用,223454,店舗,新宿店,C02286,前田,女,41,福岡県,2025-09-06,2,429914,Regular,False,
PR0005830,2025-07-17,テレビ,プロジェクター,406617,EC,,C02287,藤田,男,53,埼玉県,2025-01-05,1,406617,Light,True,
PR0005832,2023-08-10,テレビ,有機EL 55型,486455,EC,,C02288,近藤,女,35,広島県,2022-09-09,2,499220,Inactive,False,
PR0005831,2023-01-31,美容家電・小物,ヘアアイロン,12765,EC,,C02288,近藤,女,35,広島県,2022-09-09,2,499220,Inactive,True,
PR0005833,2023-10-29,美容家電・小物,電動歯ブラシ,44464,EC,,C02290,小川,男,48,埼玉県,2022-01-07,1,44464,Inactive,True,
PR0005834,2025-12-11,スマートフォン,ハイエンド 1TB,59745,EC,,C02291,木村,男,43,兵庫県,2021-05-15,1,59745,Light,True,
PR0005835,2024-11-19,PC・タブレット,ノートPC 13型,99650,店舗,名古屋栄店,C02292,後藤,女,47,広島県,2023-01-05,3,539283,Loyal,False,
PR0005836,2023-03-09,エアコン,エアコン 18畳用,152920,EC,,C02292,後藤,女,47,広島県,2023-01-05,3,539283,Loyal,True,
PR0005837,2023-09-04,洗濯機,コンパクト洗濯機,286713,店舗,池袋店,C02292,後藤,女,47,広島県,2023-01-05,3,539283,Loyal,False,
PR0005838,2023-01-13,エアコン,業務用エアコン,93111,EC,,C02293,山下,女,53,北海道,2021-09-11,4,232999,Loyal,False,
PR0005839,2024-10-31,スマートフォン,最新スマホ 256GB,104112,EC,,C02293,山下,女,53,北海道,2021-09-11,4,232999,Loyal,False,
PR0005840,2021-10-17,美容家電・小物,ヘアアイロン,19258,店舗,横浜駅前店,C02293,山下,女,53,北海道,2021-09-11,4,232999,Loyal,True,
PR0005841,2024-07-06,美容家電・小物,電気シェーバー,16518,店舗,渋谷店,C02293,山下,女,53,北海道,2021-09-11,4,232999,Loyal,False,993
PR0005844,2024-10-07,PC・タブレット,ゲーミングPC,199420,店舗,横浜駅前店,C02294,松本,女,26,京都府,2024-10-02,4,745812,Loyal,True,
PR0005845,2025-01-08,スマートフォン,最新スマホ 256GB,143740,EC,,C02294,松本,女,26,京都府,2024-10-02,4,745812,Loyal,False,
PR0005842,2026-01-13,洗濯機,乾燥機能付き 10kg,337521,EC,,C02294,松本,女,26,京都府,2024-10-02,4,745812,Loyal,False,
PR0005843,2025-02-20,美容家電・小物,ヘアアイロン,65131,EC,,C02294,松本,女,26,京都府,2024-10-02,4,745812,Loyal,False,
PR0005847,2025-05-26,ゲーム・玩具,据置型ゲーム機,30703,店舗,大阪梅田店,C02295,池田,男,53,愛知県,2025-01-01,2,383859,Regular,False,
PR0005846,2025-03-19,テレビ,4K テレビ 50型,353156,店舗,秋葉原店,C02295,池田,男,53,愛知県,2025-01-01,2,383859,Regular,True,
PR0005850,2023-05-14,テレビ,有機EL 75型,367555,店舗,横浜駅前店,C02296,橋本,男,53,兵庫県,2021-06-23,3,462913,Loyal,False,
PR0005848,2021-10-20,美容家電・小物,マッサージガン,48216,EC,,C02296,橋本,男,53,兵庫県,2021-06-23,3,462913,Loyal,True,
PR0005849,2024-04-28,美容家電・小物,マッサージガン,47142,EC,,C02296,橋本,男,53,兵庫県,2021-06-23,3,462913,Loyal,False,921
PR0005852,2024-11-12,スマートフォン,最新スマホ 256GB,109952,EC,,C02297,遠藤,女,47,東京都,2022-07-14,2,142805,Regular,False,
PR0005851,2024-01-06,美容家電・小物,電動歯ブラシ,32853,EC,,C02297,遠藤,女,47,東京都,2022-07-14,2,142805,Regular,True,
PR0005853,2026-01-28,冷蔵庫,冷蔵庫 500L,392292,EC,,C02298,岡田,男,47,北海道,2025-11-08,2,431777,Regular,False,
PR0005854,2025-11-16,美容家電・小物,ドライヤー,39485,EC,,C02298,岡田,男,47,北海道,2025-11-08,2,431777,Regular,True,
PR0005855,2026-02-16,エアコン,エアコン 14畳用,324652,EC,,C02299,阿部,男,47,大阪府,2024-12-25,2,583514,Regular,False,
PR0005856,2025-10-12,カメラ・ビデオ,コンパクトデジカメ,258862,EC,,C02299,阿部,男,47,大阪府,2024-12-25,2,583514,Regular,True,
PR0005858,2024-11-10,エアコン,エアコン 14畳用,287365,EC,,C02300,近藤,女,36,広島県,2023-09-01,3,367245,Loyal,False,
PR0005857,2024-08-24,ゲーム・玩具,ゲームソフト,33296,EC,,C02300,近藤,女,36,広島県,2023-09-01,3,367245,Loyal,False,
PR0005859,2024-07-14,美容家電・小物,電動歯ブラシ,46584,店舗,渋谷店,C02300,近藤,女,36,広島県,2023-09-01,3,367245,Loyal,True,
PR0005860,2025-09-07,スマートフォン,ハイエンド 1TB,198845,店舗,天王寺店,C02301,山本,男,48,愛知県,2022-11-20,2,497178,Regular,False,
PR0005861,2023-02-15,テレビ,4K テレビ 50型,298333,EC,,C02301,山本,男,48,愛知県,2022-11-20,2,497178,Regular,True,
PR0005863,2025-07-11,PC・タブレット,ノートPC 13型,102252,店舗,札幌駅前店,C02302,高橋,男,22,東京都,2025-05-28,3,452246,Loyal,True,
PR0005862,2026-03-18,カメラ・ビデオ,ドローン,212927,EC,,C02302,高橋,男,22,東京都,2025-05-28,3,452246,Loyal,False,
PR0005864,2026-01-19,スマートフォン,Pro モデル 512GB,137067,店舗,名古屋栄店,C02302,高橋,男,22,東京都,2025-05-28,3,452246,Loyal,False,
PR0005865,2022-08-05,オーディオ,ワイヤレスイヤホン,192794,店舗,池袋店,C02303,坂本,女,47,京都府,2021-12-26,1,192794,Inactive,True,
PR0005867,2025-06-30,オーディオ,ワイヤレスイヤホン,63666,店舗,横浜駅前店,C02304,渡辺,女,52,埼玉県,2024-12-02,3,486621,Loyal,False,
PR0005868,2025-08-05,カメラ・ビデオ,アクションカメラ,134320,店舗,新宿店,C02304,渡辺,女,52,埼玉県,2024-12-02,3,486621,Loyal,False,
PR0005866,2025-02-22,テレビ,有機EL 55型,288635,EC,,C02304,渡辺,女,52,埼玉県,2024-12-02,3,486621,Loyal,True,
PR0005869,2025-01-28,PC・タブレット,ノートPC 15型,74609,EC,,C02305,加藤,女,43,神奈川県,2024-12-13,3,558195,Loyal,False,
PR0005871,2026-02-17,ゲーム・玩具,ゲームソフト,65875,EC,,C02305,加藤,女,43,神奈川県,2024-12-13,3,558195,Loyal,False,
PR0005870,2024-12-17,テレビ,有機EL 75型,417711,EC,,C02305,加藤,女,43,神奈川県,2024-12-13,3,558195,Loyal,True,
PR0005872,2023-09-01,PC・タブレット,ワークステーション,241206,店舗,横浜駅前店,C02306,山田,男,29,愛知県,2023-02-11,1,241206,Inactive,True,
PR0005874,2023-05-24,PC・タブレット,ノートPC 13型,148952,店舗,新宿店,C02307,林,男,49,大阪府,2023-04-05,3,612925,Loyal,True,
PR0005873,2024-02-12,カメラ・ビデオ,コンパクトデジカメ,161422,店舗,池袋店,C02307,林,男,49,大阪府,2023-04-05,3,612925,Loyal,False,
PR0005875,2024-09-06,テレビ,スマートテレビ 43型,302551,店舗,秋葉原店,C02307,林,男,49,大阪府,2023-04-05,3,612925,Loyal,False,
PR0005876,2025-09-16,PC・タブレット,ノートPC 13型,67639,店舗,札幌駅前店,C02308,山崎,男,46,福岡県,2024-12-04,2,349593,Regular,True,
PR0005877,2025-12-04,カメラ・ビデオ,ミラーレス一眼,281954,EC,,C02308,山崎,男,46,福岡県,2024-12-04,2,349593,Regular,False,
PR0005878,2024-06-28,ゲーム・玩具,据置型ゲーム機,55286,EC,,C02309,吉田,女,61,愛知県,2023-07-10,2,88397,Regular,True,
PR0005879,2025-07-28,美容家電・小物,電動歯ブラシ,33111,EC,,C02309,吉田,女,61,愛知県,2023-07-10,2,88397,Regular,False,
PR0005882,2024-09-29,エアコン,エアコン 18畳用,236315,店舗,天王寺店,C02310,中村,男,42,千葉県,2022-01-19,3,511059,Loyal,True,
PR0005881,2026-02-28,スマートフォン,Pro モデル 512GB,142849,店舗,名古屋栄店,C02310,中村,男,42,千葉県,2022-01-19,3,511059,Loyal,False,
PR0005880,2025-01-15,テレビ,4K テレビ 50型,131895,店舗,新宿店,C02310,中村,男,42,千葉県,2022-01-19,3,511059,Loyal,False,
PR0005883,2025-05-22,スマートフォン,ミドルレンジ機種,84452,店舗,池袋店,C02311,森,男,52,兵庫県,2025-05-12,3,618874,Loyal,True,
PR0005885,2025-07-01,テレビ,プロジェクター,252701,店舗,札幌駅前店,C02311,森,男,52,兵庫県,2025-05-12,3,618874,Loyal,False,
PR0005884,2025-10-21,洗濯機,乾燥機能付き 10kg,281721,店舗,新宿店,C02311,森,男,52,兵庫県,2025-05-12,3,618874,Loyal,False,
PR0005887,2024-09-05,PC・タブレット,ゲーミングPC,254675,EC,,C02312,伊藤,男,58,神奈川県,2022-04-27,2,369949,Regular,False,
PR0005886,2023-02-28,洗濯機,縦型洗濯機,115274,EC,,C02312,伊藤,男,58,神奈川県,2022-04-27,2,369949,Regular,True,
PR0005888,2025-11-12,冷蔵庫,冷蔵庫 400L,103015,EC,,C02313,山口,男,65,福岡県,2023-08-09,2,290267,Regular,False,
PR0005889,2025-01-17,洗濯機,縦型洗濯機,187252,店舗,札幌駅前店,C02313,山口,男,65,福岡県,2023-08-09,2,290267,Regular,True,
PR0005890,2024-05-27,カメラ・ビデオ,ビデオカメラ,46934,店舗,秋葉原店,C02314,清水,男,55,埼玉県,2021-06-05,3,947619,Loyal,False,
PR0005891,2023-06-04,テレビ,プロジェクター,411218,店舗,札幌駅前店,C02314,清水,男,55,埼玉県,2021-06-05,3,947619,Loyal,False,
PR0005892,2022-11-19,冷蔵庫,フレンチドア 700L,489467,店舗,天王寺店,C02314,清水,男,55,埼玉県,2021-06-05,3,947619,Loyal,True,
PR0005895,2026-02-20,PC・タブレット,ノートPC 15型,342267,店舗,渋谷店,C02315,木村,女,36,京都府,2024-03-02,5,791447,VIP,False,
PR0005897,2025-06-24,オーディオ,サウンドバー,173896,店舗,池袋店,C02315,木村,女,36,京都府,2024-03-02,5,791447,VIP,False,
PR0005896,2024-04-27,スマートフォン,ミドルレンジ機種,42234,店舗,大阪梅田店,C02315,木村,女,36,京都府,2024-03-02,5,791447,VIP,True,
PR0005893,2026-02-10,テレビ,有機EL 75型,158999,店舗,札幌駅前店,C02315,木村,女,36,京都府,2024-03-02,5,791447,VIP,False,
PR0005894,2024-07-29,美容家電・小物,電気シェーバー,74051,店舗,池袋店,C02315,木村,女,36,京都府,2024-03-02,5,791447,VIP,False,
PR0005899,2024-09-29,PC・タブレット,ゲーミングPC,170723,店舗,大阪梅田店,C02316,橋本,女,59,広島県,2022-09-13,4,865326,Loyal,False,
PR0005901,2024-12-24,スマートフォン,最新スマホ 256GB,153388,店舗,渋谷店,C02316,橋本,女,59,広島県,2022-09-13,4,865326,Loyal,False,
PR0005900,2025-01-30,冷蔵庫,冷蔵庫 600L 大型,307038,店舗,横浜駅前店,C02316,橋本,女,59,広島県,2022-09-13,4,865326,Loyal,False,
PR0005898,2024-09-03,洗濯機,乾燥機能付き 10kg,234177,店舗,天王寺店,C02316,橋本,女,59,広島県,2022-09-13,4,865326,Loyal,True,
PR0005904,2026-01-01,PC・タブレット,ゲーミングPC,78686,店舗,池袋店,C02317,渡辺,女,52,北海道,2025-10-16,3,768578,Loyal,False,
PR0005903,2025-10-23,冷蔵庫,冷蔵庫 400L,478967,店舗,渋谷店,C02317,渡辺,女,52,北海道,2025-10-16,3,768578,Loyal,True,
PR0005902,2025-11-07,洗濯機,乾燥機能付き 10kg,210925,店舗,池袋店,C02317,渡辺,女,52,北海道,2025-10-16,3,768578,Loyal,False,
PR0005905,2026-02-11,テレビ,有機EL 55型,484698,店舗,福岡天神店,C02318,清水,女,59,埼玉県,2025-06-03,1,484698,Light,True,
PR0005906,2023-09-30,洗濯機,ドラム式洗濯機,338954,EC,,C02319,石川,男,54,愛知県,2022-05-31,1,338954,Inactive,True,
PR0005908,2026-01-23,PC・タブレット,2-in-1 PC,109203,EC,,C02320,中村,女,57,広島県,2025-07-12,3,528095,Loyal,False,
PR0005909,2025-08-05,テレビ,4K テレビ 50型,349548,EC,,C02320,中村,女,57,広島県,2025-07-12,3,528095,Loyal,False,
PR0005907,2025-07-25,美容家電・小物,マッサージガン,69344,EC,,C02320,中村,女,57,広島県,2025-07-12,3,528095,Loyal,True,
PR0005910,2026-03-06,エアコン,エアコン 6畳用,294683,EC,,C02321,斎藤,男,53,北海道,2025-11-24,2,475432,Regular,True,
PR0005911,2026-03-11,テレビ,4K テレビ 50型,180749,店舗,渋谷店,C02321,斎藤,男,53,北海道,2025-11-24,2,475432,Regular,False,
PR0005912,2025-12-24,テレビ,スマートテレビ 43型,121352,店舗,天王寺店,C02322,藤田,男,53,福岡県,2023-04-06,1,121352,Light,True,
PR0005915,2026-02-15,エアコン,エアコン 18畳用,385867,店舗,秋葉原店,C02323,岡田,男,48,北海道,2025-10-31,3,682872,Loyal,False,
PR0005914,2026-02-28,カメラ・ビデオ,ビデオカメラ,200741,EC,,C02323,岡田,男,48,北海道,2025-10-31,3,682872,Loyal,False,
PR0005913,2026-01-10,洗濯機,乾燥機能付き 10kg,96264,EC,,C02323,岡田,男,48,北海道,2025-10-31,3,682872,Loyal,True,
PR0005917,2026-01-02,スマートフォン,最新スマホ 256GB,41624,EC,,C02324,佐藤,男,44,広島県,2025-03-04,3,416147,Loyal,False,
PR0005918,2025-03-11,テレビ,4K テレビ 65型,166411,EC,,C02324,佐藤,男,44,広島県,2025-03-04,3,416147,Loyal,True,
PR0005916,2025-11-03,冷蔵庫,冷蔵庫 600L 大型,208112,EC,,C02324,佐藤,男,44,広島県,2025-03-04,3,416147,Loyal,False,
PR0005919,2024-05-03,美容家電・小物,マッサージガン,54342,店舗,名古屋栄店,C02325,藤田,女,66,大阪府,2023-07-13,1,54342,Light,True,
PR0005921,2025-10-24,エアコン,エアコン 18畳用,159454,店舗,新宿店,C02326,遠藤,男,50,広島県,2024-10-26,2,313672,Regular,True,
PR0005920,2025-10-24,オーディオ,ワイヤレスイヤホン,154218,店舗,福岡天神店,C02326,遠藤,男,50,広島県,2024-10-26,2,313672,Regular,True,
PR0005925,2023-11-19,オーディオ,Bluetoothスピーカー,78261,店舗,名古屋栄店,C02327,斎藤,男,58,東京都,2023-04-30,4,384073,Loyal,True,
PR0005923,2025-02-07,カメラ・ビデオ,ビデオカメラ,115437,店舗,新宿店,C02327,斎藤,男,58,東京都,2023-04-30,4,384073,Loyal,False,
PR0005924,2025-10-26,ゲーム・玩具,コントローラ,25648,店舗,天王寺店,C02327,斎藤,男,58,東京都,2023-04-30,4,384073,Loyal,False,
PR0005922,2025-01-20,洗濯機,全自動 8kg,164727,店舗,秋葉原店,C02327,斎藤,男,58,東京都,2023-04-30,4,384073,Loyal,False,
PR0005927,2024-12-01,PC・タブレット,タブレット 10型,114495,EC,,C02328,斎藤,女,25,広島県,2024-05-25,2,215544,Regular,True,
PR0005926,2025-04-16,冷蔵庫,フレンチドア 700L,101049,店舗,横浜駅前店,C02328,斎藤,女,25,広島県,2024-05-25,2,215544,Regular,False,
PR0005932,2024-09-30,PC・タブレット,2-in-1 PC,312462,店舗,福岡天神店,C02329,林,女,30,埼玉県,2023-04-22,5,960670,VIP,False,
PR0005930,2024-12-16,カメラ・ビデオ,アクションカメラ,172027,店舗,大阪梅田店,C02329,林,女,30,埼玉県,2023-04-22,5,960670,VIP,False,
PR0005928,2024-03-17,スマートフォン,コンパクトモデル,180351,店舗,新宿店,C02329,林,女,30,埼玉県,2023-04-22,5,960670,VIP,False,
PR0005931,2023-06-11,テレビ,有機EL 75型,219810,店舗,天王寺店,C02329,林,女,30,埼玉県,2023-04-22,5,960670,VIP,True,
PR0005929,2026-02-23,美容家電・小物,マッサージガン,76020,EC,,C02329,林,女,30,埼玉県,2023-04-22,5,960670,VIP,False,
PR0005934,2026-01-29,スマートフォン,最新スマホ 256GB,51518,店舗,横浜駅前店,C02330,石井,男,73,宮城県,2026-01-03,3,620067,Loyal,False,
PR0005935,2026-01-03,テレビ,プロジェクター,450973,EC,,C02330,石井,男,73,宮城県,2026-01-03,3,620067,Loyal,True,
PR0005933,2026-02-14,洗濯機,乾燥機能付き 10kg,117576,店舗,横浜駅前店,C02330,石井,男,73,宮城県,2026-01-03,3,620067,Loyal,False,
PR0005938,2025-08-05,PC・タブレット,ノートPC 13型,322498,店舗,名古屋栄店,C02331,斎藤,女,59,大阪府,2025-02-12,3,351293,Loyal,False,
PR0005936,2025-12-17,ゲーム・玩具,据置型ゲーム機,7227,EC,,C02331,斎藤,女,59,大阪府,2025-02-12,3,351293,Loyal,False,
PR0005937,2025-04-27,美容家電・小物,美顔器,21568,店舗,池袋店,C02331,斎藤,女,59,大阪府,2025-02-12,3,351293,Loyal,True,
PR0005940,2025-07-18,エアコン,エアコン 10畳用,388402,店舗,福岡天神店,C02332,鈴木,男,50,埼玉県,2024-05-19,7,1078026,VIP,False,
PR0005945,2024-08-03,オーディオ,ヘッドホン,197099,EC,,C02332,鈴木,男,50,埼玉県,2024-05-19,7,1078026,VIP,False,
PR0005943,2024-11-16,カメラ・ビデオ,ミラーレス一眼,184549,EC,,C02332,鈴木,男,50,埼玉県,2024-05-19,7,1078026,VIP,False,
PR0005944,2025-08-13,ゲーム・玩具,据置型ゲーム機,69210,店舗,天王寺店,C02332,鈴木,男,50,埼玉県,2024-05-19,7,1078026,VIP,False,
PR0005939,2025-09-01,スマートフォン,スタンダード 128GB,75276,EC,,C02332,鈴木,男,50,埼玉県,2024-05-19,7,1078026,VIP,False,
PR0005941,2024-05-29,テレビ,有機EL 75型,97094,EC,,C02332,鈴木,男,50,埼玉県,2024-05-19,7,1078026,VIP,True,
PR0005942,2026-03-02,美容家電・小物,マッサージガン,66396,EC,,C02332,鈴木,男,50,埼玉県,2024-05-19,7,1078026,VIP,False,
PR0005947,2024-07-21,スマートフォン,コンパクトモデル,129491,EC,,C02334,中島,女,45,東京都,2022-12-24,2,404700,Regular,True,
PR0005946,2026-03-26,テレビ,4K テレビ 50型,275209,店舗,名古屋栄店,C02334,中島,女,45,東京都,2022-12-24,2,404700,Regular,False,
PR0005950,2026-03-19,PC・タブレット,ノートPC 13型,165387,店舗,横浜駅前店,C02335,池田,男,68,千葉県,2025-09-06,3,953524,Loyal,False,
PR0005948,2025-11-23,テレビ,4K テレビ 65型,290215,EC,,C02335,池田,男,68,千葉県,2025-09-06,3,953524,Loyal,True,
PR0005949,2026-01-26,冷蔵庫,コンパクト冷蔵庫,497922,店舗,秋葉原店,C02335,池田,男,68,千葉県,2025-09-06,3,953524,Loyal,False,
PR0005951,2025-04-08,カメラ・ビデオ,ドローン,129515,店舗,札幌駅前店,C02336,青木,男,41,宮城県,2023-08-30,2,356781,Regular,False,
PR0005952,2024-08-31,洗濯機,ドラム式洗濯機,227266,店舗,渋谷店,C02336,青木,男,41,宮城県,2023-08-30,2,356781,Regular,True,
PR0005953,2023-01-26,テレビ,有機EL 55型,155034,EC,,C02337,伊藤,男,53,愛知県,2022-03-10,2,461911,Inactive,True,
PR0005954,2023-03-29,洗濯機,縦型洗濯機,306877,EC,,C02337,伊藤,男,53,愛知県,2022-03-10,2,461911,Inactive,False,
PR0005956,2025-11-05,カメラ・ビデオ,ドローン,247161,店舗,秋葉原店,C02338,山本,男,58,宮城県,2025-09-07,2,328873,Regular,True,
PR0005955,2026-02-03,テレビ,有機EL 75型,81712,店舗,池袋店,C02338,山本,男,58,宮城県,2025-09-07,2,328873,Regular,False,
PR0005961,2025-10-13,PC・タブレット,ノートPC 13型,215088,店舗,横浜駅前店,C02339,後藤,男,60,神奈川県,2023-08-15,5,933790,VIP,False,
PR0005958,2026-01-04,エアコン,エアコン 10畳用,249053,店舗,名古屋栄店,C02339,後藤,男,60,神奈川県,2023-08-15,5,933790,VIP,False,
PR0005960,2024-09-23,スマートフォン,ハイエンド 1TB,196184,EC,,C02339,後藤,男,60,神奈川県,2023-08-15,5,933790,VIP,False,
PR0005959,2024-04-02,洗濯機,コンパクト洗濯機,210186,EC,,C02339,後藤,男,60,神奈川県,2023-08-15,5,933790,VIP,True,
PR0005957,2025-12-10,美容家電・小物,ドライヤー,63279,店舗,池袋店,C02339,後藤,男,60,神奈川県,2023-08-15,5,933790,VIP,False,
PR0005963,2024-09-26,スマートフォン,ハイエンド 1TB,181201,EC,,C02340,岡田,女,53,京都府,2023-06-12,2,494900,Regular,True,
PR0005962,2025-03-25,テレビ,4K テレビ 50型,313699,EC,,C02340,岡田,女,53,京都府,2023-06-12,2,494900,Regular,False,
PR0005967,2025-12-12,PC・タブレット,ノートPC 15型,91462,店舗,新宿店,C02341,鈴木,女,65,北海道,2025-07-29,4,620203,Loyal,False,
PR0005966,2026-02-20,エアコン,エアコン 18畳用,373599,店舗,名古屋栄店,C02341,鈴木,女,65,北海道,2025-07-29,4,620203,Loyal,False,
PR0005964,2026-02-06,カメラ・ビデオ,アクションカメラ,143680,店舗,秋葉原店,C02341,鈴木,女,65,北海道,2025-07-29,4,620203,Loyal,False,
PR0005965,2025-11-20,美容家電・小物,美顔器,11462,店舗,天王寺店,C02341,鈴木,女,65,北海道,2025-07-29,4,620203,Loyal,True,
PR0005968,2025-12-28,カメラ・ビデオ,ビデオカメラ,124104,EC,,C02342,清水,女,50,兵庫県,2023-05-08,7,1274936,VIP,False,
PR0005971,2025-08-03,ゲーム・玩具,ボードゲーム,36303,EC,,C02342,清水,女,50,兵庫県,2023-05-08,7,1274936,VIP,False,
PR0005972,2023-08-29,スマートフォン,最新スマホ 256GB,73206,店舗,渋谷店,C02342,清水,女,50,兵庫県,2023-05-08,7,1274936,VIP,True,
PR0005973,2025-07-30,スマートフォン,スタンダード 128GB,51489,店舗,福岡天神店,C02342,清水,女,50,兵庫県,2023-05-08,7,1274936,VIP,False,701
PR0005969,2023-11-24,テレビ,有機EL 55型,492713,店舗,天王寺店,C02342,清水,女,50,兵庫県,2023-05-08,7,1274936,VIP,False,
PR0005974,2025-10-07,冷蔵庫,冷蔵庫 400L,443234,店舗,池袋店,C02342,清水,女,50,兵庫県,2023-05-08,7,1274936,VIP,False,
PR0005970,2025-03-20,美容家電・小物,ヘアアイロン,53887,店舗,新宿店,C02342,清水,女,50,兵庫県,2023-05-08,7,1274936,VIP,False,
PR0005975,2024-01-25,ゲーム・玩具,据置型ゲーム機,64506,EC,,C02343,橋本,男,47,北海道,2023-12-07,2,133903,Regular,True,
PR0005976,2024-06-28,美容家電・小物,ヘアアイロン,69397,EC,,C02343,橋本,男,47,北海道,2023-12-07,2,133903,Regular,False,
PR0005978,2024-04-07,エアコン,エアコン 10畳用,355628,店舗,渋谷店,C02344,木村,女,35,兵庫県,2022-01-07,3,428512,Loyal,False,
PR0005979,2024-04-05,スマートフォン,最新スマホ 256GB,35971,店舗,秋葉原店,C02344,木村,女,35,兵庫県,2022-01-07,3,428512,Loyal,True,
PR0005977,2025-12-03,美容家電・小物,ヘアアイロン,36913,店舗,天王寺店,C02344,木村,女,35,兵庫県,2022-01-07,3,428512,Loyal,False,
PR0005981,2023-03-30,スマートフォン,スタンダード 128GB,129323,EC,,C02345,藤田,女,22,北海道,2022-01-16,3,201080,Loyal,True,
PR0005982,2025-10-21,スマートフォン,ハイエンド 1TB,53204,EC,,C02345,藤田,女,22,北海道,2022-01-16,3,201080,Loyal,False,936
PR0005980,2025-01-26,美容家電・小物,美顔器,18553,店舗,新宿店,C02345,藤田,女,22,北海道,2022-01-16,3,201080,Loyal,False,
PR0005983,2023-07-16,PC・タブレット,タブレット 10型,248318,店舗,横浜駅前店,C02346,遠藤,女,45,埼玉県,2021-11-06,2,283470,Regular,True,
PR0005984,2025-08-04,スマートフォン,ハイエンド 1TB,35152,店舗,新宿店,C02346,遠藤,女,45,埼玉県,2021-11-06,2,283470,Regular,False,
PR0005987,2025-09-30,PC・タブレット,ノートPC 13型,81704,店舗,天王寺店,C02347,後藤,男,39,埼玉県,2024-10-09,5,829363,VIP,False,
PR0005988,2026-02-06,エアコン,業務用エアコン,290984,EC,,C02347,後藤,男,39,埼玉県,2024-10-09,5,829363,VIP,False,
PR0005986,2025-03-31,カメラ・ビデオ,ミラーレス一眼,83036,店舗,名古屋栄店,C02347,後藤,男,39,埼玉県,2024-10-09,5,829363,VIP,False,
PR0005989,2025-03-12,洗濯機,コンパクト洗濯機,327845,店舗,新宿店,C02347,後藤,男,39,埼玉県,2024-10-09,5,829363,VIP,True,
PR0005985,2025-11-27,美容家電・小物,電動歯ブラシ,45794,EC,,C02347,後藤,男,39,埼玉県,2024-10-09,5,829363,VIP,False,
PR0005993,2025-02-01,エアコン,エアコン 6畳用,297769,EC,,C02348,鈴木,男,39,神奈川県,2021-12-22,5,817012,VIP,False,
PR0005994,2026-03-26,カメラ・ビデオ,コンパクトデジカメ,234293,店舗,福岡天神店,C02348,鈴木,男,39,神奈川県,2021-12-22,5,817012,VIP,False,
PR0005990,2023-09-27,スマートフォン,最新スマホ 256GB,54945,店舗,新宿店,C02348,鈴木,男,39,神奈川県,2021-12-22,5,817012,VIP,False,
PR0005991,2026-01-23,スマートフォン,コンパクトモデル,149473,店舗,横浜駅前店,C02348,鈴木,男,39,神奈川県,2021-12-22,5,817012,VIP,False,849
PR0005992,2023-07-05,テレビ,プロジェクター,80532,店舗,大阪梅田店,C02348,鈴木,男,39,神奈川県,2021-12-22,5,817012,VIP,True,
PR0005995,2025-09-15,スマートフォン,最新スマホ 256GB,110916,店舗,名古屋栄店,C02349,藤田,男,43,愛知県,2023-04-12,2,444668,Regular,False,
PR0005996,2024-05-14,テレビ,有機EL 55型,333752,店舗,新宿店,C02349,藤田,男,43,愛知県,2023-04-12,2,444668,Regular,True,
PR0005997,2025-12-26,PC・タブレット,ワークステーション,277618,店舗,名古屋栄店,C02350,佐々木,女,31,宮城県,2025-08-20,3,444928,Loyal,False,
PR0005998,2025-12-17,オーディオ,ワイヤレスイヤホン,116351,店舗,渋谷店,C02350,佐々木,女,31,宮城県,2025-08-20,3,444928,Loyal,False,
PR0005999,2025-09-25,美容家電・小物,ヘアアイロン,50959,EC,,C02350,佐々木,女,31,宮城県,2025-08-20,3,444928,Loyal,True,
PR0006001,2025-07-17,エアコン,業務用エアコン,108358,EC,,C02351,青木,男,67,北海道,2022-05-23,2,248389,Regular,False,
PR0006000,2025-05-11,スマートフォン,Pro モデル 512GB,140031,EC,,C02351,青木,男,67,北海道,2022-05-23,2,248389,Regular,True,
PR0006002,2025-08-19,ゲーム・玩具,据置型ゲーム機,51736,店舗,福岡天神店,C02352,鈴木,女,51,北海道,2024-12-10,2,314871,Regular,False,
PR0006003,2025-04-25,洗濯機,全自動 8kg,263135,店舗,池袋店,C02352,鈴木,女,51,北海道,2024-12-10,2,314871,Regular,True,
PR0006004,2023-12-12,PC・タブレット,ワークステーション,140824,EC,,C02353,小川,女,57,京都府,2023-04-07,2,227860,Inactive,False,
PR0006005,2023-07-11,エアコン,エアコン 18畳用,87036,EC,,C02353,小川,女,57,京都府,2023-04-07,2,227860,Inactive,True,
PR0006006,2025-03-15,PC・タブレット,ノートPC 13型,121996,店舗,福岡天神店,C02354,近藤,男,38,千葉県,2023-10-28,8,1495038,VIP,False,
PR0006009,2025-04-26,エアコン,エアコン 6畳用,394852,EC,,C02354,近藤,男,38,千葉県,2023-10-28,8,1495038,VIP,False,
PR0006011,2024-04-28,カメラ・ビデオ,コンパクトデジカメ,46227,店舗,渋谷店,C02354,近藤,男,38,千葉県,2023-10-28,8,1495038,VIP,False,
PR0006013,2024-10-23,スマートフォン,最新スマホ 256GB,41124,店舗,横浜駅前店,C02354,近藤,男,38,千葉県,2023-10-28,8,1495038,VIP,False,
PR0006008,2024-04-23,テレビ,有機EL 55型,119141,店舗,札幌駅前店,C02354,近藤,男,38,千葉県,2023-10-28,8,1495038,VIP,False,
PR0006012,2024-04-12,冷蔵庫,冷蔵庫 600L 大型,364912,EC,,C02354,近藤,男,38,千葉県,2023-10-28,8,1495038,VIP,True,
PR0006010,2024-10-27,洗濯機,全自動 8kg,340641,EC,,C02354,近藤,男,38,千葉県,2023-10-28,8,1495038,VIP,False,
PR0006007,2024-07-23,美容家電・小物,美顔器,66145,店舗,札幌駅前店,C02354,近藤,男,38,千葉県,2023-10-28,8,1495038,VIP,False,
PR0006016,2025-05-15,PC・タブレット,タブレット 10型,337855,店舗,秋葉原店,C02355,山田,女,73,北海道,2024-12-27,3,853130,Loyal,False,
PR0006015,2025-09-25,テレビ,スマートテレビ 43型,457950,EC,,C02355,山田,女,73,北海道,2024-12-27,3,853130,Loyal,False,
PR0006014,2025-04-11,美容家電・小物,電気シェーバー,57325,店舗,秋葉原店,C02355,山田,女,73,北海道,2024-12-27,3,853130,Loyal,True,
PR0006018,2026-03-20,オーディオ,ホームオーディオ,114733,店舗,渋谷店,C02356,井上,女,38,京都府,2024-04-28,2,281126,Regular,False,
PR0006017,2025-12-05,テレビ,スマートテレビ 43型,166393,店舗,名古屋栄店,C02356,井上,女,38,京都府,2024-04-28,2,281126,Regular,True,
PR0006019,2026-03-26,洗濯機,ドラム式洗濯機,111377,店舗,福岡天神店,C02357,遠藤,女,63,北海道,2026-01-18,1,111377,Light,True,
PR0006021,2025-07-10,ゲーム・玩具,携帯ゲーム機,19698,店舗,名古屋栄店,C02358,伊藤,男,29,愛知県,2022-02-01,2,184153,Regular,True,
PR0006020,2026-03-21,テレビ,有機EL 55型,164455,店舗,池袋店,C02358,伊藤,男,29,愛知県,2022-02-01,2,184153,Regular,False,
PR0006022,2025-12-10,エアコン,エアコン 10畳用,136796,店舗,名古屋栄店,C02359,佐藤,女,52,兵庫県,2025-01-17,1,136796,Light,True,
PR0006024,2024-02-26,ゲーム・玩具,据置型ゲーム機,37169,EC,,C02360,坂本,男,35,京都府,2022-01-04,2,337586,Inactive,False,
PR0006023,2022-08-08,洗濯機,縦型洗濯機,300417,EC,,C02360,坂本,男,35,京都府,2022-01-04,2,337586,Inactive,True,
PR0006025,2023-10-19,オーディオ,サウンドバー,66687,店舗,渋谷店,C02361,加藤,女,40,愛知県,2023-07-30,2,111127,Inactive,True,
PR0006026,2023-11-15,美容家電・小物,電動歯ブラシ,44440,店舗,福岡天神店,C02361,加藤,女,40,愛知県,2023-07-30,2,111127,Inactive,False,
PR0006028,2022-07-22,スマートフォン,コンパクトモデル,109211,EC,,C02362,佐々木,男,22,兵庫県,2021-11-20,3,338714,Loyal,True,
PR0006029,2024-12-08,スマートフォン,スタンダード 128GB,144090,EC,,C02362,佐々木,男,22,兵庫県,2021-11-20,3,338714,Loyal,False,870
PR0006027,2023-01-26,テレビ,4K テレビ 65型,85413,店舗,秋葉原店,C02362,佐々木,男,22,兵庫県,2021-11-20,3,338714,Loyal,False,
PR0006030,2023-09-21,カメラ・ビデオ,交換レンズ,82503,店舗,福岡天神店,C02363,坂本,男,59,千葉県,2022-08-30,1,82503,Inactive,True,
PR0006032,2025-12-09,PC・タブレット,ゲーミングPC,213995,店舗,秋葉原店,C02364,村上,男,63,神奈川県,2024-02-26,5,943011,VIP,False,
PR0006035,2024-07-13,エアコン,エアコン 10畳用,127552,店舗,大阪梅田店,C02364,村上,男,63,神奈川県,2024-02-26,5,943011,VIP,True,
PR0006033,2024-12-08,オーディオ,Bluetoothスピーカー,84644,店舗,札幌駅前店,C02364,村上,男,63,神奈川県,2024-02-26,5,943011,VIP,False,
PR0006034,2025-07-14,冷蔵庫,冷蔵庫 500L,302441,店舗,名古屋栄店,C02364,村上,男,63,神奈川県,2024-02-26,5,943011,VIP,False,
PR0006031,2024-11-02,洗濯機,乾燥機能付き 10kg,214379,店舗,池袋店,C02364,村上,男,63,神奈川県,2024-02-26,5,943011,VIP,False,
PR0006038,2025-08-05,PC・タブレット,2-in-1 PC,259755,EC,,C02365,鈴木,女,45,埼玉県,2025-02-19,5,873406,VIP,True,
PR0006040,2026-01-05,ゲーム・玩具,ボードゲーム,79451,店舗,福岡天神店,C02365,鈴木,女,45,埼玉県,2025-02-19,5,873406,VIP,False,
PR0006039,2026-02-06,スマートフォン,ミドルレンジ機種,156746,EC,,C02365,鈴木,女,45,埼玉県,2025-02-19,5,873406,VIP,False,
PR0006036,2026-02-03,洗濯機,コンパクト洗濯機,336956,EC,,C02365,鈴木,女,45,埼玉県,2025-02-19,5,873406,VIP,False,
PR0006037,2025-11-27,美容家電・小物,電動歯ブラシ,40498,EC,,C02365,鈴木,女,45,埼玉県,2025-02-19,5,873406,VIP,False,
PR0006044,2025-09-13,エアコン,エアコン 6畳用,283497,店舗,福岡天神店,C02366,小川,女,28,神奈川県,2022-11-18,5,790246,VIP,False,
PR0006042,2026-01-19,カメラ・ビデオ,ミラーレス一眼,108474,店舗,札幌駅前店,C02366,小川,女,28,神奈川県,2022-11-18,5,790246,VIP,False,
PR0006045,2024-12-27,テレビ,有機EL 55型,55553,EC,,C02366,小川,女,28,神奈川県,2022-11-18,5,790246,VIP,False,
PR0006043,2025-02-14,冷蔵庫,冷蔵庫 400L,296177,店舗,横浜駅前店,C02366,小川,女,28,神奈川県,2022-11-18,5,790246,VIP,False,
PR0006041,2024-09-11,美容家電・小物,電気シェーバー,46545,店舗,渋谷店,C02366,小川,女,28,神奈川県,2022-11-18,5,790246,VIP,True,
PR0006049,2022-06-11,エアコン,エアコン 14畳用,257789,店舗,渋谷店,C02367,坂本,女,38,広島県,2021-05-29,4,416186,Loyal,False,
PR0006048,2023-12-24,ゲーム・玩具,据置型ゲーム機,58117,EC,,C02367,坂本,女,38,広島県,2021-05-29,4,416186,Loyal,False,
PR0006046,2021-09-08,美容家電・小物,電気シェーバー,66621,EC,,C02367,坂本,女,38,広島県,2021-05-29,4,416186,Loyal,True,
PR0006047,2024-07-22,美容家電・小物,ヘアアイロン,33659,EC,,C02367,坂本,女,38,広島県,2021-05-29,4,416186,Loyal,False,1048
PR0006050,2022-06-26,PC・タブレット,ゲーミングPC,185317,店舗,秋葉原店,C02368,渡辺,女,50,宮城県,2022-03-23,1,185317,Inactive,True,
PR0006055,2024-12-16,オーディオ,ターンテーブル,63067,店舗,渋谷店,C02369,村上,女,51,大阪府,2022-04-09,5,1001608,VIP,False,
PR0006053,2025-11-28,スマートフォン,スタンダード 128GB,61280,店舗,大阪梅田店,C02369,村上,女,51,大阪府,2022-04-09,5,1001608,VIP,False,
PR0006052,2025-07-22,テレビ,プロジェクター,142848,店舗,秋葉原店,C02369,村上,女,51,大阪府,2022-04-09,5,1001608,VIP,False,
PR0006051,2023-04-29,冷蔵庫,冷蔵庫 600L 大型,487544,EC,,C02369,村上,女,51,大阪府,2022-04-09,5,1001608,VIP,True,
PR0006054,2025-05-20,洗濯機,ドラム式洗濯機,246869,店舗,名古屋栄店,C02369,村上,女,51,大阪府,2022-04-09,5,1001608,VIP,False,
PR0006061,2025-02-19,PC・タブレット,ノートPC 15型,272096,店舗,池袋店,C02370,佐藤,女,46,神奈川県,2021-10-13,6,908580,VIP,False,
PR0006057,2025-12-29,スマートフォン,最新スマホ 256GB,168745,店舗,新宿店,C02370,佐藤,女,46,神奈川県,2021-10-13,6,908580,VIP,False,
PR0006056,2022-04-06,テレビ,有機EL 55型,222818,店舗,横浜駅前店,C02370,佐藤,女,46,神奈川県,2021-10-13,6,908580,VIP,True,
PR0006060,2025-07-30,洗濯機,縦型洗濯機,165323,店舗,池袋店,C02370,佐藤,女,46,神奈川県,2021-10-13,6,908580,VIP,False,
PR0006058,2022-04-18,美容家電・小物,ヘアアイロン,68652,店舗,秋葉原店,C02370,佐藤,女,46,神奈川県,2021-10-13,6,908580,VIP,False,
PR0006059,2025-03-21,美容家電・小物,美顔器,10946,店舗,大阪梅田店,C02370,佐藤,女,46,神奈川県,2021-10-13,6,908580,VIP,False,1068
PR0006062,2026-02-19,PC・タブレット,ワークステーション,252754,店舗,新宿店,C02371,渡辺,男,52,京都府,2025-01-05,3,878533,Loyal,False,
PR0006064,2025-07-10,スマートフォン,Pro モデル 512GB,173416,店舗,新宿店,C02371,渡辺,男,52,京都府,2025-01-05,3,878533,Loyal,True,
PR0006063,2025-08-15,テレビ,プロジェクター,452363,店舗,横浜駅前店,C02371,渡辺,男,52,京都府,2025-01-05,3,878533,Loyal,False,
PR0006067,2026-03-03,PC・タブレット,タブレット 10型,284849,店舗,秋葉原店,C02372,山口,男,41,千葉県,2025-07-06,5,1409758,VIP,False,
PR0006065,2026-01-13,エアコン,業務用エアコン,396952,店舗,横浜駅前店,C02372,山口,男,41,千葉県,2025-07-06,5,1409758,VIP,False,
PR0006069,2025-10-13,オーディオ,ヘッドホン,178473,店舗,大阪梅田店,C02372,山口,男,41,千葉県,2025-07-06,5,1409758,VIP,False,
PR0006066,2026-02-23,テレビ,有機EL 75型,138055,店舗,渋谷店,C02372,山口,男,41,千葉県,2025-07-06,5,1409758,VIP,False,
PR0006068,2025-08-03,冷蔵庫,冷蔵庫 600L 大型,411429,店舗,横浜駅前店,C02372,山口,男,41,千葉県,2025-07-06,5,1409758,VIP,True,
PR0006070,2023-02-27,オーディオ,Bluetoothスピーカー,123348,店舗,名古屋栄店,C02373,山田,男,46,福岡県,2021-12-03,4,449825,Loyal,False,
PR0006071,2022-10-03,スマートフォン,Pro モデル 512GB,55437,店舗,新宿店,C02373,山田,男,46,福岡県,2021-12-03,4,449825,Loyal,True,
PR0006072,2025-03-09,スマートフォン,最新スマホ 256GB,193649,店舗,新宿店,C02373,山田,男,46,福岡県,2021-12-03,4,449825,Loyal,False,888
PR0006073,2025-06-04,美容家電・小物,ヘアアイロン,77391,店舗,札幌駅前店,C02373,山田,男,46,福岡県,2021-12-03,4,449825,Loyal,False,
PR0006076,2025-03-22,オーディオ,ヘッドホン,199272,店舗,秋葉原店,C02374,林,女,37,千葉県,2025-02-14,3,481952,Loyal,True,
PR0006074,2025-10-22,ゲーム・玩具,携帯ゲーム機,68703,EC,,C02374,林,女,37,千葉県,2025-02-14,3,481952,Loyal,False,
PR0006075,2026-01-14,洗濯機,コンパクト洗濯機,213977,店舗,名古屋栄店,C02374,林,女,37,千葉県,2025-02-14,3,481952,Loyal,False,
PR0006077,2025-12-23,PC・タブレット,ノートPC 13型,269659,店舗,名古屋栄店,C02375,村上,女,24,千葉県,2024-04-06,2,540985,Regular,False,
PR0006078,2024-10-14,エアコン,エアコン 10畳用,271326,店舗,横浜駅前店,C02375,村上,女,24,千葉県,2024-04-06,2,540985,Regular,True,
PR0006081,2025-01-16,エアコン,エアコン 14畳用,242917,EC,,C02377,藤田,男,49,千葉県,2022-02-01,3,605495,Loyal,False,
PR0006080,2024-04-22,スマートフォン,ハイエンド 1TB,161957,店舗,札幌駅前店,C02377,藤田,男,49,千葉県,2022-02-01,3,605495,Loyal,True,
PR0006079,2024-09-01,洗濯機,乾燥機能付き 10kg,200621,EC,,C02377,藤田,男,49,千葉県,2022-02-01,3,605495,Loyal,False,
PR0006082,2025-11-18,テレビ,4K テレビ 65型,55821,店舗,大阪梅田店,C02378,山口,女,41,京都府,2025-01-18,1,55821,Light,True,
PR0006083,2024-11-19,冷蔵庫,フレンチドア 700L,181494,店舗,天王寺店,C02379,阿部,男,57,福岡県,2022-03-19,2,235726,Regular,False,
PR0006084,2024-06-04,美容家電・小物,美顔器,54232,店舗,名古屋栄店,C02379,阿部,男,57,福岡県,2022-03-19,2,235726,Regular,True,
PR0006085,2024-11-15,PC・タブレット,ノートPC 15型,300827,EC,,C02380,清水,男,32,京都府,2022-11-04,5,1124107,VIP,False,
PR0006088,2023-10-13,エアコン,エアコン 6畳用,159255,EC,,C02380,清水,男,32,京都府,2022-11-04,5,1124107,VIP,True,
PR0006086,2023-10-13,スマートフォン,スタンダード 128GB,71913,EC,,C02380,清水,男,32,京都府,2022-11-04,5,1124107,VIP,True,
PR0006087,2025-12-24,スマートフォン,ミドルレンジ機種,197610,店舗,名古屋栄店,C02380,清水,男,32,京都府,2022-11-04,5,1124107,VIP,False,803
PR0006089,2023-12-27,テレビ,プロジェクター,394502,店舗,札幌駅前店,C02380,清水,男,32,京都府,2022-11-04,5,1124107,VIP,False,
PR0006090,2025-12-18,オーディオ,サウンドバー,123615,店舗,新宿店,C02381,加藤,女,43,北海道,2025-01-21,3,210092,Loyal,False,
PR0006092,2025-02-28,ゲーム・玩具,据置型ゲーム機,45372,店舗,渋谷店,C02381,加藤,女,43,北海道,2025-01-21,3,210092,Loyal,True,
PR0006091,2026-02-22,美容家電・小物,電動歯ブラシ,41105,店舗,横浜駅前店,C02381,加藤,女,43,北海道,2025-01-21,3,210092,Loyal,False,
PR0006095,2024-01-22,PC・タブレット,ノートPC 15型,131260,店舗,渋谷店,C02382,藤田,女,43,千葉県,2022-12-25,4,935719,Loyal,False,
PR0006094,2024-05-29,オーディオ,サウンドバー,169566,店舗,新宿店,C02382,藤田,女,43,千葉県,2022-12-25,4,935719,Loyal,False,
PR0006096,2024-04-21,テレビ,スマートテレビ 43型,408053,店舗,福岡天神店,C02382,藤田,女,43,千葉県,2022-12-25,4,935719,Loyal,False,
PR0006093,2023-03-13,冷蔵庫,フレンチドア 700L,226840,店舗,福岡天神店,C02382,藤田,女,43,千葉県,2022-12-25,4,935719,Loyal,True,
PR0006098,2024-10-05,PC・タブレット,ノートPC 15型,327000,店舗,池袋店,C02383,阿部,女,47,東京都,2023-11-16,2,374102,Regular,True,
PR0006097,2025-09-03,美容家電・小物,ドライヤー,47102,店舗,新宿店,C02383,阿部,女,47,東京都,2023-11-16,2,374102,Regular,False,
PR0006099,2025-06-11,テレビ,4K テレビ 65型,225280,店舗,大阪梅田店,C02384,山口,男,31,京都府,2021-11-28,1,225280,Light,True,
PR0006102,2024-09-08,オーディオ,ヘッドホン,123981,店舗,渋谷店,C02385,吉田,女,32,宮城県,2021-12-24,3,643573,Loyal,False,
PR0006100,2022-10-29,冷蔵庫,冷蔵庫 600L 大型,483800,店舗,天王寺店,C02385,吉田,女,32,宮城県,2021-12-24,3,643573,Loyal,True,
PR0006101,2024-06-07,美容家電・小物,ドライヤー,35792,店舗,大阪梅田店,C02385,吉田,女,32,宮城県,2021-12-24,3,643573,Loyal,False,
PR0006105,2022-05-03,PC・タブレット,タブレット 10型,293934,店舗,名古屋栄店,C02386,近藤,男,54,宮城県,2021-05-24,4,1017976,Loyal,True,
PR0006106,2026-02-12,PC・タブレット,ノートPC 13型,135443,店舗,札幌駅前店,C02386,近藤,男,54,宮城県,2021-05-24,4,1017976,Loyal,False,1381
PR0006104,2023-04-26,テレビ,有機EL 75型,481900,店舗,渋谷店,C02386,近藤,男,54,宮城県,2021-05-24,4,1017976,Loyal,False,
PR0006103,2024-11-17,洗濯機,縦型洗濯機,106699,店舗,池袋店,C02386,近藤,男,54,宮城県,2021-05-24,4,1017976,Loyal,False,
PR0006107,2026-02-03,PC・タブレット,ノートPC 13型,55987,店舗,横浜駅前店,C02387,加藤,男,61,大阪府,2025-07-16,3,459837,Loyal,False,
PR0006109,2026-03-29,カメラ・ビデオ,ドローン,213750,EC,,C02387,加藤,男,61,大阪府,2025-07-16,3,459837,Loyal,False,
PR0006108,2026-01-18,テレビ,スマートテレビ 43型,190100,EC,,C02387,加藤,男,61,大阪府,2025-07-16,3,459837,Loyal,True,
PR0006110,2023-08-12,ゲーム・玩具,携帯ゲーム機,73090,EC,,C02388,斎藤,女,26,愛知県,2022-12-12,2,378145,Regular,True,
PR0006111,2025-01-22,冷蔵庫,冷蔵庫 600L 大型,305055,EC,,C02388,斎藤,女,26,愛知県,2022-12-12,2,378145,Regular,False,
PR0006112,2023-10-20,ゲーム・玩具,VR ゴーグル,47083,店舗,新宿店,C02389,加藤,男,43,兵庫県,2021-08-30,2,85423,Inactive,False,
PR0006113,2023-09-23,スマートフォン,Pro モデル 512GB,38340,EC,,C02389,加藤,男,43,兵庫県,2021-08-30,2,85423,Inactive,True,
PR0006114,2025-01-31,PC・タブレット,ワークステーション,124390,EC,,C02390,後藤,女,31,神奈川県,2022-04-24,2,546155,Regular,False,
PR0006115,2023-12-15,テレビ,有機EL 55型,421765,店舗,横浜駅前店,C02390,後藤,女,31,神奈川県,2022-04-24,2,546155,Regular,True,
PR0006116,2026-01-08,PC・タブレット,ワークステーション,228343,店舗,横浜駅前店,C02391,青木,男,45,兵庫県,2024-12-22,1,228343,Light,True,
PR0006119,2025-09-09,PC・タブレット,2-in-1 PC,138102,EC,,C02392,斎藤,女,22,広島県,2024-11-19,3,335083,Loyal,False,
PR0006118,2025-11-16,ゲーム・玩具,VR ゴーグル,54813,EC,,C02392,斎藤,女,22,広島県,2024-11-19,3,335083,Loyal,False,
PR0006117,2025-07-27,スマートフォン,最新スマホ 256GB,142168,EC,,C02392,斎藤,女,22,広島県,2024-11-19,3,335083,Loyal,True,
PR0006120,2026-03-15,洗濯機,全自動 8kg,161039,店舗,名古屋栄店,C02393,伊藤,男,37,兵庫県,2025-05-20,1,161039,Light,True,
PR0006121,2026-03-30,PC・タブレット,ノートPC 13型,222654,店舗,名古屋栄店,C02394,阿部,男,49,京都府,2023-10-24,1,222654,Light,True,
PR0006122,2023-11-22,カメラ・ビデオ,コンパクトデジカメ,45043,EC,,C02395,後藤,男,53,東京都,2021-06-15,1,45043,Inactive,True,
PR0006123,2025-05-22,PC・タブレット,ワークステーション,175297,EC,,C02396,藤田,男,58,千葉県,2024-11-16,5,773867,VIP,False,
PR0006125,2025-08-09,ゲーム・玩具,携帯ゲーム機,47460,店舗,札幌駅前店,C02396,藤田,男,58,千葉県,2024-11-16,5,773867,VIP,False,
PR0006124,2025-10-13,スマートフォン,スタンダード 128GB,174407,店舗,福岡天神店,C02396,藤田,男,58,千葉県,2024-11-16,5,773867,VIP,False,
PR0006126,2025-05-06,冷蔵庫,冷蔵庫 600L 大型,360835,店舗,天王寺店,C02396,藤田,男,58,千葉県,2024-11-16,5,773867,VIP,True,
PR0006127,2025-08-24,美容家電・小物,ヘアアイロン,15868,店舗,名古屋栄店,C02396,藤田,男,58,千葉県,2024-11-16,5,773867,VIP,False,
PR0006128,2024-12-14,スマートフォン,コンパクトモデル,86654,EC,,C02397,近藤,男,22,兵庫県,2024-05-07,1,86654,Light,True,
PR0006130,2024-12-23,PC・タブレット,ゲーミングPC,167219,店舗,池袋店,C02398,後藤,女,52,広島県,2022-08-26,4,395730,Loyal,False,
PR0006132,2023-01-04,オーディオ,ターンテーブル,100860,店舗,渋谷店,C02398,後藤,女,52,広島県,2022-08-26,4,395730,Loyal,False,
PR0006131,2022-11-23,テレビ,有機EL 75型,69007,EC,,C02398,後藤,女,52,広島県,2022-08-26,4,395730,Loyal,True,
PR0006129,2024-09-01,美容家電・小物,電気シェーバー,58644,店舗,天王寺店,C02398,後藤,女,52,広島県,2022-08-26,4,395730,Loyal,False,
PR0006134,2025-12-23,オーディオ,ターンテーブル,171100,店舗,秋葉原店,C02399,長谷川,男,41,北海道,2023-08-18,2,486150,Regular,False,
PR0006133,2024-12-15,洗濯機,縦型洗濯機,315050,店舗,福岡天神店,C02399,長谷川,男,41,北海道,2023-08-18,2,486150,Regular,True,
PR0006135,2023-08-11,スマートフォン,スタンダード 128GB,122289,EC,,C02400,石川,男,51,神奈川県,2022-10-01,3,371826,Loyal,True,
PR0006136,2026-01-22,スマートフォン,スタンダード 128GB,134399,EC,,C02400,石川,男,51,神奈川県,2022-10-01,3,371826,Loyal,False,895
PR0006137,2025-12-20,洗濯機,ドラム式洗濯機,115138,EC,,C02400,石川,男,51,神奈川県,2022-10-01,3,371826,Loyal,False,
PR0006138,2025-03-17,カメラ・ビデオ,ドローン,297809,EC,,C02401,山崎,女,50,東京都,2023-04-30,3,376080,Loyal,False,
PR0006139,2023-07-30,美容家電・小物,ドライヤー,67428,EC,,C02401,山崎,女,50,東京都,2023-04-30,3,376080,Loyal,True,
PR0006140,2026-03-05,美容家電・小物,電動歯ブラシ,10843,EC,,C02401,山崎,女,50,東京都,2023-04-30,3,376080,Loyal,False,949
PR0006141,2023-03-24,テレビ,4K テレビ 65型,257332,EC,,C02402,山口,男,43,宮城県,2022-09-17,1,257332,Inactive,True,
PR0006143,2023-04-23,カメラ・ビデオ,アクションカメラ,112280,EC,,C02403,長谷川,男,59,東京都,2023-03-17,2,515416,Regular,True,
PR0006142,2025-07-23,テレビ,4K テレビ 50型,403136,EC,,C02403,長谷川,男,59,東京都,2023-03-17,2,515416,Regular,False,
PR0006145,2022-10-22,テレビ,4K テレビ 65型,84516,店舗,新宿店,C02404,加藤,男,52,大阪府,2021-07-31,2,360819,Inactive,True,
PR0006144,2024-01-10,洗濯機,ドラム式洗濯機,276303,店舗,渋谷店,C02404,加藤,男,52,大阪府,2021-07-31,2,360819,Inactive,False,
PR0006146,2024-01-16,スマートフォン,最新スマホ 256GB,93804,EC,,C02405,石井,女,62,北海道,2022-03-25,1,93804,Inactive,True,
PR0006149,2025-08-17,ゲーム・玩具,コントローラ,70383,EC,,C02406,前田,女,40,愛知県,2023-07-21,3,206570,Loyal,False,
PR0006148,2025-11-25,テレビ,有機EL 55型,66151,EC,,C02406,前田,女,40,愛知県,2023-07-21,3,206570,Loyal,False,
PR0006147,2025-05-22,美容家電・小物,ヘアアイロン,70036,EC,,C02406,前田,女,40,愛知県,2023-07-21,3,206570,Loyal,True,
PR0006154,2026-03-16,PC・タブレット,タブレット 10型,246190,EC,,C02407,松本,男,62,広島県,2022-08-15,7,1488376,VIP,False,
PR0006155,2024-10-07,エアコン,エアコン 18畳用,326043,EC,,C02407,松本,男,62,広島県,2022-08-15,7,1488376,VIP,False,
PR0006156,2025-11-22,カメラ・ビデオ,ミラーレス一眼,142068,EC,,C02407,松本,男,62,広島県,2022-08-15,7,1488376,VIP,False,
PR0006152,2023-04-09,ゲーム・玩具,携帯ゲーム機,75984,店舗,横浜駅前店,C02407,松本,男,62,広島県,2022-08-15,7,1488376,VIP,True,
PR0006153,2025-03-08,スマートフォン,ミドルレンジ機種,59292,店舗,札幌駅前店,C02407,松本,男,62,広島県,2022-08-15,7,1488376,VIP,False,
PR0006151,2025-09-30,テレビ,4K テレビ 50型,381420,店舗,秋葉原店,C02407,松本,男,62,広島県,2022-08-15,7,1488376,VIP,False,
PR0006150,2024-04-03,洗濯機,コンパクト洗濯機,257379,店舗,池袋店,C02407,松本,男,62,広島県,2022-08-15,7,1488376,VIP,False,
PR0006158,2024-04-30,PC・タブレット,ノートPC 13型,75093,EC,,C02408,橋本,女,32,広島県,2023-11-14,2,233316,Regular,True,
PR0006157,2026-02-06,スマートフォン,最新スマホ 256GB,158223,EC,,C02408,橋本,女,32,広島県,2023-11-14,2,233316,Regular,False,
PR0006159,2026-01-17,オーディオ,ヘッドホン,30184,店舗,大阪梅田店,C02409,近藤,女,29,千葉県,2023-08-12,3,207118,Loyal,False,
PR0006160,2025-05-23,カメラ・ビデオ,アクションカメラ,103363,店舗,天王寺店,C02409,近藤,女,29,千葉県,2023-08-12,3,207118,Loyal,False,
PR0006161,2024-01-27,美容家電・小物,ヘアアイロン,73571,店舗,池袋店,C02409,近藤,女,29,千葉県,2023-08-12,3,207118,Loyal,True,
PR0006164,2026-01-26,PC・タブレット,ノートPC 15型,137205,EC,,C02410,松本,女,30,東京都,2023-03-08,5,811797,VIP,False,
PR0006165,2023-11-27,カメラ・ビデオ,アクションカメラ,159923,EC,,C02410,松本,女,30,東京都,2023-03-08,5,811797,VIP,True,
PR0006163,2024-06-18,スマートフォン,ミドルレンジ機種,119390,EC,,C02410,松本,女,30,東京都,2023-03-08,5,811797,VIP,False,
PR0006162,2025-09-07,洗濯機,コンパクト洗濯機,317628,EC,,C02410,松本,女,30,東京都,2023-03-08,5,811797,VIP,False,
PR0006166,2025-01-05,美容家電・小物,美顔器,77651,店舗,渋谷店,C02410,松本,女,30,東京都,2023-03-08,5,811797,VIP,False,
PR0006167,2026-03-13,エアコン,エアコン 10畳用,195077,EC,,C02411,中村,男,41,千葉県,2024-05-11,3,313902,Loyal,False,
PR0006169,2025-11-03,オーディオ,ヘッドホン,67110,店舗,池袋店,C02411,中村,男,41,千葉県,2024-05-11,3,313902,Loyal,False,
PR0006168,2024-09-04,ゲーム・玩具,据置型ゲーム機,51715,店舗,池袋店,C02411,中村,男,41,千葉県,2024-05-11,3,313902,Loyal,True,
PR0006170,2024-01-22,美容家電・小物,美顔器,76833,EC,,C02412,佐藤,女,43,北海道,2024-01-08,1,76833,Inactive,True,
PR0006173,2025-10-23,PC・タブレット,タブレット 10型,229190,店舗,福岡天神店,C02413,中島,男,22,東京都,2024-05-03,5,934339,VIP,False,
PR0006171,2025-08-20,オーディオ,Bluetoothスピーカー,72598,店舗,秋葉原店,C02413,中島,男,22,東京都,2024-05-03,5,934339,VIP,False,
PR0006172,2025-09-27,ゲーム・玩具,VR ゴーグル,5258,店舗,札幌駅前店,C02413,中島,男,22,東京都,2024-05-03,5,934339,VIP,False,
PR0006174,2026-02-03,スマートフォン,最新スマホ 256GB,139976,EC,,C02413,中島,男,22,東京都,2024-05-03,5,934339,VIP,False,
PR0006175,2025-04-12,テレビ,4K テレビ 50型,487317,店舗,横浜駅前店,C02413,中島,男,22,東京都,2024-05-03,5,934339,VIP,True,
PR0006177,2025-12-08,PC・タブレット,タブレット 10型,181655,店舗,秋葉原店,C02414,後藤,女,48,東京都,2025-09-26,6,703716,VIP,False,
PR0006180,2025-09-26,オーディオ,ヘッドホン,30060,店舗,横浜駅前店,C02414,後藤,女,48,東京都,2025-09-26,6,703716,VIP,True,
PR0006179,2025-12-23,カメラ・ビデオ,ドローン,235241,店舗,新宿店,C02414,後藤,女,48,東京都,2025-09-26,6,703716,VIP,False,
PR0006181,2026-03-04,スマートフォン,ハイエンド 1TB,58185,店舗,名古屋栄店,C02414,後藤,女,48,東京都,2025-09-26,6,703716,VIP,False,
PR0006178,2025-12-09,洗濯機,コンパクト洗濯機,128644,店舗,名古屋栄店,C02414,後藤,女,48,東京都,2025-09-26,6,703716,VIP,False,
PR0006176,2026-03-22,美容家電・小物,美顔器,69931,店舗,福岡天神店,C02414,後藤,女,48,東京都,2025-09-26,6,703716,VIP,False,
PR0006182,2025-04-03,エアコン,業務用エアコン,182073,店舗,横浜駅前店,C02415,石川,男,46,千葉県,2025-03-15,1,182073,Light,True,
PR0006184,2023-04-06,PC・タブレット,ノートPC 13型,101814,店舗,天王寺店,C02416,林,男,46,兵庫県,2022-07-25,2,357815,Inactive,True,
PR0006183,2024-03-07,洗濯機,ドラム式洗濯機,256001,店舗,渋谷店,C02416,林,男,46,兵庫県,2022-07-25,2,357815,Inactive,False,
PR0006188,2025-02-26,PC・タブレット,ゲーミングPC,308874,店舗,渋谷店,C02417,吉田,男,30,広島県,2024-11-16,4,604793,Loyal,True,
PR0006187,2026-01-30,ゲーム・玩具,据置型ゲーム機,78653,店舗,渋谷店,C02417,吉田,男,30,広島県,2024-11-16,4,604793,Loyal,False,
PR0006186,2025-07-15,テレビ,プロジェクター,59846,店舗,池袋店,C02417,吉田,男,30,広島県,2024-11-16,4,604793,Loyal,False,
PR0006185,2025-05-06,洗濯機,縦型洗濯機,157420,店舗,秋葉原店,C02417,吉田,男,30,広島県,2024-11-16,4,604793,Loyal,False,
PR0006189,2025-12-12,PC・タブレット,ゲーミングPC,81905,EC,,C02418,山崎,男,37,京都府,2025-12-08,1,81905,Light,True,
PR0006191,2025-11-30,PC・タブレット,ゲーミングPC,271686,店舗,福岡天神店,C02419,山崎,男,52,京都府,2022-08-08,4,729696,Loyal,False,
PR0006192,2023-08-06,スマートフォン,ミドルレンジ機種,165749,店舗,大阪梅田店,C02419,山崎,男,52,京都府,2022-08-08,4,729696,Loyal,True,
PR0006193,2026-01-07,スマートフォン,Pro モデル 512GB,137353,店舗,天王寺店,C02419,山崎,男,52,京都府,2022-08-08,4,729696,Loyal,False,885
PR0006190,2026-02-08,テレビ,有機EL 75型,154908,店舗,渋谷店,C02419,山崎,男,52,京都府,2022-08-08,4,729696,Loyal,False,
PR0006194,2023-01-23,ゲーム・玩具,ボードゲーム,29452,店舗,横浜駅前店,C02420,林,男,29,京都府,2022-06-22,1,29452,Inactive,True,
PR0006197,2024-12-28,PC・タブレット,ノートPC 15型,346969,EC,,C02421,近藤,女,40,埼玉県,2024-10-31,3,690505,Loyal,True,
PR0006196,2026-01-11,冷蔵庫,冷蔵庫 500L,271219,EC,,C02421,近藤,女,40,埼玉県,2024-10-31,3,690505,Loyal,False,
PR0006195,2025-02-02,美容家電・小物,ヘアアイロン,72317,EC,,C02421,近藤,女,40,埼玉県,2024-10-31,3,690505,Loyal,False,
PR0006198,2024-03-06,スマートフォン,コンパクトモデル,146499,店舗,大阪梅田店,C02422,高橋,男,71,北海道,2023-09-13,2,157815,Inactive,False,
PR0006199,2024-02-24,美容家電・小物,美顔器,11316,EC,,C02422,高橋,男,71,北海道,2023-09-13,2,157815,Inactive,True,
PR0006200,2025-12-01,PC・タブレット,ワークステーション,126293,EC,,C02423,中村,女,66,愛知県,2023-02-15,2,152527,Regular,False,
PR0006201,2024-09-30,美容家電・小物,ヘアアイロン,26234,EC,,C02423,中村,女,66,愛知県,2023-02-15,2,152527,Regular,True,
PR0006204,2023-04-11,エアコン,エアコン 18畳用,307619,店舗,天王寺店,C02424,山下,男,60,大阪府,2021-09-09,4,883743,Loyal,True,
PR0006202,2024-07-21,オーディオ,ホームオーディオ,186235,店舗,福岡天神店,C02424,山下,男,60,大阪府,2021-09-09,4,883743,Loyal,False,
PR0006205,2024-06-21,テレビ,有機EL 55型,328199,EC,,C02424,山下,男,60,大阪府,2021-09-09,4,883743,Loyal,False,
PR0006203,2023-11-01,美容家電・小物,電動歯ブラシ,61690,EC,,C02424,山下,男,60,大阪府,2021-09-09,4,883743,Loyal,False,
PR0006206,2023-04-18,スマートフォン,最新スマホ 256GB,163530,EC,,C02425,村上,女,55,大阪府,2023-02-25,1,163530,Inactive,True,
PR0006207,2024-07-14,エアコン,業務用エアコン,381379,店舗,大阪梅田店,C02426,吉田,男,39,千葉県,2022-01-02,3,618271,Loyal,False,
PR0006209,2022-10-27,カメラ・ビデオ,ドローン,200428,EC,,C02426,吉田,男,39,千葉県,2022-01-02,3,618271,Loyal,True,
PR0006208,2025-10-19,ゲーム・玩具,据置型ゲーム機,36464,店舗,横浜駅前店,C02426,吉田,男,39,千葉県,2022-01-02,3,618271,Loyal,False,
PR0006211,2025-08-06,オーディオ,Bluetoothスピーカー,186075,EC,,C02427,岡田,男,59,愛知県,2025-04-16,2,199663,Regular,True,
PR0006210,2025-12-10,美容家電・小物,ドライヤー,13588,EC,,C02427,岡田,男,59,愛知県,2025-04-16,2,199663,Regular,False,
PR0006214,2025-04-09,PC・タブレット,2-in-1 PC,176786,店舗,天王寺店,C02428,林,男,52,京都府,2022-07-23,3,492825,Loyal,False,
PR0006213,2022-10-28,ゲーム・玩具,据置型ゲーム機,63770,店舗,福岡天神店,C02428,林,男,52,京都府,2022-07-23,3,492825,Loyal,True,
PR0006212,2026-01-15,洗濯機,全自動 8kg,252269,店舗,池袋店,C02428,林,男,52,京都府,2022-07-23,3,492825,Loyal,False,
PR0006216,2025-09-05,スマートフォン,Pro モデル 512GB,78127,店舗,横浜駅前店,C02429,山崎,女,37,愛知県,2023-06-17,2,153625,Regular,True,
PR0006215,2025-12-21,美容家電・小物,ヘアアイロン,75498,EC,,C02429,山崎,女,37,愛知県,2023-06-17,2,153625,Regular,False,
PR0006217,2024-09-01,美容家電・小物,電気シェーバー,33958,EC,,C02430,田中,男,50,大阪府,2021-06-01,1,33958,Light,True,
PR0006219,2025-06-10,ゲーム・玩具,携帯ゲーム機,13095,EC,,C02431,後藤,女,38,京都府,2022-11-25,2,68344,Regular,False,
PR0006218,2024-12-10,テレビ,有機EL 75型,55249,店舗,福岡天神店,C02431,後藤,女,38,京都府,2022-11-25,2,68344,Regular,True,
PR0006220,2026-01-11,エアコン,業務用エアコン,263319,店舗,秋葉原店,C02432,井上,男,67,京都府,2024-08-05,2,572362,Regular,True,
PR0006221,2026-03-09,テレビ,スマートテレビ 43型,309043,店舗,新宿店,C02432,井上,男,67,京都府,2024-08-05,2,572362,Regular,False,
PR0006222,2025-09-10,PC・タブレット,ゲーミングPC,178064,EC,,C02433,高橋,男,24,広島県,2024-07-22,2,512691,Regular,False,
PR0006223,2025-08-30,冷蔵庫,フレンチドア 700L,334627,店舗,大阪梅田店,C02433,高橋,男,24,広島県,2024-07-22,2,512691,Regular,True,
PR0006224,2024-06-18,オーディオ,サウンドバー,57607,EC,,C02434,小林,女,35,千葉県,2024-06-17,2,497024,Regular,True,
PR0006225,2024-11-27,冷蔵庫,冷蔵庫 600L 大型,439417,EC,,C02434,小林,女,35,千葉県,2024-06-17,2,497024,Regular,False,
PR0006226,2025-04-18,PC・タブレット,ノートPC 13型,338300,店舗,秋葉原店,C02435,中村,男,28,宮城県,2024-10-08,2,444348,Regular,False,
PR0006227,2025-03-16,エアコン,エアコン 10畳用,106048,店舗,新宿店,C02435,中村,男,28,宮城県,2024-10-08,2,444348,Regular,True,
PR0006231,2024-09-27,カメラ・ビデオ,ビデオカメラ,215127,EC,,C02436,山下,男,39,宮城県,2024-04-28,4,990818,Loyal,True,
PR0006230,2025-08-16,スマートフォン,Pro モデル 512GB,77405,店舗,札幌駅前店,C02436,山下,男,39,宮城県,2024-04-28,4,990818,Loyal,False,
PR0006229,2025-07-26,テレビ,4K テレビ 50型,354219,EC,,C02436,山下,男,39,宮城県,2024-04-28,4,990818,Loyal,False,
PR0006228,2025-11-20,洗濯機,全自動 8kg,344067,店舗,福岡天神店,C02436,山下,男,39,宮城県,2024-04-28,4,990818,Loyal,False,
PR0006237,2024-12-27,PC・タブレット,ノートPC 15型,180357,EC,,C02437,清水,男,54,大阪府,2021-12-23,6,1282636,VIP,False,
PR0006236,2025-09-28,オーディオ,ターンテーブル,100909,EC,,C02437,清水,男,54,大阪府,2021-12-23,6,1282636,VIP,False,
PR0006235,2023-10-25,カメラ・ビデオ,交換レンズ,167946,店舗,横浜駅前店,C02437,清水,男,54,大阪府,2021-12-23,6,1282636,VIP,False,
PR0006233,2024-05-27,テレビ,有機EL 75型,292693,EC,,C02437,清水,男,54,大阪府,2021-12-23,6,1282636,VIP,False,
PR0006232,2023-05-05,冷蔵庫,冷蔵庫 500L,318852,EC,,C02437,清水,男,54,大阪府,2021-12-23,6,1282636,VIP,True,
PR0006234,2024-04-06,洗濯機,全自動 8kg,221879,EC,,C02437,清水,男,54,大阪府,2021-12-23,6,1282636,VIP,False,
PR0006238,2025-09-02,スマートフォン,Pro モデル 512GB,35879,店舗,横浜駅前店,C02438,加藤,男,53,愛知県,2024-07-09,2,165237,Regular,True,
PR0006239,2025-09-09,冷蔵庫,フレンチドア 700L,129358,店舗,札幌駅前店,C02438,加藤,男,53,愛知県,2024-07-09,2,165237,Regular,False,
PR0006240,2026-01-31,カメラ・ビデオ,アクションカメラ,256670,EC,,C02439,中村,男,58,埼玉県,2025-11-01,2,661077,Regular,False,
PR0006241,2026-01-29,テレビ,有機EL 55型,404407,店舗,名古屋栄店,C02439,中村,男,58,埼玉県,2025-11-01,2,661077,Regular,True,
PR0006242,2026-03-18,PC・タブレット,ノートPC 13型,60807,EC,,C02441,山田,男,41,愛知県,2026-01-16,3,294779,Loyal,False,
PR0006244,2026-01-22,スマートフォン,最新スマホ 256GB,175705,EC,,C02441,山田,男,41,愛知県,2026-01-16,3,294779,Loyal,True,
PR0006243,2026-02-09,美容家電・小物,電気シェーバー,58267,EC,,C02441,山田,男,41,愛知県,2026-01-16,3,294779,Loyal,False,
PR0006245,2023-04-24,スマートフォン,コンパクトモデル,97337,EC,,C02442,青木,男,33,埼玉県,2022-06-22,2,297037,Regular,True,
PR0006246,2025-05-30,スマートフォン,ハイエンド 1TB,199700,EC,,C02442,青木,男,33,埼玉県,2022-06-22,2,297037,Regular,False,767
PR0006247,2023-08-15,PC・タブレット,2-in-1 PC,209169,店舗,渋谷店,C02443,井上,女,60,福岡県,2022-11-17,3,512592,Loyal,False,
PR0006248,2023-03-02,スマートフォン,ミドルレンジ機種,129014,店舗,福岡天神店,C02443,井上,女,60,福岡県,2022-11-17,3,512592,Loyal,True,
PR0006249,2025-06-15,スマートフォン,ミドルレンジ機種,174409,店舗,新宿店,C02443,井上,女,60,福岡県,2022-11-17,3,512592,Loyal,False,836
PR0006250,2025-04-21,PC・タブレット,ノートPC 13型,87972,EC,,C02444,伊藤,男,50,神奈川県,2023-07-12,3,524088,Loyal,False,
PR0006252,2024-07-27,カメラ・ビデオ,ビデオカメラ,55038,EC,,C02444,伊藤,男,50,神奈川県,2023-07-12,3,524088,Loyal,False,
PR0006251,2023-08-29,テレビ,有機EL 55型,381078,EC,,C02444,伊藤,男,50,神奈川県,2023-07-12,3,524088,Loyal,True,
PR0006253,2022-08-09,スマートフォン,スタンダード 128GB,132589,EC,,C02445,佐々木,女,25,大阪府,2021-07-26,2,372147,Inactive,False,
PR0006254,2021-11-22,洗濯機,ドラム式洗濯機,239558,EC,,C02445,佐々木,女,25,大阪府,2021-07-26,2,372147,Inactive,True,
PR0006256,2025-02-19,PC・タブレット,2-in-1 PC,264525,店舗,渋谷店,C02446,田中,男,49,広島県,2022-06-03,2,563312,Regular,False,
PR0006255,2023-01-13,テレビ,有機EL 55型,298787,店舗,天王寺店,C02446,田中,男,49,広島県,2022-06-03,2,563312,Regular,True,
PR0006257,2024-10-10,PC・タブレット,タブレット 10型,108510,EC,,C02447,藤田,男,40,広島県,2024-08-04,3,508229,Loyal,False,
PR0006258,2024-09-15,スマートフォン,スタンダード 128GB,169793,EC,,C02447,藤田,男,40,広島県,2024-08-04,3,508229,Loyal,True,
PR0006259,2025-06-09,テレビ,有機EL 75型,229926,EC,,C02447,藤田,男,40,広島県,2024-08-04,3,508229,Loyal,False,
PR0006260,2024-02-28,PC・タブレット,ゲーミングPC,172331,店舗,名古屋栄店,C02448,山口,男,38,東京都,2023-04-24,3,730170,Loyal,False,
PR0006261,2023-07-05,ゲーム・玩具,コントローラ,77210,EC,,C02448,山口,男,38,東京都,2023-04-24,3,730170,Loyal,True,
PR0006262,2025-09-10,テレビ,4K テレビ 65型,480629,EC,,C02448,山口,男,38,東京都,2023-04-24,3,730170,Loyal,False,
PR0006263,2025-11-08,ゲーム・玩具,VR ゴーグル,61550,EC,,C02449,鈴木,女,22,愛知県,2025-04-29,2,113885,Regular,False,
PR0006264,2025-05-31,スマートフォン,コンパクトモデル,52335,EC,,C02449,鈴木,女,22,愛知県,2025-04-29,2,113885,Regular,True,
PR0006265,2024-10-09,PC・タブレット,タブレット 10型,121628,EC,,C02450,橋本,男,40,京都府,2023-01-22,4,447863,Loyal,False,
PR0006267,2025-10-08,カメラ・ビデオ,ビデオカメラ,116237,店舗,横浜駅前店,C02450,橋本,男,40,京都府,2023-01-22,4,447863,Loyal,False,
PR0006266,2023-10-11,ゲーム・玩具,コントローラ,51845,EC,,C02450,橋本,男,40,京都府,2023-01-22,4,447863,Loyal,True,
PR0006268,2024-10-13,スマートフォン,スタンダード 128GB,158153,店舗,札幌駅前店,C02450,橋本,男,40,京都府,2023-01-22,4,447863,Loyal,False,
PR0006270,2024-11-17,PC・タブレット,ワークステーション,209647,EC,,C02451,石井,男,39,京都府,2024-05-16,3,304213,Loyal,True,
PR0006271,2025-04-18,スマートフォン,コンパクトモデル,51947,店舗,池袋店,C02451,石井,男,39,京都府,2024-05-16,3,304213,Loyal,False,
PR0006269,2025-09-21,美容家電・小物,マッサージガン,42619,EC,,C02451,石井,男,39,京都府,2024-05-16,3,304213,Loyal,False,
PR0006273,2025-10-15,スマートフォン,最新スマホ 256GB,137850,店舗,秋葉原店,C02452,石川,男,47,京都府,2025-10-01,2,501785,Regular,True,
PR0006272,2026-03-25,冷蔵庫,冷蔵庫 600L 大型,363935,店舗,渋谷店,C02452,石川,男,47,京都府,2025-10-01,2,501785,Regular,False,
PR0006275,2023-11-26,PC・タブレット,ノートPC 13型,116060,店舗,横浜駅前店,C02453,鈴木,男,23,兵庫県,2023-10-15,3,565101,Loyal,True,
PR0006276,2024-11-05,スマートフォン,最新スマホ 256GB,69675,EC,,C02453,鈴木,男,23,兵庫県,2023-10-15,3,565101,Loyal,False,
PR0006274,2025-07-16,テレビ,4K テレビ 65型,379366,店舗,横浜駅前店,C02453,鈴木,男,23,兵庫県,2023-10-15,3,565101,Loyal,False,
PR0006277,2025-03-13,スマートフォン,スタンダード 128GB,101123,店舗,大阪梅田店,C02454,佐藤,女,73,愛知県,2023-11-27,1,101123,Light,True,
PR0006278,2024-03-30,スマートフォン,スタンダード 128GB,62460,EC,,C02455,池田,女,58,埼玉県,2023-01-04,2,301505,Inactive,False,
PR0006279,2024-03-16,洗濯機,全自動 8kg,239045,店舗,福岡天神店,C02455,池田,女,58,埼玉県,2023-01-04,2,301505,Inactive,True,
PR0006282,2024-11-29,PC・タブレット,ノートPC 15型,153223,EC,,C02456,小林,女,65,神奈川県,2024-06-30,4,766753,Loyal,False,
PR0006283,2024-10-29,テレビ,プロジェクター,240556,EC,,C02456,小林,女,65,神奈川県,2024-06-30,4,766753,Loyal,True,
PR0006281,2025-02-12,洗濯機,縦型洗濯機,334185,EC,,C02456,小林,女,65,神奈川県,2024-06-30,4,766753,Loyal,False,
PR0006280,2026-01-28,美容家電・小物,ドライヤー,38789,EC,,C02456,小林,女,65,神奈川県,2024-06-30,4,766753,Loyal,False,
PR0006284,2025-07-03,エアコン,業務用エアコン,303199,店舗,名古屋栄店,C02457,藤田,男,35,兵庫県,2022-03-27,1,303199,Light,True,
PR0006286,2025-12-31,スマートフォン,ミドルレンジ機種,169574,店舗,名古屋栄店,C02458,山田,女,50,神奈川県,2021-09-30,2,273035,Regular,False,
PR0006285,2024-03-12,テレビ,スマートテレビ 43型,103461,店舗,札幌駅前店,C02458,山田,女,50,神奈川県,2021-09-30,2,273035,Regular,True,
PR0006287,2024-02-03,美容家電・小物,美顔器,67412,EC,,C02459,渡辺,男,32,宮城県,2022-06-11,1,67412,Inactive,True,
PR0006288,2023-08-12,PC・タブレット,タブレット 10型,193930,EC,,C02460,村上,男,22,広島県,2023-07-08,2,438832,Inactive,True,
PR0006289,2023-11-20,カメラ・ビデオ,アクションカメラ,244902,EC,,C02460,村上,男,22,広島県,2023-07-08,2,438832,Inactive,False,
PR0006290,2026-03-02,テレビ,プロジェクター,402958,EC,,C02461,阿部,男,44,北海道,2025-04-26,2,457633,Regular,False,
PR0006291,2025-06-11,美容家電・小物,電動歯ブラシ,54675,EC,,C02461,阿部,男,44,北海道,2025-04-26,2,457633,Regular,True,
PR0006299,2023-08-10,PC・タブレット,ノートPC 15型,254880,EC,,C02462,後藤,女,41,愛知県,2022-07-08,8,1243010,VIP,False,
PR0006292,2024-01-23,エアコン,エアコン 6畳用,361684,EC,,C02462,後藤,女,41,愛知県,2022-07-08,8,1243010,VIP,False,
PR0006295,2022-08-17,カメラ・ビデオ,交換レンズ,104340,EC,,C02462,後藤,女,41,愛知県,2022-07-08,8,1243010,VIP,True,
PR0006298,2024-12-02,ゲーム・玩具,VR ゴーグル,46517,店舗,札幌駅前店,C02462,後藤,女,41,愛知県,2022-07-08,8,1243010,VIP,False,
PR0006296,2023-11-26,スマートフォン,最新スマホ 256GB,181741,EC,,C02462,後藤,女,41,愛知県,2022-07-08,8,1243010,VIP,False,
PR0006297,2025-12-12,スマートフォン,最新スマホ 256GB,87365,店舗,札幌駅前店,C02462,後藤,女,41,愛知県,2022-07-08,8,1243010,VIP,False,747
PR0006294,2025-08-28,洗濯機,乾燥機能付き 10kg,164365,EC,,C02462,後藤,女,41,愛知県,2022-07-08,8,1243010,VIP,False,
PR0006293,2025-03-01,美容家電・小物,美顔器,42118,EC,,C02462,後藤,女,41,愛知県,2022-07-08,8,1243010,VIP,False,
PR0006301,2023-02-18,テレビ,有機EL 55型,347934,EC,,C02463,前田,男,41,京都府,2023-01-29,2,394484,Inactive,True,
PR0006300,2023-07-31,美容家電・小物,ドライヤー,46550,店舗,新宿店,C02463,前田,男,41,京都府,2023-01-29,2,394484,Inactive,False,
PR0006302,2025-08-16,PC・タブレット,ワークステーション,172869,EC,,C02464,前田,男,38,東京都,2025-08-12,5,878813,VIP,True,
PR0006303,2026-02-14,オーディオ,ワイヤレスイヤホン,182216,店舗,新宿店,C02464,前田,男,38,東京都,2025-08-12,5,878813,VIP,False,
PR0006304,2025-12-22,スマートフォン,ハイエンド 1TB,106408,EC,,C02464,前田,男,38,東京都,2025-08-12,5,878813,VIP,False,
PR0006305,2025-12-31,冷蔵庫,冷蔵庫 400L,391101,店舗,天王寺店,C02464,前田,男,38,東京都,2025-08-12,5,878813,VIP,False,
PR0006306,2025-09-05,美容家電・小物,マッサージガン,26219,EC,,C02464,前田,男,38,東京都,2025-08-12,5,878813,VIP,False,
PR0006308,2022-06-06,PC・タブレット,タブレット 10型,256427,店舗,名古屋栄店,C02465,池田,男,33,広島県,2021-08-22,4,709044,Loyal,False,
PR0006309,2023-09-20,スマートフォン,コンパクトモデル,152155,店舗,横浜駅前店,C02465,池田,男,33,広島県,2021-08-22,4,709044,Loyal,False,
PR0006310,2026-01-23,スマートフォン,ミドルレンジ機種,199818,店舗,札幌駅前店,C02465,池田,男,33,広島県,2021-08-22,4,709044,Loyal,False,856
PR0006307,2021-09-11,テレビ,有機EL 55型,100644,店舗,大阪梅田店,C02465,池田,男,33,広島県,2021-08-22,4,709044,Loyal,True,
PR0006317,2024-03-06,PC・タブレット,タブレット 10型,226821,EC,,C02466,松本,女,22,京都府,2021-06-18,7,789292,VIP,False,
PR0006316,2025-12-29,オーディオ,サウンドバー,198245,店舗,新宿店,C02466,松本,女,22,京都府,2021-06-18,7,789292,VIP,False,
PR0006314,2024-01-01,ゲーム・玩具,ゲームソフト,16220,店舗,秋葉原店,C02466,松本,女,22,京都府,2021-06-18,7,789292,VIP,False,
PR0006311,2021-10-30,スマートフォン,コンパクトモデル,108079,EC,,C02466,松本,女,22,京都府,2021-06-18,7,789292,VIP,True,
PR0006312,2023-12-04,スマートフォン,コンパクトモデル,146175,店舗,名古屋栄店,C02466,松本,女,22,京都府,2021-06-18,7,789292,VIP,False,765
PR0006313,2026-03-23,スマートフォン,ミドルレンジ機種,65241,店舗,大阪梅田店,C02466,松本,女,22,京都府,2021-06-18,7,789292,VIP,False,840
PR0006315,2025-09-26,美容家電・小物,ヘアアイロン,28511,店舗,池袋店,C02466,松本,女,22,京都府,2021-06-18,7,789292,VIP,False,
PR0006318,2025-11-20,テレビ,有機EL 55型,483596,EC,,C02467,藤田,女,44,宮城県,2024-08-05,1,483596,Light,True,
PR0006319,2024-02-18,カメラ・ビデオ,コンパクトデジカメ,225153,EC,,C02468,松本,男,45,神奈川県,2024-02-04,2,377848,Regular,True,
PR0006320,2025-03-22,洗濯機,全自動 8kg,152695,EC,,C02468,松本,男,45,神奈川県,2024-02-04,2,377848,Regular,False,
PR0006321,2025-09-23,PC・タブレット,ゲーミングPC,264617,店舗,大阪梅田店,C02469,加藤,男,43,北海道,2024-06-05,3,957161,Loyal,False,
PR0006323,2025-06-13,テレビ,プロジェクター,346992,店舗,池袋店,C02469,加藤,男,43,北海道,2024-06-05,3,957161,Loyal,False,
PR0006322,2024-08-22,冷蔵庫,冷蔵庫 600L 大型,345552,店舗,天王寺店,C02469,加藤,男,43,北海道,2024-06-05,3,957161,Loyal,True,
PR0006325,2025-09-04,PC・タブレット,ノートPC 13型,61528,店舗,横浜駅前店,C02470,遠藤,女,56,東京都,2021-09-20,2,98602,Regular,False,
PR0006324,2024-12-04,美容家電・小物,マッサージガン,37074,店舗,渋谷店,C02470,遠藤,女,56,東京都,2021-09-20,2,98602,Regular,True,
PR0006326,2023-07-09,PC・タブレット,2-in-1 PC,231785,店舗,秋葉原店,C02471,渡辺,男,41,東京都,2022-12-28,2,256735,Inactive,True,
PR0006327,2024-01-08,ゲーム・玩具,VR ゴーグル,24950,店舗,横浜駅前店,C02471,渡辺,男,41,東京都,2022-12-28,2,256735,Inactive,False,
PR0006328,2023-09-28,エアコン,エアコン 18畳用,98514,店舗,新宿店,C02472,小川,女,41,福岡県,2022-02-28,1,98514,Inactive,True,
PR0006329,2023-06-05,スマートフォン,最新スマホ 256GB,176640,EC,,C02473,吉田,女,56,神奈川県,2022-11-05,2,342730,Regular,True,
PR0006330,2026-03-19,スマートフォン,スタンダード 128GB,166090,EC,,C02473,吉田,女,56,神奈川県,2022-11-05,2,342730,Regular,False,1018
PR0006331,2025-12-31,PC・タブレット,タブレット 10型,118346,店舗,札幌駅前店,C02474,山田,女,35,福岡県,2024-11-23,2,124515,Regular,True,
PR0006332,2026-03-13,美容家電・小物,美顔器,6169,店舗,新宿店,C02474,山田,女,35,福岡県,2024-11-23,2,124515,Regular,False,
PR0006334,2026-01-29,オーディオ,ターンテーブル,46609,EC,,C02475,斎藤,男,57,北海道,2025-03-10,3,594663,Loyal,False,
PR0006333,2025-06-05,スマートフォン,Pro モデル 512GB,101776,EC,,C02475,斎藤,男,57,北海道,2025-03-10,3,594663,Loyal,True,
PR0006335,2025-08-18,冷蔵庫,冷蔵庫 600L 大型,446278,EC,,C02475,斎藤,男,57,北海道,2025-03-10,3,594663,Loyal,False,
PR0006337,2024-07-05,エアコン,エアコン 14畳用,80514,EC,,C02477,佐藤,男,34,埼玉県,2022-09-13,2,238986,Regular,True,
PR0006336,2024-08-18,スマートフォン,最新スマホ 256GB,158472,EC,,C02477,佐藤,男,34,埼玉県,2022-09-13,2,238986,Regular,False,
PR0006338,2024-12-03,冷蔵庫,冷蔵庫 500L,356166,店舗,渋谷店,C02478,佐々木,男,49,広島県,2024-11-22,2,372795,Regular,True,
PR0006339,2025-12-26,美容家電・小物,電動歯ブラシ,16629,EC,,C02478,佐々木,男,49,広島県,2024-11-22,2,372795,Regular,False,
PR0006340,2024-11-14,テレビ,4K テレビ 65型,484262,店舗,札幌駅前店,C02479,高橋,女,36,千葉県,2023-02-17,1,484262,Light,True,
PR0006342,2024-12-18,エアコン,業務用エアコン,275918,店舗,天王寺店,C02480,長谷川,女,55,北海道,2023-01-09,3,613756,Loyal,False,
PR0006343,2024-11-08,洗濯機,ドラム式洗濯機,331006,店舗,秋葉原店,C02480,長谷川,女,55,北海道,2023-01-09,3,613756,Loyal,False,
PR0006341,2024-01-31,美容家電・小物,ドライヤー,6832,店舗,新宿店,C02480,長谷川,女,55,北海道,2023-01-09,3,613756,Loyal,True,
PR0006344,2023-07-16,スマートフォン,Pro モデル 512GB,33784,EC,,C02481,高橋,男,31,大阪府,2022-10-08,2,123207,Inactive,True,
PR0006345,2024-02-16,テレビ,プロジェクター,89423,店舗,新宿店,C02481,高橋,男,31,大阪府,2022-10-08,2,123207,Inactive,False,
PR0006347,2025-05-28,PC・タブレット,ノートPC 13型,126158,EC,,C02482,阿部,男,71,京都府,2023-03-18,3,309005,Loyal,False,
PR0006346,2025-05-29,カメラ・ビデオ,ドローン,146317,店舗,天王寺店,C02482,阿部,男,71,京都府,2023-03-18,3,309005,Loyal,False,
PR0006348,2024-12-08,美容家電・小物,電動歯ブラシ,36530,EC,,C02482,阿部,男,71,京都府,2023-03-18,3,309005,Loyal,True,
PR0006350,2023-09-01,テレビ,4K テレビ 50型,153649,店舗,池袋店,C02483,藤田,男,34,京都府,2023-05-24,2,261415,Inactive,False,
PR0006349,2023-06-09,洗濯機,コンパクト洗濯機,107766,EC,,C02483,藤田,男,34,京都府,2023-05-24,2,261415,Inactive,True,
PR0006351,2025-11-04,オーディオ,ホームオーディオ,176171,店舗,名古屋栄店,C02484,後藤,男,59,埼玉県,2022-02-11,2,388786,Regular,False,
PR0006352,2024-01-30,カメラ・ビデオ,アクションカメラ,212615,店舗,新宿店,C02484,後藤,男,59,埼玉県,2022-02-11,2,388786,Regular,True,
PR0006359,2026-02-21,PC・タブレット,ワークステーション,167644,店舗,秋葉原店,C02485,森,女,42,埼玉県,2022-02-02,8,1144855,VIP,False,
PR0006360,2026-02-13,エアコン,エアコン 6畳用,181619,店舗,秋葉原店,C02485,森,女,42,埼玉県,2022-02-02,8,1144855,VIP,False,
PR0006356,2025-11-10,オーディオ,ターンテーブル,164336,店舗,新宿店,C02485,森,女,42,埼玉県,2022-02-02,8,1144855,VIP,False,
PR0006358,2024-06-01,ゲーム・玩具,ボードゲーム,45464,店舗,福岡天神店,C02485,森,女,42,埼玉県,2022-02-02,8,1144855,VIP,False,
PR0006353,2022-06-24,スマートフォン,ハイエンド 1TB,129088,店舗,秋葉原店,C02485,森,女,42,埼玉県,2022-02-02,8,1144855,VIP,True,
PR0006354,2024-08-21,スマートフォン,最新スマホ 256GB,32522,店舗,池袋店,C02485,森,女,42,埼玉県,2022-02-02,8,1144855,VIP,False,789
PR0006357,2024-03-11,テレビ,プロジェクター,407970,店舗,渋谷店,C02485,森,女,42,埼玉県,2022-02-02,8,1144855,VIP,False,
PR0006355,2024-11-25,美容家電・小物,マッサージガン,16212,店舗,大阪梅田店,C02485,森,女,42,埼玉県,2022-02-02,8,1144855,VIP,False,
PR0006363,2024-03-12,PC・タブレット,ゲーミングPC,329645,店舗,池袋店,C02486,加藤,男,44,兵庫県,2023-10-05,3,654771,Loyal,True,
PR0006362,2024-05-17,エアコン,業務用エアコン,287993,EC,,C02486,加藤,男,44,兵庫県,2023-10-05,3,654771,Loyal,False,
PR0006361,2025-12-29,ゲーム・玩具,携帯ゲーム機,37133,EC,,C02486,加藤,男,44,兵庫県,2023-10-05,3,654771,Loyal,False,
PR0006364,2024-04-18,ゲーム・玩具,ゲームソフト,12403,EC,,C02487,青木,女,33,兵庫県,2024-01-22,2,153488,Regular,True,
PR0006365,2025-03-20,スマートフォン,ハイエンド 1TB,141085,EC,,C02487,青木,女,33,兵庫県,2024-01-22,2,153488,Regular,False,
PR0006366,2025-06-29,PC・タブレット,2-in-1 PC,264115,店舗,天王寺店,C02488,佐々木,男,45,福岡県,2022-01-19,7,1094224,VIP,False,
PR0006367,2023-08-20,エアコン,エアコン 14畳用,175489,店舗,横浜駅前店,C02488,佐々木,男,45,福岡県,2022-01-19,7,1094224,VIP,False,
PR0006371,2025-06-09,オーディオ,サウンドバー,88174,店舗,秋葉原店,C02488,佐々木,男,45,福岡県,2022-01-19,7,1094224,VIP,False,
PR0006372,2023-08-02,カメラ・ビデオ,ミラーレス一眼,204632,店舗,池袋店,C02488,佐々木,男,45,福岡県,2022-01-19,7,1094224,VIP,False,
PR0006368,2025-05-25,スマートフォン,コンパクトモデル,75871,EC,,C02488,佐々木,男,45,福岡県,2022-01-19,7,1094224,VIP,False,
PR0006370,2022-03-04,テレビ,プロジェクター,171843,店舗,福岡天神店,C02488,佐々木,男,45,福岡県,2022-01-19,7,1094224,VIP,True,
PR0006369,2023-12-10,冷蔵庫,コンパクト冷蔵庫,114100,店舗,天王寺店,C02488,佐々木,男,45,福岡県,2022-01-19,7,1094224,VIP,False,
PR0006374,2025-09-23,スマートフォン,コンパクトモデル,82853,EC,,C02489,山田,女,53,愛知県,2024-12-17,2,531093,Regular,False,
PR0006373,2025-05-29,テレビ,4K テレビ 50型,448240,店舗,名古屋栄店,C02489,山田,女,53,愛知県,2024-12-17,2,531093,Regular,True,
PR0006375,2026-01-19,スマートフォン,コンパクトモデル,73946,EC,,C02490,高橋,女,31,神奈川県,2024-12-16,3,553582,Loyal,False,
PR0006377,2025-01-09,冷蔵庫,冷蔵庫 500L,450184,EC,,C02490,高橋,女,31,神奈川県,2024-12-16,3,553582,Loyal,True,
PR0006376,2025-05-22,美容家電・小物,美顔器,29452,店舗,福岡天神店,C02490,高橋,女,31,神奈川県,2024-12-16,3,553582,Loyal,False,
PR0006380,2025-02-20,オーディオ,ヘッドホン,83175,EC,,C02491,井上,女,31,愛知県,2023-09-20,3,910371,Loyal,False,
PR0006378,2025-04-03,テレビ,プロジェクター,354960,店舗,札幌駅前店,C02491,井上,女,31,愛知県,2023-09-20,3,910371,Loyal,False,
PR0006379,2025-01-20,冷蔵庫,コンパクト冷蔵庫,472236,店舗,大阪梅田店,C02491,井上,女,31,愛知県,2023-09-20,3,910371,Loyal,True,
PR0006381,2025-12-29,PC・タブレット,タブレット 10型,164814,EC,,C02492,青木,女,52,愛知県,2021-05-25,6,1027521,VIP,False,
PR0006382,2024-03-09,ゲーム・玩具,ボードゲーム,78061,EC,,C02492,青木,女,52,愛知県,2021-05-25,6,1027521,VIP,False,
PR0006386,2021-08-22,テレビ,4K テレビ 65型,308344,EC,,C02492,青木,女,52,愛知県,2021-05-25,6,1027521,VIP,True,
PR0006383,2024-08-30,冷蔵庫,フレンチドア 700L,371919,EC,,C02492,青木,女,52,愛知県,2021-05-25,6,1027521,VIP,False,
PR0006384,2022-04-19,美容家電・小物,美顔器,26207,EC,,C02492,青木,女,52,愛知県,2021-05-25,6,1027521,VIP,False,
PR0006385,2024-11-26,美容家電・小物,美顔器,78176,EC,,C02492,青木,女,52,愛知県,2021-05-25,6,1027521,VIP,False,952
PR0006388,2024-02-04,PC・タブレット,ノートPC 15型,228592,EC,,C02493,斎藤,女,36,宮城県,2021-04-12,2,285880,Inactive,False,
PR0006387,2022-07-22,美容家電・小物,美顔器,57288,店舗,大阪梅田店,C02493,斎藤,女,36,宮城県,2021-04-12,2,285880,Inactive,True,
PR0006389,2025-10-10,カメラ・ビデオ,交換レンズ,67624,店舗,横浜駅前店,C02494,中島,女,47,愛知県,2024-12-29,1,67624,Light,True,
PR0006390,2026-03-19,エアコン,エアコン 6畳用,85701,EC,,C02495,阿部,女,44,北海道,2023-02-19,2,133768,Regular,False,
PR0006391,2024-11-24,美容家電・小物,ドライヤー,48067,EC,,C02495,阿部,女,44,北海道,2023-02-19,2,133768,Regular,True,
PR0006392,2024-06-18,ゲーム・玩具,ボードゲーム,21545,EC,,C02496,佐藤,男,42,宮城県,2022-11-17,2,452274,Regular,True,
PR0006393,2026-03-25,テレビ,4K テレビ 65型,430729,EC,,C02496,佐藤,男,42,宮城県,2022-11-17,2,452274,Regular,False,
PR0006394,2021-11-03,スマートフォン,コンパクトモデル,59291,店舗,札幌駅前店,C02497,鈴木,女,55,兵庫県,2021-06-20,3,583614,Loyal,True,
PR0006395,2024-08-01,スマートフォン,コンパクトモデル,134091,店舗,名古屋栄店,C02497,鈴木,女,55,兵庫県,2021-06-20,3,583614,Loyal,False,1002
PR0006396,2024-06-23,テレビ,有機EL 55型,390232,店舗,天王寺店,C02497,鈴木,女,55,兵庫県,2021-06-20,3,583614,Loyal,False,
PR0006399,2025-06-11,エアコン,エアコン 10畳用,114638,店舗,天王寺店,C02498,小川,男,31,兵庫県,2022-06-07,3,373639,Loyal,False,
PR0006397,2024-05-04,スマートフォン,ハイエンド 1TB,149204,EC,,C02498,小川,男,31,兵庫県,2022-06-07,3,373639,Loyal,False,
PR0006398,2022-08-21,テレビ,有機EL 55型,109797,店舗,札幌駅前店,C02498,小川,男,31,兵庫県,2022-06-07,3,373639,Loyal,True,
PR0006402,2022-12-06,PC・タブレット,2-in-1 PC,199650,EC,,C02499,加藤,女,45,東京都,2021-09-05,3,483625,Inactive,False,
PR0006401,2022-07-22,エアコン,エアコン 6畳用,267328,EC,,C02499,加藤,女,45,東京都,2021-09-05,3,483625,Inactive,True,
PR0006400,2023-06-29,美容家電・小物,ドライヤー,16647,EC,,C02499,加藤,女,45,東京都,2021-09-05,3,483625,Inactive,False,
PR0006404,2026-01-03,スマートフォン,Pro モデル 512GB,83644,EC,,C02500,橋本,男,50,大阪府,2025-01-19,3,685723,Loyal,False,
PR0006403,2025-12-06,テレビ,有機EL 75型,405657,EC,,C02500,橋本,男,50,大阪府,2025-01-19,3,685723,Loyal,False,
PR0006405,2025-08-02,冷蔵庫,フレンチドア 700L,196422,EC,,C02500,橋本,男,50,大阪府,2025-01-19,3,685723,Loyal,True,
PR0006406,2025-12-28,エアコン,エアコン 6畳用,286666,EC,,C02501,松本,男,27,兵庫県,2024-09-16,3,373349,Loyal,False,
PR0006408,2026-01-21,ゲーム・玩具,据置型ゲーム機,43492,EC,,C02501,松本,男,27,兵庫県,2024-09-16,3,373349,Loyal,False,
PR0006407,2025-05-01,美容家電・小物,美顔器,43191,EC,,C02501,松本,男,27,兵庫県,2024-09-16,3,373349,Loyal,True,
PR0006410,2024-06-20,エアコン,エアコン 10畳用,330356,EC,,C02502,佐々木,男,63,京都府,2022-09-17,2,385345,Regular,True,
PR0006409,2026-03-03,美容家電・小物,ドライヤー,54989,EC,,C02502,佐々木,男,63,京都府,2022-09-17,2,385345,Regular,False,
PR0006411,2025-06-01,スマートフォン,最新スマホ 256GB,45555,店舗,渋谷店,C02503,田中,男,64,北海道,2021-10-06,2,410838,Regular,False,
PR0006412,2023-02-07,冷蔵庫,コンパクト冷蔵庫,365283,店舗,名古屋栄店,C02503,田中,男,64,北海道,2021-10-06,2,410838,Regular,True,
PR0006413,2026-03-09,オーディオ,サウンドバー,93702,店舗,大阪梅田店,C02504,藤田,女,56,千葉県,2024-11-29,2,188277,Regular,False,
PR0006414,2025-03-02,スマートフォン,ハイエンド 1TB,94575,店舗,秋葉原店,C02504,藤田,女,56,千葉県,2024-11-29,2,188277,Regular,True,
PR0006415,2026-01-05,PC・タブレット,2-in-1 PC,252248,店舗,秋葉原店,C02505,森,男,50,愛知県,2025-12-28,4,1142993,Loyal,True,
PR0006418,2026-02-21,オーディオ,ターンテーブル,138577,店舗,新宿店,C02505,森,男,50,愛知県,2025-12-28,4,1142993,Loyal,False,
PR0006416,2026-01-21,カメラ・ビデオ,ミラーレス一眼,262358,EC,,C02505,森,男,50,愛知県,2025-12-28,4,1142993,Loyal,False,
PR0006417,2026-01-22,テレビ,有機EL 55型,489810,店舗,福岡天神店,C02505,森,男,50,愛知県,2025-12-28,4,1142993,Loyal,False,
PR0006419,2025-04-05,ゲーム・玩具,ボードゲーム,15675,EC,,C02506,加藤,男,61,大阪府,2022-04-13,2,262539,Regular,False,
PR0006420,2023-05-14,冷蔵庫,冷蔵庫 600L 大型,246864,店舗,秋葉原店,C02506,加藤,男,61,大阪府,2022-04-13,2,262539,Regular,True,
PR0006422,2023-08-15,PC・タブレット,ノートPC 13型,115426,EC,,C02507,佐藤,女,36,福岡県,2021-08-08,6,541343,VIP,False,
PR0006424,2022-04-05,カメラ・ビデオ,コンパクトデジカメ,263190,店舗,横浜駅前店,C02507,佐藤,女,36,福岡県,2021-08-08,6,541343,VIP,True,
PR0006423,2022-12-04,ゲーム・玩具,据置型ゲーム機,60883,店舗,札幌駅前店,C02507,佐藤,女,36,福岡県,2021-08-08,6,541343,VIP,False,
PR0006421,2025-04-27,スマートフォン,ハイエンド 1TB,70368,店舗,大阪梅田店,C02507,佐藤,女,36,福岡県,2021-08-08,6,541343,VIP,False,
PR0006425,2022-12-29,美容家電・小物,美顔器,5242,店舗,大阪梅田店,C02507,佐藤,女,36,福岡県,2021-08-08,6,541343,VIP,False,
PR0006426,2025-06-11,美容家電・小物,電気シェーバー,26234,店舗,横浜駅前店,C02507,佐藤,女,36,福岡県,2021-08-08,6,541343,VIP,False,895
PR0006427,2024-01-29,カメラ・ビデオ,交換レンズ,178027,EC,,C02508,松本,男,39,兵庫県,2022-09-24,1,178027,Inactive,True,
PR0006428,2025-08-08,スマートフォン,ミドルレンジ機種,189138,店舗,渋谷店,C02509,吉田,女,52,埼玉県,2024-11-27,1,189138,Light,True,
PR0006431,2025-09-19,スマートフォン,コンパクトモデル,52328,EC,,C02510,佐藤,女,73,宮城県,2024-08-14,3,596083,Loyal,False,
PR0006430,2025-04-21,テレビ,スマートテレビ 43型,266429,EC,,C02510,佐藤,女,73,宮城県,2024-08-14,3,596083,Loyal,True,
PR0006429,2025-11-26,冷蔵庫,冷蔵庫 600L 大型,277326,店舗,大阪梅田店,C02510,佐藤,女,73,宮城県,2024-08-14,3,596083,Loyal,False,
PR0006433,2022-12-07,エアコン,エアコン 14畳用,213391,店舗,福岡天神店,C02511,石井,女,66,福岡県,2022-04-04,2,577792,Regular,True,
PR0006432,2024-06-02,テレビ,4K テレビ 65型,364401,店舗,札幌駅前店,C02511,石井,女,66,福岡県,2022-04-04,2,577792,Regular,False,
PR0006435,2026-01-06,スマートフォン,最新スマホ 256GB,183167,店舗,天王寺店,C02512,木村,女,29,千葉県,2025-11-21,2,251790,Regular,True,
PR0006434,2026-02-13,美容家電・小物,ヘアアイロン,68623,店舗,秋葉原店,C02512,木村,女,29,千葉県,2025-11-21,2,251790,Regular,False,
PR0006438,2025-01-11,スマートフォン,ミドルレンジ機種,36730,店舗,横浜駅前店,C02513,山崎,男,44,愛知県,2023-07-17,4,706363,Loyal,False,
PR0006437,2025-07-21,テレビ,プロジェクター,246803,店舗,福岡天神店,C02513,山崎,男,44,愛知県,2023-07-17,4,706363,Loyal,False,
PR0006439,2024-08-24,冷蔵庫,冷蔵庫 600L 大型,176109,店舗,名古屋栄店,C02513,山崎,男,44,愛知県,2023-07-17,4,706363,Loyal,True,
PR0006436,2025-09-22,洗濯機,乾燥機能付き 10kg,246721,店舗,池袋店,C02513,山崎,男,44,愛知県,2023-07-17,4,706363,Loyal,False,
PR0006440,2024-01-24,PC・タブレット,ノートPC 15型,297485,店舗,横浜駅前店,C02514,坂本,男,57,神奈川県,2021-07-08,2,461018,Regular,True,
PR0006441,2026-03-30,カメラ・ビデオ,ドローン,163533,店舗,福岡天神店,C02514,坂本,男,57,神奈川県,2021-07-08,2,461018,Regular,False,
PR0006444,2024-05-29,カメラ・ビデオ,交換レンズ,266403,店舗,名古屋栄店,C02515,渡辺,女,57,神奈川県,2024-02-19,3,786626,Loyal,False,
PR0006443,2025-09-24,スマートフォン,Pro モデル 512GB,37371,店舗,池袋店,C02515,渡辺,女,57,神奈川県,2024-02-19,3,786626,Loyal,False,
PR0006442,2024-02-22,テレビ,有機EL 75型,482852,店舗,福岡天神店,C02515,渡辺,女,57,神奈川県,2024-02-19,3,786626,Loyal,True,
PR0006445,2022-10-15,エアコン,エアコン 6畳用,184753,EC,,C02516,阿部,女,41,埼玉県,2022-02-26,3,286319,Loyal,True,
PR0006446,2024-12-31,オーディオ,サウンドバー,50487,店舗,渋谷店,C02516,阿部,女,41,埼玉県,2022-02-26,3,286319,Loyal,False,
PR0006447,2025-01-08,カメラ・ビデオ,アクションカメラ,51079,店舗,天王寺店,C02516,阿部,女,41,埼玉県,2022-02-26,3,286319,Loyal,False,
PR0006448,2024-12-12,エアコン,エアコン 6畳用,304551,EC,,C02517,池田,女,43,埼玉県,2023-04-05,3,554446,Loyal,False,
PR0006450,2025-02-11,冷蔵庫,フレンチドア 700L,234275,EC,,C02517,池田,女,43,埼玉県,2023-04-05,3,554446,Loyal,False,
PR0006449,2023-07-27,美容家電・小物,マッサージガン,15620,EC,,C02517,池田,女,43,埼玉県,2023-04-05,3,554446,Loyal,True,
PR0006451,2025-04-27,ゲーム・玩具,ボードゲーム,28469,店舗,秋葉原店,C02518,前田,女,22,京都府,2024-11-09,3,152650,Regular,True,
PR0006452,2026-02-22,スマートフォン,スタンダード 128GB,59646,EC,,C02518,前田,女,22,京都府,2024-11-09,3,152650,Regular,False,
PR0006453,2025-05-03,美容家電・小物,ドライヤー,64535,EC,,C02518,前田,女,22,京都府,2024-11-09,3,152650,Regular,False,
PR0006454,2025-07-24,PC・タブレット,ノートPC 13型,90927,EC,,C02519,井上,男,40,千葉県,2021-04-23,6,877553,VIP,False,
PR0006456,2023-05-18,エアコン,エアコン 18畳用,237489,店舗,秋葉原店,C02519,井上,男,40,千葉県,2021-04-23,6,877553,VIP,False,
PR0006455,2024-11-11,テレビ,4K テレビ 50型,261499,店舗,福岡天神店,C02519,井上,男,40,千葉県,2021-04-23,6,877553,VIP,False,
PR0006459,2025-08-30,洗濯機,ドラム式洗濯機,216903,店舗,池袋店,C02519,井上,男,40,千葉県,2021-04-23,6,877553,VIP,False,
PR0006457,2022-07-25,美容家電・小物,ヘアアイロン,46887,店舗,横浜駅前店,C02519,井上,男,40,千葉県,2021-04-23,6,877553,VIP,True,
PR0006458,2025-01-23,美容家電・小物,マッサージガン,23848,店舗,渋谷店,C02519,井上,男,40,千葉県,2021-04-23,6,877553,VIP,False,913
PR0006460,2026-03-20,エアコン,エアコン 18畳用,324312,EC,,C02520,山本,男,57,宮城県,2025-10-05,1,324312,Light,True,
PR0006461,2022-07-30,スマートフォン,スタンダード 128GB,129151,店舗,大阪梅田店,C02521,坂本,男,48,千葉県,2022-06-23,1,129151,Inactive,True,
PR0006462,2025-01-24,ゲーム・玩具,据置型ゲーム機,58658,EC,,C02522,吉田,女,32,京都府,2024-04-30,1,58658,Light,True,
PR0006464,2025-08-22,オーディオ,ワイヤレスイヤホン,104085,EC,,C02523,井上,女,57,広島県,2023-05-03,6,1112068,VIP,False,
PR0006467,2025-02-23,スマートフォン,コンパクトモデル,163656,EC,,C02523,井上,女,57,広島県,2023-05-03,6,1112068,VIP,False,
PR0006463,2024-08-06,テレビ,有機EL 55型,336744,EC,,C02523,井上,女,57,広島県,2023-05-03,6,1112068,VIP,False,
PR0006468,2025-03-20,冷蔵庫,冷蔵庫 500L,424254,EC,,C02523,井上,女,57,広島県,2023-05-03,6,1112068,VIP,False,
PR0006465,2023-09-16,美容家電・小物,ヘアアイロン,33189,EC,,C02523,井上,女,57,広島県,2023-05-03,6,1112068,VIP,True,
PR0006466,2025-12-03,美容家電・小物,美顔器,50140,EC,,C02523,井上,女,57,広島県,2023-05-03,6,1112068,VIP,False,809
PR0006469,2025-03-07,美容家電・小物,マッサージガン,17770,店舗,大阪梅田店,C02524,山下,女,51,福岡県,2024-08-29,1,17770,Light,True,
PR0006470,2025-01-25,PC・タブレット,ノートPC 13型,252791,店舗,渋谷店,C02525,石川,男,36,広島県,2023-01-26,2,480920,Regular,False,
PR0006471,2023-05-18,エアコン,業務用エアコン,228129,EC,,C02525,石川,男,36,広島県,2023-01-26,2,480920,Regular,True,
PR0006472,2025-09-22,オーディオ,ターンテーブル,189789,店舗,札幌駅前店,C02526,青木,女,69,大阪府,2025-04-29,1,189789,Light,True,
PR0006474,2024-01-19,スマートフォン,コンパクトモデル,101422,店舗,名古屋栄店,C02527,橋本,女,49,福岡県,2023-01-07,3,180406,Regular,False,
PR0006475,2026-02-27,スマートフォン,スタンダード 128GB,63788,店舗,秋葉原店,C02527,橋本,女,49,福岡県,2023-01-07,3,180406,Regular,False,770
PR0006473,2023-06-29,美容家電・小物,美顔器,15196,店舗,新宿店,C02527,橋本,女,49,福岡県,2023-01-07,3,180406,Regular,True,
PR0006477,2026-01-04,ゲーム・玩具,携帯ゲーム機,59535,EC,,C02528,橋本,女,37,埼玉県,2025-02-24,2,127415,Regular,False,
PR0006476,2025-03-18,美容家電・小物,電気シェーバー,67880,店舗,池袋店,C02528,橋本,女,37,埼玉県,2025-02-24,2,127415,Regular,True,
PR0006479,2023-11-15,エアコン,エアコン 14畳用,227995,EC,,C02529,小林,男,54,大阪府,2022-01-27,2,416800,Regular,True,
PR0006478,2026-03-03,オーディオ,サウンドバー,188805,店舗,池袋店,C02529,小林,男,54,大阪府,2022-01-27,2,416800,Regular,False,
PR0006482,2021-07-15,PC・タブレット,ワークステーション,184730,店舗,池袋店,C02530,清水,男,51,福岡県,2021-05-09,4,600501,Loyal,True,
PR0006483,2025-05-13,PC・タブレット,ノートPC 15型,302665,店舗,秋葉原店,C02530,清水,男,51,福岡県,2021-05-09,4,600501,Loyal,False,1398
PR0006481,2024-08-17,スマートフォン,スタンダード 128GB,79616,店舗,新宿店,C02530,清水,男,51,福岡県,2021-05-09,4,600501,Loyal,False,
PR0006480,2024-02-06,美容家電・小物,電気シェーバー,33490,店舗,新宿店,C02530,清水,男,51,福岡県,2021-05-09,4,600501,Loyal,False,
PR0006484,2023-06-01,スマートフォン,最新スマホ 256GB,92913,EC,,C02531,吉田,女,55,兵庫県,2023-03-16,2,242523,Regular,True,
PR0006485,2025-10-20,スマートフォン,コンパクトモデル,149610,EC,,C02531,吉田,女,55,兵庫県,2023-03-16,2,242523,Regular,False,872
PR0006487,2025-07-17,PC・タブレット,ワークステーション,253445,EC,,C02532,佐々木,男,70,京都府,2025-07-08,2,512862,Regular,True,
PR0006486,2026-03-17,テレビ,スマートテレビ 43型,259417,店舗,大阪梅田店,C02532,佐々木,男,70,京都府,2025-07-08,2,512862,Regular,False,
PR0006490,2026-03-19,オーディオ,Bluetoothスピーカー,108974,EC,,C02533,伊藤,男,59,兵庫県,2025-12-22,4,719260,Loyal,False,
PR0006491,2026-03-14,スマートフォン,Pro モデル 512GB,120254,店舗,秋葉原店,C02533,伊藤,男,59,兵庫県,2025-12-22,4,719260,Loyal,False,
PR0006488,2026-02-10,テレビ,プロジェクター,254647,EC,,C02533,伊藤,男,59,兵庫県,2025-12-22,4,719260,Loyal,True,
PR0006489,2026-02-28,冷蔵庫,冷蔵庫 600L 大型,235385,EC,,C02533,伊藤,男,59,兵庫県,2025-12-22,4,719260,Loyal,False,
PR0006494,2025-10-28,PC・タブレット,タブレット 10型,282310,店舗,福岡天神店,C02534,斎藤,男,50,広島県,2025-03-12,3,781936,Loyal,False,
PR0006493,2025-04-16,冷蔵庫,コンパクト冷蔵庫,477099,店舗,天王寺店,C02534,斎藤,男,50,広島県,2025-03-12,3,781936,Loyal,True,
PR0006492,2026-03-06,美容家電・小物,ヘアアイロン,22527,店舗,天王寺店,C02534,斎藤,男,50,広島県,2025-03-12,3,781936,Loyal,False,
PR0006498,2024-02-11,ゲーム・玩具,携帯ゲーム機,30963,店舗,天王寺店,C02535,中島,男,50,広島県,2022-02-14,5,992294,VIP,False,
PR0006495,2025-12-22,スマートフォン,ミドルレンジ機種,90118,店舗,福岡天神店,C02535,中島,男,50,広島県,2022-02-14,5,992294,VIP,False,
PR0006496,2022-11-21,テレビ,スマートテレビ 43型,453994,店舗,大阪梅田店,C02535,中島,男,50,広島県,2022-02-14,5,992294,VIP,True,
PR0006499,2024-02-18,冷蔵庫,冷蔵庫 400L,349740,店舗,渋谷店,C02535,中島,男,50,広島県,2022-02-14,5,992294,VIP,False,
PR0006497,2024-07-17,美容家電・小物,マッサージガン,67479,店舗,札幌駅前店,C02535,中島,男,50,広島県,2022-02-14,5,992294,VIP,False,
PR0006500,2025-12-09,エアコン,エアコン 14畳用,114273,EC,,C02536,高橋,男,62,埼玉県,2023-07-31,2,160138,Regular,False,
PR0006501,2025-02-03,スマートフォン,Pro モデル 512GB,45865,店舗,秋葉原店,C02536,高橋,男,62,埼玉県,2023-07-31,2,160138,Regular,True,
PR0006508,2025-02-15,オーディオ,ヘッドホン,44933,店舗,新宿店,C02537,田中,女,43,福岡県,2023-12-18,7,1025951,VIP,False,
PR0006502,2025-07-18,カメラ・ビデオ,ビデオカメラ,219775,店舗,札幌駅前店,C02537,田中,女,43,福岡県,2023-12-18,7,1025951,VIP,False,
PR0006506,2024-02-16,ゲーム・玩具,ゲームソフト,48202,店舗,横浜駅前店,C02537,田中,女,43,福岡県,2023-12-18,7,1025951,VIP,True,
PR0006503,2025-08-12,スマートフォン,ミドルレンジ機種,39295,EC,,C02537,田中,女,43,福岡県,2023-12-18,7,1025951,VIP,False,
PR0006505,2025-04-12,テレビ,有機EL 75型,308003,EC,,C02537,田中,女,43,福岡県,2023-12-18,7,1025951,VIP,False,
PR0006507,2025-02-07,洗濯機,ドラム式洗濯機,285751,店舗,秋葉原店,C02537,田中,女,43,福岡県,2023-12-18,7,1025951,VIP,False,
PR0006504,2025-12-05,美容家電・小物,マッサージガン,79992,店舗,横浜駅前店,C02537,田中,女,43,福岡県,2023-12-18,7,1025951,VIP,False,
PR0006511,2025-02-12,PC・タブレット,ノートPC 15型,239812,店舗,福岡天神店,C02538,山下,男,45,広島県,2025-02-07,5,833994,VIP,True,
PR0006512,2025-03-15,ゲーム・玩具,コントローラ,44814,店舗,名古屋栄店,C02538,山下,男,45,広島県,2025-02-07,5,833994,VIP,False,
PR0006510,2025-12-27,スマートフォン,Pro モデル 512GB,86187,店舗,池袋店,C02538,山下,男,45,広島県,2025-02-07,5,833994,VIP,False,
PR0006513,2025-11-05,冷蔵庫,コンパクト冷蔵庫,162841,店舗,札幌駅前店,C02538,山下,男,45,広島県,2025-02-07,5,833994,VIP,False,
PR0006509,2026-03-25,洗濯機,乾燥機能付き 10kg,300340,店舗,秋葉原店,C02538,山下,男,45,広島県,2025-02-07,5,833994,VIP,False,
PR0006514,2024-05-05,エアコン,エアコン 18畳用,211459,店舗,渋谷店,C02539,山下,男,55,千葉県,2024-02-08,2,284835,Regular,True,
PR0006515,2025-12-03,テレビ,有機EL 75型,73376,店舗,渋谷店,C02539,山下,男,55,千葉県,2024-02-08,2,284835,Regular,False,
PR0006520,2023-09-12,PC・タブレット,2-in-1 PC,193496,EC,,C02540,鈴木,女,70,愛知県,2021-08-27,6,908500,VIP,False,
PR0006519,2023-02-18,ゲーム・玩具,据置型ゲーム機,75316,店舗,渋谷店,C02540,鈴木,女,70,愛知県,2021-08-27,6,908500,VIP,False,
PR0006517,2023-09-12,スマートフォン,Pro モデル 512GB,154358,店舗,名古屋栄店,C02540,鈴木,女,70,愛知県,2021-08-27,6,908500,VIP,False,
PR0006518,2025-09-26,スマートフォン,最新スマホ 256GB,62907,店舗,天王寺店,C02540,鈴木,女,70,愛知県,2021-08-27,6,908500,VIP,False,745
PR0006521,2023-01-26,冷蔵庫,コンパクト冷蔵庫,382368,店舗,名古屋栄店,C02540,鈴木,女,70,愛知県,2021-08-27,6,908500,VIP,True,
PR0006516,2024-09-14,美容家電・小物,美顔器,40055,EC,,C02540,鈴木,女,70,愛知県,2021-08-27,6,908500,VIP,False,
PR0006522,2025-04-12,オーディオ,ワイヤレスイヤホン,133401,店舗,池袋店,C02541,高橋,男,46,千葉県,2023-07-31,2,176390,Regular,False,
PR0006523,2024-08-01,美容家電・小物,ヘアアイロン,42989,店舗,新宿店,C02541,高橋,男,46,千葉県,2023-07-31,2,176390,Regular,True,
PR0006526,2025-07-14,PC・タブレット,ワークステーション,220981,店舗,福岡天神店,C02542,伊藤,男,52,愛知県,2025-03-10,6,1002295,VIP,False,
PR0006528,2025-09-28,エアコン,エアコン 14畳用,266308,EC,,C02542,伊藤,男,52,愛知県,2025-03-10,6,1002295,VIP,False,
PR0006524,2025-08-30,カメラ・ビデオ,ドローン,267613,EC,,C02542,伊藤,男,52,愛知県,2025-03-10,6,1002295,VIP,False,
PR0006525,2026-02-23,スマートフォン,スタンダード 128GB,31418,EC,,C02542,伊藤,男,52,愛知県,2025-03-10,6,1002295,VIP,False,
PR0006527,2025-09-25,テレビ,有機EL 75型,167312,店舗,秋葉原店,C02542,伊藤,男,52,愛知県,2025-03-10,6,1002295,VIP,False,
PR0006529,2025-03-24,美容家電・小物,ドライヤー,48663,店舗,名古屋栄店,C02542,伊藤,男,52,愛知県,2025-03-10,6,1002295,VIP,True,
PR0006531,2026-02-04,ゲーム・玩具,コントローラ,29955,店舗,新宿店,C02543,橋本,女,44,北海道,2026-01-01,2,59292,Regular,False,
PR0006530,2026-01-29,美容家電・小物,ドライヤー,29337,EC,,C02543,橋本,女,44,北海道,2026-01-01,2,59292,Regular,True,
PR0006532,2026-03-02,冷蔵庫,フレンチドア 700L,490087,EC,,C02544,田中,男,75,広島県,2024-03-05,2,826685,Regular,False,
PR0006533,2025-01-20,洗濯機,全自動 8kg,336598,店舗,福岡天神店,C02544,田中,男,75,広島県,2024-03-05,2,826685,Regular,True,
PR0006536,2022-01-20,PC・タブレット,ノートPC 13型,162066,店舗,池袋店,C02545,小川,女,22,千葉県,2021-10-23,7,699383,VIP,True,
PR0006537,2025-03-07,PC・タブレット,2-in-1 PC,207990,店舗,天王寺店,C02545,小川,女,22,千葉県,2021-10-23,7,699383,VIP,False,1142
PR0006538,2024-05-19,ゲーム・玩具,VR ゴーグル,66075,店舗,大阪梅田店,C02545,小川,女,22,千葉県,2021-10-23,7,699383,VIP,False,
PR0006539,2023-06-09,スマートフォン,ミドルレンジ機種,111569,店舗,札幌駅前店,C02545,小川,女,22,千葉県,2021-10-23,7,699383,VIP,False,
PR0006540,2025-09-05,スマートフォン,ハイエンド 1TB,115075,店舗,渋谷店,C02545,小川,女,22,千葉県,2021-10-23,7,699383,VIP,False,819
PR0006534,2023-01-14,美容家電・小物,美顔器,13629,店舗,福岡天神店,C02545,小川,女,22,千葉県,2021-10-23,7,699383,VIP,False,
PR0006535,2025-10-18,美容家電・小物,ヘアアイロン,22979,店舗,新宿店,C02545,小川,女,22,千葉県,2021-10-23,7,699383,VIP,False,1008
PR0006541,2025-07-03,エアコン,エアコン 6畳用,179429,EC,,C02546,長谷川,男,22,埼玉県,2025-04-16,3,491013,Loyal,True,
PR0006542,2026-03-30,洗濯機,乾燥機能付き 10kg,286921,EC,,C02546,長谷川,男,22,埼玉県,2025-04-16,3,491013,Loyal,False,
PR0006543,2025-07-14,美容家電・小物,電気シェーバー,24663,EC,,C02546,長谷川,男,22,埼玉県,2025-04-16,3,491013,Loyal,False,
PR0006544,2024-09-30,テレビ,有機EL 75型,381587,店舗,渋谷店,C02547,清水,男,36,神奈川県,2022-04-28,2,662200,Regular,True,
PR0006545,2025-01-09,洗濯機,乾燥機能付き 10kg,280613,店舗,渋谷店,C02547,清水,男,36,神奈川県,2022-04-28,2,662200,Regular,False,
PR0006547,2023-05-22,エアコン,エアコン 10畳用,278766,店舗,札幌駅前店,C02548,加藤,男,51,京都府,2022-05-18,2,316016,Inactive,False,
PR0006546,2022-05-19,美容家電・小物,美顔器,37250,店舗,渋谷店,C02548,加藤,男,51,京都府,2022-05-18,2,316016,Inactive,True,
PR0006548,2024-05-12,PC・タブレット,2-in-1 PC,225040,EC,,C02549,橋本,男,48,福岡県,2023-08-24,4,716894,Loyal,False,
PR0006551,2025-12-12,エアコン,エアコン 14畳用,88621,EC,,C02549,橋本,男,48,福岡県,2023-08-24,4,716894,Loyal,False,
PR0006549,2024-07-31,ゲーム・玩具,ゲームソフト,73224,店舗,大阪梅田店,C02549,橋本,男,48,福岡県,2023-08-24,4,716894,Loyal,False,
PR0006550,2023-12-02,テレビ,4K テレビ 50型,330009,店舗,池袋店,C02549,橋本,男,48,福岡県,2023-08-24,4,716894,Loyal,True,
PR0006552,2023-09-07,PC・タブレット,ワークステーション,118276,店舗,大阪梅田店,C02550,山崎,女,60,愛知県,2022-07-03,3,541005,Loyal,True,
PR0006553,2025-10-25,テレビ,有機EL 75型,414330,EC,,C02550,山崎,女,60,愛知県,2022-07-03,3,541005,Loyal,False,
PR0006554,2025-01-02,美容家電・小物,電動歯ブラシ,8399,EC,,C02550,山崎,女,60,愛知県,2022-07-03,3,541005,Loyal,False,
PR0006559,2025-08-14,PC・タブレット,ゲーミングPC,247567,店舗,札幌駅前店,C02551,後藤,男,53,広島県,2025-04-18,5,1270520,VIP,False,
PR0006555,2025-12-12,スマートフォン,スタンダード 128GB,196220,店舗,大阪梅田店,C02551,後藤,男,53,広島県,2025-04-18,5,1270520,VIP,False,
PR0006558,2025-04-18,テレビ,4K テレビ 65型,474506,店舗,横浜駅前店,C02551,後藤,男,53,広島県,2025-04-18,5,1270520,VIP,True,
PR0006557,2026-02-17,洗濯機,全自動 8kg,294196,EC,,C02551,後藤,男,53,広島県,2025-04-18,5,1270520,VIP,False,
PR0006556,2025-08-26,美容家電・小物,ヘアアイロン,58031,EC,,C02551,後藤,男,53,広島県,2025-04-18,5,1270520,VIP,False,
PR0006560,2025-06-30,オーディオ,ターンテーブル,174490,EC,,C02552,池田,男,61,大阪府,2024-12-12,2,524475,Regular,False,
PR0006561,2025-01-23,テレビ,4K テレビ 65型,349985,EC,,C02552,池田,男,61,大阪府,2024-12-12,2,524475,Regular,True,
PR0006562,2025-06-09,PC・タブレット,ワークステーション,99640,EC,,C02553,藤田,男,22,福岡県,2024-05-13,2,368013,Regular,True,
PR0006563,2025-12-02,カメラ・ビデオ,ミラーレス一眼,268373,EC,,C02553,藤田,男,22,福岡県,2024-05-13,2,368013,Regular,False,
PR0006565,2023-11-28,スマートフォン,ハイエンド 1TB,108946,店舗,渋谷店,C02554,中島,女,36,埼玉県,2023-06-04,3,510485,Loyal,True,
PR0006566,2023-12-26,冷蔵庫,冷蔵庫 500L,242737,EC,,C02554,中島,女,36,埼玉県,2023-06-04,3,510485,Loyal,False,
PR0006564,2025-09-02,洗濯機,コンパクト洗濯機,158802,EC,,C02554,中島,女,36,埼玉県,2023-06-04,3,510485,Loyal,False,
PR0006567,2025-09-10,洗濯機,縦型洗濯機,147469,EC,,C02555,青木,男,33,宮城県,2022-06-28,1,147469,Light,True,
PR0006568,2025-06-27,テレビ,4K テレビ 50型,475971,EC,,C02556,遠藤,男,39,広島県,2024-12-05,2,706817,Regular,True,
PR0006569,2025-08-13,洗濯機,全自動 8kg,230846,店舗,天王寺店,C02556,遠藤,男,39,広島県,2024-12-05,2,706817,Regular,False,
PR0006571,2024-12-19,カメラ・ビデオ,コンパクトデジカメ,141516,店舗,札幌駅前店,C02557,青木,女,42,福岡県,2022-12-19,2,620274,Regular,False,
PR0006570,2024-06-14,テレビ,4K テレビ 50型,478758,店舗,池袋店,C02557,青木,女,42,福岡県,2022-12-19,2,620274,Regular,True,
PR0006572,2024-09-28,PC・タブレット,ノートPC 15型,232476,店舗,横浜駅前店,C02558,林,男,53,埼玉県,2024-03-19,2,404199,Regular,True,
PR0006573,2025-10-31,洗濯機,ドラム式洗濯機,171723,店舗,池袋店,C02558,林,男,53,埼玉県,2024-03-19,2,404199,Regular,False,
PR0006574,2024-02-04,スマートフォン,コンパクトモデル,125836,EC,,C02559,木村,男,22,広島県,2022-03-04,2,163773,Regular,True,
PR0006575,2026-03-06,美容家電・小物,ドライヤー,37937,EC,,C02559,木村,男,22,広島県,2022-03-04,2,163773,Regular,False,
PR0006576,2025-09-11,PC・タブレット,ワークステーション,200109,店舗,池袋店,C02560,長谷川,男,72,兵庫県,2023-10-02,2,453594,Regular,False,
PR0006577,2023-12-31,テレビ,プロジェクター,253485,店舗,秋葉原店,C02560,長谷川,男,72,兵庫県,2023-10-02,2,453594,Regular,True,
PR0006579,2024-02-07,スマートフォン,スタンダード 128GB,140385,EC,,C02561,石川,男,45,愛知県,2022-12-20,2,177106,Regular,True,
PR0006578,2025-06-13,美容家電・小物,美顔器,36721,EC,,C02561,石川,男,45,愛知県,2022-12-20,2,177106,Regular,False,
PR0006581,2024-01-02,エアコン,業務用エアコン,311051,EC,,C02562,山崎,女,53,京都府,2023-02-25,2,388249,Inactive,False,
PR0006580,2023-07-23,美容家電・小物,美顔器,77198,EC,,C02562,山崎,女,53,京都府,2023-02-25,2,388249,Inactive,True,
PR0006582,2025-09-13,PC・タブレット,ノートPC 15型,333128,店舗,札幌駅前店,C02563,坂本,女,34,埼玉県,2022-10-13,3,469336,Loyal,False,
PR0006583,2023-08-29,スマートフォン,最新スマホ 256GB,36710,店舗,池袋店,C02563,坂本,女,34,埼玉県,2022-10-13,3,469336,Loyal,True,
PR0006584,2025-10-13,スマートフォン,Pro モデル 512GB,99498,店舗,横浜駅前店,C02563,坂本,女,34,埼玉県,2022-10-13,3,469336,Loyal,False,776
PR0006589,2024-11-15,PC・タブレット,ノートPC 13型,320622,店舗,福岡天神店,C02564,坂本,女,70,埼玉県,2023-11-01,6,1146586,VIP,False,
PR0006590,2025-06-09,エアコン,エアコン 14畳用,141567,EC,,C02564,坂本,女,70,埼玉県,2023-11-01,6,1146586,VIP,False,
PR0006585,2024-11-22,スマートフォン,最新スマホ 256GB,140278,EC,,C02564,坂本,女,70,埼玉県,2023-11-01,6,1146586,VIP,False,
PR0006586,2024-08-27,テレビ,スマートテレビ 43型,220090,EC,,C02564,坂本,女,70,埼玉県,2023-11-01,6,1146586,VIP,False,
PR0006588,2025-12-13,洗濯機,コンパクト洗濯機,272031,EC,,C02564,坂本,女,70,埼玉県,2023-11-01,6,1146586,VIP,False,
PR0006587,2024-08-01,美容家電・小物,美顔器,51998,店舗,札幌駅前店,C02564,坂本,女,70,埼玉県,2023-11-01,6,1146586,VIP,True,
PR0006592,2025-04-19,PC・タブレット,タブレット 10型,296186,EC,,C02565,阿部,男,24,広島県,2024-12-05,4,630200,Loyal,True,
PR0006593,2025-10-12,ゲーム・玩具,ゲームソフト,8043,EC,,C02565,阿部,男,24,広島県,2024-12-05,4,630200,Loyal,False,
PR0006591,2026-03-19,スマートフォン,Pro モデル 512GB,165206,EC,,C02565,阿部,男,24,広島県,2024-12-05,4,630200,Loyal,False,
PR0006594,2025-05-17,冷蔵庫,フレンチドア 700L,160765,EC,,C02565,阿部,男,24,広島県,2024-12-05,4,630200,Loyal,False,
PR0006595,2023-12-14,スマートフォン,Pro モデル 512GB,138906,店舗,名古屋栄店,C02566,中島,男,29,東京都,2022-04-27,1,138906,Inactive,True,
PR0006597,2024-10-31,PC・タブレット,タブレット 10型,305868,EC,,C02567,橋本,男,44,宮城県,2024-07-15,3,771375,Loyal,False,
PR0006598,2025-12-16,テレビ,有機EL 75型,228667,店舗,横浜駅前店,C02567,橋本,男,44,宮城県,2024-07-15,3,771375,Loyal,False,
PR0006596,2024-08-30,冷蔵庫,冷蔵庫 400L,236840,店舗,大阪梅田店,C02567,橋本,男,44,宮城県,2024-07-15,3,771375,Loyal,True,
PR0006599,2026-01-25,カメラ・ビデオ,ミラーレス一眼,58633,店舗,新宿店,C02568,村上,女,39,千葉県,2026-01-25,2,95183,Regular,True,
PR0006600,2026-03-11,美容家電・小物,美顔器,36550,店舗,札幌駅前店,C02568,村上,女,39,千葉県,2026-01-25,2,95183,Regular,False,
PR0006607,2024-08-10,PC・タブレット,ノートPC 15型,52413,EC,,C02569,吉田,女,49,東京都,2022-11-25,7,1027746,VIP,False,
PR0006604,2023-04-02,オーディオ,ターンテーブル,62295,EC,,C02569,吉田,女,49,東京都,2022-11-25,7,1027746,VIP,False,
PR0006601,2023-02-09,スマートフォン,Pro モデル 512GB,198511,EC,,C02569,吉田,女,49,東京都,2022-11-25,7,1027746,VIP,True,
PR0006602,2024-12-22,スマートフォン,ミドルレンジ機種,145987,店舗,名古屋栄店,C02569,吉田,女,49,東京都,2022-11-25,7,1027746,VIP,False,682
PR0006603,2023-04-04,テレビ,スマートテレビ 43型,244462,店舗,横浜駅前店,C02569,吉田,女,49,東京都,2022-11-25,7,1027746,VIP,False,
PR0006606,2026-03-17,洗濯機,縦型洗濯機,264861,EC,,C02569,吉田,女,49,東京都,2022-11-25,7,1027746,VIP,False,
PR0006605,2025-03-03,美容家電・小物,マッサージガン,59217,EC,,C02569,吉田,女,49,東京都,2022-11-25,7,1027746,VIP,False,
PR0006608,2024-10-01,スマートフォン,ミドルレンジ機種,95602,店舗,横浜駅前店,C02570,伊藤,男,42,埼玉県,2021-06-08,1,95602,Light,True,
PR0006609,2024-08-24,PC・タブレット,ゲーミングPC,254007,店舗,札幌駅前店,C02571,山下,男,45,広島県,2021-05-06,1,254007,Light,True,
PR0006610,2026-01-14,洗濯機,コンパクト洗濯機,111022,EC,,C02572,藤田,男,43,広島県,2026-01-07,2,131769,Regular,True,
PR0006611,2026-03-28,美容家電・小物,電動歯ブラシ,20747,店舗,天王寺店,C02572,藤田,男,43,広島県,2026-01-07,2,131769,Regular,False,
PR0006613,2024-09-14,エアコン,エアコン 10畳用,132685,EC,,C02573,池田,女,39,埼玉県,2023-11-21,2,200514,Regular,False,
PR0006612,2024-03-28,スマートフォン,ミドルレンジ機種,67829,EC,,C02573,池田,女,39,埼玉県,2023-11-21,2,200514,Regular,True,
PR0006614,2025-12-07,テレビ,4K テレビ 50型,261078,店舗,天王寺店,C02574,山口,女,45,千葉県,2025-05-12,1,261078,Light,True,
PR0006615,2024-10-12,テレビ,スマートテレビ 43型,363150,EC,,C02575,近藤,男,49,千葉県,2022-10-17,2,385013,Regular,False,
PR0006616,2023-08-25,美容家電・小物,電動歯ブラシ,21863,店舗,名古屋栄店,C02575,近藤,男,49,千葉県,2022-10-17,2,385013,Regular,True,
PR0006617,2025-12-15,スマートフォン,ミドルレンジ機種,190990,店舗,天王寺店,C02576,青木,男,44,大阪府,2023-02-28,1,190990,Light,True,
PR0006619,2025-04-17,冷蔵庫,冷蔵庫 500L,183385,店舗,横浜駅前店,C02579,山崎,女,48,北海道,2024-06-27,2,221395,Regular,False,
PR0006618,2025-01-17,美容家電・小物,美顔器,38010,EC,,C02579,山崎,女,48,北海道,2024-06-27,2,221395,Regular,True,
PR0006626,2023-01-11,PC・タブレット,ノートPC 13型,329914,EC,,C02580,佐藤,女,26,愛知県,2021-04-28,11,1533884,VIP,False,
PR0006620,2022-08-08,オーディオ,ターンテーブル,41438,EC,,C02580,佐藤,女,26,愛知県,2021-04-28,11,1533884,VIP,False,
PR0006628,2025-06-09,カメラ・ビデオ,ミラーレス一眼,207882,EC,,C02580,佐藤,女,26,愛知県,2021-04-28,11,1533884,VIP,False,
PR0006629,2025-07-20,ゲーム・玩具,携帯ゲーム機,14773,EC,,C02580,佐藤,女,26,愛知県,2021-04-28,11,1533884,VIP,False,
PR0006621,2021-05-12,スマートフォン,ハイエンド 1TB,199726,店舗,札幌駅前店,C02580,佐藤,女,26,愛知県,2021-04-28,11,1533884,VIP,True,
PR0006622,2023-05-28,スマートフォン,コンパクトモデル,105987,EC,,C02580,佐藤,女,26,愛知県,2021-04-28,11,1533884,VIP,False,746
PR0006623,2025-03-14,スマートフォン,ミドルレンジ機種,77028,EC,,C02580,佐藤,女,26,愛知県,2021-04-28,11,1533884,VIP,False,656
PR0006627,2021-05-30,テレビ,有機EL 75型,93148,店舗,池袋店,C02580,佐藤,女,26,愛知県,2021-04-28,11,1533884,VIP,False,
PR0006630,2024-04-25,洗濯機,縦型洗濯機,325886,EC,,C02580,佐藤,女,26,愛知県,2021-04-28,11,1533884,VIP,False,
PR0006624,2022-08-26,美容家電・小物,ヘアアイロン,72916,EC,,C02580,佐藤,女,26,愛知県,2021-04-28,11,1533884,VIP,False,
PR0006625,2025-03-04,美容家電・小物,ヘアアイロン,65186,EC,,C02580,佐藤,女,26,愛知県,2021-04-28,11,1533884,VIP,False,921
PR0006631,2025-05-26,PC・タブレット,ゲーミングPC,123520,EC,,C02581,青木,男,36,福岡県,2025-02-13,1,123520,Light,True,
PR0006633,2021-10-05,PC・タブレット,タブレット 10型,122725,EC,,C02582,池田,男,33,神奈川県,2021-06-13,7,1684877,VIP,True,
PR0006634,2024-07-13,PC・タブレット,ノートPC 15型,346311,EC,,C02582,池田,男,33,神奈川県,2021-06-13,7,1684877,VIP,False,1012
PR0006637,2022-08-31,エアコン,エアコン 6畳用,356366,EC,,C02582,池田,男,33,神奈川県,2021-06-13,7,1684877,VIP,False,
PR0006632,2023-09-18,オーディオ,ヘッドホン,123750,EC,,C02582,池田,男,33,神奈川県,2021-06-13,7,1684877,VIP,False,
PR0006635,2025-02-25,カメラ・ビデオ,交換レンズ,276253,店舗,名古屋栄店,C02582,池田,男,33,神奈川県,2021-06-13,7,1684877,VIP,False,
PR0006636,2023-04-06,ゲーム・玩具,据置型ゲーム機,39606,EC,,C02582,池田,男,33,神奈川県,2021-06-13,7,1684877,VIP,False,
PR0006638,2021-10-12,テレビ,4K テレビ 65型,419866,EC,,C02582,池田,男,33,神奈川県,2021-06-13,7,1684877,VIP,False,
PR0006641,2024-06-24,オーディオ,サウンドバー,162020,店舗,札幌駅前店,C02583,佐藤,女,57,兵庫県,2022-07-25,3,483960,Loyal,False,
PR0006639,2024-02-19,カメラ・ビデオ,アクションカメラ,77152,店舗,秋葉原店,C02583,佐藤,女,57,兵庫県,2022-07-25,3,483960,Loyal,True,
PR0006640,2024-05-15,洗濯機,ドラム式洗濯機,244788,店舗,名古屋栄店,C02583,佐藤,女,57,兵庫県,2022-07-25,3,483960,Loyal,False,
PR0006643,2022-06-15,PC・タブレット,ゲーミングPC,176861,EC,,C02584,石川,男,69,福岡県,2021-11-24,2,332634,Regular,True,
PR0006642,2025-07-07,オーディオ,Bluetoothスピーカー,155773,店舗,福岡天神店,C02584,石川,男,69,福岡県,2021-11-24,2,332634,Regular,False,
PR0006644,2025-06-27,エアコン,エアコン 18畳用,346559,EC,,C02585,中村,男,48,大阪府,2024-10-30,1,346559,Light,True,
PR0006647,2024-07-06,カメラ・ビデオ,ビデオカメラ,120601,店舗,大阪梅田店,C02586,斎藤,男,57,大阪府,2023-03-05,3,203408,Loyal,False,
PR0006646,2025-11-29,スマートフォン,Pro モデル 512GB,58596,EC,,C02586,斎藤,男,57,大阪府,2023-03-05,3,203408,Loyal,False,
PR0006645,2024-02-24,美容家電・小物,電動歯ブラシ,24211,EC,,C02586,斎藤,男,57,大阪府,2023-03-05,3,203408,Loyal,True,
PR0006649,2024-02-15,スマートフォン,スタンダード 128GB,119512,店舗,横浜駅前店,C02588,小林,女,57,埼玉県,2023-03-05,2,617777,Regular,True,
PR0006648,2025-04-17,冷蔵庫,冷蔵庫 400L,498265,EC,,C02588,小林,女,57,埼玉県,2023-03-05,2,617777,Regular,False,
PR0006650,2022-11-19,洗濯機,ドラム式洗濯機,121774,EC,,C02589,山本,男,75,京都府,2022-09-28,1,121774,Inactive,True,
PR0006652,2024-09-27,PC・タブレット,2-in-1 PC,107753,店舗,渋谷店,C02590,石川,男,52,宮城県,2024-09-05,4,502367,Loyal,False,
PR0006651,2025-09-24,スマートフォン,Pro モデル 512GB,88833,EC,,C02590,石川,男,52,宮城県,2024-09-05,4,502367,Loyal,False,
PR0006654,2024-09-22,冷蔵庫,冷蔵庫 400L,250434,店舗,大阪梅田店,C02590,石川,男,52,宮城県,2024-09-05,4,502367,Loyal,True,
PR0006653,2024-11-13,美容家電・小物,ドライヤー,55347,店舗,横浜駅前店,C02590,石川,男,52,宮城県,2024-09-05,4,502367,Loyal,False,
PR0006657,2026-03-18,スマートフォン,ミドルレンジ機種,114288,EC,,C02591,田中,女,33,兵庫県,2026-01-29,3,994195,Loyal,False,
PR0006656,2026-02-08,テレビ,4K テレビ 65型,385242,EC,,C02591,田中,女,33,兵庫県,2026-01-29,3,994195,Loyal,False,
PR0006655,2026-02-03,冷蔵庫,冷蔵庫 400L,494665,EC,,C02591,田中,女,33,兵庫県,2026-01-29,3,994195,Loyal,True,
PR0006660,2025-07-22,スマートフォン,ハイエンド 1TB,60560,店舗,新宿店,C02592,山下,女,44,千葉県,2022-04-10,3,500612,Loyal,False,
PR0006659,2023-03-04,テレビ,4K テレビ 65型,365671,店舗,福岡天神店,C02592,山下,女,44,千葉県,2022-04-10,3,500612,Loyal,True,
PR0006658,2025-06-04,美容家電・小物,マッサージガン,74381,店舗,秋葉原店,C02592,山下,女,44,千葉県,2022-04-10,3,500612,Loyal,False,
PR0006661,2023-01-03,テレビ,4K テレビ 65型,340414,EC,,C02593,高橋,男,72,宮城県,2021-08-20,1,340414,Inactive,True,
PR0006663,2026-03-13,エアコン,エアコン 6畳用,283747,EC,,C02594,中村,女,51,神奈川県,2025-09-28,2,434077,Regular,False,
PR0006662,2025-12-27,スマートフォン,Pro モデル 512GB,150330,店舗,福岡天神店,C02594,中村,女,51,神奈川県,2025-09-28,2,434077,Regular,True,
PR0006664,2026-02-24,PC・タブレット,タブレット 10型,114423,店舗,新宿店,C02595,高橋,男,43,宮城県,2025-07-25,5,800506,VIP,False,
PR0006667,2025-11-19,エアコン,エアコン 6畳用,374412,店舗,天王寺店,C02595,高橋,男,43,宮城県,2025-07-25,5,800506,VIP,True,
PR0006665,2025-12-06,オーディオ,サウンドバー,105945,店舗,秋葉原店,C02595,高橋,男,43,宮城県,2025-07-25,5,800506,VIP,False,
PR0006666,2026-01-04,ゲーム・玩具,コントローラ,35739,店舗,池袋店,C02595,高橋,男,43,宮城県,2025-07-25,5,800506,VIP,False,
PR0006668,2025-12-06,スマートフォン,ハイエンド 1TB,169987,店舗,池袋店,C02595,高橋,男,43,宮城県,2025-07-25,5,800506,VIP,False,
PR0006671,2025-12-13,PC・タブレット,2-in-1 PC,259208,EC,,C02596,岡田,女,48,福岡県,2025-08-05,4,590499,Loyal,False,
PR0006670,2025-12-06,スマートフォン,コンパクトモデル,178522,EC,,C02596,岡田,女,48,福岡県,2025-08-05,4,590499,Loyal,False,
PR0006669,2026-01-23,テレビ,スマートテレビ 43型,88258,EC,,C02596,岡田,女,48,福岡県,2025-08-05,4,590499,Loyal,False,
PR0006672,2025-11-20,美容家電・小物,電気シェーバー,64511,EC,,C02596,岡田,女,48,福岡県,2025-08-05,4,590499,Loyal,True,
PR0006675,2025-04-06,スマートフォン,スタンダード 128GB,158180,EC,,C02597,遠藤,女,46,東京都,2021-09-28,3,390505,Loyal,False,
PR0006673,2024-08-18,洗濯機,ドラム式洗濯機,192715,EC,,C02597,遠藤,女,46,東京都,2021-09-28,3,390505,Loyal,True,
PR0006674,2025-05-28,美容家電・小物,電動歯ブラシ,39610,店舗,札幌駅前店,C02597,遠藤,女,46,東京都,2021-09-28,3,390505,Loyal,False,
PR0006676,2025-07-02,PC・タブレット,タブレット 10型,189418,EC,,C02598,渡辺,女,50,神奈川県,2024-02-25,2,531314,Regular,False,
PR0006677,2025-02-04,テレビ,有機EL 55型,341896,EC,,C02598,渡辺,女,50,神奈川県,2024-02-25,2,531314,Regular,True,
PR0006679,2023-09-15,エアコン,エアコン 18畳用,89669,EC,,C02599,山田,男,47,大阪府,2021-06-02,5,466591,Loyal,False,
PR0006680,2025-09-13,カメラ・ビデオ,ビデオカメラ,114108,店舗,渋谷店,C02599,山田,男,47,大阪府,2021-06-02,5,466591,Loyal,False,
PR0006681,2021-07-15,ゲーム・玩具,コントローラ,11525,店舗,天王寺店,C02599,山田,男,47,大阪府,2021-06-02,5,466591,Loyal,True,
PR0006682,2026-01-15,ゲーム・玩具,VR ゴーグル,59640,店舗,秋葉原店,C02599,山田,男,47,大阪府,2021-06-02,5,466591,Loyal,False,1645
PR0006678,2025-10-03,スマートフォン,スタンダード 128GB,191649,店舗,秋葉原店,C02599,山田,男,47,大阪府,2021-06-02,5,466591,Loyal,False,
PR0006683,2025-11-16,スマートフォン,スタンダード 128GB,80504,EC,,C02600,伊藤,男,45,東京都,2024-10-23,2,146701,Regular,False,
PR0006684,2024-12-31,テレビ,有機EL 55型,66197,店舗,大阪梅田店,C02600,伊藤,男,45,東京都,2024-10-23,2,146701,Regular,True,
PR0006685,2024-02-01,PC・タブレット,ノートPC 13型,259584,EC,,C02601,山下,男,36,千葉県,2021-09-02,1,259584,Inactive,True,
PR0006686,2025-02-01,ゲーム・玩具,ボードゲーム,73560,店舗,横浜駅前店,C02602,石川,女,39,北海道,2021-08-12,3,654916,Loyal,False,
PR0006688,2023-03-10,冷蔵庫,冷蔵庫 500L,444605,店舗,秋葉原店,C02602,石川,女,39,北海道,2021-08-12,3,654916,Loyal,True,
PR0006687,2023-05-09,洗濯機,ドラム式洗濯機,136751,店舗,池袋店,C02602,石川,女,39,北海道,2021-08-12,3,654916,Loyal,False,
PR0006689,2023-01-31,エアコン,業務用エアコン,134835,店舗,秋葉原店,C02603,阿部,男,64,千葉県,2022-08-26,2,401436,Inactive,False,
PR0006690,2023-01-17,洗濯機,縦型洗濯機,266601,店舗,池袋店,C02603,阿部,男,64,千葉県,2022-08-26,2,401436,Inactive,True,
PR0006691,2025-07-27,カメラ・ビデオ,アクションカメラ,111317,店舗,札幌駅前店,C02604,木村,男,43,神奈川県,2024-10-21,3,608538,Loyal,False,
PR0006692,2025-07-15,スマートフォン,最新スマホ 256GB,86705,店舗,福岡天神店,C02604,木村,男,43,神奈川県,2024-10-21,3,608538,Loyal,True,
PR0006693,2025-10-10,テレビ,有機EL 75型,410516,EC,,C02604,木村,男,43,神奈川県,2024-10-21,3,608538,Loyal,False,
PR0006695,2022-02-24,エアコン,エアコン 6畳用,312419,店舗,秋葉原店,C02605,吉田,男,63,千葉県,2022-01-16,3,1064212,Inactive,True,
PR0006696,2022-03-10,冷蔵庫,冷蔵庫 500L,454247,店舗,池袋店,C02605,吉田,男,63,千葉県,2022-01-16,3,1064212,Inactive,False,
PR0006694,2023-08-01,洗濯機,縦型洗濯機,297546,EC,,C02605,吉田,男,63,千葉県,2022-01-16,3,1064212,Inactive,False,
PR0006698,2026-03-10,オーディオ,ワイヤレスイヤホン,38391,EC,,C02606,清水,女,42,広島県,2026-01-19,5,650512,VIP,False,
PR0006700,2026-02-07,スマートフォン,最新スマホ 256GB,111316,店舗,名古屋栄店,C02606,清水,女,42,広島県,2026-01-19,5,650512,VIP,True,
PR0006699,2026-03-01,テレビ,有機EL 75型,225002,店舗,名古屋栄店,C02606,清水,女,42,広島県,2026-01-19,5,650512,VIP,False,
PR0006697,2026-02-16,洗濯機,ドラム式洗濯機,256156,EC,,C02606,清水,女,42,広島県,2026-01-19,5,650512,VIP,False,
PR0006701,2026-02-26,美容家電・小物,ドライヤー,19647,EC,,C02606,清水,女,42,広島県,2026-01-19,5,650512,VIP,False,
PR0006702,2022-03-12,スマートフォン,ミドルレンジ機種,159726,EC,,C02607,青木,男,51,広島県,2021-06-23,2,332973,Inactive,False,
PR0006703,2021-10-10,冷蔵庫,冷蔵庫 600L 大型,173247,EC,,C02607,青木,男,51,広島県,2021-06-23,2,332973,Inactive,True,
PR0006705,2025-02-16,PC・タブレット,ワークステーション,171667,EC,,C02608,中島,男,49,福岡県,2024-03-17,3,789839,Loyal,False,
PR0006706,2024-06-22,エアコン,エアコン 10畳用,327256,店舗,札幌駅前店,C02608,中島,男,49,福岡県,2024-03-17,3,789839,Loyal,True,
PR0006704,2025-04-16,洗濯機,ドラム式洗濯機,290916,EC,,C02608,中島,男,49,福岡県,2024-03-17,3,789839,Loyal,False,
PR0006707,2024-09-22,エアコン,業務用エアコン,87601,店舗,大阪梅田店,C02609,近藤,男,33,神奈川県,2022-12-24,3,317659,Loyal,True,
PR0006709,2025-06-13,オーディオ,ワイヤレスイヤホン,92158,EC,,C02609,近藤,男,33,神奈川県,2022-12-24,3,317659,Loyal,False,
PR0006708,2025-10-30,スマートフォン,Pro モデル 512GB,137900,店舗,天王寺店,C02609,近藤,男,33,神奈川県,2022-12-24,3,317659,Loyal,False,
PR0006712,2026-01-12,PC・タブレット,ワークステーション,212986,店舗,横浜駅前店,C02610,池田,男,46,愛知県,2021-04-28,3,365190,Loyal,False,
PR0006710,2021-10-24,美容家電・小物,電気シェーバー,74156,店舗,秋葉原店,C02610,池田,男,46,愛知県,2021-04-28,3,365190,Loyal,True,
PR0006711,2024-06-12,美容家電・小物,電気シェーバー,78048,店舗,秋葉原店,C02610,池田,男,46,愛知県,2021-04-28,3,365190,Loyal,False,962
PR0006713,2024-11-15,洗濯機,縦型洗濯機,129311,店舗,渋谷店,C02612,村上,女,64,愛知県,2023-09-14,2,146137,Regular,True,
PR0006714,2025-06-08,美容家電・小物,ドライヤー,16826,店舗,福岡天神店,C02612,村上,女,64,愛知県,2023-09-14,2,146137,Regular,False,
PR0006717,2025-10-16,PC・タブレット,ゲーミングPC,270226,店舗,名古屋栄店,C02613,山崎,女,42,愛知県,2025-05-25,3,528148,Loyal,True,
PR0006716,2025-10-30,テレビ,4K テレビ 65型,153163,店舗,横浜駅前店,C02613,山崎,女,42,愛知県,2025-05-25,3,528148,Loyal,False,
PR0006715,2025-12-22,冷蔵庫,冷蔵庫 500L,104759,店舗,札幌駅前店,C02613,山崎,女,42,愛知県,2025-05-25,3,528148,Loyal,False,
PR0006719,2025-02-17,エアコン,エアコン 18畳用,368753,EC,,C02614,藤田,男,40,福岡県,2023-04-24,2,444104,Regular,False,
PR0006718,2023-08-19,カメラ・ビデオ,ビデオカメラ,75351,店舗,福岡天神店,C02614,藤田,男,40,福岡県,2023-04-24,2,444104,Regular,True,
PR0006720,2025-08-07,カメラ・ビデオ,アクションカメラ,228637,店舗,福岡天神店,C02615,山田,男,44,東京都,2023-07-01,3,617476,Loyal,False,
PR0006721,2026-03-13,ゲーム・玩具,ゲームソフト,45553,EC,,C02615,山田,男,44,東京都,2023-07-01,3,617476,Loyal,False,
PR0006722,2024-02-29,テレビ,4K テレビ 50型,343286,店舗,新宿店,C02615,山田,男,44,東京都,2023-07-01,3,617476,Loyal,True,
PR0006723,2024-01-08,エアコン,エアコン 18畳用,219916,店舗,福岡天神店,C02616,吉田,男,49,千葉県,2023-12-31,1,219916,Inactive,True,
PR0006724,2025-11-20,PC・タブレット,タブレット 10型,302914,EC,,C02617,坂本,女,22,東京都,2021-10-31,6,1057053,VIP,False,
PR0006728,2025-06-03,ゲーム・玩具,ボードゲーム,79975,店舗,渋谷店,C02617,坂本,女,22,東京都,2021-10-31,6,1057053,VIP,False,
PR0006729,2024-06-21,スマートフォン,ミドルレンジ機種,172933,EC,,C02617,坂本,女,22,東京都,2021-10-31,6,1057053,VIP,False,
PR0006727,2023-01-02,テレビ,スマートテレビ 43型,396504,EC,,C02617,坂本,女,22,東京都,2021-10-31,6,1057053,VIP,True,
PR0006725,2023-03-02,美容家電・小物,電気シェーバー,40507,EC,,C02617,坂本,女,22,東京都,2021-10-31,6,1057053,VIP,False,
PR0006726,2025-07-26,美容家電・小物,電気シェーバー,64220,店舗,天王寺店,C02617,坂本,女,22,東京都,2021-10-31,6,1057053,VIP,False,877
PR0006731,2024-11-13,PC・タブレット,ゲーミングPC,278881,EC,,C02618,吉田,女,49,北海道,2024-04-28,2,590675,Regular,True,
PR0006730,2025-10-26,エアコン,エアコン 6畳用,311794,EC,,C02618,吉田,女,49,北海道,2024-04-28,2,590675,Regular,False,
PR0006735,2025-08-28,ゲーム・玩具,携帯ゲーム機,33666,店舗,渋谷店,C02619,青木,男,68,宮城県,2022-09-26,4,503671,Loyal,False,
PR0006732,2023-09-05,スマートフォン,コンパクトモデル,97561,EC,,C02619,青木,男,68,宮城県,2022-09-26,4,503671,Loyal,False,
PR0006733,2026-01-03,スマートフォン,ハイエンド 1TB,171419,店舗,福岡天神店,C02619,青木,男,68,宮城県,2022-09-26,4,503671,Loyal,False,851
PR0006734,2023-04-23,テレビ,有機EL 55型,201025,店舗,大阪梅田店,C02619,青木,男,68,宮城県,2022-09-26,4,503671,Loyal,True,
PR0006736,2022-07-05,カメラ・ビデオ,ミラーレス一眼,118836,店舗,横浜駅前店,C02620,石川,女,43,千葉県,2022-03-02,2,496845,Regular,True,
PR0006737,2025-07-30,冷蔵庫,コンパクト冷蔵庫,378009,店舗,池袋店,C02620,石川,女,43,千葉県,2022-03-02,2,496845,Regular,False,
PR0006739,2025-05-23,カメラ・ビデオ,ビデオカメラ,168711,店舗,新宿店,C02621,石井,女,49,福岡県,2024-10-10,2,307388,Regular,True,
PR0006738,2025-10-13,スマートフォン,Pro モデル 512GB,138677,EC,,C02621,石井,女,49,福岡県,2024-10-10,2,307388,Regular,False,
PR0006740,2026-02-12,スマートフォン,ミドルレンジ機種,129780,店舗,秋葉原店,C02622,佐々木,男,42,神奈川県,2025-09-13,1,129780,Light,True,
PR0006741,2022-08-29,テレビ,プロジェクター,354896,EC,,C02623,後藤,女,50,宮城県,2022-08-17,1,354896,Inactive,True,
PR0006743,2024-01-02,オーディオ,ワイヤレスイヤホン,43206,EC,,C02624,阿部,男,40,大阪府,2021-08-09,2,196890,Regular,True,
PR0006742,2026-01-09,スマートフォン,最新スマホ 256GB,153684,EC,,C02624,阿部,男,40,大阪府,2021-08-09,2,196890,Regular,False,
PR0006745,2026-03-24,スマートフォン,最新スマホ 256GB,148708,EC,,C02625,山本,女,41,神奈川県,2024-08-27,2,206254,Regular,False,
PR0006744,2025-10-31,美容家電・小物,ヘアアイロン,57546,EC,,C02625,山本,女,41,神奈川県,2024-08-27,2,206254,Regular,True,
PR0006747,2025-08-19,オーディオ,Bluetoothスピーカー,111884,店舗,新宿店,C02626,藤田,男,32,愛知県,2024-10-10,2,129099,Regular,False,
PR0006746,2025-03-12,美容家電・小物,電動歯ブラシ,17215,店舗,池袋店,C02626,藤田,男,32,愛知県,2024-10-10,2,129099,Regular,True,
PR0006749,2025-01-11,スマートフォン,Pro モデル 512GB,145082,EC,,C02627,前田,女,36,福岡県,2024-09-29,2,531993,Regular,True,
PR0006748,2025-10-26,テレビ,4K テレビ 65型,386911,EC,,C02627,前田,女,36,福岡県,2024-09-29,2,531993,Regular,False,
PR0006751,2026-01-05,PC・タブレット,ノートPC 13型,296962,EC,,C02628,坂本,男,46,京都府,2023-06-18,2,346144,Regular,False,
PR0006750,2023-12-18,美容家電・小物,ドライヤー,49182,店舗,大阪梅田店,C02628,坂本,男,46,京都府,2023-06-18,2,346144,Regular,True,
PR0006757,2025-05-28,PC・タブレット,ワークステーション,195712,店舗,天王寺店,C02629,井上,男,37,埼玉県,2024-11-01,6,1247392,VIP,False,
PR0006756,2025-11-18,エアコン,業務用エアコン,362331,EC,,C02629,井上,男,37,埼玉県,2024-11-01,6,1247392,VIP,False,
PR0006752,2025-03-07,カメラ・ビデオ,ドローン,59681,店舗,大阪梅田店,C02629,井上,男,37,埼玉県,2024-11-01,6,1247392,VIP,True,
PR0006753,2025-12-28,スマートフォン,ハイエンド 1TB,142751,店舗,天王寺店,C02629,井上,男,37,埼玉県,2024-11-01,6,1247392,VIP,False,
PR0006754,2025-04-01,テレビ,4K テレビ 65型,283523,店舗,横浜駅前店,C02629,井上,男,37,埼玉県,2024-11-01,6,1247392,VIP,False,
PR0006755,2025-12-21,洗濯機,乾燥機能付き 10kg,203394,店舗,福岡天神店,C02629,井上,男,37,埼玉県,2024-11-01,6,1247392,VIP,False,
PR0006759,2026-01-30,PC・タブレット,タブレット 10型,308074,EC,,C02630,斎藤,男,34,東京都,2025-12-24,5,933744,VIP,False,
PR0006761,2026-02-21,カメラ・ビデオ,ドローン,89349,EC,,C02630,斎藤,男,34,東京都,2025-12-24,5,933744,VIP,False,
PR0006762,2026-01-09,ゲーム・玩具,携帯ゲーム機,45017,店舗,秋葉原店,C02630,斎藤,男,34,東京都,2025-12-24,5,933744,VIP,True,
PR0006760,2026-02-21,テレビ,プロジェクター,234917,EC,,C02630,斎藤,男,34,東京都,2025-12-24,5,933744,VIP,False,
PR0006758,2026-01-27,洗濯機,コンパクト洗濯機,256387,EC,,C02630,斎藤,男,34,東京都,2025-12-24,5,933744,VIP,False,
PR0006764,2025-05-26,オーディオ,Bluetoothスピーカー,191556,店舗,天王寺店,C02631,田中,男,46,北海道,2024-09-16,2,303695,Regular,True,
PR0006763,2026-03-03,スマートフォン,ミドルレンジ機種,112139,店舗,福岡天神店,C02631,田中,男,46,北海道,2024-09-16,2,303695,Regular,False,
PR0006765,2023-05-21,PC・タブレット,タブレット 10型,196199,店舗,新宿店,C02632,田中,男,49,兵庫県,2021-07-21,9,1347257,VIP,False,
PR0006772,2022-05-21,カメラ・ビデオ,交換レンズ,210502,店舗,福岡天神店,C02632,田中,男,49,兵庫県,2021-07-21,9,1347257,VIP,False,
PR0006770,2022-12-17,スマートフォン,最新スマホ 256GB,181081,店舗,天王寺店,C02632,田中,男,49,兵庫県,2021-07-21,9,1347257,VIP,False,
PR0006771,2025-02-02,スマートフォン,Pro モデル 512GB,132534,店舗,大阪梅田店,C02632,田中,男,49,兵庫県,2021-07-21,9,1347257,VIP,False,778
PR0006773,2025-04-04,テレビ,4K テレビ 50型,63622,店舗,名古屋栄店,C02632,田中,男,49,兵庫県,2021-07-21,9,1347257,VIP,False,
PR0006769,2022-01-16,冷蔵庫,冷蔵庫 600L 大型,235264,店舗,天王寺店,C02632,田中,男,49,兵庫県,2021-07-21,9,1347257,VIP,True,
PR0006768,2022-07-03,洗濯機,ドラム式洗濯機,240396,店舗,札幌駅前店,C02632,田中,男,49,兵庫県,2021-07-21,9,1347257,VIP,False,
PR0006766,2023-11-19,美容家電・小物,美顔器,8359,店舗,新宿店,C02632,田中,男,49,兵庫県,2021-07-21,9,1347257,VIP,False,
PR0006767,2026-01-09,美容家電・小物,マッサージガン,79300,店舗,新宿店,C02632,田中,男,49,兵庫県,2021-07-21,9,1347257,VIP,False,782
PR0006774,2024-12-08,洗濯機,ドラム式洗濯機,341139,EC,,C02633,小林,女,56,東京都,2023-03-13,1,341139,Light,True,
PR0006775,2024-03-31,カメラ・ビデオ,ドローン,74537,店舗,秋葉原店,C02634,橋本,男,37,福岡県,2023-11-06,1,74537,Inactive,True,
PR0006776,2025-11-11,洗濯機,乾燥機能付き 10kg,89195,店舗,池袋店,C02635,木村,男,35,北海道,2025-05-29,1,89195,Light,True,
PR0006778,2024-02-27,PC・タブレット,タブレット 10型,325867,EC,,C02636,藤田,男,53,福岡県,2022-03-18,3,426001,Loyal,False,
PR0006779,2023-01-30,オーディオ,サウンドバー,57853,店舗,渋谷店,C02636,藤田,男,53,福岡県,2022-03-18,3,426001,Loyal,True,
PR0006777,2025-03-29,ゲーム・玩具,携帯ゲーム機,42281,店舗,大阪梅田店,C02636,藤田,男,53,福岡県,2022-03-18,3,426001,Loyal,False,
PR0006780,2025-02-14,PC・タブレット,2-in-1 PC,287494,店舗,福岡天神店,C02637,森,女,39,東京都,2022-04-08,3,485828,Loyal,False,
PR0006781,2022-07-16,スマートフォン,コンパクトモデル,106446,店舗,横浜駅前店,C02637,森,女,39,東京都,2022-04-08,3,485828,Loyal,True,
PR0006782,2024-10-02,スマートフォン,Pro モデル 512GB,91888,店舗,秋葉原店,C02637,森,女,39,東京都,2022-04-08,3,485828,Loyal,False,809
PR0006783,2026-03-07,冷蔵庫,フレンチドア 700L,247043,店舗,天王寺店,C02638,橋本,男,30,東京都,2023-01-08,1,247043,Light,True,
PR0006784,2022-09-22,PC・タブレット,ノートPC 13型,221165,店舗,新宿店,C02639,中村,男,38,神奈川県,2021-07-17,2,258020,Inactive,False,
PR0006785,2022-05-15,スマートフォン,Pro モデル 512GB,36855,店舗,渋谷店,C02639,中村,男,38,神奈川県,2021-07-17,2,258020,Inactive,True,
PR0006789,2024-09-17,エアコン,エアコン 6畳用,375075,店舗,横浜駅前店,C02640,藤田,男,40,兵庫県,2023-05-18,5,816070,VIP,False,
PR0006786,2025-07-18,スマートフォン,Pro モデル 512GB,94998,店舗,横浜駅前店,C02640,藤田,男,40,兵庫県,2023-05-18,5,816070,VIP,False,
PR0006790,2024-03-01,テレビ,有機EL 75型,212682,店舗,横浜駅前店,C02640,藤田,男,40,兵庫県,2023-05-18,5,816070,VIP,False,
PR0006787,2024-02-02,洗濯機,乾燥機能付き 10kg,86497,店舗,名古屋栄店,C02640,藤田,男,40,兵庫県,2023-05-18,5,816070,VIP,True,
PR0006788,2024-09-09,美容家電・小物,電動歯ブラシ,46818,店舗,名古屋栄店,C02640,藤田,男,40,兵庫県,2023-05-18,5,816070,VIP,False,
PR0006792,2024-02-02,スマートフォン,最新スマホ 256GB,124587,EC,,C02641,山本,女,30,北海道,2023-08-21,2,148325,Regular,True,
PR0006791,2024-05-31,美容家電・小物,ヘアアイロン,23738,EC,,C02641,山本,女,30,北海道,2023-08-21,2,148325,Regular,False,
PR0006793,2024-01-31,エアコン,エアコン 14畳用,261410,店舗,新宿店,C02642,前田,男,47,広島県,2023-04-13,2,338427,Inactive,True,
PR0006794,2024-02-21,オーディオ,ワイヤレスイヤホン,77017,EC,,C02642,前田,男,47,広島県,2023-04-13,2,338427,Inactive,False,
PR0006796,2025-08-09,スマートフォン,コンパクトモデル,119081,店舗,秋葉原店,C02643,松本,女,38,兵庫県,2021-08-29,2,194155,Regular,False,
PR0006795,2024-02-04,美容家電・小物,マッサージガン,75074,店舗,名古屋栄店,C02643,松本,女,38,兵庫県,2021-08-29,2,194155,Regular,True,
PR0006798,2026-03-18,冷蔵庫,フレンチドア 700L,233644,店舗,横浜駅前店,C02644,石井,女,22,北海道,2022-09-19,2,252266,Regular,False,
PR0006797,2025-01-11,美容家電・小物,ドライヤー,18622,店舗,池袋店,C02644,石井,女,22,北海道,2022-09-19,2,252266,Regular,True,
PR0006801,2023-11-23,スマートフォン,スタンダード 128GB,118176,店舗,渋谷店,C02645,阿部,女,44,愛知県,2023-08-01,3,603781,Loyal,True,
PR0006799,2025-03-23,テレビ,スマートテレビ 43型,459913,店舗,大阪梅田店,C02645,阿部,女,44,愛知県,2023-08-01,3,603781,Loyal,False,
PR0006800,2024-10-12,美容家電・小物,美顔器,25692,店舗,渋谷店,C02645,阿部,女,44,愛知県,2023-08-01,3,603781,Loyal,False,
PR0006803,2025-04-14,スマートフォン,コンパクトモデル,190234,EC,,C02646,坂本,女,63,愛知県,2023-02-12,2,223637,Regular,True,
PR0006802,2025-12-13,美容家電・小物,電動歯ブラシ,33403,店舗,池袋店,C02646,坂本,女,63,愛知県,2023-02-12,2,223637,Regular,False,
PR0006809,2025-08-18,エアコン,エアコン 14畳用,197339,店舗,渋谷店,C02647,遠藤,男,57,大阪府,2024-06-23,8,1535349,VIP,False,
PR0006806,2026-02-03,オーディオ,Bluetoothスピーカー,166925,店舗,横浜駅前店,C02647,遠藤,男,57,大阪府,2024-06-23,8,1535349,VIP,False,
PR0006805,2025-01-10,カメラ・ビデオ,交換レンズ,266161,店舗,名古屋栄店,C02647,遠藤,男,57,大阪府,2024-06-23,8,1535349,VIP,False,
PR0006811,2025-05-04,ゲーム・玩具,ボードゲーム,59990,店舗,池袋店,C02647,遠藤,男,57,大阪府,2024-06-23,8,1535349,VIP,False,
PR0006808,2025-10-05,スマートフォン,ミドルレンジ機種,197289,EC,,C02647,遠藤,男,57,大阪府,2024-06-23,8,1535349,VIP,False,
PR0006810,2025-08-12,冷蔵庫,コンパクト冷蔵庫,489012,EC,,C02647,遠藤,男,57,大阪府,2024-06-23,8,1535349,VIP,False,
PR0006807,2026-02-05,洗濯機,ドラム式洗濯機,101493,店舗,池袋店,C02647,遠藤,男,57,大阪府,2024-06-23,8,1535349,VIP,False,
PR0006804,2024-12-18,美容家電・小物,ドライヤー,57140,EC,,C02647,遠藤,男,57,大阪府,2024-06-23,8,1535349,VIP,True,
PR0006812,2021-12-22,ゲーム・玩具,携帯ゲーム機,32913,店舗,福岡天神店,C02648,池田,男,40,大阪府,2021-12-19,2,67280,Regular,True,
PR0006813,2025-02-21,美容家電・小物,ヘアアイロン,34367,店舗,天王寺店,C02648,池田,男,40,大阪府,2021-12-19,2,67280,Regular,False,
PR0006816,2025-04-28,PC・タブレット,ノートPC 15型,73639,EC,,C02649,森,男,57,北海道,2024-08-26,3,235838,Loyal,False,
PR0006814,2026-03-23,スマートフォン,コンパクトモデル,124615,店舗,名古屋栄店,C02649,森,男,57,北海道,2024-08-26,3,235838,Loyal,False,
PR0006815,2024-10-21,美容家電・小物,電気シェーバー,37584,EC,,C02649,森,男,57,北海道,2024-08-26,3,235838,Loyal,True,
PR0006818,2023-04-01,カメラ・ビデオ,ミラーレス一眼,271400,EC,,C02650,山口,男,33,宮城県,2022-10-27,3,821330,Loyal,True,
PR0006817,2024-10-10,スマートフォン,ミドルレンジ機種,160398,EC,,C02650,山口,男,33,宮城県,2022-10-27,3,821330,Loyal,False,
PR0006819,2025-07-14,冷蔵庫,冷蔵庫 600L 大型,389532,店舗,福岡天神店,C02650,山口,男,33,宮城県,2022-10-27,3,821330,Loyal,False,
PR0006820,2025-09-03,テレビ,有機EL 75型,244797,店舗,大阪梅田店,C02651,清水,男,32,兵庫県,2024-12-30,2,472039,Regular,True,
PR0006821,2025-10-10,洗濯機,乾燥機能付き 10kg,227242,EC,,C02651,清水,男,32,兵庫県,2024-12-30,2,472039,Regular,False,
PR0006822,2023-05-21,PC・タブレット,タブレット 10型,253352,EC,,C02652,山本,男,63,東京都,2021-12-26,2,705959,Inactive,False,
PR0006823,2023-04-15,テレビ,有機EL 75型,452607,店舗,横浜駅前店,C02652,山本,男,63,東京都,2021-12-26,2,705959,Inactive,True,
PR0006826,2026-03-28,PC・タブレット,2-in-1 PC,71957,店舗,池袋店,C02653,橋本,女,51,埼玉県,2024-11-11,3,227212,Loyal,False,
PR0006824,2025-01-18,洗濯機,乾燥機能付き 10kg,114710,店舗,大阪梅田店,C02653,橋本,女,51,埼玉県,2024-11-11,3,227212,Loyal,False,
PR0006825,2024-12-04,美容家電・小物,ドライヤー,40545,店舗,大阪梅田店,C02653,橋本,女,51,埼玉県,2024-11-11,3,227212,Loyal,True,
PR0006828,2023-03-21,PC・タブレット,ノートPC 13型,341719,店舗,名古屋栄店,C02654,高橋,男,52,千葉県,2023-01-18,2,528690,Inactive,True,
PR0006827,2024-01-08,テレビ,4K テレビ 50型,186971,EC,,C02654,高橋,男,52,千葉県,2023-01-18,2,528690,Inactive,False,
PR0006829,2022-12-16,オーディオ,ヘッドホン,88962,店舗,天王寺店,C02655,後藤,女,59,福岡県,2022-12-09,4,783077,Loyal,True,
PR0006830,2025-09-04,スマートフォン,コンパクトモデル,101250,EC,,C02655,後藤,女,59,福岡県,2022-12-09,4,783077,Loyal,False,
PR0006832,2024-11-02,テレビ,有機EL 75型,240253,店舗,大阪梅田店,C02655,後藤,女,59,福岡県,2022-12-09,4,783077,Loyal,False,
PR0006831,2025-05-22,冷蔵庫,冷蔵庫 500L,352612,店舗,新宿店,C02655,後藤,女,59,福岡県,2022-12-09,4,783077,Loyal,False,
PR0006836,2026-03-17,ゲーム・玩具,据置型ゲーム機,56471,EC,,C02656,高橋,男,47,福岡県,2026-01-23,5,1079441,VIP,False,
PR0006833,2026-02-14,スマートフォン,ハイエンド 1TB,193458,EC,,C02656,高橋,男,47,福岡県,2026-01-23,5,1079441,VIP,True,
PR0006837,2026-03-01,テレビ,4K テレビ 50型,142903,EC,,C02656,高橋,男,47,福岡県,2026-01-23,5,1079441,VIP,False,
PR0006835,2026-03-18,冷蔵庫,冷蔵庫 400L,388267,EC,,C02656,高橋,男,47,福岡県,2026-01-23,5,1079441,VIP,False,
PR0006834,2026-02-22,洗濯機,乾燥機能付き 10kg,298342,EC,,C02656,高橋,男,47,福岡県,2026-01-23,5,1079441,VIP,False,
PR0006839,2025-06-27,スマートフォン,スタンダード 128GB,98607,店舗,札幌駅前店,C02657,前田,女,65,福岡県,2025-04-09,2,149617,Regular,False,
PR0006838,2025-05-24,美容家電・小物,電動歯ブラシ,51010,店舗,福岡天神店,C02657,前田,女,65,福岡県,2025-04-09,2,149617,Regular,True,
PR0006840,2025-08-13,PC・タブレット,タブレット 10型,105584,店舗,渋谷店,C02658,佐藤,男,24,愛知県,2022-07-14,3,325226,Loyal,False,
PR0006841,2025-01-20,オーディオ,ターンテーブル,110649,店舗,池袋店,C02658,佐藤,男,24,愛知県,2022-07-14,3,325226,Loyal,True,
PR0006842,2026-01-07,カメラ・ビデオ,交換レンズ,108993,店舗,渋谷店,C02658,佐藤,男,24,愛知県,2022-07-14,3,325226,Loyal,False,
PR0006849,2024-07-20,PC・タブレット,ノートPC 13型,283906,店舗,天王寺店,C02659,石井,男,50,兵庫県,2024-04-02,8,1408694,VIP,False,
PR0006844,2026-01-28,ゲーム・玩具,ゲームソフト,35915,店舗,福岡天神店,C02659,石井,男,50,兵庫県,2024-04-02,8,1408694,VIP,False,
PR0006845,2024-05-06,スマートフォン,最新スマホ 256GB,157285,店舗,天王寺店,C02659,石井,男,50,兵庫県,2024-04-02,8,1408694,VIP,True,
PR0006846,2026-03-15,スマートフォン,ミドルレンジ機種,89021,店舗,新宿店,C02659,石井,男,50,兵庫県,2024-04-02,8,1408694,VIP,False,678
PR0006843,2025-03-11,テレビ,スマートテレビ 43型,377657,店舗,福岡天神店,C02659,石井,男,50,兵庫県,2024-04-02,8,1408694,VIP,False,
PR0006847,2025-04-07,冷蔵庫,コンパクト冷蔵庫,226421,店舗,天王寺店,C02659,石井,男,50,兵庫県,2024-04-02,8,1408694,VIP,False,
PR0006848,2024-06-17,洗濯機,乾燥機能付き 10kg,200689,店舗,池袋店,C02659,石井,男,50,兵庫県,2024-04-02,8,1408694,VIP,False,
PR0006850,2025-12-30,美容家電・小物,ヘアアイロン,37800,店舗,秋葉原店,C02659,石井,男,50,兵庫県,2024-04-02,8,1408694,VIP,False,
PR0006851,2024-02-09,テレビ,有機EL 55型,345290,店舗,横浜駅前店,C02660,井上,女,50,大阪府,2023-05-27,2,620349,Inactive,False,
PR0006852,2023-10-23,洗濯機,ドラム式洗濯機,275059,EC,,C02660,井上,女,50,大阪府,2023-05-27,2,620349,Inactive,True,
PR0006854,2023-10-14,スマートフォン,コンパクトモデル,102470,EC,,C02661,吉田,男,45,福岡県,2023-09-18,2,411311,Inactive,True,
PR0006853,2023-11-13,洗濯機,乾燥機能付き 10kg,308841,EC,,C02661,吉田,男,45,福岡県,2023-09-18,2,411311,Inactive,False,
PR0006856,2025-07-26,PC・タブレット,ノートPC 13型,251290,店舗,秋葉原店,C02662,石川,男,27,兵庫県,2025-07-06,2,387175,Regular,True,
PR0006855,2025-10-12,スマートフォン,コンパクトモデル,135885,店舗,名古屋栄店,C02662,石川,男,27,兵庫県,2025-07-06,2,387175,Regular,False,
PR0006857,2023-11-19,スマートフォン,ハイエンド 1TB,143062,店舗,札幌駅前店,C02664,林,男,32,神奈川県,2023-08-05,2,376564,Regular,True,
PR0006858,2024-11-27,冷蔵庫,冷蔵庫 400L,233502,店舗,横浜駅前店,C02664,林,男,32,神奈川県,2023-08-05,2,376564,Regular,False,
PR0006859,2025-10-19,エアコン,エアコン 10畳用,149784,店舗,池袋店,C02665,岡田,男,44,千葉県,2024-08-26,3,527140,Loyal,False,
PR0006860,2025-08-09,カメラ・ビデオ,ミラーレス一眼,194964,店舗,福岡天神店,C02665,岡田,男,44,千葉県,2024-08-26,3,527140,Loyal,True,
PR0006861,2025-09-23,洗濯機,ドラム式洗濯機,182392,店舗,池袋店,C02665,岡田,男,44,千葉県,2024-08-26,3,527140,Loyal,False,
PR0006862,2025-09-19,スマートフォン,最新スマホ 256GB,91994,店舗,名古屋栄店,C02666,岡田,男,35,宮城県,2024-03-15,2,287478,Regular,False,
PR0006863,2024-04-03,洗濯機,ドラム式洗濯機,195484,店舗,秋葉原店,C02666,岡田,男,35,宮城県,2024-03-15,2,287478,Regular,True,
PR0006866,2024-05-05,スマートフォン,ミドルレンジ機種,81090,EC,,C02667,坂本,女,58,東京都,2021-08-11,3,208160,Loyal,False,
PR0006864,2021-09-27,美容家電・小物,ヘアアイロン,49090,EC,,C02667,坂本,女,58,東京都,2021-08-11,3,208160,Loyal,True,
PR0006865,2025-01-12,美容家電・小物,美顔器,77980,EC,,C02667,坂本,女,58,東京都,2021-08-11,3,208160,Loyal,False,1203
PR0006868,2023-10-31,PC・タブレット,ノートPC 13型,105243,店舗,新宿店,C02668,後藤,男,42,千葉県,2023-08-30,2,292509,Inactive,False,
PR0006867,2023-10-08,スマートフォン,最新スマホ 256GB,187266,店舗,福岡天神店,C02668,後藤,男,42,千葉県,2023-08-30,2,292509,Inactive,True,
PR0006869,2026-03-19,エアコン,エアコン 18畳用,388679,店舗,横浜駅前店,C02669,山本,女,51,大阪府,2025-12-08,2,406071,Regular,False,
PR0006870,2026-02-28,美容家電・小物,ヘアアイロン,17392,店舗,新宿店,C02669,山本,女,51,大阪府,2025-12-08,2,406071,Regular,True,
PR0006872,2024-08-23,テレビ,4K テレビ 50型,499124,店舗,札幌駅前店,C02670,佐藤,女,41,東京都,2021-07-29,2,552498,Regular,False,
PR0006871,2024-02-02,美容家電・小物,電動歯ブラシ,53374,店舗,渋谷店,C02670,佐藤,女,41,東京都,2021-07-29,2,552498,Regular,True,
PR0006875,2025-12-01,PC・タブレット,ゲーミングPC,128655,店舗,名古屋栄店,C02671,松本,男,52,広島県,2025-10-25,4,701833,Loyal,False,
PR0006874,2025-11-27,オーディオ,Bluetoothスピーカー,159210,店舗,天王寺店,C02671,松本,男,52,広島県,2025-10-25,4,701833,Loyal,True,
PR0006873,2026-03-16,スマートフォン,Pro モデル 512GB,124623,店舗,名古屋栄店,C02671,松本,男,52,広島県,2025-10-25,4,701833,Loyal,False,
PR0006876,2026-03-05,テレビ,4K テレビ 50型,289345,店舗,秋葉原店,C02671,松本,男,52,広島県,2025-10-25,4,701833,Loyal,False,
PR0006877,2025-04-12,テレビ,スマートテレビ 43型,86501,店舗,名古屋栄店,C02672,佐々木,男,61,神奈川県,2024-07-16,2,431808,Regular,False,
PR0006878,2024-12-30,洗濯機,ドラム式洗濯機,345307,店舗,横浜駅前店,C02672,佐々木,男,61,神奈川県,2024-07-16,2,431808,Regular,True,
PR0006880,2025-12-19,PC・タブレット,2-in-1 PC,240354,店舗,横浜駅前店,C02673,田中,女,49,福岡県,2025-12-11,3,381507,Loyal,False,
PR0006879,2026-02-27,スマートフォン,スタンダード 128GB,100974,店舗,秋葉原店,C02673,田中,女,49,福岡県,2025-12-11,3,381507,Loyal,False,
PR0006881,2025-12-17,美容家電・小物,電動歯ブラシ,40179,店舗,福岡天神店,C02673,田中,女,49,福岡県,2025-12-11,3,381507,Loyal,True,
PR0006883,2025-05-23,PC・タブレット,ノートPC 15型,229858,店舗,秋葉原店,C02674,山崎,女,75,広島県,2025-03-11,2,435170,Regular,True,
PR0006882,2025-09-08,カメラ・ビデオ,ミラーレス一眼,205312,EC,,C02674,山崎,女,75,広島県,2025-03-11,2,435170,Regular,False,
PR0006884,2024-11-12,カメラ・ビデオ,ミラーレス一眼,296021,店舗,名古屋栄店,C02675,鈴木,男,50,愛知県,2024-08-16,2,635793,Regular,True,
PR0006885,2025-07-12,洗濯機,コンパクト洗濯機,339772,店舗,大阪梅田店,C02675,鈴木,男,50,愛知県,2024-08-16,2,635793,Regular,False,
PR0006886,2025-10-14,カメラ・ビデオ,コンパクトデジカメ,214678,店舗,大阪梅田店,C02676,林,男,26,福岡県,2025-08-07,2,232323,Regular,True,
PR0006887,2026-01-16,美容家電・小物,マッサージガン,17645,EC,,C02676,林,男,26,福岡県,2025-08-07,2,232323,Regular,False,
PR0006888,2026-01-30,洗濯機,コンパクト洗濯機,129701,店舗,名古屋栄店,C02679,伊藤,女,30,京都府,2025-01-24,1,129701,Light,True,
PR0006890,2024-07-09,スマートフォン,最新スマホ 256GB,166039,EC,,C02680,松本,女,42,北海道,2023-08-29,2,216528,Regular,True,
PR0006889,2025-04-14,美容家電・小物,電動歯ブラシ,50489,EC,,C02680,松本,女,42,北海道,2023-08-29,2,216528,Regular,False,
PR0006892,2022-07-28,冷蔵庫,コンパクト冷蔵庫,359394,店舗,大阪梅田店,C02681,阿部,男,40,神奈川県,2021-11-25,2,696025,Inactive,True,
PR0006891,2023-05-11,洗濯機,全自動 8kg,336631,店舗,福岡天神店,C02681,阿部,男,40,神奈川県,2021-11-25,2,696025,Inactive,False,
PR0006893,2023-04-26,PC・タブレット,ワークステーション,318977,EC,,C02682,鈴木,女,29,京都府,2022-07-30,1,318977,Inactive,True,
PR0006895,2023-11-08,PC・タブレット,2-in-1 PC,68994,EC,,C02683,村上,男,22,福岡県,2023-03-30,2,317410,Inactive,False,
PR0006894,2023-05-11,カメラ・ビデオ,交換レンズ,248416,店舗,池袋店,C02683,村上,男,22,福岡県,2023-03-30,2,317410,Inactive,True,
PR0006896,2025-12-16,PC・タブレット,ゲーミングPC,184622,EC,,C02684,鈴木,男,48,千葉県,2023-02-02,2,375527,Regular,False,
PR0006897,2025-04-18,洗濯機,ドラム式洗濯機,190905,店舗,秋葉原店,C02684,鈴木,男,48,千葉県,2023-02-02,2,375527,Regular,True,
PR0006901,2025-11-05,PC・タブレット,ゲーミングPC,310559,店舗,福岡天神店,C02685,斎藤,男,40,宮城県,2025-09-17,4,636053,Loyal,True,
PR0006900,2026-03-07,ゲーム・玩具,据置型ゲーム機,43192,店舗,天王寺店,C02685,斎藤,男,40,宮城県,2025-09-17,4,636053,Loyal,False,
PR0006898,2025-12-06,スマートフォン,ハイエンド 1TB,30395,店舗,渋谷店,C02685,斎藤,男,40,宮城県,2025-09-17,4,636053,Loyal,False,
PR0006899,2026-03-18,洗濯機,乾燥機能付き 10kg,251907,EC,,C02685,斎藤,男,40,宮城県,2025-09-17,4,636053,Loyal,False,
PR0006902,2024-08-04,ゲーム・玩具,ボードゲーム,61394,店舗,池袋店,C02686,佐藤,女,46,埼玉県,2023-11-27,5,603590,VIP,False,
PR0006904,2025-05-21,スマートフォン,Pro モデル 512GB,169055,EC,,C02686,佐藤,女,46,埼玉県,2023-11-27,5,603590,VIP,False,
PR0006903,2024-03-13,テレビ,4K テレビ 50型,179797,店舗,福岡天神店,C02686,佐藤,女,46,埼玉県,2023-11-27,5,603590,VIP,True,
PR0006906,2024-03-30,洗濯機,コンパクト洗濯機,133275,店舗,天王寺店,C02686,佐藤,女,46,埼玉県,2023-11-27,5,603590,VIP,False,
PR0006905,2025-11-11,美容家電・小物,マッサージガン,60069,店舗,大阪梅田店,C02686,佐藤,女,46,埼玉県,2023-11-27,5,603590,VIP,False,
PR0006909,2026-03-15,PC・タブレット,ゲーミングPC,76267,店舗,天王寺店,C02687,佐々木,男,63,千葉県,2025-12-23,3,599674,Loyal,False,
PR0006907,2026-01-05,スマートフォン,スタンダード 128GB,40596,EC,,C02687,佐々木,男,63,千葉県,2025-12-23,3,599674,Loyal,True,
PR0006908,2026-03-01,テレビ,プロジェクター,482811,EC,,C02687,佐々木,男,63,千葉県,2025-12-23,3,599674,Loyal,False,
PR0006911,2023-08-17,PC・タブレット,タブレット 10型,134827,EC,,C02688,伊藤,男,35,福岡県,2021-09-09,2,266962,Inactive,False,
PR0006910,2022-01-16,エアコン,エアコン 6畳用,132135,店舗,秋葉原店,C02688,伊藤,男,35,福岡県,2021-09-09,2,266962,Inactive,True,
PR0006914,2025-12-27,スマートフォン,ハイエンド 1TB,56759,店舗,新宿店,C02689,阿部,女,40,大阪府,2025-08-20,3,554196,Loyal,False,
PR0006913,2025-10-04,テレビ,有機EL 75型,478429,EC,,C02689,阿部,女,40,大阪府,2025-08-20,3,554196,Loyal,True,
PR0006912,2025-12-07,美容家電・小物,ヘアアイロン,19008,EC,,C02689,阿部,女,40,大阪府,2025-08-20,3,554196,Loyal,False,
PR0006915,2024-03-16,美容家電・小物,ヘアアイロン,74653,店舗,秋葉原店,C02690,森,女,59,兵庫県,2023-02-12,1,74653,Inactive,True,
PR0006916,2022-11-22,冷蔵庫,フレンチドア 700L,301480,店舗,横浜駅前店,C02691,青木,女,40,神奈川県,2021-07-21,1,301480,Inactive,True,
PR0006917,2026-02-03,PC・タブレット,ノートPC 15型,331811,EC,,C02692,山下,男,47,千葉県,2023-07-11,5,1001087,VIP,False,
PR0006920,2025-03-08,エアコン,業務用エアコン,277794,店舗,札幌駅前店,C02692,山下,男,47,千葉県,2023-07-11,5,1001087,VIP,False,
PR0006921,2025-12-03,ゲーム・玩具,VR ゴーグル,76212,EC,,C02692,山下,男,47,千葉県,2023-07-11,5,1001087,VIP,False,
PR0006918,2026-03-12,スマートフォン,Pro モデル 512GB,177254,EC,,C02692,山下,男,47,千葉県,2023-07-11,5,1001087,VIP,False,
PR0006919,2024-04-02,テレビ,4K テレビ 65型,138016,EC,,C02692,山下,男,47,千葉県,2023-07-11,5,1001087,VIP,True,
PR0006923,2025-10-18,PC・タブレット,ゲーミングPC,52587,EC,,C02693,近藤,女,65,兵庫県,2024-09-28,2,339297,Regular,True,
PR0006922,2026-03-09,洗濯機,全自動 8kg,286710,EC,,C02693,近藤,女,65,兵庫県,2024-09-28,2,339297,Regular,False,
PR0006925,2026-01-27,エアコン,エアコン 18畳用,93253,店舗,横浜駅前店,C02694,山田,男,33,宮城県,2024-07-24,2,115723,Regular,False,
PR0006924,2025-09-16,ゲーム・玩具,携帯ゲーム機,22470,店舗,札幌駅前店,C02694,山田,男,33,宮城県,2024-07-24,2,115723,Regular,True,
PR0006926,2025-07-24,洗濯機,コンパクト洗濯機,89512,店舗,池袋店,C02695,林,男,59,北海道,2024-01-23,1,89512,Light,True,
PR0006928,2025-12-14,スマートフォン,最新スマホ 256GB,155376,EC,,C02696,鈴木,女,51,兵庫県,2025-01-25,2,166743,Regular,False,
PR0006927,2025-08-19,美容家電・小物,電動歯ブラシ,11367,EC,,C02696,鈴木,女,51,兵庫県,2025-01-25,2,166743,Regular,True,
PR0006929,2025-03-29,テレビ,4K テレビ 50型,487605,店舗,秋葉原店,C02697,小林,男,44,大阪府,2024-01-02,1,487605,Light,True,
PR0006931,2023-09-10,スマートフォン,ハイエンド 1TB,197361,EC,,C02698,渡辺,女,24,宮城県,2021-06-13,2,255251,Inactive,False,
PR0006930,2023-01-13,美容家電・小物,マッサージガン,57890,EC,,C02698,渡辺,女,24,宮城県,2021-06-13,2,255251,Inactive,True,
PR0006933,2023-12-27,テレビ,有機EL 75型,140468,店舗,渋谷店,C02699,中村,男,40,京都府,2022-04-15,2,295093,Inactive,False,
PR0006932,2022-05-31,冷蔵庫,冷蔵庫 600L 大型,154625,店舗,天王寺店,C02699,中村,男,40,京都府,2022-04-15,2,295093,Inactive,True,
PR0006936,2025-08-31,オーディオ,ターンテーブル,109188,店舗,福岡天神店,C02700,岡田,男,51,京都府,2021-10-24,3,635884,Loyal,False,
PR0006934,2023-03-17,テレビ,有機EL 75型,262061,店舗,札幌駅前店,C02700,岡田,男,51,京都府,2021-10-24,3,635884,Loyal,True,
PR0006935,2023-08-16,冷蔵庫,冷蔵庫 400L,264635,店舗,新宿店,C02700,岡田,男,51,京都府,2021-10-24,3,635884,Loyal,False,
PR0006937,2025-09-15,PC・タブレット,ゲーミングPC,196970,EC,,C02701,高橋,男,22,広島県,2024-12-26,4,739746,Loyal,False,
PR0006939,2025-06-03,スマートフォン,ミドルレンジ機種,156813,店舗,福岡天神店,C02701,高橋,男,22,広島県,2024-12-26,4,739746,Loyal,True,
PR0006938,2025-11-10,テレビ,スマートテレビ 43型,359030,EC,,C02701,高橋,男,22,広島県,2024-12-26,4,739746,Loyal,False,
PR0006940,2025-11-05,美容家電・小物,電気シェーバー,26933,EC,,C02701,高橋,男,22,広島県,2024-12-26,4,739746,Loyal,False,
PR0006941,2024-03-21,テレビ,有機EL 75型,295262,店舗,渋谷店,C02703,長谷川,女,66,大阪府,2023-06-21,1,295262,Inactive,True,
PR0006945,2026-02-04,PC・タブレット,2-in-1 PC,66010,EC,,C02704,斎藤,男,61,宮城県,2025-12-12,4,390106,Loyal,False,
PR0006943,2026-03-25,エアコン,エアコン 18畳用,130880,EC,,C02704,斎藤,男,61,宮城県,2025-12-12,4,390106,Loyal,False,
PR0006942,2026-01-30,テレビ,プロジェクター,100902,EC,,C02704,斎藤,男,61,宮城県,2025-12-12,4,390106,Loyal,True,
PR0006944,2026-03-20,洗濯機,ドラム式洗濯機,92314,EC,,C02704,斎藤,男,61,宮城県,2025-12-12,4,390106,Loyal,False,
PR0006947,2024-12-03,エアコン,エアコン 6畳用,249230,店舗,福岡天神店,C02705,加藤,女,37,兵庫県,2021-10-23,2,326944,Regular,True,
PR0006946,2025-03-05,美容家電・小物,ヘアアイロン,77714,店舗,札幌駅前店,C02705,加藤,女,37,兵庫県,2021-10-23,2,326944,Regular,False,
PR0006949,2025-07-12,ゲーム・玩具,コントローラ,63433,店舗,福岡天神店,C02706,清水,男,60,埼玉県,2023-11-17,2,286860,Regular,False,
PR0006948,2025-03-06,テレビ,4K テレビ 50型,223427,EC,,C02706,清水,男,60,埼玉県,2023-11-17,2,286860,Regular,True,
PR0006950,2025-12-03,PC・タブレット,ワークステーション,242250,EC,,C02707,小林,女,53,埼玉県,2025-05-31,2,282008,Regular,False,
PR0006951,2025-12-02,オーディオ,Bluetoothスピーカー,39758,EC,,C02707,小林,女,53,埼玉県,2025-05-31,2,282008,Regular,True,
PR0006952,2026-03-15,PC・タブレット,ノートPC 15型,114856,EC,,C02708,渡辺,男,47,北海道,2025-10-24,1,114856,Light,True,
PR0006953,2026-03-23,カメラ・ビデオ,交換レンズ,184666,EC,,C02710,遠藤,女,47,京都府,2025-04-14,2,230345,Regular,True,
PR0006954,2026-03-27,美容家電・小物,ヘアアイロン,45679,EC,,C02710,遠藤,女,47,京都府,2025-04-14,2,230345,Regular,False,
PR0006956,2024-10-18,PC・タブレット,ノートPC 13型,155040,店舗,天王寺店,C02711,鈴木,男,64,大阪府,2023-09-09,2,506683,Regular,True,
PR0006955,2025-05-18,テレビ,4K テレビ 65型,351643,店舗,秋葉原店,C02711,鈴木,男,64,大阪府,2023-09-09,2,506683,Regular,False,
PR0006958,2026-02-07,エアコン,エアコン 6畳用,335844,店舗,横浜駅前店,C02712,吉田,男,38,千葉県,2025-01-09,2,587856,Regular,True,
PR0006957,2026-03-18,テレビ,4K テレビ 50型,252012,店舗,福岡天神店,C02712,吉田,男,38,千葉県,2025-01-09,2,587856,Regular,False,
PR0006959,2025-11-30,PC・タブレット,タブレット 10型,248353,店舗,渋谷店,C02713,加藤,男,57,北海道,2024-03-18,6,1253802,VIP,False,
PR0006960,2024-10-17,オーディオ,サウンドバー,89454,店舗,札幌駅前店,C02713,加藤,男,57,北海道,2024-03-18,6,1253802,VIP,False,
PR0006963,2026-02-01,カメラ・ビデオ,ドローン,91913,店舗,渋谷店,C02713,加藤,男,57,北海道,2024-03-18,6,1253802,VIP,False,
PR0006964,2024-11-22,スマートフォン,スタンダード 128GB,99936,店舗,秋葉原店,C02713,加藤,男,57,北海道,2024-03-18,6,1253802,VIP,False,
PR0006961,2024-08-05,テレビ,4K テレビ 50型,328679,店舗,新宿店,C02713,加藤,男,57,北海道,2024-03-18,6,1253802,VIP,True,
PR0006962,2026-01-03,冷蔵庫,冷蔵庫 500L,395467,店舗,福岡天神店,C02713,加藤,男,57,北海道,2024-03-18,6,1253802,VIP,False,
PR0006970,2025-09-14,PC・タブレット,ノートPC 13型,159378,EC,,C02714,橋本,男,37,愛知県,2024-11-03,7,1357808,VIP,False,
PR0006967,2026-03-11,エアコン,エアコン 6畳用,227805,店舗,横浜駅前店,C02714,橋本,男,37,愛知県,2024-11-03,7,1357808,VIP,False,
PR0006966,2025-12-02,ゲーム・玩具,VR ゴーグル,20034,EC,,C02714,橋本,男,37,愛知県,2024-11-03,7,1357808,VIP,False,
PR0006965,2025-12-31,スマートフォン,ミドルレンジ機種,127595,店舗,福岡天神店,C02714,橋本,男,37,愛知県,2024-11-03,7,1357808,VIP,False,
PR0006969,2024-12-01,テレビ,スマートテレビ 43型,385571,EC,,C02714,橋本,男,37,愛知県,2024-11-03,7,1357808,VIP,False,
PR0006971,2025-08-05,冷蔵庫,フレンチドア 700L,420760,店舗,大阪梅田店,C02714,橋本,男,37,愛知県,2024-11-03,7,1357808,VIP,False,
PR0006968,2024-11-20,美容家電・小物,美顔器,16665,店舗,大阪梅田店,C02714,橋本,男,37,愛知県,2024-11-03,7,1357808,VIP,True,
PR0006972,2025-09-21,エアコン,エアコン 10畳用,120638,店舗,横浜駅前店,C02715,青木,男,40,埼玉県,2025-08-03,2,285496,Regular,False,
PR0006973,2025-08-21,スマートフォン,ミドルレンジ機種,164858,店舗,秋葉原店,C02715,青木,男,40,埼玉県,2025-08-03,2,285496,Regular,True,
PR0006974,2024-05-05,スマートフォン,ミドルレンジ機種,159660,店舗,池袋店,C02716,吉田,男,22,神奈川県,2021-11-14,2,237121,Regular,False,
PR0006975,2023-08-18,美容家電・小物,ドライヤー,77461,店舗,新宿店,C02716,吉田,男,22,神奈川県,2021-11-14,2,237121,Regular,True,
PR0006976,2025-10-09,エアコン,業務用エアコン,317113,店舗,池袋店,C02717,小林,女,43,神奈川県,2022-09-20,1,317113,Light,True,
PR0006980,2025-12-05,PC・タブレット,2-in-1 PC,279054,EC,,C02718,中島,男,50,東京都,2022-09-03,6,1251100,VIP,False,
PR0006978,2024-08-09,エアコン,エアコン 6畳用,319155,店舗,福岡天神店,C02718,中島,男,50,東京都,2022-09-03,6,1251100,VIP,False,
PR0006979,2023-03-09,冷蔵庫,コンパクト冷蔵庫,373482,EC,,C02718,中島,男,50,東京都,2022-09-03,6,1251100,VIP,True,
PR0006977,2023-12-31,洗濯機,コンパクト洗濯機,211396,EC,,C02718,中島,男,50,東京都,2022-09-03,6,1251100,VIP,False,
PR0006981,2023-04-10,美容家電・小物,マッサージガン,20641,EC,,C02718,中島,男,50,東京都,2022-09-03,6,1251100,VIP,False,
PR0006982,2026-01-11,美容家電・小物,電気シェーバー,47372,EC,,C02718,中島,男,50,東京都,2022-09-03,6,1251100,VIP,False,1007
PR0006984,2026-03-26,PC・タブレット,タブレット 10型,229490,店舗,渋谷店,C02719,長谷川,男,40,大阪府,2025-01-14,3,563704,Loyal,False,
PR0006983,2025-08-13,テレビ,有機EL 75型,308617,EC,,C02719,長谷川,男,40,大阪府,2025-01-14,3,563704,Loyal,True,
PR0006985,2025-11-20,美容家電・小物,ドライヤー,25597,店舗,新宿店,C02719,長谷川,男,40,大阪府,2025-01-14,3,563704,Loyal,False,
PR0006987,2023-12-19,オーディオ,ワイヤレスイヤホン,81121,EC,,C02720,斎藤,男,59,京都府,2022-03-22,2,253165,Inactive,False,
PR0006986,2023-03-18,洗濯機,コンパクト洗濯機,172044,店舗,大阪梅田店,C02720,斎藤,男,59,京都府,2022-03-22,2,253165,Inactive,True,
PR0006989,2026-01-14,スマートフォン,ミドルレンジ機種,198272,店舗,新宿店,C02721,佐々木,男,32,宮城県,2025-09-01,2,228492,Regular,True,
PR0006988,2026-02-18,美容家電・小物,ヘアアイロン,30220,店舗,横浜駅前店,C02721,佐々木,男,32,宮城県,2025-09-01,2,228492,Regular,False,
PR0006990,2026-03-03,カメラ・ビデオ,コンパクトデジカメ,57857,店舗,秋葉原店,C02722,小林,男,48,宮城県,2024-12-04,3,242181,Loyal,False,
PR0006991,2025-12-04,冷蔵庫,冷蔵庫 500L,159757,店舗,池袋店,C02722,小林,男,48,宮城県,2024-12-04,3,242181,Loyal,False,
PR0006992,2024-12-08,美容家電・小物,電動歯ブラシ,24567,EC,,C02722,小林,男,48,宮城県,2024-12-04,3,242181,Loyal,True,
PR0006993,2023-10-14,スマートフォン,Pro モデル 512GB,195425,店舗,渋谷店,C02723,石井,男,58,愛知県,2021-08-07,1,195425,Inactive,True,
PR0006994,2024-01-20,ゲーム・玩具,VR ゴーグル,59802,店舗,池袋店,C02724,前田,女,64,東京都,2022-06-25,1,59802,Inactive,True,
PR0006996,2021-11-22,オーディオ,Bluetoothスピーカー,74433,店舗,福岡天神店,C02725,加藤,女,48,北海道,2021-08-11,2,82265,Regular,True,
PR0006995,2025-11-13,美容家電・小物,電気シェーバー,7832,店舗,札幌駅前店,C02725,加藤,女,48,北海道,2021-08-11,2,82265,Regular,False,
PR0006999,2025-12-09,PC・タブレット,ワークステーション,222414,店舗,名古屋栄店,C02726,佐々木,男,42,千葉県,2025-07-18,3,577947,Loyal,False,
PR0006997,2025-09-11,スマートフォン,ハイエンド 1TB,69771,店舗,秋葉原店,C02726,佐々木,男,42,千葉県,2025-07-18,3,577947,Loyal,True,
PR0006998,2025-11-21,冷蔵庫,冷蔵庫 500L,285762,店舗,横浜駅前店,C02726,佐々木,男,42,千葉県,2025-07-18,3,577947,Loyal,False,
PR0007000,2026-02-10,PC・タブレット,2-in-1 PC,92407,EC,,C02727,中村,女,41,千葉県,2025-10-25,1,92407,Light,True,
PR0007006,2025-07-05,エアコン,エアコン 14畳用,117523,EC,,C02728,山本,男,41,福岡県,2024-12-17,8,957051,VIP,False,
PR0007008,2025-01-13,オーディオ,ホームオーディオ,149217,EC,,C02728,山本,男,41,福岡県,2024-12-17,8,957051,VIP,True,
PR0007004,2025-06-11,カメラ・ビデオ,ミラーレス一眼,72134,EC,,C02728,山本,男,41,福岡県,2024-12-17,8,957051,VIP,False,
PR0007003,2025-07-13,ゲーム・玩具,コントローラ,38286,EC,,C02728,山本,男,41,福岡県,2024-12-17,8,957051,VIP,False,
PR0007001,2025-09-28,スマートフォン,コンパクトモデル,83637,EC,,C02728,山本,男,41,福岡県,2024-12-17,8,957051,VIP,False,
PR0007005,2025-12-02,テレビ,プロジェクター,119485,EC,,C02728,山本,男,41,福岡県,2024-12-17,8,957051,VIP,False,
PR0007002,2025-03-15,冷蔵庫,冷蔵庫 500L,258291,EC,,C02728,山本,男,41,福岡県,2024-12-17,8,957051,VIP,False,
PR0007007,2025-01-23,洗濯機,コンパクト洗濯機,118478,EC,,C02728,山本,男,41,福岡県,2024-12-17,8,957051,VIP,False,
PR0007010,2024-02-08,PC・タブレット,タブレット 10型,114704,店舗,渋谷店,C02729,橋本,女,47,大阪府,2022-12-09,3,580962,Loyal,False,
PR0007009,2023-08-16,エアコン,エアコン 14畳用,121800,EC,,C02729,橋本,女,47,大阪府,2022-12-09,3,580962,Loyal,True,
PR0007011,2025-03-08,テレビ,4K テレビ 50型,344458,店舗,札幌駅前店,C02729,橋本,女,47,大阪府,2022-12-09,3,580962,Loyal,False,
PR0007012,2024-03-17,エアコン,業務用エアコン,130827,EC,,C02730,坂本,男,38,京都府,2022-06-28,2,352540,Inactive,False,
PR0007013,2023-01-30,テレビ,有機EL 75型,221713,店舗,札幌駅前店,C02730,坂本,男,38,京都府,2022-06-28,2,352540,Inactive,True,
PR0007014,2023-02-24,カメラ・ビデオ,ミラーレス一眼,208414,EC,,C02731,阿部,男,56,千葉県,2022-04-28,2,380163,Inactive,True,
PR0007015,2024-04-24,洗濯機,ドラム式洗濯機,171749,EC,,C02731,阿部,男,56,千葉県,2022-04-28,2,380163,Inactive,False,
PR0007016,2025-12-17,テレビ,スマートテレビ 43型,396473,店舗,名古屋栄店,C02732,鈴木,男,39,北海道,2024-03-03,1,396473,Light,True,
PR0007018,2025-07-01,オーディオ,Bluetoothスピーカー,43470,EC,,C02733,吉田,男,69,大阪府,2021-06-06,3,293905,Loyal,False,
PR0007019,2021-07-12,カメラ・ビデオ,ミラーレス一眼,206019,EC,,C02733,吉田,男,69,大阪府,2021-06-06,3,293905,Loyal,True,
PR0007017,2023-08-29,スマートフォン,最新スマホ 256GB,44416,EC,,C02733,吉田,男,69,大阪府,2021-06-06,3,293905,Loyal,False,
PR0007020,2025-02-24,テレビ,4K テレビ 65型,182504,店舗,名古屋栄店,C02734,阿部,女,29,北海道,2024-03-24,2,204930,Regular,True,
PR0007021,2025-05-26,美容家電・小物,電気シェーバー,22426,EC,,C02734,阿部,女,29,北海道,2024-03-24,2,204930,Regular,False,
PR0007022,2023-04-24,スマートフォン,ハイエンド 1TB,46299,店舗,秋葉原店,C02735,池田,女,48,兵庫県,2021-04-20,3,344100,Loyal,True,
PR0007023,2025-06-08,スマートフォン,コンパクトモデル,98275,店舗,大阪梅田店,C02735,池田,女,48,兵庫県,2021-04-20,3,344100,Loyal,False,776
PR0007024,2025-12-20,テレビ,4K テレビ 50型,199526,店舗,池袋店,C02735,池田,女,48,兵庫県,2021-04-20,3,344100,Loyal,False,
PR0007026,2026-03-26,カメラ・ビデオ,ドローン,266864,店舗,横浜駅前店,C02736,前田,女,52,京都府,2022-08-28,3,590374,Loyal,False,
PR0007027,2024-06-12,スマートフォン,ミドルレンジ機種,106743,店舗,大阪梅田店,C02736,前田,女,52,京都府,2022-08-28,3,590374,Loyal,True,
PR0007025,2024-11-11,冷蔵庫,冷蔵庫 400L,216767,店舗,横浜駅前店,C02736,前田,女,52,京都府,2022-08-28,3,590374,Loyal,False,
PR0007029,2025-11-15,PC・タブレット,ゲーミングPC,321700,店舗,秋葉原店,C02737,佐藤,男,56,東京都,2022-06-25,2,586449,Regular,False,
PR0007028,2024-02-07,テレビ,4K テレビ 65型,264749,店舗,名古屋栄店,C02737,佐藤,男,56,東京都,2022-06-25,2,586449,Regular,True,
PR0007031,2024-02-14,テレビ,プロジェクター,241206,店舗,福岡天神店,C02738,中島,男,24,東京都,2022-12-21,2,610715,Inactive,False,
PR0007030,2023-02-06,冷蔵庫,フレンチドア 700L,369509,店舗,横浜駅前店,C02738,中島,男,24,東京都,2022-12-21,2,610715,Inactive,True,
PR0007032,2023-10-12,スマートフォン,スタンダード 128GB,125566,店舗,渋谷店,C02739,井上,女,28,北海道,2022-12-08,3,325852,Loyal,True,
PR0007033,2025-11-30,スマートフォン,スタンダード 128GB,78464,店舗,秋葉原店,C02739,井上,女,28,北海道,2022-12-08,3,325852,Loyal,False,780
PR0007034,2025-04-05,冷蔵庫,冷蔵庫 600L 大型,121822,EC,,C02739,井上,女,28,北海道,2022-12-08,3,325852,Loyal,False,
PR0007035,2024-04-26,美容家電・小物,電気シェーバー,66231,店舗,池袋店,C02740,吉田,女,75,広島県,2023-12-12,1,66231,Inactive,True,
PR0007036,2022-04-28,スマートフォン,最新スマホ 256GB,133269,店舗,天王寺店,C02741,橋本,女,41,千葉県,2021-05-26,3,191417,Regular,True,
PR0007037,2024-10-22,スマートフォン,ミドルレンジ機種,33860,店舗,秋葉原店,C02741,橋本,女,41,千葉県,2021-05-26,3,191417,Regular,False,908
PR0007038,2025-08-24,美容家電・小物,電動歯ブラシ,24288,EC,,C02741,橋本,女,41,千葉県,2021-05-26,3,191417,Regular,False,
PR0007039,2022-10-19,オーディオ,ターンテーブル,57115,店舗,天王寺店,C02742,坂本,女,27,北海道,2022-09-29,3,246053,Loyal,True,
PR0007041,2024-06-03,テレビ,有機EL 75型,182509,店舗,名古屋栄店,C02742,坂本,女,27,北海道,2022-09-29,3,246053,Loyal,False,
PR0007040,2024-10-14,美容家電・小物,電気シェーバー,6429,店舗,横浜駅前店,C02742,坂本,女,27,北海道,2022-09-29,3,246053,Loyal,False,
PR0007044,2025-11-24,テレビ,4K テレビ 50型,199420,EC,,C02743,村上,女,39,神奈川県,2021-08-11,3,627107,Loyal,False,
PR0007042,2023-07-29,洗濯機,ドラム式洗濯機,348727,EC,,C02743,村上,女,39,神奈川県,2021-08-11,3,627107,Loyal,True,
PR0007043,2024-03-12,美容家電・小物,マッサージガン,78960,EC,,C02743,村上,女,39,神奈川県,2021-08-11,3,627107,Loyal,False,
PR0007046,2024-01-09,スマートフォン,スタンダード 128GB,61902,EC,,C02744,岡田,男,61,東京都,2022-07-05,2,354562,Inactive,False,
PR0007045,2023-06-16,洗濯機,縦型洗濯機,292660,EC,,C02744,岡田,男,61,東京都,2022-07-05,2,354562,Inactive,True,
PR0007047,2025-03-30,カメラ・ビデオ,ミラーレス一眼,201713,店舗,天王寺店,C02745,長谷川,男,40,神奈川県,2025-01-16,2,255420,Regular,True,
PR0007048,2025-09-19,スマートフォン,最新スマホ 256GB,53707,店舗,大阪梅田店,C02745,長谷川,男,40,神奈川県,2025-01-16,2,255420,Regular,False,
PR0007049,2025-03-24,エアコン,エアコン 6畳用,307714,店舗,札幌駅前店,C02746,中村,男,34,北海道,2023-02-13,2,471265,Regular,True,
PR0007050,2025-10-29,スマートフォン,最新スマホ 256GB,163551,店舗,横浜駅前店,C02746,中村,男,34,北海道,2023-02-13,2,471265,Regular,False,
PR0007053,2025-05-14,エアコン,エアコン 18畳用,201105,店舗,渋谷店,C02747,近藤,女,35,広島県,2023-02-24,3,582754,Loyal,False,
PR0007051,2023-11-07,洗濯機,全自動 8kg,338697,店舗,天王寺店,C02747,近藤,女,35,広島県,2023-02-24,3,582754,Loyal,True,
PR0007052,2025-05-03,美容家電・小物,ヘアアイロン,42952,店舗,渋谷店,C02747,近藤,女,35,広島県,2023-02-24,3,582754,Loyal,False,
PR0007054,2022-05-03,テレビ,4K テレビ 65型,486525,EC,,C02748,加藤,男,33,宮城県,2022-03-27,2,680000,Inactive,True,
PR0007055,2022-10-02,洗濯機,全自動 8kg,193475,EC,,C02748,加藤,男,33,宮城県,2022-03-27,2,680000,Inactive,False,
PR0007060,2026-03-20,PC・タブレット,ゲーミングPC,310163,店舗,渋谷店,C02749,山崎,女,54,福岡県,2025-01-05,7,1368983,VIP,False,
PR0007062,2025-10-04,エアコン,業務用エアコン,205202,店舗,福岡天神店,C02749,山崎,女,54,福岡県,2025-01-05,7,1368983,VIP,False,
PR0007058,2026-03-06,スマートフォン,Pro モデル 512GB,135177,店舗,名古屋栄店,C02749,山崎,女,54,福岡県,2025-01-05,7,1368983,VIP,False,
PR0007056,2025-12-23,テレビ,プロジェクター,113039,店舗,天王寺店,C02749,山崎,女,54,福岡県,2025-01-05,7,1368983,VIP,False,
PR0007057,2026-02-04,冷蔵庫,冷蔵庫 400L,445223,EC,,C02749,山崎,女,54,福岡県,2025-01-05,7,1368983,VIP,False,
PR0007059,2025-07-01,洗濯機,ドラム式洗濯機,128691,店舗,秋葉原店,C02749,山崎,女,54,福岡県,2025-01-05,7,1368983,VIP,False,
PR0007061,2025-06-17,美容家電・小物,電気シェーバー,31488,店舗,福岡天神店,C02749,山崎,女,54,福岡県,2025-01-05,7,1368983,VIP,True,
PR0007064,2023-06-08,カメラ・ビデオ,ドローン,132052,EC,,C02750,坂本,女,75,大阪府,2021-07-26,2,530107,Inactive,False,
PR0007063,2021-12-21,冷蔵庫,冷蔵庫 600L 大型,398055,店舗,横浜駅前店,C02750,坂本,女,75,大阪府,2021-07-26,2,530107,Inactive,True,
PR0007067,2024-07-20,PC・タブレット,タブレット 10型,166185,店舗,天王寺店,C02751,小林,女,45,埼玉県,2023-12-23,3,501384,Loyal,True,
PR0007065,2024-08-18,ゲーム・玩具,VR ゴーグル,32971,店舗,福岡天神店,C02751,小林,女,45,埼玉県,2023-12-23,3,501384,Loyal,False,
PR0007066,2026-01-16,テレビ,プロジェクター,302228,店舗,横浜駅前店,C02751,小林,女,45,埼玉県,2023-12-23,3,501384,Loyal,False,
PR0007068,2024-09-07,PC・タブレット,ノートPC 15型,101637,EC,,C02752,鈴木,男,47,大阪府,2021-12-26,5,698193,VIP,False,
PR0007069,2022-05-15,オーディオ,ホームオーディオ,121938,店舗,札幌駅前店,C02752,鈴木,男,47,大阪府,2021-12-26,5,698193,VIP,True,
PR0007070,2024-04-09,冷蔵庫,フレンチドア 700L,338337,店舗,大阪梅田店,C02752,鈴木,男,47,大阪府,2021-12-26,5,698193,VIP,False,
PR0007071,2023-01-04,美容家電・小物,電動歯ブラシ,78763,EC,,C02752,鈴木,男,47,大阪府,2021-12-26,5,698193,VIP,False,
PR0007072,2025-08-23,美容家電・小物,ヘアアイロン,57518,EC,,C02752,鈴木,男,47,大阪府,2021-12-26,5,698193,VIP,False,962
PR0007073,2025-12-21,PC・タブレット,タブレット 10型,132678,EC,,C02753,石川,男,30,大阪府,2025-08-07,2,212086,Regular,True,
PR0007074,2026-02-09,美容家電・小物,電動歯ブラシ,79408,店舗,横浜駅前店,C02753,石川,男,30,大阪府,2025-08-07,2,212086,Regular,False,
PR0007075,2025-11-29,オーディオ,Bluetoothスピーカー,79472,店舗,横浜駅前店,C02754,石井,女,47,宮城県,2024-08-28,2,177725,Regular,False,
PR0007076,2025-05-21,テレビ,スマートテレビ 43型,98253,店舗,名古屋栄店,C02754,石井,女,47,宮城県,2024-08-28,2,177725,Regular,True,
PR0007079,2024-03-19,PC・タブレット,タブレット 10型,313244,EC,,C02755,小林,男,35,埼玉県,2022-09-17,3,591446,Inactive,False,
PR0007077,2024-02-05,エアコン,エアコン 6畳用,87928,EC,,C02755,小林,男,35,埼玉県,2022-09-17,3,591446,Inactive,False,
PR0007078,2023-08-29,スマートフォン,最新スマホ 256GB,190274,EC,,C02755,小林,男,35,埼玉県,2022-09-17,3,591446,Inactive,True,
PR0007085,2026-02-19,PC・タブレット,ノートPC 13型,135668,店舗,福岡天神店,C02756,青木,女,45,広島県,2025-12-18,7,715250,VIP,False,
PR0007086,2026-02-06,エアコン,エアコン 18畳用,188667,店舗,池袋店,C02756,青木,女,45,広島県,2025-12-18,7,715250,VIP,False,
PR0007081,2026-03-07,オーディオ,ターンテーブル,25746,EC,,C02756,青木,女,45,広島県,2025-12-18,7,715250,VIP,False,
PR0007084,2026-01-02,ゲーム・玩具,コントローラ,30627,店舗,大阪梅田店,C02756,青木,女,45,広島県,2025-12-18,7,715250,VIP,False,
PR0007082,2025-12-27,スマートフォン,スタンダード 128GB,51297,店舗,札幌駅前店,C02756,青木,女,45,広島県,2025-12-18,7,715250,VIP,True,
PR0007083,2026-03-23,テレビ,4K テレビ 50型,253049,店舗,天王寺店,C02756,青木,女,45,広島県,2025-12-18,7,715250,VIP,False,
PR0007080,2026-03-20,美容家電・小物,電気シェーバー,30196,店舗,池袋店,C02756,青木,女,45,広島県,2025-12-18,7,715250,VIP,False,
PR0007087,2024-03-09,冷蔵庫,フレンチドア 700L,234730,店舗,大阪梅田店,C02757,佐藤,女,35,福岡県,2024-02-14,1,234730,Inactive,True,
PR0007089,2025-07-12,カメラ・ビデオ,アクションカメラ,243217,EC,,C02758,吉田,男,33,千葉県,2024-05-31,4,885266,Loyal,False,
PR0007090,2025-01-23,スマートフォン,ハイエンド 1TB,172483,EC,,C02758,吉田,男,33,千葉県,2024-05-31,4,885266,Loyal,False,
PR0007091,2025-05-10,冷蔵庫,冷蔵庫 400L,349156,EC,,C02758,吉田,男,33,千葉県,2024-05-31,4,885266,Loyal,False,
PR0007088,2024-09-04,洗濯機,縦型洗濯機,120410,EC,,C02758,吉田,男,33,千葉県,2024-05-31,4,885266,Loyal,True,
PR0007092,2024-02-21,エアコン,エアコン 10畳用,171360,店舗,新宿店,C02759,鈴木,男,48,愛知県,2021-10-19,1,171360,Inactive,True,
PR0007093,2024-10-23,PC・タブレット,タブレット 10型,314850,店舗,名古屋栄店,C02760,佐々木,女,59,宮城県,2024-09-28,3,459845,Loyal,True,
PR0007094,2025-11-17,ゲーム・玩具,コントローラ,47710,店舗,名古屋栄店,C02760,佐々木,女,59,宮城県,2024-09-28,3,459845,Loyal,False,
PR0007095,2025-01-30,スマートフォン,ハイエンド 1TB,97285,店舗,池袋店,C02760,佐々木,女,59,宮城県,2024-09-28,3,459845,Loyal,False,
PR0007097,2025-06-15,オーディオ,ホームオーディオ,148547,店舗,名古屋栄店,C02761,阿部,男,24,大阪府,2024-01-22,3,571918,Loyal,False,
PR0007098,2025-06-03,カメラ・ビデオ,コンパクトデジカメ,256866,店舗,札幌駅前店,C02761,阿部,男,24,大阪府,2024-01-22,3,571918,Loyal,False,
PR0007096,2024-03-03,冷蔵庫,コンパクト冷蔵庫,166505,店舗,秋葉原店,C02761,阿部,男,24,大阪府,2024-01-22,3,571918,Loyal,True,
PR0007102,2026-03-20,PC・タブレット,ワークステーション,54070,店舗,横浜駅前店,C02762,中村,女,47,北海道,2022-09-12,4,479598,Loyal,False,
PR0007101,2022-12-02,カメラ・ビデオ,アクションカメラ,60565,EC,,C02762,中村,女,47,北海道,2022-09-12,4,479598,Loyal,True,
PR0007099,2023-05-10,冷蔵庫,冷蔵庫 400L,354191,店舗,横浜駅前店,C02762,中村,女,47,北海道,2022-09-12,4,479598,Loyal,False,
PR0007100,2025-12-26,美容家電・小物,美顔器,10772,EC,,C02762,中村,女,47,北海道,2022-09-12,4,479598,Loyal,False,
PR0007103,2023-08-13,オーディオ,ホームオーディオ,109481,EC,,C02763,村上,女,35,東京都,2021-06-18,1,109481,Inactive,True,
PR0007104,2026-03-17,PC・タブレット,2-in-1 PC,139392,店舗,天王寺店,C02764,伊藤,男,33,神奈川県,2025-06-17,3,885575,Loyal,False,
PR0007105,2026-01-16,テレビ,4K テレビ 65型,412811,EC,,C02764,伊藤,男,33,神奈川県,2025-06-17,3,885575,Loyal,True,
PR0007106,2026-02-17,洗濯機,ドラム式洗濯機,333372,EC,,C02764,伊藤,男,33,神奈川県,2025-06-17,3,885575,Loyal,False,
PR0007109,2023-04-01,PC・タブレット,2-in-1 PC,140850,EC,,C02765,吉田,女,70,愛知県,2022-09-18,5,793211,VIP,True,
PR0007110,2023-08-16,エアコン,エアコン 18畳用,176086,EC,,C02765,吉田,女,70,愛知県,2022-09-18,5,793211,VIP,False,
PR0007108,2025-05-01,オーディオ,ワイヤレスイヤホン,170168,EC,,C02765,吉田,女,70,愛知県,2022-09-18,5,793211,VIP,False,
PR0007111,2025-07-13,冷蔵庫,コンパクト冷蔵庫,269159,EC,,C02765,吉田,女,70,愛知県,2022-09-18,5,793211,VIP,False,
PR0007107,2025-11-27,美容家電・小物,電気シェーバー,36948,店舗,池袋店,C02765,吉田,女,70,愛知県,2022-09-18,5,793211,VIP,False,
PR0007113,2024-12-03,PC・タブレット,タブレット 10型,85059,店舗,新宿店,C02766,吉田,男,55,千葉県,2024-02-11,2,118326,Regular,False,
PR0007112,2024-10-11,スマートフォン,コンパクトモデル,33267,店舗,札幌駅前店,C02766,吉田,男,55,千葉県,2024-02-11,2,118326,Regular,True,
PR0007114,2026-03-16,美容家電・小物,ドライヤー,42874,店舗,池袋店,C02767,山口,女,42,神奈川県,2024-09-12,1,42874,Light,True,
PR0007117,2022-11-27,PC・タブレット,ノートPC 13型,272582,店舗,天王寺店,C02768,斎藤,女,45,千葉県,2022-08-26,3,844833,Loyal,True,
PR0007116,2025-09-07,エアコン,エアコン 10畳用,393219,店舗,札幌駅前店,C02768,斎藤,女,45,千葉県,2022-08-26,3,844833,Loyal,False,
PR0007115,2023-07-03,カメラ・ビデオ,コンパクトデジカメ,179032,店舗,秋葉原店,C02768,斎藤,女,45,千葉県,2022-08-26,3,844833,Loyal,False,
PR0007118,2025-10-12,エアコン,業務用エアコン,175397,店舗,横浜駅前店,C02769,田中,女,50,愛知県,2024-03-09,2,472486,Regular,False,
PR0007119,2025-04-24,カメラ・ビデオ,ミラーレス一眼,297089,EC,,C02769,田中,女,50,愛知県,2024-03-09,2,472486,Regular,True,
PR0007121,2024-06-16,カメラ・ビデオ,交換レンズ,45574,店舗,池袋店,C02770,小林,女,68,大阪府,2023-04-27,2,507490,Regular,True,
PR0007120,2024-12-30,冷蔵庫,コンパクト冷蔵庫,461916,EC,,C02770,小林,女,68,大阪府,2023-04-27,2,507490,Regular,False,
PR0007125,2025-11-14,エアコン,エアコン 6畳用,211734,店舗,札幌駅前店,C02771,佐藤,女,58,宮城県,2023-07-29,4,600410,Loyal,False,
PR0007122,2024-03-21,スマートフォン,ハイエンド 1TB,52934,店舗,渋谷店,C02771,佐藤,女,58,宮城県,2023-07-29,4,600410,Loyal,True,
PR0007123,2025-09-18,テレビ,プロジェクター,296284,店舗,池袋店,C02771,佐藤,女,58,宮城県,2023-07-29,4,600410,Loyal,False,
PR0007124,2026-02-18,美容家電・小物,ドライヤー,39458,店舗,大阪梅田店,C02771,佐藤,女,58,宮城県,2023-07-29,4,600410,Loyal,False,
PR0007126,2025-10-18,エアコン,エアコン 18畳用,328380,店舗,横浜駅前店,C02772,坂本,男,55,福岡県,2024-08-08,1,328380,Light,True,
PR0007129,2025-12-21,PC・タブレット,ノートPC 13型,270604,EC,,C02773,中島,女,75,大阪府,2022-12-16,3,377315,Loyal,False,
PR0007128,2023-12-12,スマートフォン,コンパクトモデル,45629,店舗,札幌駅前店,C02773,中島,女,75,大阪府,2022-12-16,3,377315,Loyal,True,
PR0007127,2024-04-02,美容家電・小物,ヘアアイロン,61082,店舗,秋葉原店,C02773,中島,女,75,大阪府,2022-12-16,3,377315,Loyal,False,
PR0007131,2026-03-06,PC・タブレット,ノートPC 15型,261947,店舗,池袋店,C02774,中島,男,41,福岡県,2025-11-10,3,761254,Loyal,False,
PR0007130,2026-03-07,ゲーム・玩具,携帯ゲーム機,37581,店舗,秋葉原店,C02774,中島,男,41,福岡県,2025-11-10,3,761254,Loyal,False,
PR0007132,2025-12-04,テレビ,プロジェクター,461726,店舗,秋葉原店,C02774,中島,男,41,福岡県,2025-11-10,3,761254,Loyal,True,
PR0007133,2023-06-05,スマートフォン,最新スマホ 256GB,65688,店舗,池袋店,C02775,佐々木,男,49,兵庫県,2022-10-18,4,299748,Loyal,False,
PR0007134,2026-03-12,スマートフォン,Pro モデル 512GB,47160,店舗,天王寺店,C02775,佐々木,男,49,兵庫県,2022-10-18,4,299748,Loyal,False,1011
PR0007136,2023-01-25,洗濯機,全自動 8kg,146049,EC,,C02775,佐々木,男,49,兵庫県,2022-10-18,4,299748,Loyal,True,
PR0007135,2024-08-09,美容家電・小物,マッサージガン,40851,店舗,池袋店,C02775,佐々木,男,49,兵庫県,2022-10-18,4,299748,Loyal,False,
PR0007137,2025-06-29,PC・タブレット,2-in-1 PC,138165,EC,,C02776,青木,女,36,愛知県,2025-03-30,5,814979,VIP,False,
PR0007140,2025-08-22,スマートフォン,スタンダード 128GB,50937,EC,,C02776,青木,女,36,愛知県,2025-03-30,5,814979,VIP,False,
PR0007139,2025-09-25,テレビ,有機EL 55型,399152,EC,,C02776,青木,女,36,愛知県,2025-03-30,5,814979,VIP,False,
PR0007141,2025-12-19,洗濯機,コンパクト洗濯機,195951,EC,,C02776,青木,女,36,愛知県,2025-03-30,5,814979,VIP,False,
PR0007138,2025-04-11,美容家電・小物,電気シェーバー,30774,EC,,C02776,青木,女,36,愛知県,2025-03-30,5,814979,VIP,True,
PR0007142,2026-03-10,カメラ・ビデオ,ミラーレス一眼,170486,EC,,C02777,山田,女,53,愛知県,2025-08-12,3,398552,Loyal,False,
PR0007144,2025-09-16,スマートフォン,コンパクトモデル,189925,店舗,札幌駅前店,C02777,山田,女,53,愛知県,2025-08-12,3,398552,Loyal,True,
PR0007143,2025-12-09,美容家電・小物,電気シェーバー,38141,EC,,C02777,山田,女,53,愛知県,2025-08-12,3,398552,Loyal,False,
PR0007146,2023-11-06,オーディオ,ホームオーディオ,17334,店舗,天王寺店,C02778,松本,男,75,広島県,2022-08-04,2,174028,Inactive,True,
PR0007145,2024-04-01,スマートフォン,スタンダード 128GB,156694,EC,,C02778,松本,男,75,広島県,2022-08-04,2,174028,Inactive,False,
PR0007148,2025-03-29,カメラ・ビデオ,コンパクトデジカメ,154914,店舗,横浜駅前店,C02779,山本,男,53,東京都,2022-10-20,2,623973,Regular,False,
PR0007147,2022-12-07,テレビ,スマートテレビ 43型,469059,店舗,渋谷店,C02779,山本,男,53,東京都,2022-10-20,2,623973,Regular,True,
PR0007149,2024-05-14,オーディオ,Bluetoothスピーカー,122824,EC,,C02780,加藤,男,50,兵庫県,2023-01-28,4,608407,Loyal,False,
PR0007150,2023-06-29,スマートフォン,コンパクトモデル,102403,店舗,天王寺店,C02780,加藤,男,50,兵庫県,2023-01-28,4,608407,Loyal,True,
PR0007151,2025-06-08,スマートフォン,ハイエンド 1TB,92240,EC,,C02780,加藤,男,50,兵庫県,2023-01-28,4,608407,Loyal,False,710
PR0007152,2024-11-27,冷蔵庫,コンパクト冷蔵庫,290940,店舗,名古屋栄店,C02780,加藤,男,50,兵庫県,2023-01-28,4,608407,Loyal,False,
PR0007153,2024-08-13,スマートフォン,最新スマホ 256GB,42773,店舗,名古屋栄店,C02781,森,男,46,埼玉県,2024-02-23,2,176819,Regular,True,
PR0007154,2025-03-29,冷蔵庫,冷蔵庫 500L,134046,店舗,福岡天神店,C02781,森,男,46,埼玉県,2024-02-23,2,176819,Regular,False,
PR0007155,2025-12-06,ゲーム・玩具,据置型ゲーム機,43315,EC,,C02782,阿部,男,27,愛知県,2022-03-02,1,43315,Light,True,
PR0007157,2026-01-21,PC・タブレット,2-in-1 PC,317610,店舗,大阪梅田店,C02783,高橋,男,60,宮城県,2025-11-19,2,512667,Regular,False,
PR0007156,2026-01-20,洗濯機,コンパクト洗濯機,195057,店舗,池袋店,C02783,高橋,男,60,宮城県,2025-11-19,2,512667,Regular,True,
PR0007160,2022-12-09,PC・タブレット,ノートPC 15型,55970,店舗,大阪梅田店,C02784,佐々木,女,47,愛知県,2022-03-17,3,503911,Loyal,True,
PR0007158,2024-08-20,テレビ,4K テレビ 65型,393830,店舗,渋谷店,C02784,佐々木,女,47,愛知県,2022-03-17,3,503911,Loyal,False,
PR0007159,2025-10-16,美容家電・小物,ヘアアイロン,54111,店舗,札幌駅前店,C02784,佐々木,女,47,愛知県,2022-03-17,3,503911,Loyal,False,
PR0007161,2023-10-18,カメラ・ビデオ,コンパクトデジカメ,231950,店舗,大阪梅田店,C02785,伊藤,男,35,京都府,2022-01-30,2,277273,Inactive,False,
PR0007162,2022-05-13,美容家電・小物,電気シェーバー,45323,店舗,札幌駅前店,C02785,伊藤,男,35,京都府,2022-01-30,2,277273,Inactive,True,
PR0007163,2025-04-04,スマートフォン,コンパクトモデル,47487,店舗,福岡天神店,C02786,小川,男,53,埼玉県,2024-12-22,1,47487,Light,True,
PR0007165,2023-10-02,PC・タブレット,ワークステーション,138974,店舗,札幌駅前店,C02787,佐藤,男,39,埼玉県,2021-10-14,4,550310,Loyal,False,
PR0007167,2023-10-01,オーディオ,ターンテーブル,130753,EC,,C02787,佐藤,男,39,埼玉県,2021-10-14,4,550310,Loyal,True,
PR0007166,2025-06-06,洗濯機,ドラム式洗濯機,217330,店舗,名古屋栄店,C02787,佐藤,男,39,埼玉県,2021-10-14,4,550310,Loyal,False,
PR0007164,2024-11-02,美容家電・小物,電動歯ブラシ,63253,EC,,C02787,佐藤,男,39,埼玉県,2021-10-14,4,550310,Loyal,False,
PR0007168,2025-12-13,PC・タブレット,ノートPC 13型,76880,店舗,新宿店,C02788,坂本,女,53,福岡県,2025-11-26,5,694106,VIP,True,
PR0007172,2026-01-28,エアコン,エアコン 14畳用,179277,店舗,名古屋栄店,C02788,坂本,女,53,福岡県,2025-11-26,5,694106,VIP,False,
PR0007169,2026-01-10,スマートフォン,Pro モデル 512GB,39274,店舗,名古屋栄店,C02788,坂本,女,53,福岡県,2025-11-26,5,694106,VIP,False,
PR0007171,2025-12-22,テレビ,有機EL 75型,191568,店舗,名古屋栄店,C02788,坂本,女,53,福岡県,2025-11-26,5,694106,VIP,False,
PR0007170,2026-01-08,冷蔵庫,冷蔵庫 500L,207107,店舗,秋葉原店,C02788,坂本,女,53,福岡県,2025-11-26,5,694106,VIP,False,
PR0007174,2024-11-03,テレビ,プロジェクター,77088,EC,,C02789,石川,男,69,千葉県,2024-10-22,3,312204,Loyal,True,
PR0007173,2025-11-06,洗濯機,コンパクト洗濯機,212914,EC,,C02789,石川,男,69,千葉県,2024-10-22,3,312204,Loyal,False,
PR0007175,2026-02-08,美容家電・小物,美顔器,22202,EC,,C02789,石川,男,69,千葉県,2024-10-22,3,312204,Loyal,False,
PR0007176,2024-09-14,テレビ,有機EL 55型,412175,店舗,渋谷店,C02790,青木,女,72,大阪府,2021-09-26,2,426597,Regular,True,
PR0007177,2025-08-22,美容家電・小物,ドライヤー,14422,店舗,福岡天神店,C02790,青木,女,72,大阪府,2021-09-26,2,426597,Regular,False,
PR0007179,2025-03-15,PC・タブレット,ゲーミングPC,180221,EC,,C02791,遠藤,男,22,大阪府,2021-10-25,2,501361,Regular,False,
PR0007178,2022-11-24,テレビ,有機EL 55型,321140,EC,,C02791,遠藤,男,22,大阪府,2021-10-25,2,501361,Regular,True,
PR0007180,2023-04-10,テレビ,4K テレビ 50型,209422,店舗,福岡天神店,C02793,森,男,47,兵庫県,2021-10-17,1,209422,Inactive,True,
PR0007183,2026-02-11,PC・タブレット,タブレット 10型,347962,店舗,池袋店,C02794,林,男,32,広島県,2025-10-16,5,981746,VIP,False,
PR0007185,2025-12-03,エアコン,エアコン 10畳用,223977,店舗,横浜駅前店,C02794,林,男,32,広島県,2025-10-16,5,981746,VIP,False,
PR0007181,2026-01-28,オーディオ,ターンテーブル,83419,店舗,渋谷店,C02794,林,男,32,広島県,2025-10-16,5,981746,VIP,False,
PR0007184,2026-01-25,洗濯機,コンパクト洗濯機,248845,EC,,C02794,林,男,32,広島県,2025-10-16,5,981746,VIP,False,
PR0007182,2025-10-31,美容家電・小物,電動歯ブラシ,77543,店舗,福岡天神店,C02794,林,男,32,広島県,2025-10-16,5,981746,VIP,True,
PR0007190,2025-01-11,PC・タブレット,ノートPC 13型,67732,EC,,C02795,佐藤,女,35,埼玉県,2023-05-22,5,631689,VIP,False,
PR0007186,2024-06-17,エアコン,エアコン 18畳用,383932,EC,,C02795,佐藤,女,35,埼玉県,2023-05-22,5,631689,VIP,False,
PR0007188,2025-11-30,スマートフォン,ミドルレンジ機種,41493,EC,,C02795,佐藤,女,35,埼玉県,2023-05-22,5,631689,VIP,False,
PR0007189,2024-03-21,洗濯機,乾燥機能付き 10kg,118085,EC,,C02795,佐藤,女,35,埼玉県,2023-05-22,5,631689,VIP,True,
PR0007187,2026-01-07,美容家電・小物,ドライヤー,20447,EC,,C02795,佐藤,女,35,埼玉県,2023-05-22,5,631689,VIP,False,
PR0007191,2025-08-26,PC・タブレット,ノートPC 13型,139641,EC,,C02796,山本,男,42,兵庫県,2024-08-19,2,163919,Regular,False,
PR0007192,2025-07-25,ゲーム・玩具,据置型ゲーム機,24278,店舗,池袋店,C02796,山本,男,42,兵庫県,2024-08-19,2,163919,Regular,True,
PR0007193,2025-04-18,カメラ・ビデオ,アクションカメラ,41917,EC,,C02797,林,女,53,千葉県,2024-07-18,3,255096,Loyal,False,
PR0007195,2024-09-19,スマートフォン,コンパクトモデル,161920,店舗,天王寺店,C02797,林,女,53,千葉県,2024-07-18,3,255096,Loyal,True,
PR0007194,2025-12-05,美容家電・小物,美顔器,51259,店舗,渋谷店,C02797,林,女,53,千葉県,2024-07-18,3,255096,Loyal,False,
PR0007198,2024-12-08,エアコン,エアコン 10畳用,262837,店舗,横浜駅前店,C02798,佐々木,男,59,神奈川県,2022-01-15,3,502145,Loyal,False,
PR0007197,2024-04-28,スマートフォン,最新スマホ 256GB,115512,店舗,福岡天神店,C02798,佐々木,男,59,神奈川県,2022-01-15,3,502145,Loyal,False,
PR0007196,2023-04-19,洗濯機,乾燥機能付き 10kg,123796,店舗,札幌駅前店,C02798,佐々木,男,59,神奈川県,2022-01-15,3,502145,Loyal,True,
PR0007200,2025-08-27,カメラ・ビデオ,ミラーレス一眼,219224,EC,,C02799,佐々木,男,48,愛知県,2023-07-18,3,934236,Loyal,False,
PR0007199,2023-08-31,冷蔵庫,冷蔵庫 600L 大型,450175,店舗,新宿店,C02799,佐々木,男,48,愛知県,2023-07-18,3,934236,Loyal,True,
PR0007201,2024-04-11,洗濯機,乾燥機能付き 10kg,264837,店舗,新宿店,C02799,佐々木,男,48,愛知県,2023-07-18,3,934236,Loyal,False,
PR0007204,2023-12-22,PC・タブレット,ワークステーション,333355,店舗,新宿店,C02800,坂本,男,22,福岡県,2023-06-25,3,624105,Loyal,True,
PR0007203,2025-08-04,ゲーム・玩具,据置型ゲーム機,68484,店舗,天王寺店,C02800,坂本,男,22,福岡県,2023-06-25,3,624105,Loyal,False,
PR0007202,2026-01-09,洗濯機,全自動 8kg,222266,店舗,秋葉原店,C02800,坂本,男,22,福岡県,2023-06-25,3,624105,Loyal,False,
PR0007206,2022-03-17,PC・タブレット,ゲーミングPC,144666,店舗,札幌駅前店,C02801,池田,男,26,福岡県,2021-05-21,2,188613,Regular,True,
PR0007205,2025-09-02,スマートフォン,ハイエンド 1TB,43947,EC,,C02801,池田,男,26,福岡県,2021-05-21,2,188613,Regular,False,
PR0007209,2021-12-17,テレビ,4K テレビ 65型,112973,EC,,C02802,田中,男,22,京都府,2021-06-22,3,174877,Regular,True,
PR0007207,2023-01-15,美容家電・小物,電気シェーバー,43095,店舗,池袋店,C02802,田中,男,22,京都府,2021-06-22,3,174877,Regular,False,
PR0007208,2025-07-26,美容家電・小物,電動歯ブラシ,18809,店舗,池袋店,C02802,田中,男,22,京都府,2021-06-22,3,174877,Regular,False,923
PR0007217,2022-08-24,オーディオ,Bluetoothスピーカー,197494,EC,,C02803,岡田,女,47,広島県,2022-05-30,8,948104,VIP,True,
PR0007215,2024-11-07,カメラ・ビデオ,アクションカメラ,79375,EC,,C02803,岡田,女,47,広島県,2022-05-30,8,948104,VIP,False,
PR0007212,2023-07-08,ゲーム・玩具,据置型ゲーム機,5643,店舗,大阪梅田店,C02803,岡田,女,47,広島県,2022-05-30,8,948104,VIP,False,
PR0007210,2024-02-19,スマートフォン,ハイエンド 1TB,71031,EC,,C02803,岡田,女,47,広島県,2022-05-30,8,948104,VIP,False,
PR0007211,2026-03-24,スマートフォン,スタンダード 128GB,76868,EC,,C02803,岡田,女,47,広島県,2022-05-30,8,948104,VIP,False,764
PR0007216,2022-09-01,テレビ,有機EL 75型,452756,EC,,C02803,岡田,女,47,広島県,2022-05-30,8,948104,VIP,False,
PR0007213,2023-09-13,美容家電・小物,電動歯ブラシ,7315,EC,,C02803,岡田,女,47,広島県,2022-05-30,8,948104,VIP,False,
PR0007214,2025-11-21,美容家電・小物,美顔器,57622,店舗,渋谷店,C02803,岡田,女,47,広島県,2022-05-30,8,948104,VIP,False,800
PR0007218,2025-11-08,テレビ,プロジェクター,416688,EC,,C02804,鈴木,女,59,大阪府,2021-04-18,2,629992,Regular,False,
PR0007219,2023-06-08,洗濯機,縦型洗濯機,213304,EC,,C02804,鈴木,女,59,大阪府,2021-04-18,2,629992,Regular,True,
PR0007221,2026-01-01,カメラ・ビデオ,コンパクトデジカメ,221645,店舗,新宿店,C02805,山田,男,36,京都府,2026-01-01,2,351619,Regular,True,
PR0007220,2026-01-27,洗濯機,縦型洗濯機,129974,店舗,渋谷店,C02805,山田,男,36,京都府,2026-01-01,2,351619,Regular,False,
PR0007223,2025-05-17,エアコン,エアコン 14畳用,162331,EC,,C02806,田中,男,30,愛知県,2021-08-25,3,365491,Loyal,False,
PR0007222,2023-11-01,ゲーム・玩具,ボードゲーム,33962,店舗,秋葉原店,C02806,田中,男,30,愛知県,2021-08-25,3,365491,Loyal,False,
PR0007224,2022-03-20,洗濯機,全自動 8kg,169198,EC,,C02806,田中,男,30,愛知県,2021-08-25,3,365491,Loyal,True,
PR0007226,2024-06-18,オーディオ,ホームオーディオ,128261,EC,,C02807,山下,女,44,宮城県,2023-11-08,3,178866,Regular,False,
PR0007227,2026-02-06,ゲーム・玩具,据置型ゲーム機,35863,店舗,横浜駅前店,C02807,山下,女,44,宮城県,2023-11-08,3,178866,Regular,False,
PR0007225,2024-03-09,美容家電・小物,電動歯ブラシ,14742,店舗,横浜駅前店,C02807,山下,女,44,宮城県,2023-11-08,3,178866,Regular,True,
PR0007229,2022-12-17,スマートフォン,ハイエンド 1TB,136327,店舗,秋葉原店,C02808,村上,女,53,愛知県,2021-05-12,3,295960,Loyal,True,
PR0007230,2025-02-17,スマートフォン,ハイエンド 1TB,148127,店舗,福岡天神店,C02808,村上,女,53,愛知県,2021-05-12,3,295960,Loyal,False,793
PR0007228,2025-08-11,美容家電・小物,電気シェーバー,11506,店舗,秋葉原店,C02808,村上,女,53,愛知県,2021-05-12,3,295960,Loyal,False,
PR0007231,2025-09-01,PC・タブレット,タブレット 10型,117651,店舗,大阪梅田店,C02809,中島,男,24,北海道,2024-11-27,2,130075,Regular,False,
PR0007232,2025-07-05,美容家電・小物,電動歯ブラシ,12424,店舗,横浜駅前店,C02809,中島,男,24,北海道,2024-11-27,2,130075,Regular,True,
PR0007235,2025-01-20,ゲーム・玩具,コントローラ,46783,店舗,秋葉原店,C02810,長谷川,男,30,福岡県,2022-01-18,3,281317,Loyal,False,
PR0007233,2022-03-19,スマートフォン,ミドルレンジ機種,73997,店舗,池袋店,C02810,長谷川,男,30,福岡県,2022-01-18,3,281317,Loyal,True,
PR0007234,2024-07-10,スマートフォン,スタンダード 128GB,160537,店舗,秋葉原店,C02810,長谷川,男,30,福岡県,2022-01-18,3,281317,Loyal,False,844
PR0007237,2025-01-14,エアコン,エアコン 10畳用,293691,店舗,札幌駅前店,C02811,佐々木,女,51,埼玉県,2024-11-22,2,766494,Regular,True,
PR0007236,2025-10-11,テレビ,有機EL 75型,472803,EC,,C02811,佐々木,女,51,埼玉県,2024-11-22,2,766494,Regular,False,
PR0007238,2025-10-16,PC・タブレット,ノートPC 15型,55308,EC,,C02814,小川,女,48,広島県,2025-01-09,2,229956,Regular,False,
PR0007239,2025-06-05,洗濯機,全自動 8kg,174648,EC,,C02814,小川,女,48,広島県,2025-01-09,2,229956,Regular,True,
PR0007240,2026-03-26,冷蔵庫,フレンチドア 700L,106806,EC,,C02815,伊藤,男,69,宮城県,2024-07-24,1,106806,Light,True,
PR0007243,2024-05-19,エアコン,エアコン 10畳用,378814,EC,,C02816,山田,女,35,大阪府,2022-04-18,3,608829,Loyal,False,
PR0007241,2023-03-16,スマートフォン,コンパクトモデル,190060,EC,,C02816,山田,女,35,大阪府,2022-04-18,3,608829,Loyal,True,
PR0007242,2025-11-30,スマートフォン,ハイエンド 1TB,39955,店舗,秋葉原店,C02816,山田,女,35,大阪府,2022-04-18,3,608829,Loyal,False,990
PR0007244,2026-02-08,オーディオ,ターンテーブル,95884,店舗,池袋店,C02817,加藤,男,70,広島県,2024-01-16,2,181239,Regular,False,
PR0007245,2025-10-23,テレビ,有機EL 75型,85355,店舗,大阪梅田店,C02817,加藤,男,70,広島県,2024-01-16,2,181239,Regular,True,
PR0007250,2024-03-07,エアコン,業務用エアコン,92071,EC,,C02818,井上,女,58,大阪府,2023-12-10,7,1390794,VIP,False,
PR0007252,2026-03-30,オーディオ,サウンドバー,199292,EC,,C02818,井上,女,58,大阪府,2023-12-10,7,1390794,VIP,False,
PR0007246,2024-12-29,スマートフォン,ミドルレンジ機種,134631,店舗,天王寺店,C02818,井上,女,58,大阪府,2023-12-10,7,1390794,VIP,False,
PR0007248,2025-03-06,テレビ,有機EL 75型,478016,店舗,札幌駅前店,C02818,井上,女,58,大阪府,2023-12-10,7,1390794,VIP,False,
PR0007251,2024-11-10,冷蔵庫,フレンチドア 700L,202639,EC,,C02818,井上,女,58,大阪府,2023-12-10,7,1390794,VIP,False,
PR0007249,2025-05-29,洗濯機,ドラム式洗濯機,235893,EC,,C02818,井上,女,58,大阪府,2023-12-10,7,1390794,VIP,False,
PR0007247,2023-12-11,美容家電・小物,美顔器,48252,店舗,大阪梅田店,C02818,井上,女,58,大阪府,2023-12-10,7,1390794,VIP,True,
PR0007255,2025-01-19,PC・タブレット,ワークステーション,129971,店舗,大阪梅田店,C02819,中島,男,54,埼玉県,2022-05-27,5,620154,VIP,False,
PR0007254,2022-06-23,オーディオ,ホームオーディオ,15247,店舗,横浜駅前店,C02819,中島,男,54,埼玉県,2022-05-27,5,620154,VIP,True,
PR0007257,2025-05-07,カメラ・ビデオ,ビデオカメラ,156093,店舗,大阪梅田店,C02819,中島,男,54,埼玉県,2022-05-27,5,620154,VIP,False,
PR0007253,2023-01-10,冷蔵庫,フレンチドア 700L,189599,店舗,福岡天神店,C02819,中島,男,54,埼玉県,2022-05-27,5,620154,VIP,False,
PR0007256,2026-03-25,洗濯機,縦型洗濯機,129244,店舗,新宿店,C02819,中島,男,54,埼玉県,2022-05-27,5,620154,VIP,False,
PR0007258,2025-03-13,スマートフォン,最新スマホ 256GB,40696,EC,,C02820,小林,男,52,兵庫県,2022-01-09,2,419394,Regular,True,
PR0007259,2026-03-03,テレビ,プロジェクター,378698,EC,,C02820,小林,男,52,兵庫県,2022-01-09,2,419394,Regular,False,
PR0007260,2024-02-14,テレビ,有機EL 75型,126617,EC,,C02821,阿部,女,58,東京都,2023-11-30,2,480442,Regular,True,
PR0007261,2024-08-26,冷蔵庫,冷蔵庫 400L,353825,EC,,C02821,阿部,女,58,東京都,2023-11-30,2,480442,Regular,False,
PR0007262,2025-09-04,テレビ,有機EL 55型,489883,店舗,名古屋栄店,C02822,岡田,男,61,福岡県,2023-01-25,2,517699,Regular,True,
PR0007263,2026-02-12,美容家電・小物,電気シェーバー,27816,店舗,新宿店,C02822,岡田,男,61,福岡県,2023-01-25,2,517699,Regular,False,
PR0007264,2025-01-30,テレビ,プロジェクター,105054,店舗,大阪梅田店,C02823,吉田,男,22,福岡県,2022-03-08,1,105054,Light,True,
PR0007265,2023-09-27,スマートフォン,Pro モデル 512GB,184776,店舗,秋葉原店,C02824,岡田,女,55,宮城県,2023-01-25,2,341192,Inactive,True,
PR0007266,2024-01-17,テレビ,有機EL 55型,156416,店舗,札幌駅前店,C02824,岡田,女,55,宮城県,2023-01-25,2,341192,Inactive,False,
PR0007267,2024-04-01,美容家電・小物,マッサージガン,29780,EC,,C02825,中村,女,39,大阪府,2024-03-24,1,29780,Inactive,True,
PR0007268,2025-03-20,カメラ・ビデオ,アクションカメラ,228995,店舗,札幌駅前店,C02826,清水,男,40,京都府,2023-03-18,1,228995,Light,True,
PR0007272,2025-07-02,PC・タブレット,ノートPC 13型,242515,EC,,C02827,林,女,50,兵庫県,2025-01-23,8,1803205,VIP,False,
PR0007274,2025-02-23,エアコン,エアコン 6畳用,387914,店舗,福岡天神店,C02827,林,女,50,兵庫県,2025-01-23,8,1803205,VIP,False,
PR0007276,2025-07-03,オーディオ,ターンテーブル,113260,店舗,天王寺店,C02827,林,女,50,兵庫県,2025-01-23,8,1803205,VIP,False,
PR0007273,2026-02-26,スマートフォン,最新スマホ 256GB,59017,店舗,新宿店,C02827,林,女,50,兵庫県,2025-01-23,8,1803205,VIP,False,
PR0007269,2026-01-13,テレビ,有機EL 75型,342432,店舗,大阪梅田店,C02827,林,女,50,兵庫県,2025-01-23,8,1803205,VIP,False,
PR0007275,2025-08-11,冷蔵庫,冷蔵庫 600L 大型,406018,店舗,渋谷店,C02827,林,女,50,兵庫県,2025-01-23,8,1803205,VIP,False,
PR0007271,2026-02-04,洗濯機,乾燥機能付き 10kg,223832,店舗,秋葉原店,C02827,林,女,50,兵庫県,2025-01-23,8,1803205,VIP,False,
PR0007270,2025-01-25,美容家電・小物,ヘアアイロン,28217,店舗,大阪梅田店,C02827,林,女,50,兵庫県,2025-01-23,8,1803205,VIP,True,
PR0007278,2025-05-28,PC・タブレット,タブレット 10型,215027,店舗,天王寺店,C02828,加藤,男,75,広島県,2023-10-20,2,514590,Regular,False,
PR0007277,2024-04-03,カメラ・ビデオ,交換レンズ,299563,店舗,大阪梅田店,C02828,加藤,男,75,広島県,2023-10-20,2,514590,Regular,True,
PR0007280,2023-08-28,オーディオ,ターンテーブル,22939,EC,,C02829,阿部,男,56,兵庫県,2023-06-28,2,92348,Inactive,True,
PR0007279,2023-12-14,美容家電・小物,美顔器,69409,店舗,大阪梅田店,C02829,阿部,男,56,兵庫県,2023-06-28,2,92348,Inactive,False,
PR0007282,2025-02-09,PC・タブレット,ゲーミングPC,330684,店舗,札幌駅前店,C02830,林,男,64,広島県,2023-01-17,2,363071,Regular,True,
PR0007281,2026-02-03,美容家電・小物,ヘアアイロン,32387,店舗,新宿店,C02830,林,男,64,広島県,2023-01-17,2,363071,Regular,False,
PR0007284,2026-03-04,PC・タブレット,ゲーミングPC,180099,店舗,渋谷店,C02831,山田,男,30,神奈川県,2025-12-21,2,370021,Regular,False,
PR0007283,2026-02-15,スマートフォン,コンパクトモデル,189922,店舗,大阪梅田店,C02831,山田,男,30,神奈川県,2025-12-21,2,370021,Regular,True,
PR0007285,2025-06-19,エアコン,エアコン 14畳用,370154,店舗,大阪梅田店,C02832,松本,男,52,広島県,2023-11-04,2,403152,Regular,False,
PR0007286,2024-09-05,ゲーム・玩具,ボードゲーム,32998,店舗,秋葉原店,C02832,松本,男,52,広島県,2023-11-04,2,403152,Regular,True,
PR0007287,2025-07-02,冷蔵庫,冷蔵庫 400L,416913,店舗,新宿店,C02833,長谷川,男,49,宮城県,2025-04-03,1,416913,Light,True,
PR0007288,2026-02-14,テレビ,4K テレビ 65型,448520,EC,,C02834,渡辺,男,43,埼玉県,2025-07-03,1,448520,Light,True,
PR0007289,2026-03-11,スマートフォン,ハイエンド 1TB,145411,店舗,横浜駅前店,C02835,山口,女,39,福岡県,2024-05-06,1,145411,Light,True,
PR0007290,2024-12-17,テレビ,有機EL 55型,51789,店舗,秋葉原店,C02836,佐藤,女,34,埼玉県,2023-09-25,2,101684,Regular,False,
PR0007291,2023-11-05,美容家電・小物,ドライヤー,49895,店舗,名古屋栄店,C02836,佐藤,女,34,埼玉県,2023-09-25,2,101684,Regular,True,
PR0007293,2024-12-16,スマートフォン,コンパクトモデル,194744,店舗,秋葉原店,C02838,阿部,女,53,京都府,2024-06-15,2,232780,Regular,True,
PR0007292,2025-04-29,美容家電・小物,ドライヤー,38036,店舗,新宿店,C02838,阿部,女,53,京都府,2024-06-15,2,232780,Regular,False,
PR0007294,2026-03-10,PC・タブレット,ノートPC 15型,66870,店舗,秋葉原店,C02840,山田,女,64,北海道,2023-12-27,2,231000,Regular,False,
PR0007295,2024-08-17,冷蔵庫,冷蔵庫 400L,164130,店舗,大阪梅田店,C02840,山田,女,64,北海道,2023-12-27,2,231000,Regular,True,
PR0007296,2024-10-09,エアコン,エアコン 10畳用,365767,EC,,C02841,伊藤,男,43,神奈川県,2024-06-22,2,409748,Regular,True,
PR0007297,2024-11-26,美容家電・小物,電動歯ブラシ,43981,店舗,渋谷店,C02841,伊藤,男,43,神奈川県,2024-06-22,2,409748,Regular,False,
PR0007298,2023-11-06,ゲーム・玩具,ゲームソフト,47216,店舗,札幌駅前店,C02843,橋本,男,36,大阪府,2021-08-19,1,47216,Inactive,True,
PR0007299,2024-12-15,洗濯機,コンパクト洗濯機,240306,店舗,新宿店,C02844,山口,男,55,京都府,2024-11-28,1,240306,Light,True,
PR0007300,2022-10-12,PC・タブレット,ワークステーション,106727,店舗,札幌駅前店,C02845,遠藤,女,69,東京都,2022-08-13,2,284029,Inactive,True,
PR0007301,2023-06-11,テレビ,有機EL 55型,177302,EC,,C02845,遠藤,女,69,東京都,2022-08-13,2,284029,Inactive,False,
PR0007303,2025-12-11,エアコン,エアコン 6畳用,83984,EC,,C02846,山田,女,55,千葉県,2025-09-28,2,236588,Regular,True,
PR0007302,2026-02-09,テレビ,有機EL 75型,152604,EC,,C02846,山田,女,55,千葉県,2025-09-28,2,236588,Regular,False,
PR0007304,2025-11-07,PC・タブレット,ノートPC 15型,177772,店舗,横浜駅前店,C02847,田中,男,37,京都府,2025-03-12,3,563743,Loyal,False,
PR0007306,2025-07-13,エアコン,エアコン 14畳用,220692,店舗,渋谷店,C02847,田中,男,37,京都府,2025-03-12,3,563743,Loyal,False,
PR0007305,2025-07-09,テレビ,スマートテレビ 43型,165279,EC,,C02847,田中,男,37,京都府,2025-03-12,3,563743,Loyal,True,
PR0007307,2024-02-16,ゲーム・玩具,携帯ゲーム機,28921,EC,,C02848,前田,男,56,福岡県,2023-03-25,1,28921,Inactive,True,
PR0007310,2026-02-18,PC・タブレット,ゲーミングPC,183811,EC,,C02849,伊藤,女,62,神奈川県,2025-03-08,7,1312101,VIP,False,
PR0007308,2025-12-02,エアコン,業務用エアコン,365761,EC,,C02849,伊藤,女,62,神奈川県,2025-03-08,7,1312101,VIP,False,
PR0007312,2025-05-23,オーディオ,ターンテーブル,181305,店舗,横浜駅前店,C02849,伊藤,女,62,神奈川県,2025-03-08,7,1312101,VIP,True,
PR0007309,2025-11-15,スマートフォン,スタンダード 128GB,75416,店舗,札幌駅前店,C02849,伊藤,女,62,神奈川県,2025-03-08,7,1312101,VIP,False,
PR0007313,2025-11-28,テレビ,4K テレビ 65型,152993,EC,,C02849,伊藤,女,62,神奈川県,2025-03-08,7,1312101,VIP,False,
PR0007314,2026-03-07,冷蔵庫,コンパクト冷蔵庫,306479,EC,,C02849,伊藤,女,62,神奈川県,2025-03-08,7,1312101,VIP,False,
PR0007311,2025-08-13,美容家電・小物,ドライヤー,46336,EC,,C02849,伊藤,女,62,神奈川県,2025-03-08,7,1312101,VIP,False,
PR0007317,2025-07-11,エアコン,エアコン 6畳用,157584,EC,,C02850,長谷川,男,58,愛知県,2024-06-13,3,720934,Loyal,False,
PR0007315,2025-04-19,テレビ,4K テレビ 65型,354972,店舗,渋谷店,C02850,長谷川,男,58,愛知県,2024-06-13,3,720934,Loyal,True,
PR0007316,2026-01-11,洗濯機,コンパクト洗濯機,208378,EC,,C02850,長谷川,男,58,愛知県,2024-06-13,3,720934,Loyal,False,
PR0007318,2026-03-16,PC・タブレット,ワークステーション,303500,EC,,C02851,石川,男,35,宮城県,2021-04-01,2,622315,Regular,False,
PR0007319,2021-07-05,洗濯機,乾燥機能付き 10kg,318815,EC,,C02851,石川,男,35,宮城県,2021-04-01,2,622315,Regular,True,
PR0007320,2025-10-03,スマートフォン,ハイエンド 1TB,199476,EC,,C02852,中村,男,34,神奈川県,2024-07-24,2,325853,Regular,True,
PR0007321,2026-03-23,洗濯機,縦型洗濯機,126377,EC,,C02852,中村,男,34,神奈川県,2024-07-24,2,325853,Regular,False,
PR0007322,2026-01-13,ゲーム・玩具,ボードゲーム,41184,店舗,池袋店,C02853,高橋,女,42,北海道,2021-08-21,3,159548,Regular,False,
PR0007323,2022-02-13,美容家電・小物,マッサージガン,74357,EC,,C02853,高橋,女,42,北海道,2021-08-21,3,159548,Regular,True,
PR0007324,2025-01-31,美容家電・小物,電気シェーバー,44007,店舗,横浜駅前店,C02853,高橋,女,42,北海道,2021-08-21,3,159548,Regular,False,1083
PR0007327,2025-02-25,PC・タブレット,ゲーミングPC,217983,EC,,C02854,近藤,女,68,北海道,2024-06-10,3,343387,Loyal,True,
PR0007326,2025-09-11,オーディオ,ヘッドホン,90853,EC,,C02854,近藤,女,68,北海道,2024-06-10,3,343387,Loyal,False,
PR0007325,2025-05-22,美容家電・小物,電動歯ブラシ,34551,EC,,C02854,近藤,女,68,北海道,2024-06-10,3,343387,Loyal,False,
PR0007329,2023-07-18,ゲーム・玩具,携帯ゲーム機,50309,店舗,渋谷店,C02855,前田,男,50,大阪府,2021-10-29,4,690068,Loyal,False,
PR0007330,2022-06-06,スマートフォン,ミドルレンジ機種,175506,店舗,大阪梅田店,C02855,前田,男,50,大阪府,2021-10-29,4,690068,Loyal,True,
PR0007331,2025-02-10,スマートフォン,ミドルレンジ機種,112637,店舗,新宿店,C02855,前田,男,50,大阪府,2021-10-29,4,690068,Loyal,False,980
PR0007328,2024-03-02,テレビ,4K テレビ 50型,351616,店舗,渋谷店,C02855,前田,男,50,大阪府,2021-10-29,4,690068,Loyal,False,
PR0007332,2026-03-16,PC・タブレット,ノートPC 15型,148616,EC,,C02856,木村,男,34,神奈川県,2021-08-01,2,172670,Regular,False,
PR0007333,2023-11-29,美容家電・小物,ドライヤー,24054,EC,,C02856,木村,男,34,神奈川県,2021-08-01,2,172670,Regular,True,
PR0007334,2023-09-29,スマートフォン,ミドルレンジ機種,71518,店舗,横浜駅前店,C02857,山下,男,52,大阪府,2021-11-09,2,205030,Inactive,False,
PR0007335,2022-10-30,洗濯機,乾燥機能付き 10kg,133512,EC,,C02857,山下,男,52,大阪府,2021-11-09,2,205030,Inactive,True,
PR0007337,2026-02-17,オーディオ,ヘッドホン,57856,店舗,札幌駅前店,C02858,佐々木,男,54,東京都,2024-08-22,2,342689,Regular,False,
PR0007336,2025-05-26,テレビ,スマートテレビ 43型,284833,店舗,渋谷店,C02858,佐々木,男,54,東京都,2024-08-22,2,342689,Regular,True,
PR0007338,2025-07-08,カメラ・ビデオ,ミラーレス一眼,276364,店舗,大阪梅田店,C02859,山下,男,47,埼玉県,2022-02-24,3,528728,Loyal,False,
PR0007340,2025-03-23,テレビ,4K テレビ 50型,187324,店舗,天王寺店,C02859,山下,男,47,埼玉県,2022-02-24,3,528728,Loyal,False,
PR0007339,2023-12-24,美容家電・小物,ヘアアイロン,65040,店舗,横浜駅前店,C02859,山下,男,47,埼玉県,2022-02-24,3,528728,Loyal,True,
PR0007341,2025-10-09,スマートフォン,スタンダード 128GB,91147,店舗,大阪梅田店,C02860,加藤,男,58,広島県,2025-06-04,3,658041,Loyal,True,
PR0007342,2026-03-03,テレビ,有機EL 55型,362617,EC,,C02860,加藤,男,58,広島県,2025-06-04,3,658041,Loyal,False,
PR0007343,2025-12-08,洗濯機,乾燥機能付き 10kg,204277,店舗,渋谷店,C02860,加藤,男,58,広島県,2025-06-04,3,658041,Loyal,False,
PR0007344,2023-12-11,PC・タブレット,2-in-1 PC,284594,店舗,札幌駅前店,C02861,清水,男,33,広島県,2021-08-20,2,301359,Regular,True,
PR0007345,2026-03-27,美容家電・小物,美顔器,16765,店舗,名古屋栄店,C02861,清水,男,33,広島県,2021-08-20,2,301359,Regular,False,
PR0007347,2025-05-14,PC・タブレット,タブレット 10型,116388,店舗,大阪梅田店,C02862,松本,男,57,広島県,2024-08-15,2,381539,Regular,False,
PR0007346,2024-12-21,エアコン,エアコン 14畳用,265151,EC,,C02862,松本,男,57,広島県,2024-08-15,2,381539,Regular,True,
PR0007348,2023-05-23,美容家電・小物,電気シェーバー,31397,EC,,C02863,山下,男,34,宮城県,2022-11-01,1,31397,Inactive,True,
PR0007349,2024-07-18,PC・タブレット,ゲーミングPC,195427,EC,,C02865,後藤,女,28,埼玉県,2024-07-06,4,367141,Loyal,True,
PR0007350,2025-12-10,オーディオ,ヘッドホン,20828,EC,,C02865,後藤,女,28,埼玉県,2024-07-06,4,367141,Loyal,False,
PR0007352,2025-08-19,スマートフォン,Pro モデル 512GB,103513,EC,,C02865,後藤,女,28,埼玉県,2024-07-06,4,367141,Loyal,False,
PR0007351,2026-03-11,美容家電・小物,ヘアアイロン,47373,EC,,C02865,後藤,女,28,埼玉県,2024-07-06,4,367141,Loyal,False,
PR0007353,2026-03-15,PC・タブレット,ノートPC 13型,237539,店舗,大阪梅田店,C02866,山崎,男,42,千葉県,2025-03-10,1,237539,Light,True,
PR0007354,2025-04-18,エアコン,エアコン 18畳用,242949,店舗,大阪梅田店,C02867,森,男,69,埼玉県,2022-12-20,4,779927,Loyal,False,
PR0007357,2026-01-06,スマートフォン,Pro モデル 512GB,109928,店舗,天王寺店,C02867,森,男,69,埼玉県,2022-12-20,4,779927,Loyal,False,
PR0007355,2024-03-02,テレビ,スマートテレビ 43型,248361,店舗,大阪梅田店,C02867,森,男,69,埼玉県,2022-12-20,4,779927,Loyal,True,
PR0007356,2024-03-08,洗濯機,コンパクト洗濯機,178689,店舗,福岡天神店,C02867,森,男,69,埼玉県,2022-12-20,4,779927,Loyal,False,
PR0007358,2026-03-15,スマートフォン,コンパクトモデル,161290,店舗,渋谷店,C02868,中島,女,47,京都府,2026-01-20,2,390586,Regular,False,
PR0007359,2026-02-26,テレビ,4K テレビ 50型,229296,店舗,大阪梅田店,C02868,中島,女,47,京都府,2026-01-20,2,390586,Regular,True,
PR0007361,2025-08-06,エアコン,エアコン 10畳用,367021,店舗,福岡天神店,C02869,小川,男,52,宮城県,2025-04-21,2,435067,Regular,False,
PR0007360,2025-07-02,美容家電・小物,ドライヤー,68046,店舗,秋葉原店,C02869,小川,男,52,宮城県,2025-04-21,2,435067,Regular,True,
PR0007363,2025-05-09,PC・タブレット,ゲーミングPC,178486,EC,,C02870,近藤,男,53,神奈川県,2023-01-31,2,206999,Regular,False,
PR0007362,2025-02-13,オーディオ,ワイヤレスイヤホン,28513,店舗,名古屋栄店,C02870,近藤,男,53,神奈川県,2023-01-31,2,206999,Regular,True,
PR0007364,2024-05-17,カメラ・ビデオ,コンパクトデジカメ,140174,店舗,池袋店,C02871,中島,男,56,愛知県,2024-01-30,6,1025568,VIP,False,
PR0007368,2024-12-03,ゲーム・玩具,ゲームソフト,75592,店舗,天王寺店,C02871,中島,男,56,愛知県,2024-01-30,6,1025568,VIP,False,
PR0007367,2025-07-12,スマートフォン,コンパクトモデル,59569,店舗,池袋店,C02871,中島,男,56,愛知県,2024-01-30,6,1025568,VIP,False,
PR0007365,2024-04-21,テレビ,プロジェクター,311849,EC,,C02871,中島,男,56,愛知県,2024-01-30,6,1025568,VIP,True,
PR0007366,2026-02-11,冷蔵庫,冷蔵庫 600L 大型,183931,EC,,C02871,中島,男,56,愛知県,2024-01-30,6,1025568,VIP,False,
PR0007369,2026-03-17,洗濯機,ドラム式洗濯機,254453,EC,,C02871,中島,男,56,愛知県,2024-01-30,6,1025568,VIP,False,
PR0007370,2025-06-29,テレビ,4K テレビ 65型,283432,EC,,C02872,青木,女,53,宮城県,2023-08-23,2,374256,Regular,False,
PR0007371,2024-03-25,洗濯機,ドラム式洗濯機,90824,EC,,C02872,青木,女,53,宮城県,2023-08-23,2,374256,Regular,True,
PR0007372,2023-09-01,スマートフォン,最新スマホ 256GB,53039,EC,,C02873,長谷川,女,52,東京都,2023-07-19,1,53039,Inactive,True,
PR0007374,2024-09-20,PC・タブレット,ワークステーション,272027,店舗,横浜駅前店,C02874,岡田,男,40,北海道,2023-07-02,2,388761,Regular,True,
PR0007373,2026-01-20,オーディオ,ターンテーブル,116734,EC,,C02874,岡田,男,40,北海道,2023-07-02,2,388761,Regular,False,
PR0007375,2024-02-03,PC・タブレット,2-in-1 PC,102388,EC,,C02875,加藤,女,50,東京都,2023-02-26,3,686335,Loyal,False,
PR0007377,2023-06-21,エアコン,エアコン 14畳用,384226,店舗,大阪梅田店,C02875,加藤,女,50,東京都,2023-02-26,3,686335,Loyal,True,
PR0007376,2025-01-05,洗濯機,ドラム式洗濯機,199721,店舗,新宿店,C02875,加藤,女,50,東京都,2023-02-26,3,686335,Loyal,False,
PR0007379,2023-04-23,スマートフォン,コンパクトモデル,63923,EC,,C02876,佐藤,女,56,埼玉県,2022-08-05,3,365174,Loyal,True,
PR0007380,2026-01-11,スマートフォン,ミドルレンジ機種,131634,EC,,C02876,佐藤,女,56,埼玉県,2022-08-05,3,365174,Loyal,False,994
PR0007378,2025-06-29,テレビ,4K テレビ 65型,169617,EC,,C02876,佐藤,女,56,埼玉県,2022-08-05,3,365174,Loyal,False,
PR0007383,2025-09-27,PC・タブレット,ノートPC 15型,196506,店舗,渋谷店,C02877,鈴木,男,52,千葉県,2025-07-25,5,780589,VIP,True,
PR0007382,2026-01-17,オーディオ,ワイヤレスイヤホン,77106,店舗,札幌駅前店,C02877,鈴木,男,52,千葉県,2025-07-25,5,780589,VIP,False,
PR0007384,2025-12-19,カメラ・ビデオ,交換レンズ,48577,店舗,天王寺店,C02877,鈴木,男,52,千葉県,2025-07-25,5,780589,VIP,False,
PR0007385,2026-02-24,テレビ,4K テレビ 65型,66491,店舗,福岡天神店,C02877,鈴木,男,52,千葉県,2025-07-25,5,780589,VIP,False,
PR0007381,2025-11-17,冷蔵庫,フレンチドア 700L,391909,店舗,名古屋栄店,C02877,鈴木,男,52,千葉県,2025-07-25,5,780589,VIP,False,
PR0007386,2024-10-11,エアコン,エアコン 14畳用,204384,店舗,秋葉原店,C02878,岡田,女,51,埼玉県,2024-08-14,2,440108,Regular,True,
PR0007387,2024-10-29,カメラ・ビデオ,ドローン,235724,店舗,横浜駅前店,C02878,岡田,女,51,埼玉県,2024-08-14,2,440108,Regular,False,
PR0007392,2025-02-24,PC・タブレット,ノートPC 15型,105932,店舗,大阪梅田店,C02879,木村,男,49,兵庫県,2022-01-13,8,876931,VIP,False,
PR0007394,2024-06-13,エアコン,業務用エアコン,90155,EC,,C02879,木村,男,49,兵庫県,2022-01-13,8,876931,VIP,False,
PR0007393,2022-05-10,カメラ・ビデオ,ミラーレス一眼,45930,店舗,池袋店,C02879,木村,男,49,兵庫県,2022-01-13,8,876931,VIP,True,
PR0007389,2024-06-10,ゲーム・玩具,ボードゲーム,55756,EC,,C02879,木村,男,49,兵庫県,2022-01-13,8,876931,VIP,False,
PR0007390,2024-02-01,スマートフォン,Pro モデル 512GB,77259,店舗,秋葉原店,C02879,木村,男,49,兵庫県,2022-01-13,8,876931,VIP,False,
PR0007391,2025-12-19,スマートフォン,ハイエンド 1TB,60949,店舗,新宿店,C02879,木村,男,49,兵庫県,2022-01-13,8,876931,VIP,False,687
PR0007388,2023-03-14,テレビ,有機EL 75型,241401,EC,,C02879,木村,男,49,兵庫県,2022-01-13,8,876931,VIP,False,
PR0007395,2024-07-14,冷蔵庫,コンパクト冷蔵庫,199549,EC,,C02879,木村,男,49,兵庫県,2022-01-13,8,876931,VIP,False,
PR0007397,2021-06-27,テレビ,有機EL 55型,386964,EC,,C02880,清水,女,51,北海道,2021-05-16,2,718443,Inactive,True,
PR0007396,2022-03-27,冷蔵庫,コンパクト冷蔵庫,331479,EC,,C02880,清水,女,51,北海道,2021-05-16,2,718443,Inactive,False,
PR0007398,2025-09-05,カメラ・ビデオ,コンパクトデジカメ,154823,EC,,C02881,橋本,男,69,広島県,2024-12-26,3,655951,Loyal,True,
PR0007399,2025-09-21,スマートフォン,ミドルレンジ機種,139898,EC,,C02881,橋本,男,69,広島県,2024-12-26,3,655951,Loyal,False,
PR0007400,2025-10-20,テレビ,有機EL 75型,361230,EC,,C02881,橋本,男,69,広島県,2024-12-26,3,655951,Loyal,False,
PR0007403,2024-03-24,オーディオ,ワイヤレスイヤホン,193644,店舗,渋谷店,C02884,橋本,男,68,広島県,2023-11-17,3,767630,Loyal,False,
PR0007402,2024-03-21,テレビ,4K テレビ 50型,473050,店舗,渋谷店,C02884,橋本,男,68,広島県,2023-11-17,3,767630,Loyal,True,
PR0007401,2024-09-05,洗濯機,ドラム式洗濯機,100936,店舗,福岡天神店,C02884,橋本,男,68,広島県,2023-11-17,3,767630,Loyal,False,
PR0007404,2025-03-24,スマートフォン,ハイエンド 1TB,167354,店舗,渋谷店,C02885,青木,女,44,大阪府,2022-12-06,1,167354,Light,True,
PR0007405,2024-07-14,エアコン,業務用エアコン,335277,店舗,新宿店,C02886,清水,男,65,兵庫県,2023-10-16,2,363125,Regular,True,
PR0007406,2025-06-08,ゲーム・玩具,携帯ゲーム機,27848,店舗,新宿店,C02886,清水,男,65,兵庫県,2023-10-16,2,363125,Regular,False,
PR0007407,2025-08-18,テレビ,4K テレビ 50型,190550,店舗,池袋店,C02887,井上,男,52,宮城県,2022-12-26,2,545303,Regular,False,
PR0007408,2024-12-06,冷蔵庫,冷蔵庫 400L,354753,店舗,横浜駅前店,C02887,井上,男,52,宮城県,2022-12-26,2,545303,Regular,True,
PR0007410,2025-07-28,PC・タブレット,ノートPC 13型,308580,店舗,名古屋栄店,C02888,佐々木,男,22,東京都,2025-02-03,2,369591,Regular,True,
PR0007409,2025-12-04,スマートフォン,スタンダード 128GB,61011,EC,,C02888,佐々木,男,22,東京都,2025-02-03,2,369591,Regular,False,
PR0007412,2025-11-12,スマートフォン,コンパクトモデル,174864,店舗,横浜駅前店,C02889,佐藤,女,23,大阪府,2025-10-03,2,347569,Regular,True,
PR0007411,2026-02-26,テレビ,有機EL 75型,172705,店舗,秋葉原店,C02889,佐藤,女,23,大阪府,2025-10-03,2,347569,Regular,False,
PR0007413,2025-12-07,テレビ,有機EL 75型,452290,店舗,池袋店,C02890,渡辺,男,45,北海道,2025-08-21,1,452290,Light,True,
PR0007414,2023-11-04,テレビ,有機EL 75型,289356,EC,,C02891,鈴木,女,60,大阪府,2022-10-02,3,395131,Loyal,False,
PR0007416,2025-07-03,洗濯機,乾燥機能付き 10kg,83563,店舗,札幌駅前店,C02891,鈴木,女,60,大阪府,2022-10-02,3,395131,Loyal,False,
PR0007415,2023-02-22,美容家電・小物,電動歯ブラシ,22212,EC,,C02891,鈴木,女,60,大阪府,2022-10-02,3,395131,Loyal,True,
PR0007417,2025-10-28,美容家電・小物,電気シェーバー,61389,EC,,C02892,中島,男,30,千葉県,2025-08-17,1,61389,Light,True,
PR0007418,2024-01-13,スマートフォン,ミドルレンジ機種,145871,店舗,秋葉原店,C02893,後藤,男,22,愛知県,2023-12-17,1,145871,Inactive,True,
PR0007420,2025-04-17,PC・タブレット,2-in-1 PC,201039,店舗,新宿店,C02894,高橋,男,39,福岡県,2024-10-26,5,952892,VIP,True,
PR0007419,2025-08-16,エアコン,エアコン 6畳用,238819,店舗,横浜駅前店,C02894,高橋,男,39,福岡県,2024-10-26,5,952892,VIP,False,
PR0007421,2025-10-30,ゲーム・玩具,ゲームソフト,11817,EC,,C02894,高橋,男,39,福岡県,2024-10-26,5,952892,VIP,False,
PR0007422,2025-11-12,テレビ,有機EL 75型,425369,EC,,C02894,高橋,男,39,福岡県,2024-10-26,5,952892,VIP,False,
PR0007423,2025-04-29,美容家電・小物,美顔器,75848,店舗,福岡天神店,C02894,高橋,男,39,福岡県,2024-10-26,5,952892,VIP,False,
PR0007425,2026-03-07,PC・タブレット,2-in-1 PC,177083,店舗,大阪梅田店,C02895,山下,男,31,北海道,2023-07-24,2,306724,Regular,False,
PR0007424,2024-11-18,洗濯機,縦型洗濯機,129641,店舗,秋葉原店,C02895,山下,男,31,北海道,2023-07-24,2,306724,Regular,True,
PR0007426,2025-11-06,PC・タブレット,ノートPC 13型,128050,店舗,渋谷店,C02896,山本,男,56,神奈川県,2024-10-19,1,128050,Light,True,
PR0007429,2024-12-21,PC・タブレット,ノートPC 13型,90337,店舗,天王寺店,C02897,山口,女,22,埼玉県,2024-10-16,3,291925,Loyal,True,
PR0007427,2025-10-28,スマートフォン,スタンダード 128GB,153868,店舗,横浜駅前店,C02897,山口,女,22,埼玉県,2024-10-16,3,291925,Loyal,False,
PR0007428,2025-05-25,美容家電・小物,電気シェーバー,47720,EC,,C02897,山口,女,22,埼玉県,2024-10-16,3,291925,Loyal,False,
PR0007430,2025-05-23,スマートフォン,コンパクトモデル,145842,店舗,秋葉原店,C02898,中村,女,45,大阪府,2023-12-23,2,451458,Regular,True,
PR0007431,2026-02-21,洗濯機,コンパクト洗濯機,305616,EC,,C02898,中村,女,45,大阪府,2023-12-23,2,451458,Regular,False,
PR0007434,2023-11-02,PC・タブレット,2-in-1 PC,215807,店舗,横浜駅前店,C02899,佐藤,女,46,広島県,2023-06-18,5,1156336,VIP,True,
PR0007436,2026-01-27,エアコン,エアコン 14畳用,302994,EC,,C02899,佐藤,女,46,広島県,2023-06-18,5,1156336,VIP,False,
PR0007435,2025-03-02,カメラ・ビデオ,コンパクトデジカメ,174956,店舗,福岡天神店,C02899,佐藤,女,46,広島県,2023-06-18,5,1156336,VIP,False,
PR0007433,2026-01-05,冷蔵庫,冷蔵庫 500L,403694,EC,,C02899,佐藤,女,46,広島県,2023-06-18,5,1156336,VIP,False,
PR0007432,2023-12-25,美容家電・小物,ドライヤー,58885,店舗,新宿店,C02899,佐藤,女,46,広島県,2023-06-18,5,1156336,VIP,False,
PR0007438,2024-08-27,ゲーム・玩具,ゲームソフト,43464,店舗,札幌駅前店,C02900,石井,男,40,北海道,2021-10-31,2,119842,Regular,False,
PR0007437,2023-09-14,スマートフォン,スタンダード 128GB,76378,店舗,秋葉原店,C02900,石井,男,40,北海道,2021-10-31,2,119842,Regular,True,
PR0007439,2024-02-19,PC・タブレット,ゲーミングPC,128080,EC,,C02901,遠藤,男,48,宮城県,2023-04-12,3,751282,Loyal,True,
PR0007440,2024-11-11,テレビ,4K テレビ 65型,350692,店舗,天王寺店,C02901,遠藤,男,48,宮城県,2023-04-12,3,751282,Loyal,False,
PR0007441,2025-02-01,洗濯機,ドラム式洗濯機,272510,EC,,C02901,遠藤,男,48,宮城県,2023-04-12,3,751282,Loyal,False,
PR0007442,2024-04-14,スマートフォン,コンパクトモデル,83615,店舗,渋谷店,C02902,後藤,女,36,東京都,2022-10-28,2,153241,Regular,True,
PR0007443,2025-05-15,美容家電・小物,マッサージガン,69626,店舗,横浜駅前店,C02902,後藤,女,36,東京都,2022-10-28,2,153241,Regular,False,
PR0007445,2023-11-08,カメラ・ビデオ,交換レンズ,222429,EC,,C02903,石井,男,39,福岡県,2022-07-20,2,667597,Inactive,False,
PR0007444,2023-11-03,テレビ,プロジェクター,445168,EC,,C02903,石井,男,39,福岡県,2022-07-20,2,667597,Inactive,True,
PR0007446,2025-06-07,美容家電・小物,マッサージガン,41814,EC,,C02904,山口,男,57,福岡県,2024-03-30,1,41814,Light,True,
PR0007449,2024-03-31,エアコン,エアコン 10畳用,207145,EC,,C02905,石川,女,63,千葉県,2023-04-07,6,954512,VIP,False,
PR0007448,2024-12-18,カメラ・ビデオ,アクションカメラ,94579,EC,,C02905,石川,女,63,千葉県,2023-04-07,6,954512,VIP,False,
PR0007452,2023-05-13,テレビ,4K テレビ 65型,342811,EC,,C02905,石川,女,63,千葉県,2023-04-07,6,954512,VIP,True,
PR0007447,2024-11-15,洗濯機,全自動 8kg,273976,EC,,C02905,石川,女,63,千葉県,2023-04-07,6,954512,VIP,False,
PR0007450,2023-08-25,美容家電・小物,美顔器,22309,EC,,C02905,石川,女,63,千葉県,2023-04-07,6,954512,VIP,False,
PR0007451,2025-12-23,美容家電・小物,ヘアアイロン,13692,EC,,C02905,石川,女,63,千葉県,2023-04-07,6,954512,VIP,False,851
PR0007453,2023-09-14,スマートフォン,最新スマホ 256GB,196105,店舗,渋谷店,C02907,佐々木,男,26,宮城県,2021-05-08,1,196105,Inactive,True,
PR0007455,2025-07-16,ゲーム・玩具,ゲームソフト,71757,店舗,札幌駅前店,C02908,山口,男,22,埼玉県,2023-05-20,2,85009,Regular,False,
PR0007454,2025-01-29,美容家電・小物,ドライヤー,13252,EC,,C02908,山口,男,22,埼玉県,2023-05-20,2,85009,Regular,True,
PR0007456,2024-11-27,PC・タブレット,2-in-1 PC,182242,EC,,C02909,鈴木,女,36,京都府,2022-03-14,4,558696,Loyal,False,
PR0007458,2023-03-31,スマートフォン,Pro モデル 512GB,160507,EC,,C02909,鈴木,女,36,京都府,2022-03-14,4,558696,Loyal,True,
PR0007459,2025-12-31,スマートフォン,コンパクトモデル,58297,店舗,池袋店,C02909,鈴木,女,36,京都府,2022-03-14,4,558696,Loyal,False,1006
PR0007457,2024-12-23,洗濯機,縦型洗濯機,157650,EC,,C02909,鈴木,女,36,京都府,2022-03-14,4,558696,Loyal,False,
PR0007463,2025-09-21,カメラ・ビデオ,ドローン,240303,EC,,C02910,井上,男,44,大阪府,2022-07-11,4,867533,Loyal,False,
PR0007461,2023-06-13,スマートフォン,スタンダード 128GB,90798,EC,,C02910,井上,男,44,大阪府,2022-07-11,4,867533,Loyal,True,
PR0007462,2026-03-24,スマートフォン,スタンダード 128GB,127223,EC,,C02910,井上,男,44,大阪府,2022-07-11,4,867533,Loyal,False,1015
PR0007460,2024-05-01,テレビ,スマートテレビ 43型,409209,EC,,C02910,井上,男,44,大阪府,2022-07-11,4,867533,Loyal,False,
PR0007464,2025-08-05,ゲーム・玩具,ゲームソフト,13301,店舗,福岡天神店,C02911,山崎,男,36,福岡県,2024-02-07,3,108365,Regular,True,
PR0007465,2025-08-16,スマートフォン,コンパクトモデル,79214,店舗,福岡天神店,C02911,山崎,男,36,福岡県,2024-02-07,3,108365,Regular,False,
PR0007466,2026-01-07,美容家電・小物,ドライヤー,15850,EC,,C02911,山崎,男,36,福岡県,2024-02-07,3,108365,Regular,False,
PR0007469,2025-12-14,カメラ・ビデオ,ミラーレス一眼,183151,店舗,池袋店,C02912,石川,男,42,福岡県,2022-02-18,3,297670,Loyal,False,
PR0007467,2022-12-14,美容家電・小物,ドライヤー,67955,EC,,C02912,石川,男,42,福岡県,2022-02-18,3,297670,Loyal,True,
PR0007468,2025-08-31,美容家電・小物,マッサージガン,46564,店舗,渋谷店,C02912,石川,男,42,福岡県,2022-02-18,3,297670,Loyal,False,991
PR0007471,2025-04-14,PC・タブレット,2-in-1 PC,319672,EC,,C02913,吉田,女,32,兵庫県,2025-04-11,2,489691,Regular,True,
PR0007470,2025-09-29,エアコン,エアコン 18畳用,170019,店舗,秋葉原店,C02913,吉田,女,32,兵庫県,2025-04-11,2,489691,Regular,False,
PR0007472,2025-05-24,ゲーム・玩具,据置型ゲーム機,20138,EC,,C02914,青木,男,40,北海道,2023-01-29,1,20138,Light,True,
PR0007474,2026-03-18,PC・タブレット,ノートPC 15型,323793,EC,,C02915,山田,女,42,千葉県,2024-01-03,2,580286,Regular,False,
PR0007473,2025-11-28,テレビ,4K テレビ 65型,256493,EC,,C02915,山田,女,42,千葉県,2024-01-03,2,580286,Regular,True,
PR0007475,2023-11-19,エアコン,エアコン 18畳用,298505,EC,,C02916,高橋,女,67,兵庫県,2023-11-08,1,298505,Inactive,True,
PR0007476,2024-05-24,テレビ,4K テレビ 50型,418473,EC,,C02917,青木,男,49,東京都,2023-07-13,2,472598,Regular,False,
PR0007477,2023-09-16,美容家電・小物,電気シェーバー,54125,店舗,天王寺店,C02917,青木,男,49,東京都,2023-07-13,2,472598,Regular,True,
PR0007478,2023-02-05,ゲーム・玩具,コントローラ,60219,EC,,C02918,岡田,男,33,宮城県,2021-10-05,2,342670,Inactive,False,
PR0007479,2023-01-22,洗濯機,乾燥機能付き 10kg,282451,EC,,C02918,岡田,男,33,宮城県,2021-10-05,2,342670,Inactive,True,
PR0007483,2024-06-25,PC・タブレット,ノートPC 13型,239044,EC,,C02919,清水,女,30,大阪府,2023-10-07,7,1007318,VIP,False,
PR0007480,2025-08-07,エアコン,業務用エアコン,149298,店舗,池袋店,C02919,清水,女,30,大阪府,2023-10-07,7,1007318,VIP,False,
PR0007484,2024-07-19,ゲーム・玩具,ボードゲーム,20631,EC,,C02919,清水,女,30,大阪府,2023-10-07,7,1007318,VIP,False,
PR0007481,2024-02-08,スマートフォン,ミドルレンジ機種,92725,EC,,C02919,清水,女,30,大阪府,2023-10-07,7,1007318,VIP,True,
PR0007482,2025-11-07,スマートフォン,スタンダード 128GB,198605,EC,,C02919,清水,女,30,大阪府,2023-10-07,7,1007318,VIP,False,638
PR0007486,2024-10-19,テレビ,スマートテレビ 43型,138569,EC,,C02919,清水,女,30,大阪府,2023-10-07,7,1007318,VIP,False,
PR0007485,2024-04-21,冷蔵庫,冷蔵庫 400L,168446,EC,,C02919,清水,女,30,大阪府,2023-10-07,7,1007318,VIP,False,
PR0007488,2024-06-29,PC・タブレット,ノートPC 13型,136605,店舗,天王寺店,C02920,岡田,男,27,京都府,2024-06-09,2,335811,Regular,True,
PR0007487,2025-10-24,冷蔵庫,冷蔵庫 400L,199206,店舗,秋葉原店,C02920,岡田,男,27,京都府,2024-06-09,2,335811,Regular,False,
PR0007491,2025-10-08,PC・タブレット,ゲーミングPC,205399,EC,,C02921,吉田,男,41,東京都,2022-09-21,6,1109840,VIP,False,
PR0007493,2023-08-09,エアコン,エアコン 18畳用,125019,店舗,大阪梅田店,C02921,吉田,男,41,東京都,2022-09-21,6,1109840,VIP,False,
PR0007494,2025-09-18,カメラ・ビデオ,アクションカメラ,214075,店舗,横浜駅前店,C02921,吉田,男,41,東京都,2022-09-21,6,1109840,VIP,False,
PR0007492,2023-01-01,ゲーム・玩具,携帯ゲーム機,34048,店舗,天王寺店,C02921,吉田,男,41,東京都,2022-09-21,6,1109840,VIP,True,
PR0007489,2024-12-12,スマートフォン,コンパクトモデル,142234,EC,,C02921,吉田,男,41,東京都,2022-09-21,6,1109840,VIP,False,
PR0007490,2023-09-04,冷蔵庫,フレンチドア 700L,389065,店舗,大阪梅田店,C02921,吉田,男,41,東京都,2022-09-21,6,1109840,VIP,False,
PR0007497,2022-05-31,PC・タブレット,ノートPC 13型,315653,店舗,天王寺店,C02922,佐々木,男,65,宮城県,2021-12-15,6,1184761,VIP,True,
PR0007498,2026-01-09,PC・タブレット,ノートPC 13型,114174,店舗,名古屋栄店,C02922,佐々木,男,65,宮城県,2021-12-15,6,1184761,VIP,False,1319
PR0007499,2025-02-28,エアコン,エアコン 14畳用,186182,店舗,横浜駅前店,C02922,佐々木,男,65,宮城県,2021-12-15,6,1184761,VIP,False,
PR0007500,2026-02-25,カメラ・ビデオ,ビデオカメラ,279362,店舗,天王寺店,C02922,佐々木,男,65,宮城県,2021-12-15,6,1184761,VIP,False,
PR0007495,2023-08-19,スマートフォン,コンパクトモデル,114947,店舗,渋谷店,C02922,佐々木,男,65,宮城県,2021-12-15,6,1184761,VIP,False,
PR0007496,2025-08-04,スマートフォン,ミドルレンジ機種,174443,店舗,天王寺店,C02922,佐々木,男,65,宮城県,2021-12-15,6,1184761,VIP,False,716
PR0007502,2025-07-28,ゲーム・玩具,据置型ゲーム機,36180,店舗,新宿店,C02923,山口,男,39,兵庫県,2025-07-02,2,108674,Regular,True,
PR0007501,2025-09-21,美容家電・小物,ドライヤー,72494,EC,,C02923,山口,男,39,兵庫県,2025-07-02,2,108674,Regular,False,
PR0007504,2025-12-26,テレビ,有機EL 75型,480477,EC,,C02924,渡辺,男,40,広島県,2021-08-02,2,767892,Regular,False,
PR0007503,2023-02-11,洗濯機,全自動 8kg,287415,店舗,秋葉原店,C02924,渡辺,男,40,広島県,2021-08-02,2,767892,Regular,True,
PR0007505,2025-09-01,PC・タブレット,ゲーミングPC,312189,EC,,C02925,佐藤,女,31,愛知県,2025-07-29,2,505355,Regular,True,
PR0007506,2026-02-28,スマートフォン,ミドルレンジ機種,193166,EC,,C02925,佐藤,女,31,愛知県,2025-07-29,2,505355,Regular,False,
PR0007507,2023-09-02,PC・タブレット,タブレット 10型,79774,店舗,横浜駅前店,C02926,小林,女,39,福岡県,2023-02-11,1,79774,Inactive,True,
PR0007509,2025-11-11,冷蔵庫,冷蔵庫 500L,129065,店舗,池袋店,C02927,後藤,男,55,兵庫県,2024-11-22,2,288252,Regular,False,
PR0007508,2025-09-27,洗濯機,縦型洗濯機,159187,店舗,大阪梅田店,C02927,後藤,男,55,兵庫県,2024-11-22,2,288252,Regular,True,
PR0007512,2025-12-19,エアコン,業務用エアコン,210602,店舗,横浜駅前店,C02928,山本,男,48,京都府,2023-05-19,3,764093,Loyal,False,
PR0007510,2025-11-04,スマートフォン,Pro モデル 512GB,141692,店舗,天王寺店,C02928,山本,男,48,京都府,2023-05-19,3,764093,Loyal,True,
PR0007511,2026-01-02,テレビ,4K テレビ 50型,411799,店舗,札幌駅前店,C02928,山本,男,48,京都府,2023-05-19,3,764093,Loyal,False,
PR0007513,2024-08-22,テレビ,4K テレビ 50型,383994,店舗,秋葉原店,C02929,田中,男,58,広島県,2023-07-04,1,383994,Light,True,
PR0007514,2026-01-19,PC・タブレット,2-in-1 PC,181863,店舗,池袋店,C02930,鈴木,男,75,愛知県,2022-07-26,4,806323,Loyal,False,
PR0007515,2023-11-29,エアコン,エアコン 6畳用,339422,店舗,渋谷店,C02930,鈴木,男,75,愛知県,2022-07-26,4,806323,Loyal,False,
PR0007517,2025-12-21,スマートフォン,コンパクトモデル,171829,店舗,天王寺店,C02930,鈴木,男,75,愛知県,2022-07-26,4,806323,Loyal,False,
PR0007516,2022-12-12,テレビ,スマートテレビ 43型,113209,店舗,札幌駅前店,C02930,鈴木,男,75,愛知県,2022-07-26,4,806323,Loyal,True,
PR0007518,2025-01-20,洗濯機,コンパクト洗濯機,196549,店舗,大阪梅田店,C02931,佐々木,男,48,埼玉県,2024-11-09,1,196549,Light,True,
PR0007519,2025-09-10,テレビ,プロジェクター,271234,EC,,C02932,遠藤,男,60,大阪府,2023-01-16,1,271234,Light,True,
PR0007520,2026-02-06,エアコン,エアコン 14畳用,289803,EC,,C02933,高橋,男,57,北海道,2021-06-29,2,594095,Regular,False,
PR0007521,2024-05-01,テレビ,有機EL 55型,304292,店舗,横浜駅前店,C02933,高橋,男,57,北海道,2021-06-29,2,594095,Regular,True,
PR0007522,2025-11-20,スマートフォン,ミドルレンジ機種,124890,EC,,C02935,田中,男,37,東京都,2025-09-29,1,124890,Light,True,
PR0007523,2025-05-12,エアコン,エアコン 6畳用,370849,店舗,横浜駅前店,C02936,林,男,75,兵庫県,2023-09-02,3,848149,Loyal,False,
PR0007525,2024-07-21,スマートフォン,ミドルレンジ機種,180704,EC,,C02936,林,男,75,兵庫県,2023-09-02,3,848149,Loyal,True,
PR0007524,2026-03-23,テレビ,プロジェクター,296596,店舗,新宿店,C02936,林,男,75,兵庫県,2023-09-02,3,848149,Loyal,False,
PR0007526,2023-12-03,スマートフォン,コンパクトモデル,74518,EC,,C02937,山下,男,41,埼玉県,2022-09-14,2,267428,Inactive,True,
PR0007527,2024-04-20,洗濯機,乾燥機能付き 10kg,192910,EC,,C02937,山下,男,41,埼玉県,2022-09-14,2,267428,Inactive,False,
PR0007533,2022-05-23,PC・タブレット,タブレット 10型,322118,店舗,名古屋栄店,C02938,林,男,71,北海道,2021-05-15,7,832330,VIP,False,
PR0007534,2026-03-22,PC・タブレット,ワークステーション,63927,店舗,天王寺店,C02938,林,男,71,北海道,2021-05-15,7,832330,VIP,False,1399
PR0007530,2025-11-28,カメラ・ビデオ,アクションカメラ,41787,店舗,横浜駅前店,C02938,林,男,71,北海道,2021-05-15,7,832330,VIP,False,
PR0007532,2025-12-20,スマートフォン,ミドルレンジ機種,136713,店舗,大阪梅田店,C02938,林,男,71,北海道,2021-05-15,7,832330,VIP,False,
PR0007531,2025-06-12,テレビ,スマートテレビ 43型,176311,店舗,新宿店,C02938,林,男,71,北海道,2021-05-15,7,832330,VIP,False,
PR0007528,2022-01-05,美容家電・小物,マッサージガン,41662,店舗,名古屋栄店,C02938,林,男,71,北海道,2021-05-15,7,832330,VIP,True,
PR0007529,2024-09-26,美容家電・小物,ヘアアイロン,49812,店舗,渋谷店,C02938,林,男,71,北海道,2021-05-15,7,832330,VIP,False,995
PR0007537,2025-06-24,PC・タブレット,タブレット 10型,222982,店舗,池袋店,C02939,石井,女,58,宮城県,2023-03-14,3,403280,Loyal,False,
PR0007536,2024-07-03,テレビ,4K テレビ 65型,163914,店舗,大阪梅田店,C02939,石井,女,58,宮城県,2023-03-14,3,403280,Loyal,True,
PR0007535,2026-01-29,美容家電・小物,マッサージガン,16384,店舗,大阪梅田店,C02939,石井,女,58,宮城県,2023-03-14,3,403280,Loyal,False,
PR0007539,2026-01-11,オーディオ,ターンテーブル,159311,EC,,C02940,中島,女,43,北海道,2025-09-19,2,195738,Regular,True,
PR0007538,2026-02-13,美容家電・小物,ドライヤー,36427,店舗,天王寺店,C02940,中島,女,43,北海道,2025-09-19,2,195738,Regular,False,
PR0007540,2024-09-02,ゲーム・玩具,ゲームソフト,56899,店舗,名古屋栄店,C02941,藤田,女,42,宮城県,2022-08-10,1,56899,Light,True,
PR0007541,2025-02-27,カメラ・ビデオ,ビデオカメラ,200633,EC,,C02942,坂本,男,25,神奈川県,2024-06-10,1,200633,Light,True,
PR0007542,2023-10-15,PC・タブレット,2-in-1 PC,117368,店舗,渋谷店,C02943,村上,女,39,宮城県,2022-05-18,1,117368,Inactive,True,
PR0007545,2023-05-09,スマートフォン,スタンダード 128GB,98377,店舗,大阪梅田店,C02944,吉田,女,75,大阪府,2022-12-20,4,488513,Loyal,False,
PR0007546,2026-03-14,スマートフォン,ミドルレンジ機種,78176,店舗,福岡天神店,C02944,吉田,女,75,大阪府,2022-12-20,4,488513,Loyal,False,1040
PR0007544,2025-08-15,テレビ,4K テレビ 65型,235498,EC,,C02944,吉田,女,75,大阪府,2022-12-20,4,488513,Loyal,False,
PR0007543,2023-02-02,美容家電・小物,ヘアアイロン,76462,EC,,C02944,吉田,女,75,大阪府,2022-12-20,4,488513,Loyal,True,
PR0007547,2021-08-22,スマートフォン,コンパクトモデル,100020,EC,,C02945,橋本,男,23,京都府,2021-05-30,3,556668,Inactive,False,
PR0007548,2024-03-18,スマートフォン,Pro モデル 512GB,57077,店舗,福岡天神店,C02945,橋本,男,23,京都府,2021-05-30,3,556668,Inactive,False,939
PR0007549,2021-06-06,テレビ,有機EL 75型,399571,店舗,天王寺店,C02945,橋本,男,23,京都府,2021-05-30,3,556668,Inactive,True,
PR0007552,2026-01-25,PC・タブレット,タブレット 10型,56076,店舗,渋谷店,C02946,渡辺,男,33,宮城県,2024-03-20,6,773284,VIP,False,
PR0007550,2026-03-02,ゲーム・玩具,ボードゲーム,57756,店舗,新宿店,C02946,渡辺,男,33,宮城県,2024-03-20,6,773284,VIP,False,
PR0007555,2026-02-21,スマートフォン,最新スマホ 256GB,100898,店舗,大阪梅田店,C02946,渡辺,男,33,宮城県,2024-03-20,6,773284,VIP,False,
PR0007551,2025-02-05,テレビ,4K テレビ 65型,326170,店舗,新宿店,C02946,渡辺,男,33,宮城県,2024-03-20,6,773284,VIP,False,
PR0007554,2024-11-19,洗濯機,ドラム式洗濯機,200189,店舗,福岡天神店,C02946,渡辺,男,33,宮城県,2024-03-20,6,773284,VIP,False,
PR0007553,2024-09-20,美容家電・小物,ヘアアイロン,32195,店舗,新宿店,C02946,渡辺,男,33,宮城県,2024-03-20,6,773284,VIP,True,
PR0007557,2024-03-22,エアコン,エアコン 6畳用,165157,EC,,C02947,橋本,女,54,大阪府,2022-10-07,3,336358,Loyal,False,
PR0007558,2024-12-03,スマートフォン,スタンダード 128GB,138409,EC,,C02947,橋本,女,54,大阪府,2022-10-07,3,336358,Loyal,False,
PR0007556,2023-09-07,美容家電・小物,電動歯ブラシ,32792,EC,,C02947,橋本,女,54,大阪府,2022-10-07,3,336358,Loyal,True,
PR0007559,2026-02-13,テレビ,4K テレビ 65型,87924,EC,,C02948,坂本,男,22,兵庫県,2025-05-22,1,87924,Light,True,
PR0007560,2026-03-28,オーディオ,Bluetoothスピーカー,82067,EC,,C02949,山崎,女,40,福岡県,2025-11-14,2,290242,Regular,False,
PR0007561,2026-03-12,カメラ・ビデオ,ドローン,208175,店舗,福岡天神店,C02949,山崎,女,40,福岡県,2025-11-14,2,290242,Regular,True,
PR0007564,2025-11-12,エアコン,エアコン 14畳用,83401,EC,,C02950,近藤,女,39,大阪府,2023-08-31,5,662420,VIP,False,
PR0007566,2025-03-03,オーディオ,ホームオーディオ,65855,EC,,C02950,近藤,女,39,大阪府,2023-08-31,5,662420,VIP,False,
PR0007565,2024-11-07,冷蔵庫,フレンチドア 700L,163261,EC,,C02950,近藤,女,39,大阪府,2023-08-31,5,662420,VIP,False,
PR0007562,2024-05-12,洗濯機,縦型洗濯機,306736,店舗,天王寺店,C02950,近藤,女,39,大阪府,2023-08-31,5,662420,VIP,True,
PR0007563,2024-05-14,美容家電・小物,電気シェーバー,43167,EC,,C02950,近藤,女,39,大阪府,2023-08-31,5,662420,VIP,False,
PR0007567,2025-12-21,美容家電・小物,美顔器,59743,EC,,C02951,中村,女,70,北海道,2023-02-19,1,59743,Light,True,
PR0007568,2023-11-23,スマートフォン,スタンダード 128GB,138223,店舗,天王寺店,C02952,石井,男,39,京都府,2021-07-14,2,383272,Inactive,False,
PR0007569,2021-09-28,洗濯機,縦型洗濯機,245049,店舗,新宿店,C02952,石井,男,39,京都府,2021-07-14,2,383272,Inactive,True,
PR0007571,2025-02-18,冷蔵庫,コンパクト冷蔵庫,227961,EC,,C02953,小川,男,49,福岡県,2025-01-30,2,285971,Regular,True,
PR0007570,2025-05-02,美容家電・小物,ドライヤー,58010,店舗,大阪梅田店,C02953,小川,男,49,福岡県,2025-01-30,2,285971,Regular,False,
PR0007572,2022-10-05,テレビ,スマートテレビ 43型,286261,店舗,横浜駅前店,C02954,斎藤,男,24,兵庫県,2022-03-18,1,286261,Inactive,True,
PR0007574,2025-06-20,カメラ・ビデオ,交換レンズ,188795,店舗,福岡天神店,C02955,長谷川,女,50,愛知県,2024-03-26,3,696697,Loyal,False,
PR0007573,2024-04-19,テレビ,4K テレビ 65型,478497,EC,,C02955,長谷川,女,50,愛知県,2024-03-26,3,696697,Loyal,True,
PR0007575,2024-05-16,美容家電・小物,美顔器,29405,EC,,C02955,長谷川,女,50,愛知県,2024-03-26,3,696697,Loyal,False,
PR0007577,2023-08-13,エアコン,業務用エアコン,302046,店舗,札幌駅前店,C02956,山崎,女,57,兵庫県,2021-04-06,2,564187,Inactive,False,
PR0007576,2022-12-02,テレビ,有機EL 55型,262141,店舗,札幌駅前店,C02956,山崎,女,57,兵庫県,2021-04-06,2,564187,Inactive,True,
PR0007578,2025-07-23,洗濯機,ドラム式洗濯機,197629,店舗,福岡天神店,C02957,岡田,男,39,埼玉県,2025-01-03,1,197629,Light,True,
PR0007579,2024-03-18,冷蔵庫,冷蔵庫 600L 大型,333421,EC,,C02958,伊藤,男,55,兵庫県,2021-10-29,1,333421,Inactive,True,
PR0007581,2025-11-18,PC・タブレット,タブレット 10型,218870,店舗,名古屋栄店,C02959,渡辺,男,37,兵庫県,2025-01-02,2,615717,Regular,False,
PR0007580,2025-06-28,テレビ,スマートテレビ 43型,396847,店舗,名古屋栄店,C02959,渡辺,男,37,兵庫県,2025-01-02,2,615717,Regular,True,
PR0007582,2026-02-16,美容家電・小物,マッサージガン,74148,店舗,横浜駅前店,C02960,村上,男,59,神奈川県,2025-11-29,1,74148,Light,True,
PR0007584,2023-06-28,エアコン,エアコン 10畳用,168668,店舗,大阪梅田店,C02961,井上,女,45,愛知県,2023-05-05,3,318036,Loyal,True,
PR0007585,2024-10-17,オーディオ,ホームオーディオ,136649,店舗,福岡天神店,C02961,井上,女,45,愛知県,2023-05-05,3,318036,Loyal,False,
PR0007583,2023-11-13,美容家電・小物,ヘアアイロン,12719,店舗,池袋店,C02961,井上,女,45,愛知県,2023-05-05,3,318036,Loyal,False,
PR0007586,2025-12-10,オーディオ,ホームオーディオ,38033,EC,,C02962,石井,女,56,神奈川県,2023-09-15,2,44771,Regular,False,
PR0007587,2025-03-20,美容家電・小物,電気シェーバー,6738,店舗,天王寺店,C02962,石井,女,56,神奈川県,2023-09-15,2,44771,Regular,True,
PR0007588,2024-04-24,PC・タブレット,ゲーミングPC,64098,店舗,天王寺店,C02963,吉田,男,30,京都府,2023-10-02,5,915610,VIP,False,
PR0007590,2025-06-14,エアコン,エアコン 6畳用,197888,店舗,渋谷店,C02963,吉田,男,30,京都府,2023-10-02,5,915610,VIP,False,
PR0007591,2025-02-06,スマートフォン,ハイエンド 1TB,170590,店舗,福岡天神店,C02963,吉田,男,30,京都府,2023-10-02,5,915610,VIP,False,
PR0007589,2024-02-22,冷蔵庫,冷蔵庫 600L 大型,403470,店舗,池袋店,C02963,吉田,男,30,京都府,2023-10-02,5,915610,VIP,True,
PR0007592,2024-10-06,美容家電・小物,マッサージガン,79564,店舗,福岡天神店,C02963,吉田,男,30,京都府,2023-10-02,5,915610,VIP,False,
PR0007594,2026-03-10,PC・タブレット,ノートPC 15型,304898,店舗,福岡天神店,C02964,山本,女,25,埼玉県,2024-04-14,4,587987,Loyal,False,
PR0007593,2024-09-19,オーディオ,サウンドバー,162042,店舗,福岡天神店,C02964,山本,女,25,埼玉県,2024-04-14,4,587987,Loyal,False,
PR0007595,2025-07-26,スマートフォン,ミドルレンジ機種,99756,店舗,札幌駅前店,C02964,山本,女,25,埼玉県,2024-04-14,4,587987,Loyal,False,
PR0007596,2024-08-27,美容家電・小物,電気シェーバー,21291,店舗,池袋店,C02964,山本,女,25,埼玉県,2024-04-14,4,587987,Loyal,True,
PR0007597,2023-05-01,洗濯機,全自動 8kg,327329,EC,,C02965,近藤,女,61,宮城県,2021-12-23,1,327329,Inactive,True,
PR0007599,2025-04-05,オーディオ,サウンドバー,71887,EC,,C02966,近藤,男,50,北海道,2025-02-01,3,285699,Loyal,True,
PR0007598,2025-12-07,ゲーム・玩具,VR ゴーグル,62121,EC,,C02966,近藤,男,50,北海道,2025-02-01,3,285699,Loyal,False,
PR0007600,2026-03-30,テレビ,4K テレビ 65型,151691,店舗,新宿店,C02966,近藤,男,50,北海道,2025-02-01,3,285699,Loyal,False,
PR0007603,2025-12-03,PC・タブレット,ゲーミングPC,113612,EC,,C02967,阿部,女,49,宮城県,2024-06-13,3,247105,Loyal,False,
PR0007602,2024-08-05,スマートフォン,最新スマホ 256GB,80984,EC,,C02967,阿部,女,49,宮城県,2024-06-13,3,247105,Loyal,False,
PR0007601,2024-06-17,美容家電・小物,美顔器,52509,EC,,C02967,阿部,女,49,宮城県,2024-06-13,3,247105,Loyal,True,
PR0007604,2025-08-10,エアコン,業務用エアコン,217713,店舗,横浜駅前店,C02968,斎藤,男,26,大阪府,2025-05-08,2,668335,Regular,True,
PR0007605,2025-09-09,冷蔵庫,コンパクト冷蔵庫,450622,EC,,C02968,斎藤,男,26,大阪府,2025-05-08,2,668335,Regular,False,
PR0007606,2022-05-07,冷蔵庫,冷蔵庫 400L,385834,EC,,C02969,高橋,男,35,神奈川県,2021-08-04,1,385834,Inactive,True,
PR0007607,2024-03-17,スマートフォン,ミドルレンジ機種,43912,EC,,C02970,阿部,女,51,愛知県,2023-08-25,2,355647,Inactive,False,
PR0007608,2023-10-22,洗濯機,乾燥機能付き 10kg,311735,店舗,横浜駅前店,C02970,阿部,女,51,愛知県,2023-08-25,2,355647,Inactive,True,
PR0007609,2025-04-25,PC・タブレット,ノートPC 13型,106847,店舗,天王寺店,C02971,田中,男,63,兵庫県,2024-04-17,1,106847,Light,True,
PR0007610,2024-07-07,PC・タブレット,ノートPC 13型,219791,EC,,C02972,藤田,女,52,福岡県,2023-12-17,1,219791,Light,True,
PR0007612,2023-05-13,PC・タブレット,ワークステーション,192454,EC,,C02973,小林,男,45,埼玉県,2022-05-19,2,260751,Inactive,False,
PR0007611,2023-03-17,美容家電・小物,ドライヤー,68297,店舗,福岡天神店,C02973,小林,男,45,埼玉県,2022-05-19,2,260751,Inactive,True,
PR0007613,2026-03-24,PC・タブレット,ノートPC 15型,332270,店舗,札幌駅前店,C02974,小林,女,42,兵庫県,2023-12-01,7,1237303,VIP,False,
PR0007617,2025-03-16,エアコン,エアコン 6畳用,129381,店舗,新宿店,C02974,小林,女,42,兵庫県,2023-12-01,7,1237303,VIP,False,
PR0007614,2025-05-01,オーディオ,ヘッドホン,187863,店舗,新宿店,C02974,小林,女,42,兵庫県,2023-12-01,7,1237303,VIP,False,
PR0007618,2023-12-26,カメラ・ビデオ,アクションカメラ,256746,店舗,新宿店,C02974,小林,女,42,兵庫県,2023-12-01,7,1237303,VIP,True,
PR0007619,2026-02-11,スマートフォン,Pro モデル 512GB,39762,店舗,新宿店,C02974,小林,女,42,兵庫県,2023-12-01,7,1237303,VIP,False,
PR0007616,2024-08-30,冷蔵庫,冷蔵庫 600L 大型,281927,店舗,名古屋栄店,C02974,小林,女,42,兵庫県,2023-12-01,7,1237303,VIP,False,
PR0007615,2026-01-13,美容家電・小物,ドライヤー,9354,店舗,名古屋栄店,C02974,小林,女,42,兵庫県,2023-12-01,7,1237303,VIP,False,
PR0007620,2023-12-01,PC・タブレット,ゲーミングPC,204791,店舗,福岡天神店,C02975,山崎,女,54,宮城県,2023-10-31,4,472623,Loyal,True,
PR0007622,2025-02-14,カメラ・ビデオ,ビデオカメラ,139555,店舗,横浜駅前店,C02975,山崎,女,54,宮城県,2023-10-31,4,472623,Loyal,False,
PR0007623,2024-04-01,テレビ,スマートテレビ 43型,109209,EC,,C02975,山崎,女,54,宮城県,2023-10-31,4,472623,Loyal,False,
PR0007621,2024-02-17,美容家電・小物,マッサージガン,19068,店舗,新宿店,C02975,山崎,女,54,宮城県,2023-10-31,4,472623,Loyal,False,
PR0007625,2025-07-08,PC・タブレット,ノートPC 13型,215131,店舗,名古屋栄店,C02976,井上,女,51,北海道,2023-01-07,3,421286,Loyal,False,
PR0007626,2024-05-12,オーディオ,Bluetoothスピーカー,73637,店舗,新宿店,C02976,井上,女,51,北海道,2023-01-07,3,421286,Loyal,True,
PR0007624,2025-03-13,テレビ,4K テレビ 50型,132518,店舗,大阪梅田店,C02976,井上,女,51,北海道,2023-01-07,3,421286,Loyal,False,
PR0007628,2025-09-23,オーディオ,ターンテーブル,37032,店舗,札幌駅前店,C02977,林,男,57,神奈川県,2025-07-22,3,594576,Loyal,True,
PR0007627,2025-11-28,カメラ・ビデオ,コンパクトデジカメ,200729,EC,,C02977,林,男,57,神奈川県,2025-07-22,3,594576,Loyal,False,
PR0007629,2026-03-24,冷蔵庫,フレンチドア 700L,356815,EC,,C02977,林,男,57,神奈川県,2025-07-22,3,594576,Loyal,False,
PR0007630,2024-11-02,スマートフォン,コンパクトモデル,91684,EC,,C02978,山田,女,48,福岡県,2024-08-26,1,91684,Light,True,
PR0007632,2025-09-25,PC・タブレット,ワークステーション,326625,店舗,大阪梅田店,C02979,吉田,女,32,京都府,2025-07-08,3,623589,Loyal,False,
PR0007633,2025-10-15,テレビ,4K テレビ 50型,267177,店舗,札幌駅前店,C02979,吉田,女,32,京都府,2025-07-08,3,623589,Loyal,False,
PR0007631,2025-08-11,美容家電・小物,電動歯ブラシ,29787,店舗,札幌駅前店,C02979,吉田,女,32,京都府,2025-07-08,3,623589,Loyal,True,
PR0007634,2025-07-11,カメラ・ビデオ,ミラーレス一眼,65812,店舗,札幌駅前店,C02980,渡辺,男,56,埼玉県,2025-04-03,1,65812,Light,True,
PR0007637,2023-04-19,カメラ・ビデオ,交換レンズ,192225,店舗,福岡天神店,C02981,木村,男,58,愛知県,2022-11-11,3,575453,Loyal,True,
PR0007636,2025-12-04,テレビ,4K テレビ 50型,257407,店舗,名古屋栄店,C02981,木村,男,58,愛知県,2022-11-11,3,575453,Loyal,False,
PR0007635,2024-02-08,冷蔵庫,冷蔵庫 600L 大型,125821,店舗,福岡天神店,C02981,木村,男,58,愛知県,2022-11-11,3,575453,Loyal,False,
PR0007639,2025-01-27,スマートフォン,スタンダード 128GB,143113,店舗,新宿店,C02982,鈴木,女,45,千葉県,2023-06-26,2,498684,Regular,False,
PR0007638,2025-01-06,テレビ,4K テレビ 65型,355571,店舗,名古屋栄店,C02982,鈴木,女,45,千葉県,2023-06-26,2,498684,Regular,True,
PR0007641,2023-09-04,PC・タブレット,2-in-1 PC,53550,店舗,大阪梅田店,C02983,橋本,男,32,福岡県,2022-05-05,2,204470,Inactive,True,
PR0007640,2024-01-28,スマートフォン,最新スマホ 256GB,150920,店舗,福岡天神店,C02983,橋本,男,32,福岡県,2022-05-05,2,204470,Inactive,False,
PR0007644,2025-05-31,ゲーム・玩具,ゲームソフト,76540,店舗,秋葉原店,C02984,松本,男,32,大阪府,2024-01-13,4,574783,Loyal,True,
PR0007642,2026-01-18,スマートフォン,ハイエンド 1TB,156788,EC,,C02984,松本,男,32,大阪府,2024-01-13,4,574783,Loyal,False,
PR0007643,2025-07-20,テレビ,4K テレビ 50型,83648,EC,,C02984,松本,男,32,大阪府,2024-01-13,4,574783,Loyal,False,
PR0007645,2026-01-27,洗濯機,乾燥機能付き 10kg,257807,店舗,大阪梅田店,C02984,松本,男,32,大阪府,2024-01-13,4,574783,Loyal,False,
PR0007646,2023-11-09,エアコン,エアコン 18畳用,172686,店舗,名古屋栄店,C02985,鈴木,女,54,京都府,2023-07-15,2,558689,Regular,True,
PR0007647,2025-06-18,テレビ,有機EL 55型,386003,店舗,新宿店,C02985,鈴木,女,54,京都府,2023-07-15,2,558689,Regular,False,
PR0007648,2023-02-25,エアコン,エアコン 10畳用,344590,店舗,秋葉原店,C02986,清水,女,64,広島県,2021-07-05,3,1089557,Loyal,False,
PR0007650,2026-03-22,テレビ,スマートテレビ 43型,482112,店舗,渋谷店,C02986,清水,女,64,広島県,2021-07-05,3,1089557,Loyal,False,
PR0007649,2022-06-12,洗濯機,縦型洗濯機,262855,店舗,福岡天神店,C02986,清水,女,64,広島県,2021-07-05,3,1089557,Loyal,True,
PR0007651,2024-05-07,PC・タブレット,ノートPC 15型,330629,店舗,札幌駅前店,C02987,藤田,男,45,大阪府,2022-06-28,2,413597,Regular,False,
PR0007652,2023-04-12,エアコン,エアコン 10畳用,82968,店舗,名古屋栄店,C02987,藤田,男,45,大阪府,2022-06-28,2,413597,Regular,True,
PR0007653,2025-07-12,ゲーム・玩具,携帯ゲーム機,75123,EC,,C02988,中島,女,40,宮城県,2023-08-07,1,75123,Light,True,
PR0007654,2025-12-06,オーディオ,ターンテーブル,122007,店舗,渋谷店,C02989,山口,男,38,大阪府,2025-05-17,1,122007,Light,True,
PR0007655,2024-02-28,PC・タブレット,ゲーミングPC,349259,EC,,C02990,佐藤,女,42,福岡県,2021-06-20,3,838948,Loyal,True,
PR0007656,2025-06-10,スマートフォン,最新スマホ 256GB,134898,店舗,札幌駅前店,C02990,佐藤,女,42,福岡県,2021-06-20,3,838948,Loyal,False,
PR0007657,2026-01-23,冷蔵庫,コンパクト冷蔵庫,354791,EC,,C02990,佐藤,女,42,福岡県,2021-06-20,3,838948,Loyal,False,
PR0007662,2025-10-16,オーディオ,ターンテーブル,191284,店舗,秋葉原店,C02991,佐々木,男,24,宮城県,2025-09-27,5,812528,VIP,True,
PR0007660,2026-03-24,ゲーム・玩具,コントローラ,10113,店舗,池袋店,C02991,佐々木,男,24,宮城県,2025-09-27,5,812528,VIP,False,
PR0007661,2026-03-24,スマートフォン,ハイエンド 1TB,104641,店舗,名古屋栄店,C02991,佐々木,男,24,宮城県,2025-09-27,5,812528,VIP,False,
PR0007659,2026-03-08,テレビ,スマートテレビ 43型,475416,店舗,渋谷店,C02991,佐々木,男,24,宮城県,2025-09-27,5,812528,VIP,False,
PR0007658,2025-11-25,美容家電・小物,マッサージガン,31074,店舗,渋谷店,C02991,佐々木,男,24,宮城県,2025-09-27,5,812528,VIP,False,
PR0007663,2025-03-29,エアコン,エアコン 10畳用,222685,店舗,渋谷店,C02992,池田,男,50,千葉県,2024-12-01,1,222685,Light,True,
PR0007664,2025-04-28,オーディオ,ホームオーディオ,58657,店舗,大阪梅田店,C02993,加藤,男,53,京都府,2024-08-02,1,58657,Light,True,
PR0007665,2021-09-28,エアコン,エアコン 14畳用,337609,店舗,横浜駅前店,C02994,小林,女,57,神奈川県,2021-09-26,1,337609,Inactive,True,
PR0007666,2023-04-03,エアコン,エアコン 14畳用,336719,店舗,大阪梅田店,C02996,阿部,男,41,福岡県,2022-10-05,1,336719,Inactive,True,
PR0007667,2023-12-06,PC・タブレット,ノートPC 13型,194929,EC,,C02997,山本,女,52,東京都,2023-12-05,2,221872,Inactive,True,
PR0007668,2023-12-20,美容家電・小物,電気シェーバー,26943,EC,,C02997,山本,女,52,東京都,2023-12-05,2,221872,Inactive,False,
PR0007669,2023-03-19,PC・タブレット,ノートPC 13型,198275,店舗,新宿店,C02998,吉田,女,22,北海道,2022-04-30,2,212279,Regular,True,
PR0007670,2025-09-24,美容家電・小物,マッサージガン,14004,店舗,札幌駅前店,C02998,吉田,女,22,北海道,2022-04-30,2,212279,Regular,False,
PR0007672,2025-12-08,オーディオ,ヘッドホン,20777,店舗,新宿店,C03000,中村,男,59,千葉県,2025-10-11,2,208362,Regular,False,
PR0007671,2025-11-02,スマートフォン,ミドルレンジ機種,187585,店舗,秋葉原店,C03000,中村,男,59,千葉県,2025-10-11,2,208362,Regular,True,
PR0007673,2024-11-03,PC・タブレット,ノートPC 13型,190835,EC,,C03001,山田,男,26,宮城県,2024-09-13,2,325825,Regular,True,
PR0007674,2025-08-06,スマートフォン,ミドルレンジ機種,134990,EC,,C03001,山田,男,26,宮城県,2024-09-13,2,325825,Regular,False,
PR0007675,2025-11-24,テレビ,プロジェクター,360871,店舗,名古屋栄店,C03002,長谷川,女,49,東京都,2025-04-10,1,360871,Light,True,
PR0007676,2025-05-02,美容家電・小物,ドライヤー,49725,店舗,渋谷店,C03003,山口,男,46,兵庫県,2022-11-11,1,49725,Light,True,
PR0007679,2025-11-07,ゲーム・玩具,コントローラ,65935,店舗,福岡天神店,C03004,山田,男,42,広島県,2024-05-31,3,636916,Loyal,False,
PR0007677,2024-06-16,スマートフォン,Pro モデル 512GB,194060,店舗,横浜駅前店,C03004,山田,男,42,広島県,2024-05-31,3,636916,Loyal,True,
PR0007678,2024-12-08,テレビ,プロジェクター,376921,店舗,福岡天神店,C03004,山田,男,42,広島県,2024-05-31,3,636916,Loyal,False,
PR0007680,2025-12-21,PC・タブレット,ワークステーション,246247,EC,,C03005,伊藤,男,48,広島県,2023-11-18,3,641559,Loyal,False,
PR0007681,2024-01-24,冷蔵庫,フレンチドア 700L,347696,EC,,C03005,伊藤,男,48,広島県,2023-11-18,3,641559,Loyal,True,
PR0007682,2024-07-10,美容家電・小物,美顔器,47616,店舗,渋谷店,C03005,伊藤,男,48,広島県,2023-11-18,3,641559,Loyal,False,
PR0007683,2024-05-14,エアコン,エアコン 14畳用,96355,店舗,札幌駅前店,C03006,鈴木,女,54,愛知県,2022-02-19,3,232067,Loyal,True,
PR0007684,2025-09-01,ゲーム・玩具,VR ゴーグル,10398,EC,,C03006,鈴木,女,54,愛知県,2022-02-19,3,232067,Loyal,False,
PR0007685,2025-02-11,スマートフォン,最新スマホ 256GB,125314,EC,,C03006,鈴木,女,54,愛知県,2022-02-19,3,232067,Loyal,False,
PR0007686,2023-11-12,PC・タブレット,ノートPC 15型,117885,店舗,大阪梅田店,C03007,池田,男,57,愛知県,2021-08-13,4,500114,Loyal,False,
PR0007687,2023-03-07,スマートフォン,Pro モデル 512GB,189214,店舗,名古屋栄店,C03007,池田,男,57,愛知県,2021-08-13,4,500114,Loyal,True,
PR0007688,2025-07-22,スマートフォン,ミドルレンジ機種,85581,店舗,新宿店,C03007,池田,男,57,愛知県,2021-08-13,4,500114,Loyal,False,868
PR0007689,2023-12-16,洗濯機,ドラム式洗濯機,107434,EC,,C03007,池田,男,57,愛知県,2021-08-13,4,500114,Loyal,False,
PR0007690,2023-11-06,エアコン,エアコン 18畳用,213043,店舗,名古屋栄店,C03008,石井,女,22,神奈川県,2023-09-11,1,213043,Inactive,True,
PR0007691,2026-02-16,テレビ,4K テレビ 65型,267441,店舗,池袋店,C03009,高橋,男,50,千葉県,2022-03-29,2,274750,Regular,False,
PR0007692,2024-12-20,美容家電・小物,ドライヤー,7309,店舗,天王寺店,C03009,高橋,男,50,千葉県,2022-03-29,2,274750,Regular,True,
PR0007693,2025-10-07,洗濯機,全自動 8kg,139583,店舗,秋葉原店,C03011,池田,男,38,京都府,2023-04-09,1,139583,Light,True,
PR0007695,2024-05-25,PC・タブレット,タブレット 10型,174070,店舗,福岡天神店,C03012,青木,男,40,東京都,2023-02-27,3,994532,Loyal,False,
PR0007696,2023-05-25,テレビ,スマートテレビ 43型,461354,店舗,札幌駅前店,C03012,青木,男,40,東京都,2023-02-27,3,994532,Loyal,False,
PR0007694,2023-04-28,冷蔵庫,冷蔵庫 500L,359108,店舗,渋谷店,C03012,青木,男,40,東京都,2023-02-27,3,994532,Loyal,True,
PR0007699,2025-10-01,PC・タブレット,ワークステーション,298900,EC,,C03013,伊藤,男,54,北海道,2023-12-20,4,539141,Loyal,False,
PR0007700,2024-06-21,オーディオ,ホームオーディオ,185115,EC,,C03013,伊藤,男,54,北海道,2023-12-20,4,539141,Loyal,True,
PR0007698,2025-05-11,カメラ・ビデオ,ビデオカメラ,47215,EC,,C03013,伊藤,男,54,北海道,2023-12-20,4,539141,Loyal,False,
PR0007697,2026-01-19,美容家電・小物,ドライヤー,7911,EC,,C03013,伊藤,男,54,北海道,2023-12-20,4,539141,Loyal,False,
PR0007701,2024-04-19,エアコン,エアコン 6畳用,205314,店舗,秋葉原店,C03014,村上,女,41,千葉県,2022-05-26,1,205314,Inactive,True,
PR0007702,2025-01-10,テレビ,有機EL 55型,99302,EC,,C03015,岡田,女,38,兵庫県,2021-10-28,2,127415,Regular,False,
PR0007703,2024-05-23,美容家電・小物,ヘアアイロン,28113,EC,,C03015,岡田,女,38,兵庫県,2021-10-28,2,127415,Regular,True,
PR0007704,2026-02-26,エアコン,エアコン 10畳用,386872,店舗,福岡天神店,C03016,井上,女,45,東京都,2023-08-01,1,386872,Light,True,
PR0007706,2024-12-18,テレビ,4K テレビ 50型,346606,店舗,札幌駅前店,C03017,石川,女,58,北海道,2022-06-25,2,395606,Regular,True,
PR0007705,2025-05-02,美容家電・小物,電気シェーバー,49000,EC,,C03017,石川,女,58,北海道,2022-06-25,2,395606,Regular,False,
PR0007708,2025-10-14,PC・タブレット,ノートPC 15型,282679,EC,,C03018,青木,男,59,福岡県,2023-08-23,3,593707,Loyal,False,
PR0007707,2024-04-07,テレビ,4K テレビ 50型,52181,店舗,新宿店,C03018,青木,男,59,福岡県,2023-08-23,3,593707,Loyal,False,
PR0007709,2024-03-27,洗濯機,乾燥機能付き 10kg,258847,EC,,C03018,青木,男,59,福岡県,2023-08-23,3,593707,Loyal,True,
PR0007710,2026-03-29,エアコン,エアコン 14畳用,183337,EC,,C03020,清水,男,52,千葉県,2026-01-11,2,347664,Regular,False,
PR0007711,2026-03-16,スマートフォン,スタンダード 128GB,164327,EC,,C03020,清水,男,52,千葉県,2026-01-11,2,347664,Regular,True,
PR0007713,2023-12-09,PC・タブレット,ノートPC 13型,287020,店舗,札幌駅前店,C03021,山本,女,56,愛知県,2023-08-01,2,524648,Inactive,False,
PR0007712,2023-09-10,エアコン,エアコン 14畳用,237628,店舗,池袋店,C03021,山本,女,56,愛知県,2023-08-01,2,524648,Inactive,True,
PR0007720,2025-12-14,PC・タブレット,ゲーミングPC,81910,EC,,C03022,池田,女,67,東京都,2025-10-25,7,1519074,VIP,False,
PR0007714,2026-01-20,エアコン,業務用エアコン,370380,EC,,C03022,池田,女,67,東京都,2025-10-25,7,1519074,VIP,False,
PR0007716,2025-10-30,スマートフォン,コンパクトモデル,188755,EC,,C03022,池田,女,67,東京都,2025-10-25,7,1519074,VIP,True,
PR0007715,2026-01-18,テレビ,プロジェクター,351407,店舗,札幌駅前店,C03022,池田,女,67,東京都,2025-10-25,7,1519074,VIP,False,
PR0007719,2025-12-09,冷蔵庫,冷蔵庫 500L,227447,EC,,C03022,池田,女,67,東京都,2025-10-25,7,1519074,VIP,False,
PR0007717,2026-01-03,洗濯機,ドラム式洗濯機,254260,EC,,C03022,池田,女,67,東京都,2025-10-25,7,1519074,VIP,False,
PR0007718,2025-12-19,美容家電・小物,電気シェーバー,44915,EC,,C03022,池田,女,67,東京都,2025-10-25,7,1519074,VIP,False,
PR0007722,2024-10-14,オーディオ,ターンテーブル,111361,店舗,秋葉原店,C03023,小川,男,36,千葉県,2022-11-25,2,439744,Regular,True,
PR0007721,2024-11-29,テレビ,スマートテレビ 43型,328383,店舗,渋谷店,C03023,小川,男,36,千葉県,2022-11-25,2,439744,Regular,False,
PR0007723,2025-02-28,オーディオ,ホームオーディオ,141551,店舗,渋谷店,C03025,青木,女,40,福岡県,2023-02-08,2,193375,Regular,False,
PR0007724,2024-09-06,テレビ,スマートテレビ 43型,51824,店舗,横浜駅前店,C03025,青木,女,40,福岡県,2023-02-08,2,193375,Regular,True,
PR0007726,2023-06-10,PC・タブレット,2-in-1 PC,105820,店舗,福岡天神店,C03026,山崎,男,24,宮城県,2022-05-01,2,136962,Regular,True,
PR0007725,2024-10-18,美容家電・小物,マッサージガン,31142,店舗,名古屋栄店,C03026,山崎,男,24,宮城県,2022-05-01,2,136962,Regular,False,
PR0007727,2025-10-23,スマートフォン,Pro モデル 512GB,178224,EC,,C03027,岡田,男,52,神奈川県,2024-11-19,3,797748,Loyal,False,
PR0007728,2024-12-18,テレビ,4K テレビ 50型,169984,店舗,秋葉原店,C03027,岡田,男,52,神奈川県,2024-11-19,3,797748,Loyal,True,
PR0007729,2025-06-01,冷蔵庫,冷蔵庫 600L 大型,449540,店舗,名古屋栄店,C03027,岡田,男,52,神奈川県,2024-11-19,3,797748,Loyal,False,
PR0007734,2025-11-20,PC・タブレット,ノートPC 15型,276697,EC,,C03028,佐藤,男,55,大阪府,2024-06-30,5,884146,VIP,False,
PR0007730,2024-08-28,テレビ,有機EL 55型,130406,店舗,大阪梅田店,C03028,佐藤,男,55,大阪府,2024-06-30,5,884146,VIP,True,
PR0007731,2024-08-31,冷蔵庫,冷蔵庫 400L,298836,EC,,C03028,佐藤,男,55,大阪府,2024-06-30,5,884146,VIP,False,
PR0007733,2025-01-10,洗濯機,コンパクト洗濯機,112962,EC,,C03028,佐藤,男,55,大阪府,2024-06-30,5,884146,VIP,False,
PR0007732,2025-03-05,美容家電・小物,美顔器,65245,EC,,C03028,佐藤,男,55,大阪府,2024-06-30,5,884146,VIP,False,
PR0007735,2025-06-10,ゲーム・玩具,ゲームソフト,5597,店舗,渋谷店,C03029,伊藤,男,29,北海道,2024-06-30,2,56100,Regular,True,
PR0007736,2025-07-27,テレビ,4K テレビ 50型,50503,店舗,池袋店,C03029,伊藤,男,29,北海道,2024-06-30,2,56100,Regular,False,
PR0007737,2025-03-04,テレビ,スマートテレビ 43型,106438,店舗,名古屋栄店,C03030,木村,女,40,宮城県,2022-12-09,1,106438,Light,True,
PR0007740,2026-02-19,オーディオ,ワイヤレスイヤホン,131374,店舗,渋谷店,C03031,石井,女,37,兵庫県,2024-06-28,3,470534,Loyal,False,
PR0007738,2025-07-17,スマートフォン,コンパクトモデル,61647,EC,,C03031,石井,女,37,兵庫県,2024-06-28,3,470534,Loyal,False,
PR0007739,2025-03-28,冷蔵庫,フレンチドア 700L,277513,EC,,C03031,石井,女,37,兵庫県,2024-06-28,3,470534,Loyal,True,
PR0007741,2026-03-29,美容家電・小物,電動歯ブラシ,67637,店舗,池袋店,C03032,橋本,男,47,宮城県,2025-09-08,1,67637,Light,True,
PR0007742,2025-08-14,PC・タブレット,タブレット 10型,148214,EC,,C03033,佐々木,女,22,千葉県,2024-12-31,2,210362,Regular,False,
PR0007743,2025-03-20,スマートフォン,コンパクトモデル,62148,EC,,C03033,佐々木,女,22,千葉県,2024-12-31,2,210362,Regular,True,
PR0007746,2025-08-20,PC・タブレット,ノートPC 13型,119011,店舗,渋谷店,C03034,伊藤,女,60,神奈川県,2025-07-18,3,219212,Loyal,True,
PR0007745,2025-10-21,ゲーム・玩具,据置型ゲーム機,23667,店舗,名古屋栄店,C03034,伊藤,女,60,神奈川県,2025-07-18,3,219212,Loyal,False,
PR0007744,2025-12-08,美容家電・小物,ドライヤー,76534,EC,,C03034,伊藤,女,60,神奈川県,2025-07-18,3,219212,Loyal,False,
PR0007748,2025-07-13,エアコン,エアコン 14畳用,342160,EC,,C03035,藤田,女,49,兵庫県,2024-10-28,2,513454,Regular,False,
PR0007747,2024-11-09,オーディオ,ワイヤレスイヤホン,171294,店舗,横浜駅前店,C03035,藤田,女,49,兵庫県,2024-10-28,2,513454,Regular,True,
PR0007750,2025-02-06,カメラ・ビデオ,ビデオカメラ,155044,EC,,C03036,池田,男,69,福岡県,2024-12-11,5,1009713,VIP,True,
PR0007749,2026-02-13,テレビ,4K テレビ 65型,423727,EC,,C03036,池田,男,69,福岡県,2024-12-11,5,1009713,VIP,False,
PR0007751,2026-03-11,冷蔵庫,フレンチドア 700L,268949,EC,,C03036,池田,男,69,福岡県,2024-12-11,5,1009713,VIP,False,
PR0007753,2025-05-21,洗濯機,乾燥機能付き 10kg,140667,EC,,C03036,池田,男,69,福岡県,2024-12-11,5,1009713,VIP,False,
PR0007752,2025-08-10,美容家電・小物,ドライヤー,21326,EC,,C03036,池田,男,69,福岡県,2024-12-11,5,1009713,VIP,False,
PR0007755,2024-03-19,スマートフォン,Pro モデル 512GB,136893,店舗,新宿店,C03037,松本,男,58,神奈川県,2024-02-29,2,214013,Regular,True,
PR0007754,2026-02-14,美容家電・小物,電気シェーバー,77120,店舗,大阪梅田店,C03037,松本,男,58,神奈川県,2024-02-29,2,214013,Regular,False,
PR0007756,2023-06-24,スマートフォン,最新スマホ 256GB,50579,EC,,C03038,山本,男,37,広島県,2022-08-13,1,50579,Inactive,True,
PR0007757,2025-08-24,スマートフォン,ミドルレンジ機種,108593,店舗,札幌駅前店,C03039,遠藤,女,29,兵庫県,2022-12-01,2,174647,Regular,True,
PR0007758,2025-09-13,美容家電・小物,美顔器,66054,店舗,天王寺店,C03039,遠藤,女,29,兵庫県,2022-12-01,2,174647,Regular,False,
PR0007759,2025-04-24,スマートフォン,ハイエンド 1TB,131780,店舗,天王寺店,C03040,井上,女,45,兵庫県,2024-09-13,2,233896,Regular,True,
PR0007760,2025-07-25,テレビ,プロジェクター,102116,EC,,C03040,井上,女,45,兵庫県,2024-09-13,2,233896,Regular,False,
PR0007761,2025-06-06,PC・タブレット,タブレット 10型,105332,店舗,横浜駅前店,C03041,加藤,男,47,福岡県,2024-01-10,3,570867,Loyal,False,
PR0007762,2025-06-26,テレビ,スマートテレビ 43型,338691,店舗,渋谷店,C03041,加藤,男,47,福岡県,2024-01-10,3,570867,Loyal,False,
PR0007763,2024-05-29,冷蔵庫,冷蔵庫 600L 大型,126844,店舗,池袋店,C03041,加藤,男,47,福岡県,2024-01-10,3,570867,Loyal,True,
PR0007764,2023-09-19,テレビ,4K テレビ 65型,439728,店舗,天王寺店,C03042,山口,男,53,大阪府,2023-02-26,1,439728,Inactive,True,
PR0007766,2024-08-02,オーディオ,Bluetoothスピーカー,86763,EC,,C03043,山本,男,63,宮城県,2021-11-29,2,133611,Regular,False,
PR0007765,2024-04-28,スマートフォン,最新スマホ 256GB,46848,店舗,福岡天神店,C03043,山本,男,63,宮城県,2021-11-29,2,133611,Regular,True,
PR0007767,2022-09-01,PC・タブレット,ノートPC 15型,234379,EC,,C03044,小川,男,25,愛知県,2022-06-22,4,700754,Loyal,True,
PR0007769,2026-02-09,エアコン,エアコン 18畳用,316777,店舗,池袋店,C03044,小川,男,25,愛知県,2022-06-22,4,700754,Loyal,False,
PR0007768,2024-03-07,ゲーム・玩具,据置型ゲーム機,5119,EC,,C03044,小川,男,25,愛知県,2022-06-22,4,700754,Loyal,False,
PR0007770,2024-03-29,テレビ,有機EL 55型,144479,店舗,秋葉原店,C03044,小川,男,25,愛知県,2022-06-22,4,700754,Loyal,False,
PR0007771,2023-02-21,オーディオ,サウンドバー,20638,店舗,名古屋栄店,C03045,石川,男,27,広島県,2022-09-21,7,515745,VIP,True,
PR0007773,2025-09-04,カメラ・ビデオ,ビデオカメラ,54018,店舗,横浜駅前店,C03045,石川,男,27,広島県,2022-09-21,7,515745,VIP,False,
PR0007777,2023-12-17,ゲーム・玩具,ボードゲーム,58506,店舗,天王寺店,C03045,石川,男,27,広島県,2022-09-21,7,515745,VIP,False,
PR0007772,2024-09-24,スマートフォン,ミドルレンジ機種,193444,店舗,横浜駅前店,C03045,石川,男,27,広島県,2022-09-21,7,515745,VIP,False,
PR0007776,2023-11-20,テレビ,4K テレビ 50型,91589,店舗,福岡天神店,C03045,石川,男,27,広島県,2022-09-21,7,515745,VIP,False,
PR0007774,2023-05-02,美容家電・小物,電動歯ブラシ,26389,店舗,横浜駅前店,C03045,石川,男,27,広島県,2022-09-21,7,515745,VIP,False,
PR0007775,2025-07-23,美容家電・小物,美顔器,71161,店舗,池袋店,C03045,石川,男,27,広島県,2022-09-21,7,515745,VIP,False,813
PR0007778,2026-01-19,PC・タブレット,ゲーミングPC,159896,店舗,天王寺店,C03046,加藤,男,55,宮城県,2025-04-04,2,186137,Regular,True,
PR0007779,2026-02-07,美容家電・小物,電動歯ブラシ,26241,EC,,C03046,加藤,男,55,宮城県,2025-04-04,2,186137,Regular,False,
PR0007782,2025-11-14,エアコン,エアコン 14畳用,117000,EC,,C03047,小川,男,34,神奈川県,2025-10-27,3,250876,Loyal,True,
PR0007780,2025-12-08,ゲーム・玩具,携帯ゲーム機,42538,EC,,C03047,小川,男,34,神奈川県,2025-10-27,3,250876,Loyal,False,
PR0007781,2025-12-01,テレビ,スマートテレビ 43型,91338,EC,,C03047,小川,男,34,神奈川県,2025-10-27,3,250876,Loyal,False,
PR0007783,2025-05-25,テレビ,4K テレビ 50型,324247,店舗,新宿店,C03048,藤田,男,44,神奈川県,2023-04-21,1,324247,Light,True,
PR0007784,2024-11-01,PC・タブレット,タブレット 10型,67452,店舗,新宿店,C03049,木村,女,30,東京都,2023-08-08,2,273321,Regular,True,
PR0007785,2025-05-12,冷蔵庫,コンパクト冷蔵庫,205869,EC,,C03049,木村,女,30,東京都,2023-08-08,2,273321,Regular,False,
PR0007786,2026-01-20,冷蔵庫,冷蔵庫 600L 大型,356650,店舗,横浜駅前店,C03050,田中,女,60,東京都,2023-03-29,1,356650,Light,True,
PR0007787,2024-02-27,PC・タブレット,2-in-1 PC,218208,EC,,C03051,伊藤,女,52,京都府,2024-02-06,3,452429,Loyal,True,
PR0007789,2025-01-10,洗濯機,全自動 8kg,203568,店舗,大阪梅田店,C03051,伊藤,女,52,京都府,2024-02-06,3,452429,Loyal,False,
PR0007788,2025-10-25,美容家電・小物,マッサージガン,30653,店舗,大阪梅田店,C03051,伊藤,女,52,京都府,2024-02-06,3,452429,Loyal,False,
PR0007790,2026-02-05,テレビ,4K テレビ 65型,174299,店舗,秋葉原店,C03052,村上,男,67,宮城県,2025-07-01,2,480015,Regular,True,
PR0007791,2026-03-30,洗濯機,縦型洗濯機,305716,店舗,天王寺店,C03052,村上,男,67,宮城県,2025-07-01,2,480015,Regular,False,
PR0007793,2024-05-25,ゲーム・玩具,ボードゲーム,10054,店舗,天王寺店,C03053,伊藤,女,36,広島県,2023-02-20,2,499046,Regular,True,
PR0007792,2025-05-18,テレビ,プロジェクター,488992,店舗,新宿店,C03053,伊藤,女,36,広島県,2023-02-20,2,499046,Regular,False,
PR0007797,2022-01-10,ゲーム・玩具,ボードゲーム,49013,店舗,新宿店,C03054,鈴木,男,22,千葉県,2021-10-24,4,674180,Loyal,True,
PR0007795,2023-03-19,スマートフォン,最新スマホ 256GB,149252,店舗,札幌駅前店,C03054,鈴木,男,22,千葉県,2021-10-24,4,674180,Loyal,False,
PR0007796,2025-06-28,スマートフォン,最新スマホ 256GB,94089,EC,,C03054,鈴木,男,22,千葉県,2021-10-24,4,674180,Loyal,False,832
PR0007794,2023-02-18,テレビ,プロジェクター,381826,店舗,名古屋栄店,C03054,鈴木,男,22,千葉県,2021-10-24,4,674180,Loyal,False,
PR0007800,2025-11-05,PC・タブレット,ノートPC 15型,299388,店舗,名古屋栄店,C03055,鈴木,男,64,京都府,2025-06-03,5,709906,VIP,False,
PR0007799,2025-08-21,エアコン,エアコン 14畳用,273856,EC,,C03055,鈴木,男,64,京都府,2025-06-03,5,709906,VIP,True,
PR0007801,2025-12-16,カメラ・ビデオ,ドローン,41134,EC,,C03055,鈴木,男,64,京都府,2025-06-03,5,709906,VIP,False,
PR0007802,2025-11-17,スマートフォン,Pro モデル 512GB,55284,店舗,天王寺店,C03055,鈴木,男,64,京都府,2025-06-03,5,709906,VIP,False,
PR0007798,2025-11-16,美容家電・小物,電気シェーバー,40244,店舗,福岡天神店,C03055,鈴木,男,64,京都府,2025-06-03,5,709906,VIP,False,
PR0007803,2025-03-24,スマートフォン,ミドルレンジ機種,45731,店舗,横浜駅前店,C03057,山田,男,66,愛知県,2024-12-21,2,268060,Regular,True,
PR0007804,2025-09-12,洗濯機,全自動 8kg,222329,EC,,C03057,山田,男,66,愛知県,2024-12-21,2,268060,Regular,False,
PR0007805,2023-04-22,カメラ・ビデオ,コンパクトデジカメ,87113,EC,,C03058,加藤,男,53,広島県,2023-03-05,3,459305,Loyal,True,
PR0007807,2025-09-16,冷蔵庫,冷蔵庫 600L 大型,313858,EC,,C03058,加藤,男,53,広島県,2023-03-05,3,459305,Loyal,False,
PR0007806,2025-03-05,美容家電・小物,電動歯ブラシ,58334,EC,,C03058,加藤,男,53,広島県,2023-03-05,3,459305,Loyal,False,
PR0007808,2025-12-01,エアコン,エアコン 18畳用,392964,EC,,C03059,遠藤,男,45,福岡県,2024-12-07,5,1262171,VIP,False,
PR0007811,2025-08-09,ゲーム・玩具,VR ゴーグル,55641,店舗,札幌駅前店,C03059,遠藤,男,45,福岡県,2024-12-07,5,1262171,VIP,False,
PR0007812,2024-12-26,スマートフォン,ミドルレンジ機種,107884,店舗,秋葉原店,C03059,遠藤,男,45,福岡県,2024-12-07,5,1262171,VIP,True,
PR0007809,2025-02-23,テレビ,有機EL 55型,403553,店舗,札幌駅前店,C03059,遠藤,男,45,福岡県,2024-12-07,5,1262171,VIP,False,
PR0007810,2025-02-15,冷蔵庫,フレンチドア 700L,302129,店舗,渋谷店,C03059,遠藤,男,45,福岡県,2024-12-07,5,1262171,VIP,False,
PR0007813,2025-03-31,スマートフォン,スタンダード 128GB,165721,店舗,大阪梅田店,C03060,森,女,27,北海道,2025-01-05,1,165721,Light,True,
PR0007815,2024-03-06,PC・タブレット,ノートPC 13型,275112,店舗,横浜駅前店,C03061,後藤,男,56,北海道,2023-10-18,2,431922,Inactive,False,
PR0007814,2024-01-12,テレビ,有機EL 75型,156810,EC,,C03061,後藤,男,56,北海道,2023-10-18,2,431922,Inactive,True,
PR0007818,2025-02-27,スマートフォン,ミドルレンジ機種,131774,店舗,天王寺店,C03062,鈴木,女,32,愛知県,2023-12-14,3,469689,Loyal,False,
PR0007817,2024-05-04,冷蔵庫,冷蔵庫 600L 大型,287288,店舗,名古屋栄店,C03062,鈴木,女,32,愛知県,2023-12-14,3,469689,Loyal,True,
PR0007816,2024-10-10,美容家電・小物,美顔器,50627,店舗,横浜駅前店,C03062,鈴木,女,32,愛知県,2023-12-14,3,469689,Loyal,False,
PR0007824,2025-02-13,ゲーム・玩具,コントローラ,9534,店舗,池袋店,C03063,渡辺,女,36,宮城県,2021-10-16,6,1001661,VIP,False,
PR0007821,2023-02-01,スマートフォン,ハイエンド 1TB,192438,EC,,C03063,渡辺,女,36,宮城県,2021-10-16,6,1001661,VIP,False,
PR0007822,2025-03-31,スマートフォン,Pro モデル 512GB,106731,EC,,C03063,渡辺,女,36,宮城県,2021-10-16,6,1001661,VIP,False,789
PR0007823,2022-02-19,冷蔵庫,冷蔵庫 400L,457681,店舗,新宿店,C03063,渡辺,女,36,宮城県,2021-10-16,6,1001661,VIP,True,
PR0007820,2023-09-30,洗濯機,コンパクト洗濯機,217518,EC,,C03063,渡辺,女,36,宮城県,2021-10-16,6,1001661,VIP,False,
PR0007819,2024-10-03,美容家電・小物,ヘアアイロン,17759,店舗,渋谷店,C03063,渡辺,女,36,宮城県,2021-10-16,6,1001661,VIP,False,
PR0007825,2024-06-27,ゲーム・玩具,ボードゲーム,22997,店舗,天王寺店,C03064,中島,女,41,埼玉県,2023-09-14,1,22997,Light,True,
PR0007827,2025-09-26,PC・タブレット,タブレット 10型,313224,店舗,大阪梅田店,C03065,山田,男,71,神奈川県,2023-09-23,2,412760,Regular,False,
PR0007826,2024-01-11,テレビ,有機EL 75型,99536,店舗,大阪梅田店,C03065,山田,男,71,神奈川県,2023-09-23,2,412760,Regular,True,
PR0007828,2023-02-02,スマートフォン,コンパクトモデル,139924,EC,,C03066,加藤,男,68,神奈川県,2021-07-22,1,139924,Inactive,True,
PR0007829,2025-05-28,テレビ,4K テレビ 65型,188020,EC,,C03067,池田,女,35,宮城県,2021-08-22,2,267799,Regular,True,
PR0007830,2025-12-23,美容家電・小物,マッサージガン,79779,店舗,大阪梅田店,C03067,池田,女,35,宮城県,2021-08-22,2,267799,Regular,False,
PR0007834,2025-04-24,エアコン,エアコン 18畳用,285129,店舗,横浜駅前店,C03068,松本,男,69,福岡県,2024-10-11,4,843551,Loyal,False,
PR0007831,2024-12-07,スマートフォン,コンパクトモデル,60104,店舗,新宿店,C03068,松本,男,69,福岡県,2024-10-11,4,843551,Loyal,True,
PR0007833,2025-01-15,テレビ,有機EL 55型,454340,店舗,札幌駅前店,C03068,松本,男,69,福岡県,2024-10-11,4,843551,Loyal,False,
PR0007832,2026-01-17,美容家電・小物,ヘアアイロン,43978,EC,,C03068,松本,男,69,福岡県,2024-10-11,4,843551,Loyal,False,
PR0007836,2025-05-17,カメラ・ビデオ,ビデオカメラ,168800,店舗,名古屋栄店,C03069,吉田,女,29,愛知県,2022-11-18,2,383582,Regular,True,
PR0007835,2025-12-30,テレビ,有機EL 75型,214782,店舗,池袋店,C03069,吉田,女,29,愛知県,2022-11-18,2,383582,Regular,False,
PR0007837,2022-11-12,ゲーム・玩具,VR ゴーグル,11109,EC,,C03070,山崎,女,28,神奈川県,2021-10-06,2,171207,Inactive,True,
PR0007838,2023-06-22,テレビ,4K テレビ 65型,160098,EC,,C03070,山崎,女,28,神奈川県,2021-10-06,2,171207,Inactive,False,
PR0007839,2022-11-11,冷蔵庫,コンパクト冷蔵庫,220811,店舗,大阪梅田店,C03071,清水,男,41,京都府,2022-01-05,1,220811,Inactive,True,
PR0007840,2026-01-06,スマートフォン,コンパクトモデル,92057,店舗,名古屋栄店,C03072,山口,女,36,福岡県,2022-11-29,2,298550,Regular,False,
PR0007841,2024-01-07,テレビ,有機EL 75型,206493,店舗,名古屋栄店,C03072,山口,女,36,福岡県,2022-11-29,2,298550,Regular,True,
PR0007843,2024-04-29,PC・タブレット,タブレット 10型,86761,店舗,大阪梅田店,C03073,坂本,男,53,千葉県,2023-05-31,3,274517,Loyal,True,
PR0007842,2026-01-21,ゲーム・玩具,コントローラ,11641,店舗,池袋店,C03073,坂本,男,53,千葉県,2023-05-31,3,274517,Loyal,False,
PR0007844,2026-01-02,スマートフォン,ハイエンド 1TB,176115,店舗,新宿店,C03073,坂本,男,53,千葉県,2023-05-31,3,274517,Loyal,False,
PR0007845,2025-02-19,カメラ・ビデオ,ミラーレス一眼,250169,EC,,C03074,高橋,女,59,広島県,2023-06-11,1,250169,Light,True,
PR0007846,2023-08-25,スマートフォン,ハイエンド 1TB,72352,店舗,新宿店,C03075,池田,男,26,東京都,2022-12-19,2,192857,Regular,True,
PR0007847,2025-10-17,洗濯機,ドラム式洗濯機,120505,店舗,池袋店,C03075,池田,男,26,東京都,2022-12-19,2,192857,Regular,False,
PR0007848,2025-10-20,スマートフォン,スタンダード 128GB,90021,店舗,名古屋栄店,C03076,近藤,男,36,広島県,2025-07-28,2,412798,Regular,True,
PR0007849,2025-12-21,テレビ,4K テレビ 65型,322777,店舗,池袋店,C03076,近藤,男,36,広島県,2025-07-28,2,412798,Regular,False,
PR0007851,2026-01-24,エアコン,エアコン 10畳用,253844,店舗,札幌駅前店,C03078,松本,女,61,兵庫県,2025-08-26,2,265646,Regular,True,
PR0007850,2026-03-23,美容家電・小物,マッサージガン,11802,EC,,C03078,松本,女,61,兵庫県,2025-08-26,2,265646,Regular,False,
PR0007853,2025-09-19,洗濯機,乾燥機能付き 10kg,129909,EC,,C03079,吉田,男,75,大阪府,2025-07-05,2,155885,Regular,False,
PR0007852,2025-08-09,美容家電・小物,ヘアアイロン,25976,EC,,C03079,吉田,男,75,大阪府,2025-07-05,2,155885,Regular,True,
PR0007855,2025-10-19,エアコン,エアコン 10畳用,318983,EC,,C03080,伊藤,女,38,福岡県,2025-07-07,2,359436,Regular,True,
PR0007854,2026-02-03,美容家電・小物,ヘアアイロン,40453,店舗,横浜駅前店,C03080,伊藤,女,38,福岡県,2025-07-07,2,359436,Regular,False,
PR0007856,2026-02-07,PC・タブレット,ノートPC 13型,71270,EC,,C03081,山口,男,48,広島県,2025-12-13,5,618990,VIP,False,
PR0007860,2025-12-30,カメラ・ビデオ,コンパクトデジカメ,193836,店舗,大阪梅田店,C03081,山口,男,48,広島県,2025-12-13,5,618990,VIP,False,
PR0007858,2026-02-18,ゲーム・玩具,ボードゲーム,24952,店舗,天王寺店,C03081,山口,男,48,広島県,2025-12-13,5,618990,VIP,False,
PR0007859,2025-12-29,スマートフォン,コンパクトモデル,160316,店舗,秋葉原店,C03081,山口,男,48,広島県,2025-12-13,5,618990,VIP,True,
PR0007857,2026-03-29,テレビ,4K テレビ 65型,168616,EC,,C03081,山口,男,48,広島県,2025-12-13,5,618990,VIP,False,
PR0007861,2022-08-16,スマートフォン,コンパクトモデル,188411,店舗,渋谷店,C03082,木村,男,42,兵庫県,2021-09-09,3,446873,Loyal,True,
PR0007862,2024-09-25,スマートフォン,ハイエンド 1TB,153345,店舗,天王寺店,C03082,木村,男,42,兵庫県,2021-09-09,3,446873,Loyal,False,771
PR0007863,2026-03-10,冷蔵庫,冷蔵庫 400L,105117,店舗,天王寺店,C03082,木村,男,42,兵庫県,2021-09-09,3,446873,Loyal,False,
PR0007865,2023-07-06,テレビ,4K テレビ 65型,181354,EC,,C03083,木村,女,63,千葉県,2021-04-20,2,336404,Regular,True,
PR0007864,2026-02-04,洗濯機,全自動 8kg,155050,EC,,C03083,木村,女,63,千葉県,2021-04-20,2,336404,Regular,False,
PR0007866,2022-12-17,PC・タブレット,2-in-1 PC,64796,EC,,C03084,斎藤,男,33,宮城県,2021-07-02,1,64796,Inactive,True,
PR0007868,2025-08-30,PC・タブレット,ノートPC 15型,236689,店舗,横浜駅前店,C03085,田中,女,47,愛知県,2024-04-24,2,603178,Regular,False,
PR0007867,2024-07-20,テレビ,4K テレビ 50型,366489,店舗,大阪梅田店,C03085,田中,女,47,愛知県,2024-04-24,2,603178,Regular,True,
PR0007870,2025-09-21,カメラ・ビデオ,コンパクトデジカメ,182996,EC,,C03086,小林,男,36,東京都,2022-03-11,2,201668,Regular,False,
PR0007869,2025-07-15,ゲーム・玩具,ボードゲーム,18672,店舗,天王寺店,C03086,小林,男,36,東京都,2022-03-11,2,201668,Regular,True,
PR0007871,2025-08-19,スマートフォン,ハイエンド 1TB,45853,店舗,名古屋栄店,C03087,高橋,女,22,広島県,2024-09-12,2,100959,Regular,False,
PR0007872,2025-08-07,美容家電・小物,電気シェーバー,55106,店舗,秋葉原店,C03087,高橋,女,22,広島県,2024-09-12,2,100959,Regular,True,
PR0007875,2025-07-03,PC・タブレット,2-in-1 PC,236183,店舗,天王寺店,C03088,高橋,男,38,神奈川県,2025-01-08,6,972528,VIP,False,
PR0007876,2025-08-09,オーディオ,ワイヤレスイヤホン,129424,店舗,新宿店,C03088,高橋,男,38,神奈川県,2025-01-08,6,972528,VIP,False,
PR0007873,2025-05-01,ゲーム・玩具,携帯ゲーム機,35153,EC,,C03088,高橋,男,38,神奈川県,2025-01-08,6,972528,VIP,True,
PR0007874,2026-03-25,スマートフォン,スタンダード 128GB,80287,EC,,C03088,高橋,男,38,神奈川県,2025-01-08,6,972528,VIP,False,
PR0007877,2026-01-01,テレビ,4K テレビ 50型,221529,EC,,C03088,高橋,男,38,神奈川県,2025-01-08,6,972528,VIP,False,
PR0007878,2025-12-10,洗濯機,乾燥機能付き 10kg,269952,店舗,福岡天神店,C03088,高橋,男,38,神奈川県,2025-01-08,6,972528,VIP,False,
PR0007879,2026-01-29,ゲーム・玩具,据置型ゲーム機,34765,EC,,C03089,石川,男,48,北海道,2025-07-16,1,34765,Light,True,
PR0007880,2025-06-10,スマートフォン,スタンダード 128GB,118770,店舗,札幌駅前店,C03090,村上,男,36,宮城県,2024-06-10,1,118770,Light,True,
PR0007882,2022-04-01,PC・タブレット,ノートPC 13型,77209,EC,,C03091,池田,女,34,北海道,2021-10-06,3,460933,Loyal,False,
PR0007883,2025-12-11,PC・タブレット,ノートPC 13型,348082,EC,,C03091,池田,女,34,北海道,2021-10-06,3,460933,Loyal,False,1350
PR0007881,2021-10-13,オーディオ,サウンドバー,35642,店舗,天王寺店,C03091,池田,女,34,北海道,2021-10-06,3,460933,Loyal,True,
PR0007888,2023-04-29,PC・タブレット,2-in-1 PC,51520,EC,,C03092,岡田,男,45,埼玉県,2023-03-25,9,1645232,VIP,True,
PR0007892,2024-06-11,カメラ・ビデオ,アクションカメラ,96385,EC,,C03092,岡田,男,45,埼玉県,2023-03-25,9,1645232,VIP,False,
PR0007886,2023-12-06,ゲーム・玩具,コントローラ,11873,EC,,C03092,岡田,男,45,埼玉県,2023-03-25,9,1645232,VIP,False,
PR0007884,2023-07-29,スマートフォン,ハイエンド 1TB,197597,EC,,C03092,岡田,男,45,埼玉県,2023-03-25,9,1645232,VIP,False,
PR0007885,2025-09-10,スマートフォン,Pro モデル 512GB,134982,店舗,大阪梅田店,C03092,岡田,男,45,埼玉県,2023-03-25,9,1645232,VIP,False,774
PR0007889,2026-01-31,テレビ,プロジェクター,449024,EC,,C03092,岡田,男,45,埼玉県,2023-03-25,9,1645232,VIP,False,
PR0007891,2024-06-06,冷蔵庫,冷蔵庫 400L,491646,EC,,C03092,岡田,男,45,埼玉県,2023-03-25,9,1645232,VIP,False,
PR0007890,2025-03-21,洗濯機,ドラム式洗濯機,176426,EC,,C03092,岡田,男,45,埼玉県,2023-03-25,9,1645232,VIP,False,
PR0007887,2025-03-02,美容家電・小物,電気シェーバー,35779,EC,,C03092,岡田,男,45,埼玉県,2023-03-25,9,1645232,VIP,False,
PR0007894,2024-09-23,スマートフォン,ミドルレンジ機種,144014,店舗,秋葉原店,C03093,井上,女,34,愛知県,2024-05-11,3,353146,Loyal,True,
PR0007893,2025-07-10,冷蔵庫,フレンチドア 700L,165031,EC,,C03093,井上,女,34,愛知県,2024-05-11,3,353146,Loyal,False,
PR0007895,2025-09-23,美容家電・小物,電動歯ブラシ,44101,店舗,渋谷店,C03093,井上,女,34,愛知県,2024-05-11,3,353146,Loyal,False,
PR0007896,2024-10-05,ゲーム・玩具,VR ゴーグル,6048,EC,,C03094,中島,男,43,愛知県,2022-05-07,3,288198,Loyal,True,
PR0007898,2025-09-02,スマートフォン,最新スマホ 256GB,33795,EC,,C03094,中島,男,43,愛知県,2022-05-07,3,288198,Loyal,False,
PR0007897,2025-01-11,テレビ,4K テレビ 50型,248355,EC,,C03094,中島,男,43,愛知県,2022-05-07,3,288198,Loyal,False,
PR0007899,2025-04-26,カメラ・ビデオ,ミラーレス一眼,128776,EC,,C03095,山下,女,75,東京都,2022-09-09,3,712130,Loyal,False,
PR0007900,2024-08-19,スマートフォン,ハイエンド 1TB,91954,EC,,C03095,山下,女,75,東京都,2022-09-09,3,712130,Loyal,False,
PR0007901,2023-09-25,冷蔵庫,冷蔵庫 500L,491400,EC,,C03095,山下,女,75,東京都,2022-09-09,3,712130,Loyal,True,
PR0007902,2025-05-29,冷蔵庫,冷蔵庫 400L,171457,店舗,名古屋栄店,C03096,伊藤,女,66,広島県,2021-05-28,1,171457,Light,True,
PR0007903,2024-05-08,オーディオ,ヘッドホン,173877,EC,,C03097,山本,女,22,愛知県,2024-02-17,2,315773,Regular,True,
PR0007904,2025-09-24,テレビ,有機EL 75型,141896,EC,,C03097,山本,女,22,愛知県,2024-02-17,2,315773,Regular,False,
PR0007905,2022-12-25,オーディオ,Bluetoothスピーカー,105611,店舗,福岡天神店,C03098,伊藤,女,38,大阪府,2022-05-01,1,105611,Inactive,True,
PR0007908,2023-10-04,カメラ・ビデオ,コンパクトデジカメ,235147,店舗,大阪梅田店,C03099,中村,女,75,千葉県,2021-08-30,3,358973,Loyal,False,
PR0007906,2022-05-21,美容家電・小物,ヘアアイロン,55732,店舗,名古屋栄店,C03099,中村,女,75,千葉県,2021-08-30,3,358973,Loyal,True,
PR0007907,2025-08-30,美容家電・小物,美顔器,68094,店舗,天王寺店,C03099,中村,女,75,千葉県,2021-08-30,3,358973,Loyal,False,1197
PR0007909,2025-11-27,美容家電・小物,マッサージガン,20326,店舗,秋葉原店,C03100,松本,男,53,広島県,2025-08-06,1,20326,Light,True,
PR0007910,2025-11-17,エアコン,エアコン 18畳用,103816,EC,,C03101,鈴木,男,33,宮城県,2024-08-18,1,103816,Light,True,
PR0007911,2024-02-01,スマートフォン,スタンダード 128GB,77304,店舗,大阪梅田店,C03102,山田,男,36,宮城県,2022-12-30,2,149668,Regular,True,
PR0007912,2026-03-28,スマートフォン,最新スマホ 256GB,72364,店舗,新宿店,C03102,山田,男,36,宮城県,2022-12-30,2,149668,Regular,False,786
PR0007916,2025-12-17,オーディオ,ターンテーブル,123138,店舗,池袋店,C03103,遠藤,女,39,神奈川県,2025-07-24,5,910188,VIP,False,
PR0007917,2026-01-15,カメラ・ビデオ,ミラーレス一眼,205320,店舗,札幌駅前店,C03103,遠藤,女,39,神奈川県,2025-07-24,5,910188,VIP,False,
PR0007915,2025-09-25,スマートフォン,ハイエンド 1TB,96321,店舗,札幌駅前店,C03103,遠藤,女,39,神奈川県,2025-07-24,5,910188,VIP,False,
PR0007913,2025-08-20,冷蔵庫,冷蔵庫 500L,460711,店舗,新宿店,C03103,遠藤,女,39,神奈川県,2025-07-24,5,910188,VIP,True,
PR0007914,2026-03-01,美容家電・小物,電動歯ブラシ,24698,店舗,名古屋栄店,C03103,遠藤,女,39,神奈川県,2025-07-24,5,910188,VIP,False,
PR0007918,2023-01-17,スマートフォン,コンパクトモデル,137861,EC,,C03105,森,男,44,千葉県,2022-06-01,3,698735,Loyal,True,
PR0007919,2025-08-27,スマートフォン,コンパクトモデル,103272,EC,,C03105,森,男,44,千葉県,2022-06-01,3,698735,Loyal,False,953
PR0007920,2023-05-01,冷蔵庫,フレンチドア 700L,457602,EC,,C03105,森,男,44,千葉県,2022-06-01,3,698735,Loyal,False,
PR0007921,2026-02-10,エアコン,エアコン 18畳用,139505,店舗,大阪梅田店,C03106,清水,男,66,広島県,2021-07-19,6,628169,VIP,False,
PR0007922,2022-02-28,スマートフォン,Pro モデル 512GB,78025,店舗,池袋店,C03106,清水,男,66,広島県,2021-07-19,6,628169,VIP,False,
PR0007923,2024-07-25,スマートフォン,ハイエンド 1TB,73354,EC,,C03106,清水,男,66,広島県,2021-07-19,6,628169,VIP,False,878
PR0007926,2025-11-13,洗濯機,ドラム式洗濯機,259235,EC,,C03106,清水,男,66,広島県,2021-07-19,6,628169,VIP,False,
PR0007924,2021-12-05,美容家電・小物,電気シェーバー,19088,EC,,C03106,清水,男,66,広島県,2021-07-19,6,628169,VIP,True,
PR0007925,2024-06-22,美容家電・小物,美顔器,58962,店舗,池袋店,C03106,清水,男,66,広島県,2021-07-19,6,628169,VIP,False,930
PR0007927,2026-02-04,オーディオ,ヘッドホン,137090,EC,,C03107,遠藤,男,48,千葉県,2025-12-02,2,203555,Regular,False,
PR0007928,2025-12-13,ゲーム・玩具,携帯ゲーム機,66465,店舗,横浜駅前店,C03107,遠藤,男,48,千葉県,2025-12-02,2,203555,Regular,True,
PR0007929,2025-08-09,エアコン,エアコン 6畳用,278529,店舗,新宿店,C03108,渡辺,女,27,宮城県,2025-01-02,2,293437,Regular,True,
PR0007930,2025-08-22,美容家電・小物,マッサージガン,14908,店舗,横浜駅前店,C03108,渡辺,女,27,宮城県,2025-01-02,2,293437,Regular,False,
PR0007931,2025-09-27,冷蔵庫,コンパクト冷蔵庫,286646,EC,,C03109,佐藤,男,43,京都府,2025-07-18,2,352423,Regular,True,
PR0007932,2025-09-29,美容家電・小物,ドライヤー,65777,店舗,秋葉原店,C03109,佐藤,男,43,京都府,2025-07-18,2,352423,Regular,False,
PR0007934,2026-01-04,スマートフォン,スタンダード 128GB,102024,EC,,C03110,近藤,女,23,京都府,2025-01-24,2,365052,Regular,False,
PR0007933,2025-02-13,テレビ,4K テレビ 65型,263028,店舗,秋葉原店,C03110,近藤,女,23,京都府,2025-01-24,2,365052,Regular,True,
PR0007936,2026-01-14,PC・タブレット,ノートPC 13型,123137,店舗,名古屋栄店,C03111,木村,男,32,兵庫県,2024-09-13,2,358032,Regular,True,
PR0007935,2026-01-25,冷蔵庫,フレンチドア 700L,234895,店舗,札幌駅前店,C03111,木村,男,32,兵庫県,2024-09-13,2,358032,Regular,False,
PR0007937,2025-11-15,オーディオ,ワイヤレスイヤホン,55495,EC,,C03112,山口,男,30,兵庫県,2025-05-22,1,55495,Light,True,
PR0007938,2023-09-16,PC・タブレット,ゲーミングPC,285124,店舗,池袋店,C03113,石井,男,66,広島県,2023-09-14,1,285124,Inactive,True,
PR0007939,2025-03-24,エアコン,業務用エアコン,191753,店舗,渋谷店,C03115,松本,男,62,愛知県,2022-01-22,4,597479,Loyal,False,
PR0007940,2025-07-20,オーディオ,Bluetoothスピーカー,109242,EC,,C03115,松本,男,62,愛知県,2022-01-22,4,597479,Loyal,False,
PR0007941,2022-07-14,スマートフォン,Pro モデル 512GB,122546,店舗,福岡天神店,C03115,松本,男,62,愛知県,2022-01-22,4,597479,Loyal,True,
PR0007942,2025-06-01,スマートフォン,スタンダード 128GB,173938,EC,,C03115,松本,男,62,愛知県,2022-01-22,4,597479,Loyal,False,1053
PR0007944,2024-08-29,ゲーム・玩具,コントローラ,42290,EC,,C03116,山下,男,42,神奈川県,2023-02-22,2,249204,Regular,True,
PR0007943,2026-03-30,洗濯機,全自動 8kg,206914,EC,,C03116,山下,男,42,神奈川県,2023-02-22,2,249204,Regular,False,
PR0007945,2024-04-13,スマートフォン,ハイエンド 1TB,64788,店舗,渋谷店,C03117,佐々木,女,35,宮城県,2024-03-02,1,64788,Inactive,True,
PR0007948,2024-02-27,PC・タブレット,ワークステーション,191384,EC,,C03118,林,男,51,北海道,2021-07-28,7,1907685,VIP,False,
PR0007952,2023-05-09,エアコン,エアコン 10畳用,370806,店舗,名古屋栄店,C03118,林,男,51,北海道,2021-07-28,7,1907685,VIP,False,
PR0007951,2024-01-22,カメラ・ビデオ,アクションカメラ,197968,店舗,渋谷店,C03118,林,男,51,北海道,2021-07-28,7,1907685,VIP,False,
PR0007947,2022-10-15,ゲーム・玩具,VR ゴーグル,37664,店舗,大阪梅田店,C03118,林,男,51,北海道,2021-07-28,7,1907685,VIP,False,
PR0007949,2023-07-20,テレビ,有機EL 55型,340274,店舗,名古屋栄店,C03118,林,男,51,北海道,2021-07-28,7,1907685,VIP,False,
PR0007946,2025-01-19,冷蔵庫,冷蔵庫 500L,454837,店舗,池袋店,C03118,林,男,51,北海道,2021-07-28,7,1907685,VIP,False,
PR0007950,2022-09-13,洗濯機,ドラム式洗濯機,314752,EC,,C03118,林,男,51,北海道,2021-07-28,7,1907685,VIP,True,
PR0007953,2023-11-29,テレビ,プロジェクター,192893,店舗,新宿店,C03119,池田,男,55,神奈川県,2021-12-23,1,192893,Inactive,True,
PR0007955,2025-12-27,スマートフォン,コンパクトモデル,182141,EC,,C03120,中島,男,54,宮城県,2025-09-29,2,638078,Regular,True,
PR0007954,2026-03-15,冷蔵庫,冷蔵庫 600L 大型,455937,EC,,C03120,中島,男,54,宮城県,2025-09-29,2,638078,Regular,False,
PR0007956,2026-02-04,エアコン,エアコン 14畳用,125689,EC,,C03121,藤田,女,66,千葉県,2026-01-25,5,950818,VIP,False,
PR0007960,2026-03-28,カメラ・ビデオ,ミラーレス一眼,182111,店舗,名古屋栄店,C03121,藤田,女,66,千葉県,2026-01-25,5,950818,VIP,False,
PR0007959,2026-01-26,テレビ,有機EL 75型,468791,EC,,C03121,藤田,女,66,千葉県,2026-01-25,5,950818,VIP,True,
PR0007958,2026-03-27,洗濯機,コンパクト洗濯機,139096,EC,,C03121,藤田,女,66,千葉県,2026-01-25,5,950818,VIP,False,
PR0007957,2026-03-01,美容家電・小物,美顔器,35131,店舗,名古屋栄店,C03121,藤田,女,66,千葉県,2026-01-25,5,950818,VIP,False,
PR0007962,2025-11-09,PC・タブレット,タブレット 10型,246199,店舗,大阪梅田店,C03122,池田,女,52,宮城県,2024-10-11,3,556500,Loyal,False,
PR0007963,2025-07-06,スマートフォン,最新スマホ 256GB,194745,店舗,福岡天神店,C03122,池田,女,52,宮城県,2024-10-11,3,556500,Loyal,False,
PR0007961,2025-03-10,冷蔵庫,コンパクト冷蔵庫,115556,EC,,C03122,池田,女,52,宮城県,2024-10-11,3,556500,Loyal,True,
PR0007967,2025-07-26,PC・タブレット,ワークステーション,284614,店舗,池袋店,C03123,林,男,22,千葉県,2025-03-04,4,567755,Loyal,False,
PR0007964,2025-05-02,オーディオ,ワイヤレスイヤホン,185990,EC,,C03123,林,男,22,千葉県,2025-03-04,4,567755,Loyal,True,
PR0007965,2025-07-20,スマートフォン,ハイエンド 1TB,60231,店舗,新宿店,C03123,林,男,22,千葉県,2025-03-04,4,567755,Loyal,False,
PR0007966,2026-02-23,美容家電・小物,電動歯ブラシ,36920,店舗,札幌駅前店,C03123,林,男,22,千葉県,2025-03-04,4,567755,Loyal,False,
PR0007968,2022-07-22,エアコン,エアコン 14畳用,288737,店舗,大阪梅田店,C03124,松本,女,75,京都府,2021-06-24,1,288737,Inactive,True,
PR0007969,2025-09-21,PC・タブレット,ノートPC 13型,90326,EC,,C03125,山口,男,40,大阪府,2025-07-02,1,90326,Light,True,
PR0007970,2024-04-04,冷蔵庫,冷蔵庫 400L,149827,店舗,渋谷店,C03126,前田,女,43,京都府,2022-12-07,2,210078,Regular,True,
PR0007971,2024-10-31,美容家電・小物,ドライヤー,60251,店舗,横浜駅前店,C03126,前田,女,43,京都府,2022-12-07,2,210078,Regular,False,
PR0007972,2024-03-08,PC・タブレット,ノートPC 13型,187753,店舗,福岡天神店,C03127,池田,男,60,北海道,2023-05-14,2,301867,Inactive,True,
PR0007973,2024-04-12,テレビ,有機EL 75型,114114,店舗,渋谷店,C03127,池田,男,60,北海道,2023-05-14,2,301867,Inactive,False,
PR0007974,2024-01-19,PC・タブレット,ノートPC 15型,238836,EC,,C03128,松本,女,36,宮城県,2024-01-19,1,238836,Inactive,True,
PR0007980,2026-03-01,エアコン,エアコン 14畳用,167973,EC,,C03129,高橋,女,65,埼玉県,2025-12-19,7,1173704,VIP,False,
PR0007978,2026-01-28,オーディオ,ヘッドホン,165219,店舗,渋谷店,C03129,高橋,女,65,埼玉県,2025-12-19,7,1173704,VIP,True,
PR0007977,2026-02-03,スマートフォン,最新スマホ 256GB,125266,EC,,C03129,高橋,女,65,埼玉県,2025-12-19,7,1173704,VIP,False,
PR0007981,2026-02-24,テレビ,有機EL 55型,377507,EC,,C03129,高橋,女,65,埼玉県,2025-12-19,7,1173704,VIP,False,
PR0007975,2026-02-28,冷蔵庫,フレンチドア 700L,207567,店舗,札幌駅前店,C03129,高橋,女,65,埼玉県,2025-12-19,7,1173704,VIP,False,
PR0007976,2026-03-08,洗濯機,ドラム式洗濯機,93700,店舗,池袋店,C03129,高橋,女,65,埼玉県,2025-12-19,7,1173704,VIP,False,
PR0007979,2026-02-24,美容家電・小物,電動歯ブラシ,36472,EC,,C03129,高橋,女,65,埼玉県,2025-12-19,7,1173704,VIP,False,
PR0007982,2025-03-04,美容家電・小物,電動歯ブラシ,32340,店舗,天王寺店,C03130,山田,男,50,愛知県,2023-04-26,1,32340,Light,True,
PR0007983,2023-07-25,エアコン,業務用エアコン,243107,店舗,名古屋栄店,C03131,佐藤,男,58,千葉県,2023-07-23,1,243107,Inactive,True,
PR0007984,2025-07-06,PC・タブレット,ノートPC 15型,299043,店舗,渋谷店,C03132,後藤,男,34,埼玉県,2024-10-23,3,693588,Loyal,False,
PR0007986,2025-03-07,テレビ,4K テレビ 65型,339527,EC,,C03132,後藤,男,34,埼玉県,2024-10-23,3,693588,Loyal,True,
PR0007985,2026-02-03,美容家電・小物,マッサージガン,55018,店舗,新宿店,C03132,後藤,男,34,埼玉県,2024-10-23,3,693588,Loyal,False,
PR0007987,2026-01-03,スマートフォン,コンパクトモデル,53138,店舗,福岡天神店,C03133,林,女,54,広島県,2025-02-20,3,259386,Loyal,False,
PR0007989,2025-07-07,冷蔵庫,冷蔵庫 600L 大型,175844,店舗,秋葉原店,C03133,林,女,54,広島県,2025-02-20,3,259386,Loyal,False,
PR0007988,2025-03-18,美容家電・小物,ドライヤー,30404,店舗,福岡天神店,C03133,林,女,54,広島県,2025-02-20,3,259386,Loyal,True,
PR0007990,2025-07-28,PC・タブレット,タブレット 10型,348111,店舗,新宿店,C03134,佐藤,男,52,千葉県,2021-08-11,1,348111,Light,True,
PR0007991,2025-08-30,冷蔵庫,冷蔵庫 500L,225312,店舗,横浜駅前店,C03135,前田,男,39,兵庫県,2024-05-09,1,225312,Light,True,
PR0007992,2025-07-08,エアコン,エアコン 18畳用,271550,店舗,渋谷店,C03136,加藤,女,42,宮城県,2024-07-13,2,736205,Regular,True,
PR0007993,2026-01-08,テレビ,スマートテレビ 43型,464655,EC,,C03136,加藤,女,42,宮城県,2024-07-13,2,736205,Regular,False,
PR0007994,2024-04-22,PC・タブレット,ノートPC 13型,100322,EC,,C03137,青木,女,22,宮城県,2023-10-09,4,373097,Loyal,False,
PR0007995,2023-12-15,カメラ・ビデオ,ドローン,174013,EC,,C03137,青木,女,22,宮城県,2023-10-09,4,373097,Loyal,True,
PR0007997,2024-12-02,ゲーム・玩具,携帯ゲーム機,21602,EC,,C03137,青木,女,22,宮城県,2023-10-09,4,373097,Loyal,False,
PR0007996,2025-11-08,美容家電・小物,美顔器,77160,EC,,C03137,青木,女,22,宮城県,2023-10-09,4,373097,Loyal,False,
PR0007999,2025-11-19,PC・タブレット,タブレット 10型,133491,店舗,池袋店,C03138,斎藤,女,56,兵庫県,2024-10-30,2,153434,Regular,False,
PR0007998,2024-11-20,美容家電・小物,電動歯ブラシ,19943,店舗,名古屋栄店,C03138,斎藤,女,56,兵庫県,2024-10-30,2,153434,Regular,True,
PR0008000,2023-12-24,エアコン,エアコン 18畳用,326363,EC,,C03139,松本,男,44,宮城県,2023-10-11,5,1254475,VIP,False,
PR0008001,2024-10-13,オーディオ,ターンテーブル,88196,EC,,C03139,松本,男,44,宮城県,2023-10-11,5,1254475,VIP,False,
PR0008004,2025-04-21,テレビ,有機EL 75型,349622,店舗,名古屋栄店,C03139,松本,男,44,宮城県,2023-10-11,5,1254475,VIP,False,
PR0008002,2023-11-18,冷蔵庫,冷蔵庫 500L,219206,EC,,C03139,松本,男,44,宮城県,2023-10-11,5,1254475,VIP,True,
PR0008003,2025-03-22,洗濯機,ドラム式洗濯機,271088,EC,,C03139,松本,男,44,宮城県,2023-10-11,5,1254475,VIP,False,
PR0008009,2025-05-04,PC・タブレット,タブレット 10型,222151,店舗,池袋店,C03140,坂本,女,51,埼玉県,2023-11-25,7,1607354,VIP,False,
PR0008005,2024-06-07,エアコン,エアコン 6畳用,283028,店舗,新宿店,C03140,坂本,女,51,埼玉県,2023-11-25,7,1607354,VIP,False,
PR0008008,2025-03-05,カメラ・ビデオ,交換レンズ,179972,店舗,大阪梅田店,C03140,坂本,女,51,埼玉県,2023-11-25,7,1607354,VIP,False,
PR0008011,2024-12-13,スマートフォン,Pro モデル 512GB,133421,EC,,C03140,坂本,女,51,埼玉県,2023-11-25,7,1607354,VIP,False,
PR0008010,2025-08-23,テレビ,スマートテレビ 43型,366708,EC,,C03140,坂本,女,51,埼玉県,2023-11-25,7,1607354,VIP,False,
PR0008006,2024-04-04,冷蔵庫,コンパクト冷蔵庫,249411,店舗,池袋店,C03140,坂本,女,51,埼玉県,2023-11-25,7,1607354,VIP,True,
PR0008007,2025-04-07,洗濯機,乾燥機能付き 10kg,172663,EC,,C03140,坂本,女,51,埼玉県,2023-11-25,7,1607354,VIP,False,
PR0008012,2025-04-21,洗濯機,ドラム式洗濯機,340367,店舗,札幌駅前店,C03141,中島,女,43,埼玉県,2024-02-23,1,340367,Light,True,
PR0008013,2024-10-30,テレビ,プロジェクター,95663,店舗,名古屋栄店,C03142,吉田,男,37,大阪府,2022-07-04,2,318740,Regular,False,
PR0008014,2023-03-10,冷蔵庫,冷蔵庫 500L,223077,店舗,横浜駅前店,C03142,吉田,男,37,大阪府,2022-07-04,2,318740,Regular,True,
PR0008015,2024-01-08,エアコン,エアコン 10畳用,139642,店舗,渋谷店,C03143,村上,男,37,宮城県,2023-08-29,1,139642,Inactive,True,
PR0008016,2025-02-05,ゲーム・玩具,据置型ゲーム機,42314,店舗,渋谷店,C03144,山崎,男,22,北海道,2024-09-10,2,154773,Regular,True,
PR0008017,2025-05-10,スマートフォン,Pro モデル 512GB,112459,店舗,福岡天神店,C03144,山崎,男,22,北海道,2024-09-10,2,154773,Regular,False,
PR0008019,2025-07-19,オーディオ,ホームオーディオ,150886,店舗,渋谷店,C03145,鈴木,男,49,千葉県,2025-04-29,2,345761,Regular,False,
PR0008018,2025-06-15,テレビ,プロジェクター,194875,EC,,C03145,鈴木,男,49,千葉県,2025-04-29,2,345761,Regular,True,
PR0008022,2025-07-15,エアコン,業務用エアコン,354050,店舗,福岡天神店,C03146,青木,男,46,愛知県,2024-07-05,3,682889,Loyal,False,
PR0008020,2026-03-27,スマートフォン,ハイエンド 1TB,120027,店舗,池袋店,C03146,青木,男,46,愛知県,2024-07-05,3,682889,Loyal,False,
PR0008021,2024-10-30,洗濯機,コンパクト洗濯機,208812,店舗,大阪梅田店,C03146,青木,男,46,愛知県,2024-07-05,3,682889,Loyal,True,
PR0008023,2025-05-26,美容家電・小物,ヘアアイロン,75118,EC,,C03147,林,男,41,愛知県,2023-03-17,1,75118,Light,True,
PR0008024,2025-11-11,美容家電・小物,ドライヤー,13975,EC,,C03148,長谷川,女,26,埼玉県,2025-02-16,1,13975,Light,True,
PR0008026,2024-03-30,テレビ,プロジェクター,159186,店舗,大阪梅田店,C03149,井上,男,48,北海道,2022-05-02,2,592803,Inactive,False,
PR0008025,2022-09-05,冷蔵庫,冷蔵庫 400L,433617,店舗,天王寺店,C03149,井上,男,48,北海道,2022-05-02,2,592803,Inactive,True,
PR0008028,2023-06-14,エアコン,エアコン 14畳用,257448,EC,,C03150,藤田,男,51,兵庫県,2022-06-09,6,720586,VIP,False,
PR0008031,2023-06-18,スマートフォン,コンパクトモデル,43519,店舗,福岡天神店,C03150,藤田,男,51,兵庫県,2022-06-09,6,720586,VIP,False,
PR0008032,2025-08-14,スマートフォン,スタンダード 128GB,187191,店舗,渋谷店,C03150,藤田,男,51,兵庫県,2022-06-09,6,720586,VIP,False,788
PR0008027,2025-10-21,テレビ,プロジェクター,160224,EC,,C03150,藤田,男,51,兵庫県,2022-06-09,6,720586,VIP,False,
PR0008029,2022-09-21,美容家電・小物,ドライヤー,55608,店舗,新宿店,C03150,藤田,男,51,兵庫県,2022-06-09,6,720586,VIP,True,
PR0008030,2025-05-16,美容家電・小物,電気シェーバー,16596,店舗,大阪梅田店,C03150,藤田,男,51,兵庫県,2022-06-09,6,720586,VIP,False,968
PR0008033,2025-09-22,美容家電・小物,電気シェーバー,79456,EC,,C03151,伊藤,男,54,東京都,2025-01-12,1,79456,Light,True,
PR0008034,2023-05-15,PC・タブレット,2-in-1 PC,325316,EC,,C03152,林,女,39,愛知県,2022-09-13,1,325316,Inactive,True,
PR0008035,2025-05-21,エアコン,業務用エアコン,281188,店舗,大阪梅田店,C03153,池田,女,36,京都府,2025-05-15,3,773923,Loyal,True,
PR0008036,2025-12-21,カメラ・ビデオ,コンパクトデジカメ,122376,店舗,大阪梅田店,C03153,池田,女,36,京都府,2025-05-15,3,773923,Loyal,False,
PR0008037,2025-07-06,テレビ,4K テレビ 65型,370359,店舗,新宿店,C03153,池田,女,36,京都府,2025-05-15,3,773923,Loyal,False,
PR0008038,2024-09-29,エアコン,エアコン 6畳用,259316,EC,,C03154,渡辺,女,38,千葉県,2022-08-07,2,307184,Regular,False,
PR0008039,2022-09-18,ゲーム・玩具,VR ゴーグル,47868,店舗,横浜駅前店,C03154,渡辺,女,38,千葉県,2022-08-07,2,307184,Regular,True,
PR0008040,2023-10-17,スマートフォン,スタンダード 128GB,78825,店舗,札幌駅前店,C03155,遠藤,男,56,大阪府,2022-02-11,1,78825,Inactive,True,
PR0008041,2025-01-31,エアコン,エアコン 10畳用,183512,EC,,C03156,石井,男,36,千葉県,2023-01-11,3,726753,Loyal,False,
PR0008043,2025-01-23,オーディオ,ワイヤレスイヤホン,90246,店舗,天王寺店,C03156,石井,男,36,千葉県,2023-01-11,3,726753,Loyal,True,
PR0008042,2026-01-14,テレビ,スマートテレビ 43型,452995,EC,,C03156,石井,男,36,千葉県,2023-01-11,3,726753,Loyal,False,
PR0008045,2025-07-25,PC・タブレット,ゲーミングPC,77815,店舗,福岡天神店,C03157,山田,男,45,東京都,2025-05-12,6,1275974,VIP,True,
PR0008048,2025-08-30,エアコン,エアコン 6畳用,397582,店舗,新宿店,C03157,山田,男,45,東京都,2025-05-12,6,1275974,VIP,False,
PR0008047,2026-03-02,カメラ・ビデオ,ビデオカメラ,192070,店舗,新宿店,C03157,山田,男,45,東京都,2025-05-12,6,1275974,VIP,False,
PR0008046,2025-07-30,冷蔵庫,フレンチドア 700L,220089,店舗,池袋店,C03157,山田,男,45,東京都,2025-05-12,6,1275974,VIP,False,
PR0008044,2025-10-19,洗濯機,コンパクト洗濯機,313187,店舗,池袋店,C03157,山田,男,45,東京都,2025-05-12,6,1275974,VIP,False,
PR0008049,2026-03-27,美容家電・小物,ヘアアイロン,75231,店舗,渋谷店,C03157,山田,男,45,東京都,2025-05-12,6,1275974,VIP,False,
PR0008053,2024-08-07,PC・タブレット,ノートPC 15型,156149,EC,,C03158,阿部,女,42,兵庫県,2021-11-18,6,1187440,VIP,False,
PR0008050,2023-05-18,エアコン,エアコン 14畳用,279235,EC,,C03158,阿部,女,42,兵庫県,2021-11-18,6,1187440,VIP,False,
PR0008052,2025-11-19,ゲーム・玩具,携帯ゲーム機,10370,EC,,C03158,阿部,女,42,兵庫県,2021-11-18,6,1187440,VIP,False,
PR0008054,2022-12-13,スマートフォン,スタンダード 128GB,172556,EC,,C03158,阿部,女,42,兵庫県,2021-11-18,6,1187440,VIP,False,
PR0008055,2025-05-14,スマートフォン,コンパクトモデル,73463,EC,,C03158,阿部,女,42,兵庫県,2021-11-18,6,1187440,VIP,False,883
PR0008051,2022-03-14,冷蔵庫,コンパクト冷蔵庫,495667,EC,,C03158,阿部,女,42,兵庫県,2021-11-18,6,1187440,VIP,True,
PR0008056,2024-03-25,PC・タブレット,2-in-1 PC,118418,店舗,池袋店,C03160,山崎,女,29,京都府,2024-01-01,3,337691,Loyal,True,
PR0008058,2024-10-01,テレビ,4K テレビ 65型,178634,EC,,C03160,山崎,女,29,京都府,2024-01-01,3,337691,Loyal,False,
PR0008057,2025-02-02,美容家電・小物,美顔器,40639,店舗,札幌駅前店,C03160,山崎,女,29,京都府,2024-01-01,3,337691,Loyal,False,
PR0008060,2024-04-27,ゲーム・玩具,コントローラ,38731,EC,,C03161,木村,女,27,兵庫県,2022-09-12,2,215616,Regular,True,
PR0008059,2024-10-24,スマートフォン,ミドルレンジ機種,176885,EC,,C03161,木村,女,27,兵庫県,2022-09-12,2,215616,Regular,False,
PR0008061,2025-04-06,美容家電・小物,ドライヤー,15887,EC,,C03162,青木,男,39,千葉県,2023-09-23,1,15887,Light,True,
PR0008064,2023-03-27,スマートフォン,ミドルレンジ機種,196956,店舗,大阪梅田店,C03163,小林,女,53,広島県,2022-06-20,4,872298,Loyal,True,
PR0008065,2025-11-09,スマートフォン,スタンダード 128GB,100194,店舗,大阪梅田店,C03163,小林,女,53,広島県,2022-06-20,4,872298,Loyal,False,958
PR0008063,2024-12-01,テレビ,スマートテレビ 43型,473516,店舗,横浜駅前店,C03163,小林,女,53,広島県,2022-06-20,4,872298,Loyal,False,
PR0008062,2024-11-23,洗濯機,縦型洗濯機,101632,店舗,大阪梅田店,C03163,小林,女,53,広島県,2022-06-20,4,872298,Loyal,False,
PR0008066,2025-11-10,PC・タブレット,ノートPC 13型,317713,EC,,C03164,清水,男,25,京都府,2025-09-11,8,1443779,VIP,True,
PR0008070,2026-02-15,オーディオ,ホームオーディオ,52968,店舗,横浜駅前店,C03164,清水,男,25,京都府,2025-09-11,8,1443779,VIP,False,
PR0008073,2026-03-07,カメラ・ビデオ,交換レンズ,95863,EC,,C03164,清水,男,25,京都府,2025-09-11,8,1443779,VIP,False,
PR0008071,2025-12-05,ゲーム・玩具,据置型ゲーム機,24017,EC,,C03164,清水,男,25,京都府,2025-09-11,8,1443779,VIP,False,
PR0008067,2026-03-16,スマートフォン,Pro モデル 512GB,160941,EC,,C03164,清水,男,25,京都府,2025-09-11,8,1443779,VIP,False,
PR0008068,2026-02-02,テレビ,プロジェクター,397978,EC,,C03164,清水,男,25,京都府,2025-09-11,8,1443779,VIP,False,
PR0008072,2025-11-26,洗濯機,乾燥機能付き 10kg,314684,店舗,天王寺店,C03164,清水,男,25,京都府,2025-09-11,8,1443779,VIP,False,
PR0008069,2025-12-27,美容家電・小物,マッサージガン,79615,EC,,C03164,清水,男,25,京都府,2025-09-11,8,1443779,VIP,False,
PR0008074,2023-05-27,ゲーム・玩具,コントローラ,56215,EC,,C03165,伊藤,男,29,千葉県,2023-02-04,1,56215,Inactive,True,
PR0008077,2024-08-06,エアコン,エアコン 6畳用,218676,EC,,C03166,坂本,女,41,神奈川県,2021-04-20,4,428167,Loyal,False,
PR0008078,2025-04-10,オーディオ,ホームオーディオ,123799,店舗,渋谷店,C03166,坂本,女,41,神奈川県,2021-04-20,4,428167,Loyal,False,
PR0008075,2021-07-10,美容家電・小物,マッサージガン,30016,EC,,C03166,坂本,女,41,神奈川県,2021-04-20,4,428167,Loyal,True,
PR0008076,2024-03-03,美容家電・小物,電気シェーバー,55676,店舗,名古屋栄店,C03166,坂本,女,41,神奈川県,2021-04-20,4,428167,Loyal,False,967
PR0008084,2025-04-28,PC・タブレット,ノートPC 13型,346544,EC,,C03167,高橋,男,26,福岡県,2025-02-11,6,1189020,VIP,False,
PR0008083,2025-12-02,エアコン,業務用エアコン,245573,店舗,名古屋栄店,C03167,高橋,男,26,福岡県,2025-02-11,6,1189020,VIP,False,
PR0008081,2025-08-30,オーディオ,サウンドバー,106147,店舗,名古屋栄店,C03167,高橋,男,26,福岡県,2025-02-11,6,1189020,VIP,False,
PR0008080,2025-04-14,ゲーム・玩具,据置型ゲーム機,24304,EC,,C03167,高橋,男,26,福岡県,2025-02-11,6,1189020,VIP,True,
PR0008082,2025-07-14,テレビ,スマートテレビ 43型,391323,EC,,C03167,高橋,男,26,福岡県,2025-02-11,6,1189020,VIP,False,
PR0008079,2025-06-13,美容家電・小物,ヘアアイロン,75129,EC,,C03167,高橋,男,26,福岡県,2025-02-11,6,1189020,VIP,False,
PR0008085,2025-06-29,オーディオ,ワイヤレスイヤホン,115487,店舗,秋葉原店,C03168,高橋,女,46,京都府,2023-09-06,2,177617,Regular,True,
PR0008086,2026-01-23,テレビ,スマートテレビ 43型,62130,EC,,C03168,高橋,女,46,京都府,2023-09-06,2,177617,Regular,False,
PR0008089,2024-02-07,カメラ・ビデオ,交換レンズ,169818,EC,,C03169,清水,男,22,神奈川県,2023-08-19,3,666712,Loyal,True,
PR0008087,2025-03-19,スマートフォン,ミドルレンジ機種,89731,店舗,天王寺店,C03169,清水,男,22,神奈川県,2023-08-19,3,666712,Loyal,False,
PR0008088,2025-01-25,テレビ,プロジェクター,407163,店舗,札幌駅前店,C03169,清水,男,22,神奈川県,2023-08-19,3,666712,Loyal,False,
PR0008090,2023-09-19,PC・タブレット,タブレット 10型,257428,店舗,秋葉原店,C03170,渡辺,女,40,東京都,2021-11-08,6,1131164,VIP,False,
PR0008095,2024-01-01,エアコン,エアコン 18畳用,224053,店舗,天王寺店,C03170,渡辺,女,40,東京都,2021-11-08,6,1131164,VIP,False,
PR0008091,2025-10-31,スマートフォン,ハイエンド 1TB,123205,EC,,C03170,渡辺,女,40,東京都,2021-11-08,6,1131164,VIP,False,
PR0008092,2021-12-14,テレビ,スマートテレビ 43型,415580,店舗,札幌駅前店,C03170,渡辺,女,40,東京都,2021-11-08,6,1131164,VIP,True,
PR0008093,2023-09-11,美容家電・小物,マッサージガン,53619,店舗,横浜駅前店,C03170,渡辺,女,40,東京都,2021-11-08,6,1131164,VIP,False,
PR0008094,2026-03-12,美容家電・小物,マッサージガン,57279,店舗,渋谷店,C03170,渡辺,女,40,東京都,2021-11-08,6,1131164,VIP,False,913
PR0008096,2025-03-22,PC・タブレット,2-in-1 PC,61051,EC,,C03171,坂本,男,30,広島県,2024-07-01,2,314647,Regular,False,
PR0008097,2025-03-12,冷蔵庫,冷蔵庫 500L,253596,店舗,秋葉原店,C03171,坂本,男,30,広島県,2024-07-01,2,314647,Regular,True,
PR0008098,2025-04-25,スマートフォン,最新スマホ 256GB,141000,店舗,横浜駅前店,C03172,松本,女,32,兵庫県,2023-03-06,3,405201,Loyal,False,
PR0008100,2024-09-14,洗濯機,全自動 8kg,202202,店舗,天王寺店,C03172,松本,女,32,兵庫県,2023-03-06,3,405201,Loyal,False,
PR0008099,2024-04-27,美容家電・小物,ヘアアイロン,61999,店舗,池袋店,C03172,松本,女,32,兵庫県,2023-03-06,3,405201,Loyal,True,
PR0008101,2024-11-07,PC・タブレット,ノートPC 13型,200743,店舗,渋谷店,C03173,山下,女,60,広島県,2023-07-05,2,663811,Regular,True,
PR0008102,2025-10-05,テレビ,4K テレビ 50型,463068,店舗,札幌駅前店,C03173,山下,女,60,広島県,2023-07-05,2,663811,Regular,False,
PR0008104,2025-12-18,エアコン,エアコン 10畳用,381827,店舗,名古屋栄店,C03174,伊藤,男,42,北海道,2025-08-22,3,445360,Loyal,False,
PR0008105,2025-09-08,スマートフォン,コンパクトモデル,40663,店舗,福岡天神店,C03174,伊藤,男,42,北海道,2025-08-22,3,445360,Loyal,True,
PR0008103,2026-01-30,美容家電・小物,電気シェーバー,22870,店舗,池袋店,C03174,伊藤,男,42,北海道,2025-08-22,3,445360,Loyal,False,
PR0008106,2024-04-17,カメラ・ビデオ,ビデオカメラ,127902,店舗,横浜駅前店,C03175,阿部,男,40,埼玉県,2024-03-15,1,127902,Inactive,True,
PR0008108,2025-07-15,ゲーム・玩具,ゲームソフト,6762,店舗,横浜駅前店,C03177,石川,女,43,広島県,2021-11-15,2,148263,Regular,False,
PR0008107,2024-09-16,スマートフォン,最新スマホ 256GB,141501,店舗,天王寺店,C03177,石川,女,43,広島県,2021-11-15,2,148263,Regular,True,
PR0008109,2024-10-11,PC・タブレット,タブレット 10型,300919,店舗,福岡天神店,C03178,高橋,男,65,北海道,2021-07-30,5,653945,VIP,False,
PR0008111,2021-09-05,スマートフォン,スタンダード 128GB,105790,店舗,大阪梅田店,C03178,高橋,男,65,北海道,2021-07-30,5,653945,VIP,True,
PR0008112,2023-11-04,スマートフォン,コンパクトモデル,95986,EC,,C03178,高橋,男,65,北海道,2021-07-30,5,653945,VIP,False,790
PR0008113,2026-02-28,スマートフォン,ハイエンド 1TB,45472,店舗,大阪梅田店,C03178,高橋,男,65,北海道,2021-07-30,5,653945,VIP,False,847
PR0008110,2021-12-17,洗濯機,コンパクト洗濯機,105778,店舗,池袋店,C03178,高橋,男,65,北海道,2021-07-30,5,653945,VIP,False,
PR0008114,2025-01-16,スマートフォン,Pro モデル 512GB,42837,店舗,名古屋栄店,C03179,加藤,女,63,東京都,2023-07-28,1,42837,Light,True,
PR0008119,2022-11-29,カメラ・ビデオ,アクションカメラ,43432,店舗,天王寺店,C03180,林,女,33,大阪府,2022-09-23,6,864748,VIP,True,
PR0008118,2025-07-20,スマートフォン,コンパクトモデル,56730,EC,,C03180,林,女,33,大阪府,2022-09-23,6,864748,VIP,False,
PR0008115,2025-10-14,テレビ,有機EL 55型,399916,EC,,C03180,林,女,33,大阪府,2022-09-23,6,864748,VIP,False,
PR0008120,2023-04-04,洗濯機,縦型洗濯機,293849,店舗,池袋店,C03180,林,女,33,大阪府,2022-09-23,6,864748,VIP,False,
PR0008116,2022-12-08,美容家電・小物,美顔器,54819,EC,,C03180,林,女,33,大阪府,2022-09-23,6,864748,VIP,False,
PR0008117,2025-04-07,美容家電・小物,電動歯ブラシ,16002,EC,,C03180,林,女,33,大阪府,2022-09-23,6,864748,VIP,False,851
PR0008122,2024-03-01,カメラ・ビデオ,アクションカメラ,175907,EC,,C03181,石川,女,57,東京都,2023-05-22,2,216679,Regular,True,
PR0008121,2025-04-16,美容家電・小物,電動歯ブラシ,40772,EC,,C03181,石川,女,57,東京都,2023-05-22,2,216679,Regular,False,
PR0008124,2024-05-11,オーディオ,ターンテーブル,46729,店舗,札幌駅前店,C03182,林,女,48,大阪府,2023-10-09,2,346916,Regular,False,
PR0008123,2023-11-15,テレビ,有機EL 75型,300187,店舗,天王寺店,C03182,林,女,48,大阪府,2023-10-09,2,346916,Regular,True,
PR0008126,2023-03-06,洗濯機,全自動 8kg,85426,EC,,C03183,岡田,女,48,大阪府,2021-12-08,2,96593,Inactive,True,
PR0008125,2023-07-15,美容家電・小物,電気シェーバー,11167,店舗,札幌駅前店,C03183,岡田,女,48,大阪府,2021-12-08,2,96593,Inactive,False,
PR0008127,2025-01-10,PC・タブレット,ノートPC 15型,265692,店舗,大阪梅田店,C03184,山崎,男,59,愛知県,2023-07-08,2,750440,Regular,False,
PR0008128,2023-10-19,冷蔵庫,コンパクト冷蔵庫,484748,店舗,福岡天神店,C03184,山崎,男,59,愛知県,2023-07-08,2,750440,Regular,True,
PR0008130,2025-12-21,オーディオ,Bluetoothスピーカー,192121,店舗,新宿店,C03185,中村,女,35,埼玉県,2025-10-17,2,236355,Regular,True,
PR0008129,2026-02-11,美容家電・小物,美顔器,44234,店舗,札幌駅前店,C03185,中村,女,35,埼玉県,2025-10-17,2,236355,Regular,False,
PR0008135,2022-10-14,PC・タブレット,タブレット 10型,333816,店舗,新宿店,C03186,藤田,女,38,京都府,2021-09-02,5,1065350,VIP,False,
PR0008134,2024-04-10,テレビ,有機EL 75型,370051,EC,,C03186,藤田,女,38,京都府,2021-09-02,5,1065350,VIP,False,
PR0008131,2023-08-10,冷蔵庫,コンパクト冷蔵庫,306958,店舗,池袋店,C03186,藤田,女,38,京都府,2021-09-02,5,1065350,VIP,False,
PR0008132,2021-11-10,美容家電・小物,ドライヤー,10137,EC,,C03186,藤田,女,38,京都府,2021-09-02,5,1065350,VIP,True,
PR0008133,2024-07-09,美容家電・小物,マッサージガン,44388,EC,,C03186,藤田,女,38,京都府,2021-09-02,5,1065350,VIP,False,972
PR0008138,2022-11-03,カメラ・ビデオ,ビデオカメラ,90155,店舗,新宿店,C03187,井上,男,51,福岡県,2022-07-19,3,570491,Loyal,True,
PR0008137,2024-06-05,冷蔵庫,フレンチドア 700L,269657,店舗,福岡天神店,C03187,井上,男,51,福岡県,2022-07-19,3,570491,Loyal,False,
PR0008136,2024-03-06,洗濯機,コンパクト洗濯機,210679,店舗,名古屋栄店,C03187,井上,男,51,福岡県,2022-07-19,3,570491,Loyal,False,
PR0008140,2022-10-23,テレビ,スマートテレビ 43型,490111,EC,,C03188,小林,女,45,千葉県,2022-05-28,2,769718,Inactive,False,
PR0008139,2022-10-12,冷蔵庫,冷蔵庫 600L 大型,279607,EC,,C03188,小林,女,45,千葉県,2022-05-28,2,769718,Inactive,True,
PR0008142,2026-03-27,冷蔵庫,冷蔵庫 500L,483403,店舗,池袋店,C03189,岡田,男,45,愛知県,2026-01-02,2,539540,Regular,False,
PR0008141,2026-03-02,美容家電・小物,ドライヤー,56137,店舗,秋葉原店,C03189,岡田,男,45,愛知県,2026-01-02,2,539540,Regular,True,
PR0008143,2026-02-02,スマートフォン,Pro モデル 512GB,43045,店舗,札幌駅前店,C03190,山崎,女,35,福岡県,2025-09-28,2,79307,Regular,True,
PR0008144,2026-03-30,美容家電・小物,電気シェーバー,36262,EC,,C03190,山崎,女,35,福岡県,2025-09-28,2,79307,Regular,False,
PR0008146,2021-08-19,エアコン,業務用エアコン,337082,EC,,C03191,近藤,男,51,京都府,2021-08-19,3,524398,Inactive,True,
PR0008147,2024-04-17,オーディオ,ワイヤレスイヤホン,129318,EC,,C03191,近藤,男,51,京都府,2021-08-19,3,524398,Inactive,False,
PR0008145,2023-04-10,テレビ,4K テレビ 65型,57998,店舗,福岡天神店,C03191,近藤,男,51,京都府,2021-08-19,3,524398,Inactive,False,
PR0008149,2025-05-23,スマートフォン,ハイエンド 1TB,109505,店舗,福岡天神店,C03192,後藤,男,54,千葉県,2024-06-01,2,408350,Regular,True,
PR0008148,2025-12-19,テレビ,プロジェクター,298845,EC,,C03192,後藤,男,54,千葉県,2024-06-01,2,408350,Regular,False,
PR0008151,2025-10-01,カメラ・ビデオ,ドローン,270274,店舗,渋谷店,C03193,清水,女,47,神奈川県,2025-08-28,3,372427,Loyal,False,
PR0008152,2026-03-22,スマートフォン,スタンダード 128GB,47645,店舗,渋谷店,C03193,清水,女,47,神奈川県,2025-08-28,3,372427,Loyal,False,
PR0008150,2025-09-22,美容家電・小物,電気シェーバー,54508,店舗,新宿店,C03193,清水,女,47,神奈川県,2025-08-28,3,372427,Loyal,True,
PR0008155,2026-01-26,カメラ・ビデオ,ビデオカメラ,60718,店舗,大阪梅田店,C03194,山下,女,31,大阪府,2024-09-17,3,339711,Loyal,False,
PR0008153,2025-01-17,スマートフォン,ハイエンド 1TB,83757,店舗,福岡天神店,C03194,山下,女,31,大阪府,2024-09-17,3,339711,Loyal,True,
PR0008154,2025-01-21,テレビ,4K テレビ 50型,195236,店舗,札幌駅前店,C03194,山下,女,31,大阪府,2024-09-17,3,339711,Loyal,False,
PR0008156,2026-02-18,PC・タブレット,タブレット 10型,312693,EC,,C03195,小林,女,29,東京都,2021-06-16,3,550107,Loyal,False,
PR0008157,2023-06-13,スマートフォン,最新スマホ 256GB,185604,EC,,C03195,小林,女,29,東京都,2021-06-16,3,550107,Loyal,True,
PR0008158,2026-01-16,スマートフォン,最新スマホ 256GB,51810,EC,,C03195,小林,女,29,東京都,2021-06-16,3,550107,Loyal,False,948
PR0008159,2025-10-23,冷蔵庫,冷蔵庫 500L,244261,EC,,C03196,藤田,女,63,広島県,2021-06-19,2,276627,Regular,False,
PR0008160,2023-12-26,美容家電・小物,美顔器,32366,店舗,名古屋栄店,C03196,藤田,女,63,広島県,2021-06-19,2,276627,Regular,True,
PR0008161,2025-10-16,スマートフォン,コンパクトモデル,100898,店舗,天王寺店,C03197,山本,男,41,兵庫県,2022-04-09,1,100898,Light,True,
PR0008164,2026-01-31,PC・タブレット,ノートPC 15型,243266,EC,,C03198,長谷川,男,40,兵庫県,2024-07-10,3,800729,Loyal,False,
PR0008163,2024-12-09,ゲーム・玩具,ボードゲーム,62752,店舗,池袋店,C03198,長谷川,男,40,兵庫県,2024-07-10,3,800729,Loyal,False,
PR0008162,2024-08-04,冷蔵庫,冷蔵庫 500L,494711,店舗,天王寺店,C03198,長谷川,男,40,兵庫県,2024-07-10,3,800729,Loyal,True,
PR0008165,2025-02-12,PC・タブレット,タブレット 10型,68473,店舗,新宿店,C03199,小林,男,42,愛知県,2022-06-26,3,440556,Loyal,False,
PR0008167,2025-06-19,カメラ・ビデオ,コンパクトデジカメ,91740,店舗,名古屋栄店,C03199,小林,男,42,愛知県,2022-06-26,3,440556,Loyal,False,
PR0008166,2024-11-29,テレビ,4K テレビ 65型,280343,店舗,池袋店,C03199,小林,男,42,愛知県,2022-06-26,3,440556,Loyal,True,
PR0008169,2021-09-11,スマートフォン,ミドルレンジ機種,188632,店舗,天王寺店,C03200,高橋,女,47,埼玉県,2021-07-18,4,613785,Loyal,True,
PR0008170,2023-11-27,スマートフォン,ハイエンド 1TB,99327,EC,,C03200,高橋,女,47,埼玉県,2021-07-18,4,613785,Loyal,False,807
PR0008168,2024-09-25,洗濯機,全自動 8kg,268914,EC,,C03200,高橋,女,47,埼玉県,2021-07-18,4,613785,Loyal,False,
PR0008171,2024-06-06,美容家電・小物,美顔器,56912,店舗,福岡天神店,C03200,高橋,女,47,埼玉県,2021-07-18,4,613785,Loyal,False,
PR0008172,2025-02-13,オーディオ,ワイヤレスイヤホン,156287,店舗,秋葉原店,C03201,前田,男,43,兵庫県,2023-07-13,2,335374,Regular,True,
PR0008173,2025-07-28,スマートフォン,スタンダード 128GB,179087,店舗,天王寺店,C03201,前田,男,43,兵庫県,2023-07-13,2,335374,Regular,False,
PR0008174,2026-03-09,カメラ・ビデオ,交換レンズ,236549,EC,,C03202,山下,男,59,大阪府,2025-10-07,1,236549,Light,True,
PR0008176,2025-07-22,PC・タブレット,2-in-1 PC,348876,EC,,C03203,小川,女,34,大阪府,2023-11-23,2,419792,Regular,False,
PR0008175,2024-01-07,美容家電・小物,ドライヤー,70916,店舗,福岡天神店,C03203,小川,女,34,大阪府,2023-11-23,2,419792,Regular,True,
PR0008179,2024-11-07,PC・タブレット,タブレット 10型,223352,店舗,秋葉原店,C03204,山本,女,49,神奈川県,2022-07-19,5,609637,VIP,False,
PR0008181,2025-04-19,ゲーム・玩具,VR ゴーグル,32637,店舗,池袋店,C03204,山本,女,49,神奈川県,2022-07-19,5,609637,VIP,False,
PR0008180,2024-05-13,スマートフォン,ミドルレンジ機種,149264,店舗,名古屋栄店,C03204,山本,女,49,神奈川県,2022-07-19,5,609637,VIP,True,
PR0008178,2026-02-07,テレビ,プロジェクター,117182,店舗,名古屋栄店,C03204,山本,女,49,神奈川県,2022-07-19,5,609637,VIP,False,
PR0008177,2026-01-06,洗濯機,縦型洗濯機,87202,店舗,池袋店,C03204,山本,女,49,神奈川県,2022-07-19,5,609637,VIP,False,
PR0008183,2024-12-03,エアコン,エアコン 6畳用,176828,店舗,渋谷店,C03205,中村,男,48,北海道,2023-11-01,3,359896,Loyal,False,
PR0008184,2026-01-17,スマートフォン,ミドルレンジ機種,152259,EC,,C03205,中村,男,48,北海道,2023-11-01,3,359896,Loyal,False,
PR0008182,2024-03-26,美容家電・小物,電気シェーバー,30809,EC,,C03205,中村,男,48,北海道,2023-11-01,3,359896,Loyal,True,
PR0008186,2025-11-11,PC・タブレット,2-in-1 PC,195767,店舗,札幌駅前店,C03206,小林,女,46,宮城県,2022-07-02,3,820578,Loyal,False,
PR0008187,2024-09-27,スマートフォン,ミドルレンジ機種,185189,店舗,横浜駅前店,C03206,小林,女,46,宮城県,2022-07-02,3,820578,Loyal,False,
PR0008185,2024-01-12,テレビ,有機EL 55型,439622,店舗,天王寺店,C03206,小林,女,46,宮城県,2022-07-02,3,820578,Loyal,True,
PR0008188,2023-10-23,スマートフォン,スタンダード 128GB,32196,店舗,大阪梅田店,C03207,遠藤,男,73,埼玉県,2023-01-08,2,97863,Inactive,True,
PR0008189,2024-04-15,美容家電・小物,電動歯ブラシ,65667,店舗,札幌駅前店,C03207,遠藤,男,73,埼玉県,2023-01-08,2,97863,Inactive,False,
PR0008190,2024-01-13,ゲーム・玩具,ゲームソフト,57949,EC,,C03208,石川,男,44,兵庫県,2023-09-07,1,57949,Inactive,True,
PR0008192,2026-01-16,PC・タブレット,ノートPC 15型,134741,EC,,C03209,遠藤,女,43,福岡県,2024-10-11,3,353424,Loyal,False,
PR0008193,2025-08-12,エアコン,エアコン 10畳用,201247,EC,,C03209,遠藤,女,43,福岡県,2024-10-11,3,353424,Loyal,True,
PR0008191,2025-10-01,美容家電・小物,ドライヤー,17436,店舗,大阪梅田店,C03209,遠藤,女,43,福岡県,2024-10-11,3,353424,Loyal,False,
PR0008200,2022-12-18,PC・タブレット,タブレット 10型,239331,EC,,C03210,石川,女,37,千葉県,2022-08-09,9,1763885,VIP,True,
PR0008201,2025-11-02,PC・タブレット,ゲーミングPC,98928,店舗,秋葉原店,C03210,石川,女,37,千葉県,2022-08-09,9,1763885,VIP,False,1050
PR0008199,2023-05-13,エアコン,業務用エアコン,249928,店舗,天王寺店,C03210,石川,女,37,千葉県,2022-08-09,9,1763885,VIP,False,
PR0008194,2023-07-18,スマートフォン,最新スマホ 256GB,111740,店舗,福岡天神店,C03210,石川,女,37,千葉県,2022-08-09,9,1763885,VIP,False,
PR0008195,2025-09-22,スマートフォン,最新スマホ 256GB,193329,店舗,池袋店,C03210,石川,女,37,千葉県,2022-08-09,9,1763885,VIP,False,797
PR0008198,2023-11-11,テレビ,プロジェクター,451803,EC,,C03210,石川,女,37,千葉県,2022-08-09,9,1763885,VIP,False,
PR0008202,2025-09-12,冷蔵庫,冷蔵庫 600L 大型,355422,店舗,池袋店,C03210,石川,女,37,千葉県,2022-08-09,9,1763885,VIP,False,
PR0008196,2023-04-15,美容家電・小物,電動歯ブラシ,15041,店舗,名古屋栄店,C03210,石川,女,37,千葉県,2022-08-09,9,1763885,VIP,False,
PR0008197,2025-11-09,美容家電・小物,マッサージガン,48363,店舗,福岡天神店,C03210,石川,女,37,千葉県,2022-08-09,9,1763885,VIP,False,939
PR0008203,2026-03-27,スマートフォン,Pro モデル 512GB,112649,EC,,C03211,山本,男,50,東京都,2022-03-09,1,112649,Light,True,
PR0008206,2024-05-15,カメラ・ビデオ,コンパクトデジカメ,206331,EC,,C03212,佐々木,男,56,北海道,2021-07-22,4,824694,Loyal,False,
PR0008204,2021-09-06,スマートフォン,スタンダード 128GB,36534,EC,,C03212,佐々木,男,56,北海道,2021-07-22,4,824694,Loyal,True,
PR0008205,2024-03-25,スマートフォン,ハイエンド 1TB,111253,EC,,C03212,佐々木,男,56,北海道,2021-07-22,4,824694,Loyal,False,931
PR0008207,2023-09-12,冷蔵庫,コンパクト冷蔵庫,470576,EC,,C03212,佐々木,男,56,北海道,2021-07-22,4,824694,Loyal,False,
PR0008209,2025-06-10,PC・タブレット,ワークステーション,269666,店舗,天王寺店,C03213,前田,男,61,千葉県,2024-08-08,2,543358,Regular,False,
PR0008208,2025-01-21,冷蔵庫,コンパクト冷蔵庫,273692,店舗,札幌駅前店,C03213,前田,男,61,千葉県,2024-08-08,2,543358,Regular,True,
PR0008210,2024-03-08,スマートフォン,最新スマホ 256GB,137488,EC,,C03214,山下,男,22,兵庫県,2023-10-16,1,137488,Inactive,True,
PR0008211,2025-09-05,エアコン,エアコン 6畳用,137251,店舗,天王寺店,C03215,池田,男,44,兵庫県,2022-03-07,4,844027,Loyal,False,
PR0008214,2025-06-23,テレビ,プロジェクター,102888,EC,,C03215,池田,男,44,兵庫県,2022-03-07,4,844027,Loyal,False,
PR0008212,2023-07-02,冷蔵庫,コンパクト冷蔵庫,458325,EC,,C03215,池田,男,44,兵庫県,2022-03-07,4,844027,Loyal,True,
PR0008213,2025-07-26,洗濯機,縦型洗濯機,145563,店舗,新宿店,C03215,池田,男,44,兵庫県,2022-03-07,4,844027,Loyal,False,
PR0008215,2025-07-18,PC・タブレット,タブレット 10型,346915,EC,,C03216,遠藤,男,62,千葉県,2022-10-10,3,831757,Loyal,False,
PR0008217,2023-10-27,オーディオ,Bluetoothスピーカー,140522,EC,,C03216,遠藤,男,62,千葉県,2022-10-10,3,831757,Loyal,False,
PR0008216,2023-06-05,洗濯機,全自動 8kg,344320,EC,,C03216,遠藤,男,62,千葉県,2022-10-10,3,831757,Loyal,True,
PR0008218,2024-03-23,PC・タブレット,ノートPC 13型,191039,EC,,C03217,遠藤,女,51,京都府,2023-07-18,1,191039,Inactive,True,
PR0008219,2026-03-04,カメラ・ビデオ,アクションカメラ,239223,EC,,C03218,遠藤,女,48,京都府,2023-10-30,2,270889,Regular,False,
PR0008220,2024-03-11,美容家電・小物,電気シェーバー,31666,EC,,C03218,遠藤,女,48,京都府,2023-10-30,2,270889,Regular,True,
PR0008221,2025-09-04,オーディオ,ホームオーディオ,23424,EC,,C03219,清水,男,75,福岡県,2021-11-07,1,23424,Light,True,
PR0008228,2023-10-19,エアコン,業務用エアコン,260263,店舗,新宿店,C03220,高橋,女,31,大阪府,2023-05-06,8,1239423,VIP,False,
PR0008227,2023-07-07,オーディオ,サウンドバー,104535,EC,,C03220,高橋,女,31,大阪府,2023-05-06,8,1239423,VIP,True,
PR0008224,2023-10-22,スマートフォン,最新スマホ 256GB,73539,店舗,池袋店,C03220,高橋,女,31,大阪府,2023-05-06,8,1239423,VIP,False,
PR0008225,2025-10-08,スマートフォン,コンパクトモデル,186750,店舗,池袋店,C03220,高橋,女,31,大阪府,2023-05-06,8,1239423,VIP,False,717
PR0008226,2023-09-14,テレビ,プロジェクター,288187,店舗,池袋店,C03220,高橋,女,31,大阪府,2023-05-06,8,1239423,VIP,False,
PR0008229,2024-09-08,冷蔵庫,フレンチドア 700L,275785,店舗,大阪梅田店,C03220,高橋,女,31,大阪府,2023-05-06,8,1239423,VIP,False,
PR0008222,2023-10-07,美容家電・小物,ドライヤー,23561,店舗,横浜駅前店,C03220,高橋,女,31,大阪府,2023-05-06,8,1239423,VIP,False,
PR0008223,2026-02-15,美容家電・小物,マッサージガン,26803,店舗,渋谷店,C03220,高橋,女,31,大阪府,2023-05-06,8,1239423,VIP,False,862
PR0008230,2025-04-08,PC・タブレット,ノートPC 13型,105372,店舗,渋谷店,C03221,山田,男,47,大阪府,2025-04-06,3,467613,Loyal,True,
PR0008232,2025-07-01,エアコン,エアコン 18畳用,315990,店舗,札幌駅前店,C03221,山田,男,47,大阪府,2025-04-06,3,467613,Loyal,False,
PR0008231,2025-11-08,ゲーム・玩具,ゲームソフト,46251,EC,,C03221,山田,男,47,大阪府,2025-04-06,3,467613,Loyal,False,
PR0008234,2025-09-15,スマートフォン,ミドルレンジ機種,73181,店舗,札幌駅前店,C03222,小林,男,40,千葉県,2024-11-05,3,795980,Loyal,True,
PR0008233,2026-03-27,テレビ,有機EL 55型,341032,店舗,福岡天神店,C03222,小林,男,40,千葉県,2024-11-05,3,795980,Loyal,False,
PR0008235,2025-12-22,冷蔵庫,冷蔵庫 500L,381767,店舗,渋谷店,C03222,小林,男,40,千葉県,2024-11-05,3,795980,Loyal,False,
PR0008236,2025-07-17,洗濯機,乾燥機能付き 10kg,126009,店舗,天王寺店,C03223,井上,男,59,神奈川県,2024-09-12,1,126009,Light,True,
PR0008237,2025-02-21,PC・タブレット,2-in-1 PC,205340,EC,,C03224,小林,男,43,兵庫県,2022-07-23,3,644295,Loyal,False,
PR0008239,2025-12-24,ゲーム・玩具,コントローラ,6141,EC,,C03224,小林,男,43,兵庫県,2022-07-23,3,644295,Loyal,False,
PR0008238,2022-08-01,テレビ,4K テレビ 65型,432814,EC,,C03224,小林,男,43,兵庫県,2022-07-23,3,644295,Loyal,True,
PR0008240,2026-01-01,美容家電・小物,電気シェーバー,42175,EC,,C03225,吉田,女,37,北海道,2025-02-06,1,42175,Light,True,
PR0008241,2025-12-03,エアコン,エアコン 14畳用,117535,店舗,渋谷店,C03227,木村,男,30,北海道,2025-08-25,2,212977,Regular,True,
PR0008242,2026-03-07,スマートフォン,コンパクトモデル,95442,店舗,渋谷店,C03227,木村,男,30,北海道,2025-08-25,2,212977,Regular,False,
PR0008244,2025-10-28,テレビ,4K テレビ 65型,471099,店舗,札幌駅前店,C03228,山崎,女,34,兵庫県,2024-11-06,2,539553,Regular,False,
PR0008243,2025-02-24,美容家電・小物,ヘアアイロン,68454,店舗,福岡天神店,C03228,山崎,女,34,兵庫県,2024-11-06,2,539553,Regular,True,
PR0008245,2025-03-01,カメラ・ビデオ,ドローン,89692,店舗,池袋店,C03229,近藤,男,63,福岡県,2023-09-03,3,236599,Loyal,False,
PR0008246,2024-07-20,スマートフォン,最新スマホ 256GB,83150,EC,,C03229,近藤,男,63,福岡県,2023-09-03,3,236599,Loyal,False,
PR0008247,2023-12-06,テレビ,有機EL 55型,63757,EC,,C03229,近藤,男,63,福岡県,2023-09-03,3,236599,Loyal,True,
PR0008248,2025-02-18,PC・タブレット,2-in-1 PC,289756,EC,,C03230,遠藤,男,25,兵庫県,2024-07-16,4,589252,Loyal,False,
PR0008249,2025-03-27,エアコン,業務用エアコン,204113,EC,,C03230,遠藤,男,25,兵庫県,2024-07-16,4,589252,Loyal,False,
PR0008251,2024-10-08,ゲーム・玩具,VR ゴーグル,22373,店舗,天王寺店,C03230,遠藤,男,25,兵庫県,2024-07-16,4,589252,Loyal,True,
PR0008250,2026-02-15,スマートフォン,ミドルレンジ機種,73010,EC,,C03230,遠藤,男,25,兵庫県,2024-07-16,4,589252,Loyal,False,
PR0008252,2024-10-13,美容家電・小物,ドライヤー,37726,店舗,池袋店,C03231,橋本,男,24,神奈川県,2024-09-16,1,37726,Light,True,
PR0008253,2025-09-11,PC・タブレット,ゲーミングPC,111360,EC,,C03232,後藤,男,40,埼玉県,2024-06-14,1,111360,Light,True,
PR0008262,2021-12-14,PC・タブレット,タブレット 10型,185653,店舗,福岡天神店,C03233,後藤,男,45,東京都,2021-06-27,10,1692153,VIP,False,
PR0008263,2025-04-12,PC・タブレット,ワークステーション,343135,店舗,名古屋栄店,C03233,後藤,男,45,東京都,2021-06-27,10,1692153,VIP,False,1215
PR0008261,2021-08-06,エアコン,エアコン 10畳用,189532,店舗,札幌駅前店,C03233,後藤,男,45,東京都,2021-06-27,10,1692153,VIP,True,
PR0008260,2025-05-11,カメラ・ビデオ,ミラーレス一眼,255929,店舗,札幌駅前店,C03233,後藤,男,45,東京都,2021-06-27,10,1692153,VIP,False,
PR0008254,2023-01-11,ゲーム・玩具,据置型ゲーム機,54249,店舗,福岡天神店,C03233,後藤,男,45,東京都,2021-06-27,10,1692153,VIP,False,
PR0008257,2023-03-07,スマートフォン,ミドルレンジ機種,129950,店舗,池袋店,C03233,後藤,男,45,東京都,2021-06-27,10,1692153,VIP,False,
PR0008258,2025-02-11,スマートフォン,Pro モデル 512GB,110647,店舗,新宿店,C03233,後藤,男,45,東京都,2021-06-27,10,1692153,VIP,False,707
PR0008259,2023-06-07,テレビ,4K テレビ 65型,371692,店舗,名古屋栄店,C03233,後藤,男,45,東京都,2021-06-27,10,1692153,VIP,False,
PR0008255,2023-06-09,美容家電・小物,電気シェーバー,45974,店舗,大阪梅田店,C03233,後藤,男,45,東京都,2021-06-27,10,1692153,VIP,False,
PR0008256,2025-07-27,美容家電・小物,ドライヤー,5392,店舗,天王寺店,C03233,後藤,男,45,東京都,2021-06-27,10,1692153,VIP,False,779
PR0008265,2025-03-09,PC・タブレット,ワークステーション,137827,EC,,C03234,伊藤,男,59,千葉県,2024-09-27,5,869560,VIP,False,
PR0008267,2024-10-10,エアコン,エアコン 10畳用,252231,店舗,秋葉原店,C03234,伊藤,男,59,千葉県,2024-09-27,5,869560,VIP,True,
PR0008264,2026-01-20,オーディオ,Bluetoothスピーカー,196948,店舗,池袋店,C03234,伊藤,男,59,千葉県,2024-09-27,5,869560,VIP,False,
PR0008266,2024-12-15,スマートフォン,最新スマホ 256GB,96111,店舗,札幌駅前店,C03234,伊藤,男,59,千葉県,2024-09-27,5,869560,VIP,False,
PR0008268,2025-07-13,洗濯機,ドラム式洗濯機,186443,店舗,大阪梅田店,C03234,伊藤,男,59,千葉県,2024-09-27,5,869560,VIP,False,
PR0008270,2024-06-05,PC・タブレット,ノートPC 13型,335841,店舗,池袋店,C03235,山崎,男,43,神奈川県,2023-09-06,2,447136,Regular,True,
PR0008269,2025-05-28,スマートフォン,ミドルレンジ機種,111295,店舗,新宿店,C03235,山崎,男,43,神奈川県,2023-09-06,2,447136,Regular,False,
PR0008271,2025-12-03,スマートフォン,ハイエンド 1TB,113948,EC,,C03236,村上,女,47,宮城県,2025-03-21,1,113948,Light,True,
PR0008272,2025-06-06,美容家電・小物,ヘアアイロン,46551,店舗,福岡天神店,C03237,遠藤,女,41,兵庫県,2023-04-22,1,46551,Light,True,
PR0008273,2024-09-03,オーディオ,ターンテーブル,43570,EC,,C03238,田中,女,75,愛知県,2024-07-22,2,359803,Regular,True,
PR0008274,2025-03-20,冷蔵庫,冷蔵庫 500L,316233,EC,,C03238,田中,女,75,愛知県,2024-07-22,2,359803,Regular,False,
PR0008275,2026-01-06,PC・タブレット,タブレット 10型,162129,店舗,池袋店,C03239,加藤,男,61,京都府,2025-03-06,3,712016,Loyal,False,
PR0008277,2025-10-29,テレビ,4K テレビ 50型,491158,店舗,福岡天神店,C03239,加藤,男,61,京都府,2025-03-06,3,712016,Loyal,True,
PR0008276,2026-01-01,美容家電・小物,マッサージガン,58729,店舗,新宿店,C03239,加藤,男,61,京都府,2025-03-06,3,712016,Loyal,False,
PR0008279,2025-03-14,洗濯機,ドラム式洗濯機,294730,店舗,秋葉原店,C03240,坂本,女,71,千葉県,2021-09-08,2,362675,Regular,False,
PR0008278,2024-01-03,美容家電・小物,美顔器,67945,店舗,名古屋栄店,C03240,坂本,女,71,千葉県,2021-09-08,2,362675,Regular,True,
PR0008280,2025-02-18,洗濯機,縦型洗濯機,118917,店舗,池袋店,C03241,佐藤,男,60,広島県,2024-07-18,1,118917,Light,True,
PR0008283,2022-04-21,オーディオ,サウンドバー,36253,EC,,C03242,池田,女,33,北海道,2022-03-17,5,516613,VIP,True,
PR0008285,2024-08-04,スマートフォン,Pro モデル 512GB,105905,店舗,天王寺店,C03242,池田,女,33,北海道,2022-03-17,5,516613,VIP,False,
PR0008284,2022-07-12,冷蔵庫,フレンチドア 700L,255770,店舗,大阪梅田店,C03242,池田,女,33,北海道,2022-03-17,5,516613,VIP,False,
PR0008281,2022-08-14,美容家電・小物,ドライヤー,59793,店舗,札幌駅前店,C03242,池田,女,33,北海道,2022-03-17,5,516613,VIP,False,
PR0008282,2025-02-26,美容家電・小物,マッサージガン,58892,EC,,C03242,池田,女,33,北海道,2022-03-17,5,516613,VIP,False,927
PR0008286,2026-03-27,エアコン,業務用エアコン,341679,店舗,新宿店,C03243,渡辺,男,66,兵庫県,2025-07-18,1,341679,Light,True,
PR0008290,2025-12-21,PC・タブレット,2-in-1 PC,172726,店舗,福岡天神店,C03244,青木,男,28,愛知県,2021-06-05,4,438359,Loyal,False,
PR0008288,2023-03-15,スマートフォン,最新スマホ 256GB,55758,店舗,新宿店,C03244,青木,男,28,愛知県,2021-06-05,4,438359,Loyal,True,
PR0008289,2025-06-28,スマートフォン,ハイエンド 1TB,62818,店舗,横浜駅前店,C03244,青木,男,28,愛知県,2021-06-05,4,438359,Loyal,False,836
PR0008287,2025-10-24,冷蔵庫,冷蔵庫 500L,147057,店舗,秋葉原店,C03244,青木,男,28,愛知県,2021-06-05,4,438359,Loyal,False,
PR0008291,2023-06-28,ゲーム・玩具,据置型ゲーム機,43890,EC,,C03245,松本,男,26,兵庫県,2022-08-24,1,43890,Inactive,True,
PR0008292,2026-02-18,PC・タブレット,ノートPC 15型,68704,店舗,札幌駅前店,C03246,石井,男,61,東京都,2023-04-13,1,68704,Light,True,
PR0008294,2024-11-28,カメラ・ビデオ,ドローン,104434,EC,,C03247,村上,男,44,東京都,2023-02-19,3,281784,Loyal,False,
PR0008295,2024-12-01,洗濯機,全自動 8kg,109473,店舗,新宿店,C03247,村上,男,44,東京都,2023-02-19,3,281784,Loyal,False,
PR0008293,2024-07-29,美容家電・小物,美顔器,67877,店舗,新宿店,C03247,村上,男,44,東京都,2023-02-19,3,281784,Loyal,True,
PR0008298,2025-02-27,ゲーム・玩具,コントローラ,38451,EC,,C03248,田中,女,32,神奈川県,2022-06-26,3,250794,Loyal,False,
PR0008296,2024-03-12,洗濯機,縦型洗濯機,144897,EC,,C03248,田中,女,32,神奈川県,2022-06-26,3,250794,Loyal,False,
PR0008297,2023-09-22,美容家電・小物,美顔器,67446,店舗,名古屋栄店,C03248,田中,女,32,神奈川県,2022-06-26,3,250794,Loyal,True,
PR0008300,2024-07-17,エアコン,エアコン 18畳用,135727,EC,,C03249,山本,女,64,埼玉県,2022-05-28,2,632946,Regular,False,
PR0008299,2023-02-04,テレビ,有機EL 55型,497219,店舗,大阪梅田店,C03249,山本,女,64,埼玉県,2022-05-28,2,632946,Regular,True,
PR0008301,2026-02-22,スマートフォン,最新スマホ 256GB,90181,店舗,福岡天神店,C03250,吉田,女,25,愛知県,2025-11-13,2,287312,Regular,False,
PR0008302,2025-11-18,洗濯機,ドラム式洗濯機,197131,EC,,C03250,吉田,女,25,愛知県,2025-11-13,2,287312,Regular,True,
PR0008304,2024-07-12,冷蔵庫,フレンチドア 700L,361022,EC,,C03251,岡田,女,30,埼玉県,2022-06-13,2,379663,Regular,True,
PR0008303,2024-09-09,美容家電・小物,ヘアアイロン,18641,EC,,C03251,岡田,女,30,埼玉県,2022-06-13,2,379663,Regular,False,
PR0008305,2026-01-09,PC・タブレット,ノートPC 13型,284028,店舗,札幌駅前店,C03252,青木,男,25,神奈川県,2024-09-10,2,296994,Regular,False,
PR0008306,2025-11-24,ゲーム・玩具,ボードゲーム,12966,店舗,横浜駅前店,C03252,青木,男,25,神奈川県,2024-09-10,2,296994,Regular,True,
PR0008310,2022-05-04,ゲーム・玩具,ボードゲーム,79530,店舗,名古屋栄店,C03253,青木,女,41,福岡県,2021-10-15,4,365052,Loyal,True,
PR0008309,2023-01-19,テレビ,有機EL 55型,191918,店舗,福岡天神店,C03253,青木,女,41,福岡県,2021-10-15,4,365052,Loyal,False,
PR0008307,2023-05-22,美容家電・小物,美顔器,65244,店舗,福岡天神店,C03253,青木,女,41,福岡県,2021-10-15,4,365052,Loyal,False,
PR0008308,2025-12-07,美容家電・小物,ヘアアイロン,28360,店舗,秋葉原店,C03253,青木,女,41,福岡県,2021-10-15,4,365052,Loyal,False,930
PR0008311,2023-10-13,美容家電・小物,ヘアアイロン,23143,店舗,福岡天神店,C03254,森,男,40,東京都,2021-04-29,1,23143,Inactive,True,
PR0008312,2023-05-31,カメラ・ビデオ,ドローン,251413,EC,,C03255,石川,男,37,広島県,2023-01-25,1,251413,Inactive,True,
PR0008313,2023-09-06,オーディオ,ターンテーブル,193888,店舗,横浜駅前店,C03256,井上,女,26,京都府,2023-03-29,2,254939,Inactive,True,
PR0008314,2024-01-16,ゲーム・玩具,ボードゲーム,61051,店舗,天王寺店,C03256,井上,女,26,京都府,2023-03-29,2,254939,Inactive,False,
PR0008316,2025-01-31,洗濯機,縦型洗濯機,107113,店舗,福岡天神店,C03257,佐々木,男,56,福岡県,2024-08-07,2,168701,Regular,True,
PR0008315,2025-10-12,美容家電・小物,美顔器,61588,店舗,新宿店,C03257,佐々木,男,56,福岡県,2024-08-07,2,168701,Regular,False,
PR0008317,2023-11-09,オーディオ,ワイヤレスイヤホン,189246,店舗,横浜駅前店,C03258,高橋,女,42,福岡県,2023-03-24,2,311912,Inactive,True,
PR0008318,2024-01-26,テレビ,4K テレビ 50型,122666,EC,,C03258,高橋,女,42,福岡県,2023-03-24,2,311912,Inactive,False,
PR0008319,2025-11-04,ゲーム・玩具,ボードゲーム,73926,EC,,C03259,石川,男,44,広島県,2025-02-27,2,314551,Regular,False,
PR0008320,2025-06-21,テレビ,有機EL 75型,240625,EC,,C03259,石川,男,44,広島県,2025-02-27,2,314551,Regular,True,
PR0008321,2023-12-16,ゲーム・玩具,VR ゴーグル,79542,EC,,C03260,渡辺,女,36,京都府,2021-09-03,2,396740,Inactive,False,
PR0008322,2023-11-22,洗濯機,ドラム式洗濯機,317198,店舗,横浜駅前店,C03260,渡辺,女,36,京都府,2021-09-03,2,396740,Inactive,True,
PR0008324,2024-03-17,オーディオ,ホームオーディオ,189207,EC,,C03261,斎藤,男,60,京都府,2023-09-10,2,410356,Inactive,False,
PR0008323,2024-01-25,洗濯機,全自動 8kg,221149,EC,,C03261,斎藤,男,60,京都府,2023-09-10,2,410356,Inactive,True,
PR0008325,2025-12-17,PC・タブレット,ワークステーション,329489,EC,,C03262,斎藤,男,42,北海道,2024-08-17,2,389604,Regular,False,
PR0008326,2025-03-13,ゲーム・玩具,コントローラ,60115,店舗,新宿店,C03262,斎藤,男,42,北海道,2024-08-17,2,389604,Regular,True,
PR0008330,2024-11-10,PC・タブレット,ノートPC 13型,267231,EC,,C03263,林,男,22,愛知県,2024-03-25,7,1106657,VIP,False,
PR0008332,2024-09-29,エアコン,エアコン 14畳用,87298,EC,,C03263,林,男,22,愛知県,2024-03-25,7,1106657,VIP,True,
PR0008329,2025-03-24,カメラ・ビデオ,アクションカメラ,223175,EC,,C03263,林,男,22,愛知県,2024-03-25,7,1106657,VIP,False,
PR0008328,2026-02-21,ゲーム・玩具,据置型ゲーム機,29371,EC,,C03263,林,男,22,愛知県,2024-03-25,7,1106657,VIP,False,
PR0008327,2025-07-25,スマートフォン,ミドルレンジ機種,75567,店舗,福岡天神店,C03263,林,男,22,愛知県,2024-03-25,7,1106657,VIP,False,
PR0008331,2024-12-22,冷蔵庫,コンパクト冷蔵庫,132728,EC,,C03263,林,男,22,愛知県,2024-03-25,7,1106657,VIP,False,
PR0008333,2024-11-15,洗濯機,ドラム式洗濯機,291287,EC,,C03263,林,男,22,愛知県,2024-03-25,7,1106657,VIP,False,
PR0008335,2023-05-19,オーディオ,ターンテーブル,75975,店舗,池袋店,C03264,小林,男,57,京都府,2022-11-28,4,575655,Loyal,False,
PR0008337,2026-01-31,カメラ・ビデオ,アクションカメラ,159327,店舗,秋葉原店,C03264,小林,男,57,京都府,2022-11-28,4,575655,Loyal,False,
PR0008334,2023-03-31,テレビ,有機EL 75型,300551,店舗,名古屋栄店,C03264,小林,男,57,京都府,2022-11-28,4,575655,Loyal,True,
PR0008336,2025-12-01,美容家電・小物,電動歯ブラシ,39802,店舗,札幌駅前店,C03264,小林,男,57,京都府,2022-11-28,4,575655,Loyal,False,
PR0008338,2024-03-30,PC・タブレット,ノートPC 13型,318335,店舗,横浜駅前店,C03265,松本,男,46,広島県,2024-03-30,2,391701,Inactive,True,
PR0008339,2024-03-30,美容家電・小物,電動歯ブラシ,73366,店舗,大阪梅田店,C03265,松本,男,46,広島県,2024-03-30,2,391701,Inactive,True,
PR0008341,2026-01-30,PC・タブレット,2-in-1 PC,116491,EC,,C03266,森,女,36,兵庫県,2024-11-29,2,208870,Regular,False,
PR0008340,2024-12-23,スマートフォン,コンパクトモデル,92379,EC,,C03266,森,女,36,兵庫県,2024-11-29,2,208870,Regular,True,
PR0008343,2023-01-03,ゲーム・玩具,ゲームソフト,12392,EC,,C03267,小林,女,36,埼玉県,2021-09-04,2,168776,Regular,True,
PR0008342,2025-05-02,冷蔵庫,冷蔵庫 400L,156384,店舗,横浜駅前店,C03267,小林,女,36,埼玉県,2021-09-04,2,168776,Regular,False,
PR0008345,2025-03-19,PC・タブレット,タブレット 10型,75167,EC,,C03268,中村,男,34,宮城県,2024-08-17,6,1203444,VIP,False,
PR0008348,2024-08-27,エアコン,エアコン 18畳用,397308,店舗,天王寺店,C03268,中村,男,34,宮城県,2024-08-17,6,1203444,VIP,True,
PR0008347,2025-12-10,スマートフォン,最新スマホ 256GB,51286,店舗,福岡天神店,C03268,中村,男,34,宮城県,2024-08-17,6,1203444,VIP,False,
PR0008344,2024-09-19,冷蔵庫,冷蔵庫 500L,360711,EC,,C03268,中村,男,34,宮城県,2024-08-17,6,1203444,VIP,False,
PR0008349,2025-06-02,洗濯機,全自動 8kg,299206,EC,,C03268,中村,男,34,宮城県,2024-08-17,6,1203444,VIP,False,
PR0008346,2024-09-26,美容家電・小物,美顔器,19766,店舗,池袋店,C03268,中村,男,34,宮城県,2024-08-17,6,1203444,VIP,False,
PR0008352,2025-02-21,PC・タブレット,2-in-1 PC,313555,店舗,渋谷店,C03269,小川,男,71,宮城県,2023-08-18,3,847934,Loyal,False,
PR0008350,2024-12-21,スマートフォン,ハイエンド 1TB,133800,EC,,C03269,小川,男,71,宮城県,2023-08-18,3,847934,Loyal,False,
PR0008351,2023-12-21,テレビ,スマートテレビ 43型,400579,EC,,C03269,小川,男,71,宮城県,2023-08-18,3,847934,Loyal,True,
PR0008353,2025-08-19,美容家電・小物,美顔器,10734,EC,,C03270,森,女,22,広島県,2021-05-03,1,10734,Light,True,
PR0008354,2024-09-30,オーディオ,ターンテーブル,179388,店舗,新宿店,C03272,坂本,男,63,京都府,2021-11-05,2,465945,Regular,True,
PR0008355,2026-03-04,テレビ,4K テレビ 65型,286557,店舗,福岡天神店,C03272,坂本,男,63,京都府,2021-11-05,2,465945,Regular,False,
PR0008356,2025-07-07,スマートフォン,最新スマホ 256GB,187367,店舗,福岡天神店,C03273,長谷川,男,51,宮城県,2025-04-19,2,614449,Regular,True,
PR0008357,2025-08-26,テレビ,スマートテレビ 43型,427082,店舗,秋葉原店,C03273,長谷川,男,51,宮城県,2025-04-19,2,614449,Regular,False,
PR0008359,2025-11-05,カメラ・ビデオ,ドローン,65152,店舗,渋谷店,C03274,林,男,22,兵庫県,2022-01-28,3,440917,Loyal,False,
PR0008358,2025-11-25,スマートフォン,最新スマホ 256GB,185598,EC,,C03274,林,男,22,兵庫県,2022-01-28,3,440917,Loyal,False,
PR0008360,2022-10-23,洗濯機,縦型洗濯機,190167,店舗,大阪梅田店,C03274,林,男,22,兵庫県,2022-01-28,3,440917,Loyal,True,
PR0008362,2023-08-06,PC・タブレット,2-in-1 PC,182479,EC,,C03275,青木,女,47,広島県,2022-12-15,2,233648,Regular,True,
PR0008361,2025-03-25,オーディオ,ワイヤレスイヤホン,51169,店舗,福岡天神店,C03275,青木,女,47,広島県,2022-12-15,2,233648,Regular,False,
PR0008363,2023-06-29,スマートフォン,ハイエンド 1TB,45592,店舗,天王寺店,C03276,遠藤,男,39,千葉県,2023-03-12,2,156770,Regular,True,
PR0008364,2025-08-13,スマートフォン,Pro モデル 512GB,111178,店舗,新宿店,C03276,遠藤,男,39,千葉県,2023-03-12,2,156770,Regular,False,776
PR0008366,2026-03-24,スマートフォン,ハイエンド 1TB,150118,店舗,横浜駅前店,C03277,小林,男,27,神奈川県,2023-06-12,2,186580,Regular,False,
PR0008365,2026-01-22,美容家電・小物,電気シェーバー,36462,EC,,C03277,小林,男,27,神奈川県,2023-06-12,2,186580,Regular,True,
PR0008367,2024-12-19,スマートフォン,Pro モデル 512GB,89768,EC,,C03278,山本,女,22,広島県,2022-01-31,4,462237,Loyal,False,
PR0008370,2022-09-30,冷蔵庫,冷蔵庫 400L,244580,EC,,C03278,山本,女,22,広島県,2022-01-31,4,462237,Loyal,False,
PR0008368,2022-06-16,美容家電・小物,ドライヤー,60044,EC,,C03278,山本,女,22,広島県,2022-01-31,4,462237,Loyal,True,
PR0008369,2025-04-21,美容家電・小物,電気シェーバー,67845,EC,,C03278,山本,女,22,広島県,2022-01-31,4,462237,Loyal,False,1040
PR0008371,2023-06-27,PC・タブレット,タブレット 10型,338838,店舗,横浜駅前店,C03279,橋本,女,32,北海道,2022-09-29,3,821656,Loyal,True,
PR0008372,2024-07-02,スマートフォン,最新スマホ 256GB,148484,店舗,札幌駅前店,C03279,橋本,女,32,北海道,2022-09-29,3,821656,Loyal,False,
PR0008373,2024-07-07,テレビ,4K テレビ 65型,334334,店舗,渋谷店,C03279,橋本,女,32,北海道,2022-09-29,3,821656,Loyal,False,
PR0008375,2024-03-06,オーディオ,サウンドバー,52668,店舗,名古屋栄店,C03280,山下,女,40,神奈川県,2024-02-03,2,243108,Regular,True,
PR0008374,2025-02-13,テレビ,プロジェクター,190440,店舗,池袋店,C03280,山下,女,40,神奈川県,2024-02-03,2,243108,Regular,False,
PR0008377,2026-02-10,PC・タブレット,ノートPC 15型,139689,EC,,C03281,木村,男,58,北海道,2023-02-03,2,301171,Regular,False,
PR0008376,2024-10-28,スマートフォン,コンパクトモデル,161482,EC,,C03281,木村,男,58,北海道,2023-02-03,2,301171,Regular,True,
PR0008378,2025-12-05,美容家電・小物,電気シェーバー,51024,店舗,天王寺店,C03282,斎藤,男,55,北海道,2025-09-11,1,51024,Light,True,
PR0008380,2022-03-29,PC・タブレット,ワークステーション,243739,EC,,C03283,中村,女,45,宮城県,2022-02-03,5,834515,VIP,True,
PR0008381,2025-09-03,PC・タブレット,ワークステーション,247039,店舗,福岡天神店,C03283,中村,女,45,宮城県,2022-02-03,5,834515,VIP,False,1254
PR0008379,2025-11-22,エアコン,エアコン 14畳用,316019,店舗,名古屋栄店,C03283,中村,女,45,宮城県,2022-02-03,5,834515,VIP,False,
PR0008382,2022-07-17,美容家電・小物,美顔器,5010,EC,,C03283,中村,女,45,宮城県,2022-02-03,5,834515,VIP,False,
PR0008383,2025-12-23,美容家電・小物,ヘアアイロン,22708,EC,,C03283,中村,女,45,宮城県,2022-02-03,5,834515,VIP,False,1255
PR0008384,2026-02-05,PC・タブレット,ノートPC 15型,297779,店舗,新宿店,C03284,村上,男,62,愛知県,2026-01-26,5,1123532,VIP,True,
PR0008385,2026-03-02,テレビ,有機EL 75型,477025,店舗,池袋店,C03284,村上,男,62,愛知県,2026-01-26,5,1123532,VIP,False,
PR0008386,2026-02-18,冷蔵庫,コンパクト冷蔵庫,222114,店舗,池袋店,C03284,村上,男,62,愛知県,2026-01-26,5,1123532,VIP,False,
PR0008388,2026-02-20,洗濯機,ドラム式洗濯機,87859,店舗,新宿店,C03284,村上,男,62,愛知県,2026-01-26,5,1123532,VIP,False,
PR0008387,2026-02-21,美容家電・小物,美顔器,38755,店舗,秋葉原店,C03284,村上,男,62,愛知県,2026-01-26,5,1123532,VIP,False,
PR0008390,2023-10-27,エアコン,エアコン 18畳用,308352,店舗,横浜駅前店,C03285,高橋,男,38,大阪府,2022-04-14,2,319039,Inactive,False,
PR0008389,2023-09-05,美容家電・小物,マッサージガン,10687,店舗,名古屋栄店,C03285,高橋,男,38,大阪府,2022-04-14,2,319039,Inactive,True,
PR0008391,2025-07-10,テレビ,有機EL 75型,167045,EC,,C03286,伊藤,男,40,広島県,2025-06-07,1,167045,Light,True,
PR0008393,2024-02-16,冷蔵庫,冷蔵庫 600L 大型,436229,店舗,福岡天神店,C03287,石川,男,68,宮城県,2023-10-25,2,484524,Regular,True,
PR0008392,2025-04-23,美容家電・小物,電気シェーバー,48295,店舗,名古屋栄店,C03287,石川,男,68,宮城県,2023-10-25,2,484524,Regular,False,
PR0008395,2026-02-25,オーディオ,ホームオーディオ,84347,店舗,池袋店,C03288,遠藤,女,63,北海道,2024-02-06,3,366956,Loyal,False,
PR0008396,2024-05-18,冷蔵庫,冷蔵庫 600L 大型,258258,EC,,C03288,遠藤,女,63,北海道,2024-02-06,3,366956,Loyal,True,
PR0008394,2026-02-12,美容家電・小物,電気シェーバー,24351,店舗,秋葉原店,C03288,遠藤,女,63,北海道,2024-02-06,3,366956,Loyal,False,
PR0008397,2025-04-29,PC・タブレット,ノートPC 15型,242061,店舗,渋谷店,C03289,田中,女,40,京都府,2025-02-09,1,242061,Light,True,
PR0008398,2021-07-15,PC・タブレット,ノートPC 13型,312712,店舗,秋葉原店,C03290,清水,女,28,北海道,2021-06-25,2,541759,Inactive,False,
PR0008399,2021-06-28,カメラ・ビデオ,ミラーレス一眼,229047,EC,,C03290,清水,女,28,北海道,2021-06-25,2,541759,Inactive,True,
PR0008400,2025-09-25,エアコン,エアコン 6畳用,161405,EC,,C03291,高橋,女,60,千葉県,2024-11-18,3,270296,Loyal,False,
PR0008402,2026-01-12,ゲーム・玩具,携帯ゲーム機,56829,EC,,C03291,高橋,女,60,千葉県,2024-11-18,3,270296,Loyal,False,
PR0008401,2025-07-25,テレビ,4K テレビ 65型,52062,EC,,C03291,高橋,女,60,千葉県,2024-11-18,3,270296,Loyal,True,
PR0008403,2024-02-22,PC・タブレット,ノートPC 15型,163321,店舗,福岡天神店,C03292,後藤,男,22,広島県,2022-08-16,1,163321,Inactive,True,
PR0008405,2025-05-21,エアコン,業務用エアコン,265207,店舗,福岡天神店,C03293,石井,女,58,京都府,2025-01-06,2,399025,Regular,True,
PR0008404,2025-12-30,冷蔵庫,冷蔵庫 600L 大型,133818,EC,,C03293,石井,女,58,京都府,2025-01-06,2,399025,Regular,False,
PR0008406,2025-09-08,スマートフォン,Pro モデル 512GB,128657,店舗,天王寺店,C03294,田中,女,43,東京都,2022-09-20,3,531009,Loyal,False,
PR0008408,2024-05-11,テレビ,有機EL 75型,360394,店舗,渋谷店,C03294,田中,女,43,東京都,2022-09-20,3,531009,Loyal,True,
PR0008407,2024-09-22,美容家電・小物,電動歯ブラシ,41958,店舗,池袋店,C03294,田中,女,43,東京都,2022-09-20,3,531009,Loyal,False,
PR0008410,2026-01-29,オーディオ,ヘッドホン,66799,店舗,秋葉原店,C03295,渡辺,女,65,東京都,2025-07-01,3,372576,Loyal,False,
PR0008409,2025-12-25,カメラ・ビデオ,ドローン,285317,店舗,大阪梅田店,C03295,渡辺,女,65,東京都,2025-07-01,3,372576,Loyal,False,
PR0008411,2025-08-13,美容家電・小物,電動歯ブラシ,20460,EC,,C03295,渡辺,女,65,東京都,2025-07-01,3,372576,Loyal,True,
PR0008414,2022-06-17,PC・タブレット,ワークステーション,135476,店舗,天王寺店,C03296,前田,女,30,東京都,2021-09-28,5,488052,Loyal,False,
PR0008415,2022-03-13,スマートフォン,スタンダード 128GB,112547,店舗,福岡天神店,C03296,前田,女,30,東京都,2021-09-28,5,488052,Loyal,True,
PR0008416,2024-06-17,スマートフォン,コンパクトモデル,176002,店舗,横浜駅前店,C03296,前田,女,30,東京都,2021-09-28,5,488052,Loyal,False,827
PR0008412,2022-03-22,美容家電・小物,ヘアアイロン,36454,店舗,名古屋栄店,C03296,前田,女,30,東京都,2021-09-28,5,488052,Loyal,False,
PR0008413,2025-01-13,美容家電・小物,ヘアアイロン,27573,EC,,C03296,前田,女,30,東京都,2021-09-28,5,488052,Loyal,False,1028
PR0008419,2025-04-11,PC・タブレット,ワークステーション,227458,EC,,C03297,遠藤,男,51,広島県,2023-12-11,3,507725,Loyal,False,
PR0008418,2025-04-04,オーディオ,ターンテーブル,179914,EC,,C03297,遠藤,男,51,広島県,2023-12-11,3,507725,Loyal,False,
PR0008417,2024-04-04,洗濯機,乾燥機能付き 10kg,100353,店舗,秋葉原店,C03297,遠藤,男,51,広島県,2023-12-11,3,507725,Loyal,True,
PR0008420,2025-07-06,カメラ・ビデオ,ビデオカメラ,175012,EC,,C03298,山下,男,22,愛知県,2025-01-26,3,471421,Loyal,True,
PR0008422,2025-11-06,スマートフォン,ハイエンド 1TB,135259,店舗,新宿店,C03298,山下,男,22,愛知県,2025-01-26,3,471421,Loyal,False,
PR0008421,2025-08-12,洗濯機,コンパクト洗濯機,161150,EC,,C03298,山下,男,22,愛知県,2025-01-26,3,471421,Loyal,False,
PR0008424,2023-07-04,PC・タブレット,ノートPC 15型,284315,店舗,大阪梅田店,C03299,田中,女,48,福岡県,2023-01-29,2,325387,Inactive,True,
PR0008423,2024-04-05,美容家電・小物,マッサージガン,41072,店舗,新宿店,C03299,田中,女,48,福岡県,2023-01-29,2,325387,Inactive,False,
PR0008425,2025-09-18,カメラ・ビデオ,ミラーレス一眼,291289,店舗,福岡天神店,C03300,岡田,女,56,千葉県,2023-08-15,2,351694,Regular,False,
PR0008426,2025-05-11,スマートフォン,ハイエンド 1TB,60405,店舗,大阪梅田店,C03300,岡田,女,56,千葉県,2023-08-15,2,351694,Regular,True,
PR0008428,2026-02-19,エアコン,エアコン 10畳用,159370,店舗,横浜駅前店,C03301,山本,男,39,広島県,2022-12-31,2,197419,Regular,False,
PR0008427,2025-02-15,スマートフォン,コンパクトモデル,38049,店舗,秋葉原店,C03301,山本,男,39,広島県,2022-12-31,2,197419,Regular,True,
PR0008430,2025-06-05,PC・タブレット,ワークステーション,199210,店舗,横浜駅前店,C03303,佐藤,女,41,北海道,2025-03-16,2,264805,Regular,True,
PR0008429,2025-12-01,美容家電・小物,ドライヤー,65595,店舗,名古屋栄店,C03303,佐藤,女,41,北海道,2025-03-16,2,264805,Regular,False,
PR0008431,2022-05-16,カメラ・ビデオ,ミラーレス一眼,240061,店舗,名古屋栄店,C03304,小川,女,67,北海道,2022-02-07,1,240061,Inactive,True,
PR0008435,2023-09-25,PC・タブレット,ワークステーション,177557,EC,,C03305,坂本,女,41,福岡県,2022-12-13,5,1178044,VIP,False,
PR0008432,2025-04-18,ゲーム・玩具,コントローラ,11695,EC,,C03305,坂本,女,41,福岡県,2022-12-13,5,1178044,VIP,False,
PR0008436,2023-08-20,テレビ,プロジェクター,447066,EC,,C03305,坂本,女,41,福岡県,2022-12-13,5,1178044,VIP,True,
PR0008434,2025-09-08,冷蔵庫,冷蔵庫 500L,468312,店舗,渋谷店,C03305,坂本,女,41,福岡県,2022-12-13,5,1178044,VIP,False,
PR0008433,2025-05-29,美容家電・小物,ドライヤー,73414,EC,,C03305,坂本,女,41,福岡県,2022-12-13,5,1178044,VIP,False,
PR0008438,2023-06-12,オーディオ,ヘッドホン,75717,EC,,C03306,鈴木,女,38,京都府,2022-03-16,3,295587,Loyal,False,
PR0008437,2022-04-11,ゲーム・玩具,ゲームソフト,46944,EC,,C03306,鈴木,女,38,京都府,2022-03-16,3,295587,Loyal,True,
PR0008439,2025-10-21,スマートフォン,Pro モデル 512GB,172926,EC,,C03306,鈴木,女,38,京都府,2022-03-16,3,295587,Loyal,False,
PR0008441,2025-06-18,洗濯機,乾燥機能付き 10kg,142114,店舗,札幌駅前店,C03307,山田,女,44,福岡県,2025-03-13,2,211644,Regular,True,
PR0008440,2025-12-25,美容家電・小物,ヘアアイロン,69530,店舗,札幌駅前店,C03307,山田,女,44,福岡県,2025-03-13,2,211644,Regular,False,
PR0008443,2025-02-18,PC・タブレット,2-in-1 PC,349314,店舗,札幌駅前店,C03308,高橋,女,45,京都府,2024-07-24,3,492968,Loyal,False,
PR0008442,2025-01-21,スマートフォン,ハイエンド 1TB,130576,店舗,新宿店,C03308,高橋,女,45,京都府,2024-07-24,3,492968,Loyal,True,
PR0008444,2025-06-04,美容家電・小物,ドライヤー,13078,店舗,福岡天神店,C03308,高橋,女,45,京都府,2024-07-24,3,492968,Loyal,False,
PR0008446,2023-05-08,PC・タブレット,ノートPC 13型,107342,EC,,C03309,青木,女,48,兵庫県,2021-08-09,2,160708,Inactive,False,
PR0008445,2023-04-30,ゲーム・玩具,ボードゲーム,53366,店舗,福岡天神店,C03309,青木,女,48,兵庫県,2021-08-09,2,160708,Inactive,True,
PR0008447,2024-01-16,PC・タブレット,2-in-1 PC,310912,店舗,福岡天神店,C03310,山崎,女,66,大阪府,2022-10-04,2,368003,Regular,True,
PR0008448,2024-12-08,美容家電・小物,マッサージガン,57091,店舗,秋葉原店,C03310,山崎,女,66,大阪府,2022-10-04,2,368003,Regular,False,
PR0008449,2026-03-04,テレビ,スマートテレビ 43型,479551,店舗,横浜駅前店,C03311,吉田,女,55,大阪府,2025-05-15,2,813189,Regular,False,
PR0008450,2025-07-31,洗濯機,全自動 8kg,333638,店舗,新宿店,C03311,吉田,女,55,大阪府,2025-05-15,2,813189,Regular,True,
PR0008453,2024-09-02,ゲーム・玩具,コントローラ,17105,EC,,C03312,池田,女,50,広島県,2021-07-15,3,257871,Loyal,False,
PR0008451,2024-05-05,スマートフォン,スタンダード 128GB,175987,店舗,札幌駅前店,C03312,池田,女,50,広島県,2021-07-15,3,257871,Loyal,True,
PR0008452,2024-10-01,美容家電・小物,マッサージガン,64779,店舗,大阪梅田店,C03312,池田,女,50,広島県,2021-07-15,3,257871,Loyal,False,
PR0008455,2024-05-02,テレビ,有機EL 75型,71655,EC,,C03313,山下,男,75,愛知県,2024-04-06,3,253043,Loyal,False,
PR0008454,2024-04-24,洗濯機,コンパクト洗濯機,152810,EC,,C03313,山下,男,75,愛知県,2024-04-06,3,253043,Loyal,True,
PR0008456,2025-04-23,美容家電・小物,マッサージガン,28578,店舗,天王寺店,C03313,山下,男,75,愛知県,2024-04-06,3,253043,Loyal,False,
PR0008458,2024-09-15,エアコン,エアコン 18畳用,80913,店舗,秋葉原店,C03314,山下,女,75,京都府,2023-01-30,3,398619,Loyal,False,
PR0008459,2023-03-21,テレビ,有機EL 75型,124854,EC,,C03314,山下,女,75,京都府,2023-01-30,3,398619,Loyal,True,
PR0008457,2023-05-04,冷蔵庫,冷蔵庫 400L,192852,店舗,渋谷店,C03314,山下,女,75,京都府,2023-01-30,3,398619,Loyal,False,
PR0008462,2025-08-10,エアコン,エアコン 14畳用,138211,EC,,C03315,前田,男,38,兵庫県,2022-03-21,4,427275,Loyal,False,
PR0008460,2025-11-27,スマートフォン,Pro モデル 512GB,63036,EC,,C03315,前田,男,38,兵庫県,2022-03-21,4,427275,Loyal,False,
PR0008461,2023-09-05,洗濯機,全自動 8kg,155524,EC,,C03315,前田,男,38,兵庫県,2022-03-21,4,427275,Loyal,True,
PR0008463,2026-01-23,美容家電・小物,電動歯ブラシ,70504,EC,,C03315,前田,男,38,兵庫県,2022-03-21,4,427275,Loyal,False,
PR0008464,2025-09-03,PC・タブレット,ワークステーション,86886,EC,,C03316,岡田,男,75,京都府,2023-05-06,8,705462,VIP,False,
PR0008466,2025-08-20,ゲーム・玩具,VR ゴーグル,50236,店舗,札幌駅前店,C03316,岡田,男,75,京都府,2023-05-06,8,705462,VIP,False,
PR0008470,2023-05-28,スマートフォン,最新スマホ 256GB,33419,店舗,渋谷店,C03316,岡田,男,75,京都府,2023-05-06,8,705462,VIP,True,
PR0008471,2025-04-10,スマートフォン,最新スマホ 256GB,47399,EC,,C03316,岡田,男,75,京都府,2023-05-06,8,705462,VIP,False,683
PR0008465,2026-01-26,テレビ,有機EL 55型,57532,店舗,横浜駅前店,C03316,岡田,男,75,京都府,2023-05-06,8,705462,VIP,False,
PR0008468,2026-01-08,冷蔵庫,コンパクト冷蔵庫,231072,EC,,C03316,岡田,男,75,京都府,2023-05-06,8,705462,VIP,False,
PR0008469,2024-12-21,洗濯機,全自動 8kg,156748,店舗,天王寺店,C03316,岡田,男,75,京都府,2023-05-06,8,705462,VIP,False,
PR0008467,2025-10-19,美容家電・小物,ヘアアイロン,42170,EC,,C03316,岡田,男,75,京都府,2023-05-06,8,705462,VIP,False,
PR0008472,2023-06-27,PC・タブレット,ワークステーション,258913,EC,,C03317,松本,男,22,北海道,2022-08-17,1,258913,Inactive,True,
PR0008473,2022-08-20,PC・タブレット,ゲーミングPC,252629,店舗,横浜駅前店,C03318,吉田,女,32,北海道,2021-05-17,2,502123,Inactive,True,
PR0008474,2024-01-07,テレビ,4K テレビ 65型,249494,EC,,C03318,吉田,女,32,北海道,2021-05-17,2,502123,Inactive,False,
PR0008475,2023-12-12,PC・タブレット,2-in-1 PC,143606,店舗,大阪梅田店,C03319,松本,男,65,福岡県,2023-10-30,1,143606,Inactive,True,
PR0008478,2026-02-04,ゲーム・玩具,コントローラ,72318,店舗,札幌駅前店,C03320,木村,男,49,宮城県,2025-12-09,3,642910,Loyal,False,
PR0008476,2025-12-20,テレビ,プロジェクター,177777,店舗,渋谷店,C03320,木村,男,49,宮城県,2025-12-09,3,642910,Loyal,True,
PR0008477,2026-02-04,冷蔵庫,冷蔵庫 500L,392815,店舗,名古屋栄店,C03320,木村,男,49,宮城県,2025-12-09,3,642910,Loyal,False,
PR0008484,2025-07-18,PC・タブレット,2-in-1 PC,279694,EC,,C03322,吉田,女,38,愛知県,2023-07-02,6,1145549,VIP,False,
PR0008483,2024-08-27,オーディオ,Bluetoothスピーカー,51039,店舗,新宿店,C03322,吉田,女,38,愛知県,2023-07-02,6,1145549,VIP,False,
PR0008480,2023-09-10,スマートフォン,最新スマホ 256GB,46864,店舗,名古屋栄店,C03322,吉田,女,38,愛知県,2023-07-02,6,1145549,VIP,True,
PR0008481,2025-10-28,スマートフォン,最新スマホ 256GB,135656,店舗,秋葉原店,C03322,吉田,女,38,愛知県,2023-07-02,6,1145549,VIP,False,779
PR0008482,2025-08-19,冷蔵庫,冷蔵庫 500L,392039,EC,,C03322,吉田,女,38,愛知県,2023-07-02,6,1145549,VIP,False,
PR0008479,2025-05-17,洗濯機,縦型洗濯機,240257,店舗,新宿店,C03322,吉田,女,38,愛知県,2023-07-02,6,1145549,VIP,False,
PR0008487,2025-09-13,ゲーム・玩具,VR ゴーグル,70275,EC,,C03323,鈴木,男,58,兵庫県,2024-02-07,3,294932,Loyal,False,
PR0008486,2024-11-25,テレビ,スマートテレビ 43型,185527,EC,,C03323,鈴木,男,58,兵庫県,2024-02-07,3,294932,Loyal,True,
PR0008485,2025-02-07,美容家電・小物,電動歯ブラシ,39130,EC,,C03323,鈴木,男,58,兵庫県,2024-02-07,3,294932,Loyal,False,
PR0008488,2025-10-27,カメラ・ビデオ,交換レンズ,71256,店舗,大阪梅田店,C03324,佐藤,男,35,兵庫県,2022-10-21,1,71256,Light,True,
PR0008491,2022-08-07,PC・タブレット,ノートPC 15型,115644,店舗,秋葉原店,C03325,村上,男,52,北海道,2021-04-30,3,273972,Inactive,False,
PR0008489,2021-05-13,スマートフォン,ミドルレンジ機種,93993,店舗,札幌駅前店,C03325,村上,男,52,北海道,2021-04-30,3,273972,Inactive,True,
PR0008490,2023-10-23,スマートフォン,ミドルレンジ機種,64335,店舗,大阪梅田店,C03325,村上,男,52,北海道,2021-04-30,3,273972,Inactive,False,893
PR0008492,2022-10-05,カメラ・ビデオ,ビデオカメラ,209799,店舗,池袋店,C03326,池田,男,51,福岡県,2022-04-23,1,209799,Inactive,True,
PR0008493,2023-12-30,カメラ・ビデオ,ドローン,227617,店舗,大阪梅田店,C03327,林,男,46,福岡県,2021-05-04,3,323810,Loyal,False,
PR0008494,2022-04-02,美容家電・小物,電気シェーバー,51201,店舗,福岡天神店,C03327,林,男,46,福岡県,2021-05-04,3,323810,Loyal,True,
PR0008495,2024-12-30,美容家電・小物,マッサージガン,44992,店舗,横浜駅前店,C03327,林,男,46,福岡県,2021-05-04,3,323810,Loyal,False,1003
PR0008499,2025-01-18,オーディオ,ワイヤレスイヤホン,41325,EC,,C03328,井上,男,33,大阪府,2022-12-28,5,599843,VIP,False,
PR0008498,2023-12-25,ゲーム・玩具,VR ゴーグル,74337,EC,,C03328,井上,男,33,大阪府,2022-12-28,5,599843,VIP,True,
PR0008500,2025-08-23,スマートフォン,スタンダード 128GB,92502,EC,,C03328,井上,男,33,大阪府,2022-12-28,5,599843,VIP,False,
PR0008497,2025-12-28,冷蔵庫,冷蔵庫 400L,344112,店舗,大阪梅田店,C03328,井上,男,33,大阪府,2022-12-28,5,599843,VIP,False,
PR0008496,2024-07-14,美容家電・小物,電動歯ブラシ,47567,EC,,C03328,井上,男,33,大阪府,2022-12-28,5,599843,VIP,False,
PR0008503,2026-01-15,ゲーム・玩具,据置型ゲーム機,32354,店舗,池袋店,C03329,遠藤,男,46,兵庫県,2023-02-10,3,305778,Loyal,False,
PR0008501,2023-03-19,スマートフォン,スタンダード 128GB,117342,店舗,新宿店,C03329,遠藤,男,46,兵庫県,2023-02-10,3,305778,Loyal,True,
PR0008502,2025-11-04,スマートフォン,Pro モデル 512GB,156082,店舗,秋葉原店,C03329,遠藤,男,46,兵庫県,2023-02-10,3,305778,Loyal,False,961
PR0008505,2025-05-23,オーディオ,ワイヤレスイヤホン,151343,店舗,札幌駅前店,C03330,坂本,女,55,広島県,2022-08-05,2,182717,Regular,False,
PR0008504,2022-09-02,ゲーム・玩具,ボードゲーム,31374,店舗,新宿店,C03330,坂本,女,55,広島県,2022-08-05,2,182717,Regular,True,
PR0008506,2023-11-04,オーディオ,Bluetoothスピーカー,25021,店舗,秋葉原店,C03331,池田,女,50,兵庫県,2023-08-09,1,25021,Inactive,True,
PR0008507,2025-06-19,洗濯機,ドラム式洗濯機,237795,EC,,C03332,岡田,男,54,大阪府,2025-04-21,1,237795,Light,True,
PR0008511,2025-02-14,エアコン,エアコン 18畳用,249656,店舗,札幌駅前店,C03333,石川,男,60,宮城県,2021-12-11,4,1184162,Loyal,False,
PR0008510,2022-11-05,オーディオ,Bluetoothスピーカー,196390,店舗,天王寺店,C03333,石川,男,60,宮城県,2021-12-11,4,1184162,Loyal,False,
PR0008508,2024-10-04,テレビ,有機EL 55型,444487,EC,,C03333,石川,男,60,宮城県,2021-12-11,4,1184162,Loyal,False,
PR0008509,2022-02-09,洗濯機,全自動 8kg,293629,店舗,名古屋栄店,C03333,石川,男,60,宮城県,2021-12-11,4,1184162,Loyal,True,
PR0008512,2023-04-13,カメラ・ビデオ,交換レンズ,186641,EC,,C03334,青木,男,43,宮城県,2022-10-26,1,186641,Inactive,True,
PR0008519,2025-04-09,PC・タブレット,タブレット 10型,147980,EC,,C03335,山本,男,52,北海道,2022-06-30,7,792039,VIP,False,
PR0008515,2023-03-08,エアコン,エアコン 14畳用,91386,店舗,池袋店,C03335,山本,男,52,北海道,2022-06-30,7,792039,VIP,False,
PR0008514,2024-03-03,オーディオ,サウンドバー,176999,店舗,名古屋栄店,C03335,山本,男,52,北海道,2022-06-30,7,792039,VIP,False,
PR0008517,2022-09-03,カメラ・ビデオ,ミラーレス一眼,126982,店舗,横浜駅前店,C03335,山本,男,52,北海道,2022-06-30,7,792039,VIP,True,
PR0008516,2024-08-30,ゲーム・玩具,ゲームソフト,50404,店舗,名古屋栄店,C03335,山本,男,52,北海道,2022-06-30,7,792039,VIP,False,
PR0008513,2026-02-07,冷蔵庫,冷蔵庫 600L 大型,179812,EC,,C03335,山本,男,52,北海道,2022-06-30,7,792039,VIP,False,
PR0008518,2024-03-14,美容家電・小物,マッサージガン,18476,店舗,新宿店,C03335,山本,男,52,北海道,2022-06-30,7,792039,VIP,False,
PR0008522,2025-08-31,PC・タブレット,ワークステーション,233825,店舗,渋谷店,C03336,藤田,男,32,兵庫県,2024-12-08,4,413107,Loyal,False,
PR0008520,2025-09-20,エアコン,エアコン 10畳用,107468,店舗,札幌駅前店,C03336,藤田,男,32,兵庫県,2024-12-08,4,413107,Loyal,False,
PR0008523,2025-01-06,オーディオ,ホームオーディオ,44383,店舗,秋葉原店,C03336,藤田,男,32,兵庫県,2024-12-08,4,413107,Loyal,True,
PR0008521,2025-06-01,ゲーム・玩具,コントローラ,27431,店舗,札幌駅前店,C03336,藤田,男,32,兵庫県,2024-12-08,4,413107,Loyal,False,
PR0008524,2023-01-22,オーディオ,ホームオーディオ,30244,店舗,新宿店,C03337,佐藤,男,43,福岡県,2022-08-19,1,30244,Inactive,True,
PR0008526,2024-05-17,PC・タブレット,ワークステーション,197355,店舗,新宿店,C03338,吉田,女,50,大阪府,2022-12-02,2,231535,Regular,True,
PR0008525,2025-04-13,美容家電・小物,電動歯ブラシ,34180,店舗,福岡天神店,C03338,吉田,女,50,大阪府,2022-12-02,2,231535,Regular,False,
PR0008528,2022-05-13,PC・タブレット,2-in-1 PC,215177,店舗,大阪梅田店,C03339,加藤,男,55,千葉県,2022-04-20,3,600299,Loyal,True,
PR0008529,2026-02-27,PC・タブレット,タブレット 10型,99790,EC,,C03339,加藤,男,55,千葉県,2022-04-20,3,600299,Loyal,False,1386
PR0008527,2022-06-25,エアコン,エアコン 14畳用,285332,店舗,福岡天神店,C03339,加藤,男,55,千葉県,2022-04-20,3,600299,Loyal,False,
PR0008531,2024-03-05,テレビ,スマートテレビ 43型,293388,店舗,秋葉原店,C03340,森,男,57,北海道,2022-11-27,2,581053,Inactive,False,
PR0008530,2023-12-29,洗濯機,乾燥機能付き 10kg,287665,店舗,天王寺店,C03340,森,男,57,北海道,2022-11-27,2,581053,Inactive,True,
PR0008533,2025-03-10,カメラ・ビデオ,ミラーレス一眼,240558,店舗,札幌駅前店,C03341,加藤,男,41,埼玉県,2024-10-24,2,412663,Regular,True,
PR0008532,2025-03-14,冷蔵庫,フレンチドア 700L,172105,店舗,札幌駅前店,C03341,加藤,男,41,埼玉県,2024-10-24,2,412663,Regular,False,
PR0008534,2024-12-23,テレビ,有機EL 75型,184514,店舗,札幌駅前店,C03342,石井,女,43,大阪府,2023-11-28,1,184514,Light,True,
PR0008536,2025-02-03,スマートフォン,最新スマホ 256GB,137354,店舗,池袋店,C03343,中村,男,53,埼玉県,2022-05-02,2,611918,Regular,False,
PR0008535,2024-05-21,テレビ,4K テレビ 65型,474564,店舗,福岡天神店,C03343,中村,男,53,埼玉県,2022-05-02,2,611918,Regular,True,
PR0008537,2026-02-11,カメラ・ビデオ,ドローン,146334,EC,,C03344,遠藤,男,46,京都府,2024-09-13,1,146334,Light,True,
PR0008538,2025-04-16,PC・タブレット,タブレット 10型,236194,店舗,名古屋栄店,C03345,後藤,女,57,愛知県,2023-07-04,3,632826,Loyal,False,
PR0008539,2023-12-03,エアコン,エアコン 18畳用,361982,EC,,C03345,後藤,女,57,愛知県,2023-07-04,3,632826,Loyal,True,
PR0008540,2024-04-07,美容家電・小物,ヘアアイロン,34650,EC,,C03345,後藤,女,57,愛知県,2023-07-04,3,632826,Loyal,False,
PR0008541,2025-12-15,洗濯機,ドラム式洗濯機,187704,店舗,名古屋栄店,C03346,岡田,女,47,宮城県,2022-02-06,1,187704,Light,True,
PR0008543,2024-10-16,PC・タブレット,ゲーミングPC,70187,店舗,札幌駅前店,C03347,渡辺,女,61,愛知県,2023-06-26,2,248941,Regular,False,
PR0008542,2023-10-30,テレビ,スマートテレビ 43型,178754,店舗,名古屋栄店,C03347,渡辺,女,61,愛知県,2023-06-26,2,248941,Regular,True,
PR0008545,2025-05-10,スマートフォン,スタンダード 128GB,35830,店舗,天王寺店,C03348,山下,男,56,埼玉県,2024-12-18,4,1045307,Loyal,False,
PR0008547,2025-02-16,テレビ,有機EL 55型,323660,EC,,C03348,山下,男,56,埼玉県,2024-12-18,4,1045307,Loyal,True,
PR0008544,2026-01-23,冷蔵庫,コンパクト冷蔵庫,485615,店舗,新宿店,C03348,山下,男,56,埼玉県,2024-12-18,4,1045307,Loyal,False,
PR0008546,2025-10-04,洗濯機,縦型洗濯機,200202,店舗,横浜駅前店,C03348,山下,男,56,埼玉県,2024-12-18,4,1045307,Loyal,False,
PR0008549,2025-04-17,オーディオ,ホームオーディオ,134140,店舗,秋葉原店,C03349,田中,女,26,埼玉県,2023-01-30,2,289177,Regular,True,
PR0008548,2026-02-08,スマートフォン,ハイエンド 1TB,155037,店舗,天王寺店,C03349,田中,女,26,埼玉県,2023-01-30,2,289177,Regular,False,
PR0008550,2025-07-05,PC・タブレット,タブレット 10型,315907,店舗,新宿店,C03350,小林,男,26,宮城県,2023-04-24,1,315907,Light,True,
PR0008551,2024-09-09,エアコン,業務用エアコン,327636,店舗,大阪梅田店,C03351,橋本,男,48,福岡県,2024-05-12,3,491325,Loyal,True,
PR0008552,2025-02-13,オーディオ,ワイヤレスイヤホン,154380,店舗,札幌駅前店,C03351,橋本,男,48,福岡県,2024-05-12,3,491325,Loyal,False,
PR0008553,2025-01-23,ゲーム・玩具,ボードゲーム,9309,店舗,秋葉原店,C03351,橋本,男,48,福岡県,2024-05-12,3,491325,Loyal,False,
PR0008557,2024-12-04,カメラ・ビデオ,アクションカメラ,230636,店舗,大阪梅田店,C03352,後藤,女,37,神奈川県,2021-06-06,4,470180,Loyal,False,
PR0008554,2025-03-21,テレビ,4K テレビ 50型,164257,EC,,C03352,後藤,女,37,神奈川県,2021-06-06,4,470180,Loyal,False,
PR0008555,2022-01-07,美容家電・小物,ドライヤー,5491,店舗,新宿店,C03352,後藤,女,37,神奈川県,2021-06-06,4,470180,Loyal,True,
PR0008556,2025-04-19,美容家電・小物,ドライヤー,69796,店舗,天王寺店,C03352,後藤,女,37,神奈川県,2021-06-06,4,470180,Loyal,False,1198
PR0008558,2025-05-06,美容家電・小物,ドライヤー,32941,店舗,秋葉原店,C03353,伊藤,女,74,千葉県,2023-09-13,1,32941,Light,True,
PR0008561,2023-03-18,PC・タブレット,ワークステーション,61501,店舗,大阪梅田店,C03354,山下,女,52,大阪府,2022-07-28,4,465025,Loyal,False,
PR0008560,2024-10-23,スマートフォン,ミドルレンジ機種,184586,店舗,札幌駅前店,C03354,山下,女,52,大阪府,2022-07-28,4,465025,Loyal,False,
PR0008559,2025-10-03,冷蔵庫,冷蔵庫 600L 大型,131515,店舗,名古屋栄店,C03354,山下,女,52,大阪府,2022-07-28,4,465025,Loyal,False,
PR0008562,2023-03-16,洗濯機,乾燥機能付き 10kg,87423,店舗,池袋店,C03354,山下,女,52,大阪府,2022-07-28,4,465025,Loyal,True,
PR0008564,2025-08-26,PC・タブレット,ノートPC 13型,134179,EC,,C03355,渡辺,女,52,愛知県,2022-12-12,5,716861,VIP,False,
PR0008563,2023-05-12,エアコン,エアコン 10畳用,193072,EC,,C03355,渡辺,女,52,愛知県,2022-12-12,5,716861,VIP,True,
PR0008565,2026-03-08,テレビ,有機EL 75型,181746,EC,,C03355,渡辺,女,52,愛知県,2022-12-12,5,716861,VIP,False,
PR0008567,2024-12-29,冷蔵庫,コンパクト冷蔵庫,174284,EC,,C03355,渡辺,女,52,愛知県,2022-12-12,5,716861,VIP,False,
PR0008566,2026-02-16,美容家電・小物,電動歯ブラシ,33580,EC,,C03355,渡辺,女,52,愛知県,2022-12-12,5,716861,VIP,False,
PR0008573,2023-09-30,エアコン,エアコン 6畳用,151650,EC,,C03356,佐藤,女,44,北海道,2021-10-13,6,1081533,VIP,False,
PR0008572,2023-02-28,カメラ・ビデオ,ビデオカメラ,237265,EC,,C03356,佐藤,女,44,北海道,2021-10-13,6,1081533,VIP,False,
PR0008569,2023-06-09,テレビ,4K テレビ 65型,435140,EC,,C03356,佐藤,女,44,北海道,2021-10-13,6,1081533,VIP,False,
PR0008568,2025-02-04,冷蔵庫,冷蔵庫 600L 大型,184735,EC,,C03356,佐藤,女,44,北海道,2021-10-13,6,1081533,VIP,False,
PR0008570,2022-12-12,美容家電・小物,電動歯ブラシ,14190,EC,,C03356,佐藤,女,44,北海道,2021-10-13,6,1081533,VIP,True,
PR0008571,2025-11-18,美容家電・小物,マッサージガン,58553,EC,,C03356,佐藤,女,44,北海道,2021-10-13,6,1081533,VIP,False,1072
PR0008575,2025-01-08,エアコン,エアコン 6畳用,167277,EC,,C03357,松本,男,71,北海道,2022-11-21,2,301229,Regular,False,
PR0008574,2023-08-09,オーディオ,ホームオーディオ,133952,店舗,札幌駅前店,C03357,松本,男,71,北海道,2022-11-21,2,301229,Regular,True,
PR0008578,2023-06-26,オーディオ,ターンテーブル,138814,店舗,大阪梅田店,C03358,村上,男,34,埼玉県,2023-02-11,3,631117,Loyal,True,
PR0008576,2024-01-02,カメラ・ビデオ,コンパクトデジカメ,134172,EC,,C03358,村上,男,34,埼玉県,2023-02-11,3,631117,Loyal,False,
PR0008577,2024-08-27,テレビ,スマートテレビ 43型,358131,店舗,池袋店,C03358,村上,男,34,埼玉県,2023-02-11,3,631117,Loyal,False,
PR0008579,2024-12-29,テレビ,プロジェクター,83921,EC,,C03360,後藤,男,22,大阪府,2022-03-12,1,83921,Light,True,
PR0008584,2025-05-07,エアコン,エアコン 10畳用,197403,店舗,秋葉原店,C03361,佐藤,女,49,埼玉県,2025-02-18,5,908410,VIP,True,
PR0008581,2025-06-30,スマートフォン,最新スマホ 256GB,157060,EC,,C03361,佐藤,女,49,埼玉県,2025-02-18,5,908410,VIP,False,
PR0008583,2025-08-17,テレビ,4K テレビ 65型,310595,EC,,C03361,佐藤,女,49,埼玉県,2025-02-18,5,908410,VIP,False,
PR0008580,2025-05-12,洗濯機,乾燥機能付き 10kg,165125,EC,,C03361,佐藤,女,49,埼玉県,2025-02-18,5,908410,VIP,False,
PR0008582,2025-12-23,美容家電・小物,ドライヤー,78227,店舗,渋谷店,C03361,佐藤,女,49,埼玉県,2025-02-18,5,908410,VIP,False,
PR0008585,2025-12-12,PC・タブレット,タブレット 10型,269899,店舗,札幌駅前店,C03363,近藤,男,36,愛知県,2025-10-16,1,269899,Light,True,
PR0008586,2025-11-29,オーディオ,サウンドバー,44484,店舗,福岡天神店,C03364,青木,男,56,北海道,2021-07-10,1,44484,Light,True,
PR0008588,2023-11-05,PC・タブレット,ワークステーション,65001,店舗,秋葉原店,C03365,渡辺,男,22,愛知県,2022-02-14,2,541449,Regular,True,
PR0008587,2024-11-03,テレビ,4K テレビ 50型,476448,店舗,渋谷店,C03365,渡辺,男,22,愛知県,2022-02-14,2,541449,Regular,False,
PR0008589,2024-06-01,カメラ・ビデオ,ビデオカメラ,151998,店舗,新宿店,C03366,橋本,男,30,千葉県,2023-08-27,2,191819,Regular,False,
PR0008590,2024-03-11,ゲーム・玩具,ボードゲーム,39821,店舗,名古屋栄店,C03366,橋本,男,30,千葉県,2023-08-27,2,191819,Regular,True,
PR0008592,2025-12-17,ゲーム・玩具,携帯ゲーム機,28069,店舗,新宿店,C03367,石井,女,29,北海道,2025-08-07,2,44086,Regular,False,
PR0008591,2025-12-07,美容家電・小物,マッサージガン,16017,店舗,札幌駅前店,C03367,石井,女,29,北海道,2025-08-07,2,44086,Regular,True,
PR0008596,2025-08-08,PC・タブレット,タブレット 10型,159034,EC,,C03368,池田,男,71,兵庫県,2024-06-23,4,550409,Loyal,False,
PR0008595,2026-01-07,エアコン,エアコン 14畳用,200363,店舗,横浜駅前店,C03368,池田,男,71,兵庫県,2024-06-23,4,550409,Loyal,False,
PR0008593,2025-02-19,スマートフォン,Pro モデル 512GB,153680,EC,,C03368,池田,男,71,兵庫県,2024-06-23,4,550409,Loyal,False,
PR0008594,2024-09-18,美容家電・小物,ドライヤー,37332,EC,,C03368,池田,男,71,兵庫県,2024-06-23,4,550409,Loyal,True,
PR0008597,2024-03-01,スマートフォン,スタンダード 128GB,189865,EC,,C03369,阿部,男,29,福岡県,2023-12-12,1,189865,Inactive,True,
PR0008599,2024-06-06,PC・タブレット,ゲーミングPC,214843,店舗,福岡天神店,C03370,高橋,男,22,愛知県,2023-10-30,3,614005,Loyal,False,
PR0008600,2024-04-08,テレビ,プロジェクター,253485,店舗,大阪梅田店,C03370,高橋,男,22,愛知県,2023-10-30,3,614005,Loyal,False,
PR0008598,2023-12-30,洗濯機,乾燥機能付き 10kg,145677,店舗,大阪梅田店,C03370,高橋,男,22,愛知県,2023-10-30,3,614005,Loyal,True,
PR0008601,2023-01-31,PC・タブレット,2-in-1 PC,281950,店舗,天王寺店,C03371,鈴木,男,37,神奈川県,2021-10-23,2,531636,Regular,True,
PR0008602,2025-09-07,テレビ,4K テレビ 50型,249686,EC,,C03371,鈴木,男,37,神奈川県,2021-10-23,2,531636,Regular,False,
PR0008605,2024-10-16,PC・タブレット,ノートPC 13型,341487,EC,,C03372,橋本,女,59,東京都,2023-10-29,5,1169083,VIP,True,
PR0008604,2026-02-08,オーディオ,ターンテーブル,137668,店舗,札幌駅前店,C03372,橋本,女,59,東京都,2023-10-29,5,1169083,VIP,False,
PR0008603,2025-08-17,スマートフォン,スタンダード 128GB,185642,店舗,横浜駅前店,C03372,橋本,女,59,東京都,2023-10-29,5,1169083,VIP,False,
PR0008607,2025-02-01,テレビ,プロジェクター,247372,EC,,C03372,橋本,女,59,東京都,2023-10-29,5,1169083,VIP,False,
PR0008606,2025-04-24,冷蔵庫,コンパクト冷蔵庫,256914,EC,,C03372,橋本,女,59,東京都,2023-10-29,5,1169083,VIP,False,
PR0008610,2025-06-12,PC・タブレット,タブレット 10型,87014,店舗,秋葉原店,C03373,阿部,女,56,京都府,2021-04-01,3,328966,Loyal,False,
PR0008609,2023-03-31,エアコン,エアコン 14畳用,235583,店舗,池袋店,C03373,阿部,女,56,京都府,2021-04-01,3,328966,Loyal,False,
PR0008608,2022-11-22,美容家電・小物,美顔器,6369,店舗,新宿店,C03373,阿部,女,56,京都府,2021-04-01,3,328966,Loyal,True,
PR0008613,2025-05-11,テレビ,有機EL 55型,150022,店舗,札幌駅前店,C03374,池田,男,75,千葉県,2024-05-01,3,636572,Loyal,False,
PR0008612,2025-03-06,冷蔵庫,コンパクト冷蔵庫,412299,店舗,横浜駅前店,C03374,池田,男,75,千葉県,2024-05-01,3,636572,Loyal,False,
PR0008611,2024-07-27,美容家電・小物,マッサージガン,74251,店舗,大阪梅田店,C03374,池田,男,75,千葉県,2024-05-01,3,636572,Loyal,True,
PR0008614,2026-03-08,PC・タブレット,タブレット 10型,227340,EC,,C03375,伊藤,男,66,東京都,2022-09-12,3,821273,Loyal,False,
PR0008616,2024-05-09,スマートフォン,ミドルレンジ機種,124961,店舗,渋谷店,C03375,伊藤,男,66,東京都,2022-09-12,3,821273,Loyal,True,
PR0008615,2025-12-01,テレビ,スマートテレビ 43型,468972,店舗,池袋店,C03375,伊藤,男,66,東京都,2022-09-12,3,821273,Loyal,False,
PR0008617,2023-01-30,PC・タブレット,ノートPC 13型,81785,店舗,福岡天神店,C03376,中村,男,51,愛知県,2021-08-13,2,137212,Regular,True,
PR0008618,2025-10-09,カメラ・ビデオ,ドローン,55427,店舗,秋葉原店,C03376,中村,男,51,愛知県,2021-08-13,2,137212,Regular,False,
PR0008619,2026-03-20,PC・タブレット,ノートPC 13型,159904,店舗,札幌駅前店,C03377,加藤,女,55,大阪府,2024-09-16,6,1208728,VIP,False,
PR0008621,2024-09-18,エアコン,エアコン 6畳用,294755,店舗,名古屋栄店,C03377,加藤,女,55,大阪府,2024-09-16,6,1208728,VIP,True,
PR0008623,2025-09-10,スマートフォン,ハイエンド 1TB,120469,店舗,名古屋栄店,C03377,加藤,女,55,大阪府,2024-09-16,6,1208728,VIP,False,
PR0008620,2025-11-10,テレビ,プロジェクター,342024,店舗,秋葉原店,C03377,加藤,女,55,大阪府,2024-09-16,6,1208728,VIP,False,
PR0008624,2025-01-29,冷蔵庫,コンパクト冷蔵庫,271606,店舗,横浜駅前店,C03377,加藤,女,55,大阪府,2024-09-16,6,1208728,VIP,False,
PR0008622,2025-11-24,美容家電・小物,マッサージガン,19970,店舗,新宿店,C03377,加藤,女,55,大阪府,2024-09-16,6,1208728,VIP,False,
PR0008626,2024-10-29,エアコン,業務用エアコン,284143,店舗,新宿店,C03378,山田,女,31,東京都,2021-08-02,2,329496,Regular,True,
PR0008625,2025-08-19,美容家電・小物,電動歯ブラシ,45353,EC,,C03378,山田,女,31,東京都,2021-08-02,2,329496,Regular,False,
PR0008627,2024-10-26,美容家電・小物,ヘアアイロン,25911,店舗,天王寺店,C03379,村上,女,45,京都府,2024-03-24,1,25911,Light,True,
PR0008628,2024-06-21,ゲーム・玩具,据置型ゲーム機,21319,店舗,札幌駅前店,C03380,森,男,27,広島県,2022-08-11,1,21319,Light,True,
PR0008629,2024-12-27,スマートフォン,最新スマホ 256GB,119208,店舗,福岡天神店,C03381,阿部,女,53,京都府,2021-05-21,2,268755,Regular,True,
PR0008630,2025-03-03,冷蔵庫,冷蔵庫 500L,149547,店舗,秋葉原店,C03381,阿部,女,53,京都府,2021-05-21,2,268755,Regular,False,
PR0008631,2024-06-24,テレビ,プロジェクター,350590,店舗,新宿店,C03382,田中,男,30,大阪府,2024-02-07,2,576656,Regular,True,
PR0008632,2026-02-24,冷蔵庫,フレンチドア 700L,226066,EC,,C03382,田中,男,30,大阪府,2024-02-07,2,576656,Regular,False,
PR0008634,2024-10-15,PC・タブレット,ノートPC 15型,324064,店舗,名古屋栄店,C03383,山口,男,38,大阪府,2023-10-23,3,767529,Loyal,False,
PR0008635,2024-02-22,カメラ・ビデオ,ドローン,94942,店舗,渋谷店,C03383,山口,男,38,大阪府,2023-10-23,3,767529,Loyal,True,
PR0008633,2024-11-01,テレビ,スマートテレビ 43型,348523,店舗,札幌駅前店,C03383,山口,男,38,大阪府,2023-10-23,3,767529,Loyal,False,
PR0008636,2026-01-02,エアコン,業務用エアコン,178319,EC,,C03384,鈴木,女,53,埼玉県,2021-10-11,2,355798,Regular,False,
PR0008637,2023-05-07,冷蔵庫,冷蔵庫 600L 大型,177479,EC,,C03384,鈴木,女,53,埼玉県,2021-10-11,2,355798,Regular,True,
PR0008638,2026-01-13,カメラ・ビデオ,ミラーレス一眼,158081,店舗,池袋店,C03385,山本,女,51,愛知県,2025-09-24,3,414117,Loyal,False,
PR0008640,2026-03-24,テレビ,プロジェクター,210307,店舗,池袋店,C03385,山本,女,51,愛知県,2025-09-24,3,414117,Loyal,False,
PR0008639,2025-10-17,美容家電・小物,ヘアアイロン,45729,店舗,名古屋栄店,C03385,山本,女,51,愛知県,2025-09-24,3,414117,Loyal,True,
PR0008641,2025-05-08,PC・タブレット,ワークステーション,349902,店舗,新宿店,C03386,青木,男,42,埼玉県,2021-12-17,1,349902,Light,True,
PR0008642,2023-02-25,洗濯機,乾燥機能付き 10kg,269554,店舗,池袋店,C03387,近藤,男,63,神奈川県,2021-08-16,2,277171,Regular,True,
PR0008643,2025-09-15,美容家電・小物,美顔器,7617,店舗,福岡天神店,C03387,近藤,男,63,神奈川県,2021-08-16,2,277171,Regular,False,
PR0008646,2024-01-07,エアコン,業務用エアコン,204820,EC,,C03388,清水,男,68,東京都,2022-08-24,3,628516,Inactive,False,
PR0008645,2023-07-21,カメラ・ビデオ,交換レンズ,249833,EC,,C03388,清水,男,68,東京都,2022-08-24,3,628516,Inactive,True,
PR0008644,2024-03-07,スマートフォン,ミドルレンジ機種,173863,EC,,C03388,清水,男,68,東京都,2022-08-24,3,628516,Inactive,False,
PR0008647,2024-06-29,ゲーム・玩具,据置型ゲーム機,48273,店舗,福岡天神店,C03389,山本,男,38,愛知県,2022-07-04,2,180432,Regular,False,
PR0008648,2022-11-25,冷蔵庫,冷蔵庫 500L,132159,店舗,名古屋栄店,C03389,山本,男,38,愛知県,2022-07-04,2,180432,Regular,True,
PR0008649,2026-02-02,エアコン,エアコン 6畳用,397854,店舗,池袋店,C03390,加藤,男,44,北海道,2026-01-12,1,397854,Light,True,
PR0008650,2026-01-04,PC・タブレット,ノートPC 15型,281895,EC,,C03391,長谷川,男,26,兵庫県,2022-06-28,1,281895,Light,True,
PR0008651,2023-08-16,カメラ・ビデオ,ドローン,54430,店舗,札幌駅前店,C03392,藤田,女,27,北海道,2022-12-11,1,54430,Inactive,True,
PR0008652,2025-10-12,スマートフォン,スタンダード 128GB,142841,店舗,秋葉原店,C03393,遠藤,女,55,千葉県,2023-04-14,1,142841,Light,True,
PR0008654,2025-04-26,PC・タブレット,タブレット 10型,280811,店舗,秋葉原店,C03394,中島,男,34,広島県,2023-10-27,2,561341,Regular,True,
PR0008653,2025-11-13,カメラ・ビデオ,ビデオカメラ,280530,EC,,C03394,中島,男,34,広島県,2023-10-27,2,561341,Regular,False,
PR0008655,2024-07-08,テレビ,4K テレビ 50型,405204,店舗,福岡天神店,C03395,佐々木,男,65,愛知県,2023-09-17,2,743000,Regular,True,
PR0008656,2025-08-09,洗濯機,縦型洗濯機,337796,店舗,池袋店,C03395,佐々木,男,65,愛知県,2023-09-17,2,743000,Regular,False,
PR0008657,2025-03-01,PC・タブレット,ノートPC 15型,295752,店舗,天王寺店,C03396,小林,女,59,京都府,2024-05-07,3,809278,Loyal,False,
PR0008658,2024-09-28,テレビ,有機EL 75型,442634,店舗,秋葉原店,C03396,小林,女,59,京都府,2024-05-07,3,809278,Loyal,True,
PR0008659,2025-02-02,美容家電・小物,マッサージガン,70892,店舗,渋谷店,C03396,小林,女,59,京都府,2024-05-07,3,809278,Loyal,False,
PR0008661,2026-02-23,スマートフォン,Pro モデル 512GB,100245,店舗,新宿店,C03397,村上,男,35,千葉県,2023-01-26,2,447194,Regular,False,
PR0008660,2024-03-16,冷蔵庫,フレンチドア 700L,346949,EC,,C03397,村上,男,35,千葉県,2023-01-26,2,447194,Regular,True,
PR0008663,2025-07-09,カメラ・ビデオ,ビデオカメラ,152347,店舗,渋谷店,C03398,石井,男,30,宮城県,2024-06-27,3,286764,Loyal,False,
PR0008664,2025-03-25,スマートフォン,Pro モデル 512GB,67370,EC,,C03398,石井,男,30,宮城県,2024-06-27,3,286764,Loyal,True,
PR0008662,2025-09-01,美容家電・小物,ヘアアイロン,67047,EC,,C03398,石井,男,30,宮城県,2024-06-27,3,286764,Loyal,False,
PR0008666,2026-02-10,テレビ,スマートテレビ 43型,53747,店舗,大阪梅田店,C03399,山田,女,43,広島県,2026-01-15,3,240854,Loyal,False,
PR0008665,2026-01-22,洗濯機,コンパクト洗濯機,162980,EC,,C03399,山田,女,43,広島県,2026-01-15,3,240854,Loyal,True,
PR0008667,2026-03-11,美容家電・小物,ドライヤー,24127,店舗,札幌駅前店,C03399,山田,女,43,広島県,2026-01-15,3,240854,Loyal,False,
PR0008669,2021-11-10,PC・タブレット,タブレット 10型,146656,店舗,渋谷店,C03400,前田,男,71,埼玉県,2021-04-14,4,512775,Loyal,True,
PR0008670,2025-06-09,PC・タブレット,タブレット 10型,273026,店舗,名古屋栄店,C03400,前田,男,71,埼玉県,2021-04-14,4,512775,Loyal,False,1307
PR0008671,2025-03-01,オーディオ,ワイヤレスイヤホン,48518,店舗,新宿店,C03400,前田,男,71,埼玉県,2021-04-14,4,512775,Loyal,False,
PR0008668,2024-01-29,ゲーム・玩具,据置型ゲーム機,44575,店舗,名古屋栄店,C03400,前田,男,71,埼玉県,2021-04-14,4,512775,Loyal,False,
PR0008673,2025-12-31,オーディオ,ヘッドホン,64070,EC,,C03401,近藤,男,37,埼玉県,2025-11-02,2,123094,Regular,True,
PR0008672,2026-01-21,ゲーム・玩具,コントローラ,59024,EC,,C03401,近藤,男,37,埼玉県,2025-11-02,2,123094,Regular,False,
PR0008674,2025-10-29,冷蔵庫,冷蔵庫 600L 大型,257420,店舗,秋葉原店,C03402,村上,男,53,埼玉県,2023-03-10,1,257420,Light,True,
PR0008677,2022-12-16,スマートフォン,ハイエンド 1TB,171903,店舗,秋葉原店,C03403,前田,女,54,宮城県,2022-09-19,5,776025,VIP,True,
PR0008678,2025-02-21,スマートフォン,コンパクトモデル,113081,店舗,大阪梅田店,C03403,前田,女,54,宮城県,2022-09-19,5,776025,VIP,False,798
PR0008675,2024-09-22,冷蔵庫,冷蔵庫 500L,115179,店舗,横浜駅前店,C03403,前田,女,54,宮城県,2022-09-19,5,776025,VIP,False,
PR0008676,2025-07-27,洗濯機,コンパクト洗濯機,339841,EC,,C03403,前田,女,54,宮城県,2022-09-19,5,776025,VIP,False,
PR0008679,2024-01-05,美容家電・小物,ヘアアイロン,36021,店舗,天王寺店,C03403,前田,女,54,宮城県,2022-09-19,5,776025,VIP,False,
PR0008681,2023-06-29,エアコン,エアコン 6畳用,272467,店舗,大阪梅田店,C03404,前田,女,46,宮城県,2021-04-11,5,788387,VIP,False,
PR0008680,2024-10-05,オーディオ,Bluetoothスピーカー,135775,店舗,秋葉原店,C03404,前田,女,46,宮城県,2021-04-11,5,788387,VIP,False,
PR0008682,2021-08-05,スマートフォン,スタンダード 128GB,156680,店舗,札幌駅前店,C03404,前田,女,46,宮城県,2021-04-11,5,788387,VIP,True,
PR0008683,2023-10-21,スマートフォン,コンパクトモデル,85083,店舗,大阪梅田店,C03404,前田,女,46,宮城県,2021-04-11,5,788387,VIP,False,807
PR0008684,2025-12-29,スマートフォン,スタンダード 128GB,138382,店舗,名古屋栄店,C03404,前田,女,46,宮城県,2021-04-11,5,788387,VIP,False,800
PR0008685,2025-10-28,オーディオ,ターンテーブル,146786,店舗,渋谷店,C03405,佐藤,男,39,兵庫県,2021-07-30,2,345443,Regular,False,
PR0008686,2022-12-29,カメラ・ビデオ,ミラーレス一眼,198657,EC,,C03405,佐藤,男,39,兵庫県,2021-07-30,2,345443,Regular,True,
PR0008687,2025-12-05,エアコン,業務用エアコン,365620,EC,,C03406,石井,男,46,埼玉県,2023-01-20,3,901203,Loyal,False,
PR0008689,2025-05-25,オーディオ,ターンテーブル,120711,店舗,秋葉原店,C03406,石井,男,46,埼玉県,2023-01-20,3,901203,Loyal,False,
PR0008688,2025-03-17,テレビ,4K テレビ 50型,414872,店舗,札幌駅前店,C03406,石井,男,46,埼玉県,2023-01-20,3,901203,Loyal,True,
PR0008690,2022-05-20,PC・タブレット,ワークステーション,279046,店舗,渋谷店,C03407,前田,女,39,大阪府,2022-04-22,1,279046,Inactive,True,
PR0008692,2025-10-04,スマートフォン,最新スマホ 256GB,170494,店舗,渋谷店,C03408,加藤,女,45,京都府,2023-11-30,2,212172,Regular,True,
PR0008691,2026-02-11,美容家電・小物,マッサージガン,41678,店舗,新宿店,C03408,加藤,女,45,京都府,2023-11-30,2,212172,Regular,False,
PR0008693,2025-04-06,カメラ・ビデオ,交換レンズ,254453,EC,,C03409,木村,男,48,大阪府,2023-10-10,3,357462,Loyal,False,
PR0008694,2024-04-24,ゲーム・玩具,ゲームソフト,47291,店舗,福岡天神店,C03409,木村,男,48,大阪府,2023-10-10,3,357462,Loyal,True,
PR0008695,2024-12-24,美容家電・小物,ヘアアイロン,55718,EC,,C03409,木村,男,48,大阪府,2023-10-10,3,357462,Loyal,False,
PR0008696,2024-08-22,テレビ,4K テレビ 65型,335747,EC,,C03410,岡田,男,47,兵庫県,2024-05-31,2,596937,Regular,True,
PR0008697,2025-05-23,冷蔵庫,冷蔵庫 400L,261190,EC,,C03410,岡田,男,47,兵庫県,2024-05-31,2,596937,Regular,False,
PR0008699,2023-07-19,PC・タブレット,ワークステーション,65244,EC,,C03411,池田,男,75,福岡県,2023-06-15,2,209032,Regular,True,
PR0008698,2024-08-31,エアコン,エアコン 14畳用,143788,EC,,C03411,池田,男,75,福岡県,2023-06-15,2,209032,Regular,False,
PR0008701,2024-11-02,PC・タブレット,2-in-1 PC,277216,店舗,横浜駅前店,C03412,中村,女,33,千葉県,2024-07-27,2,345756,Regular,True,
PR0008700,2025-06-16,スマートフォン,ミドルレンジ機種,68540,EC,,C03412,中村,女,33,千葉県,2024-07-27,2,345756,Regular,False,
PR0008702,2026-01-08,冷蔵庫,冷蔵庫 500L,185246,EC,,C03413,石井,女,68,愛知県,2023-12-15,1,185246,Light,True,
PR0008706,2024-04-18,エアコン,エアコン 6畳用,323340,EC,,C03414,青木,男,37,宮城県,2023-06-20,4,593958,Loyal,False,
PR0008705,2024-09-06,オーディオ,ターンテーブル,171162,EC,,C03414,青木,男,37,宮城県,2023-06-20,4,593958,Loyal,False,
PR0008704,2024-02-23,カメラ・ビデオ,ミラーレス一眼,49402,EC,,C03414,青木,男,37,宮城県,2023-06-20,4,593958,Loyal,True,
PR0008703,2026-03-12,ゲーム・玩具,携帯ゲーム機,50054,EC,,C03414,青木,男,37,宮城県,2023-06-20,4,593958,Loyal,False,
PR0008707,2023-05-09,PC・タブレット,ノートPC 15型,256618,店舗,渋谷店,C03415,遠藤,男,49,広島県,2022-03-19,1,256618,Inactive,True,
PR0008708,2024-02-22,冷蔵庫,冷蔵庫 500L,415258,EC,,C03416,小林,男,51,福岡県,2024-01-04,1,415258,Inactive,True,
PR0008713,2025-07-23,PC・タブレット,ノートPC 13型,75148,店舗,名古屋栄店,C03417,岡田,女,30,東京都,2024-10-17,5,800875,VIP,False,
PR0008712,2025-08-07,エアコン,エアコン 18畳用,214264,店舗,天王寺店,C03417,岡田,女,30,東京都,2024-10-17,5,800875,VIP,False,
PR0008711,2025-05-23,オーディオ,ターンテーブル,30239,EC,,C03417,岡田,女,30,東京都,2024-10-17,5,800875,VIP,False,
PR0008709,2024-11-18,テレビ,有機EL 55型,453962,店舗,札幌駅前店,C03417,岡田,女,30,東京都,2024-10-17,5,800875,VIP,False,
PR0008710,2024-11-05,美容家電・小物,マッサージガン,27262,EC,,C03417,岡田,女,30,東京都,2024-10-17,5,800875,VIP,True,
PR0008716,2022-03-14,PC・タブレット,2-in-1 PC,247541,店舗,名古屋栄店,C03418,岡田,男,73,広島県,2021-09-09,4,585350,Loyal,True,
PR0008717,2025-09-26,PC・タブレット,ゲーミングPC,268553,店舗,天王寺店,C03418,岡田,男,73,広島県,2021-09-09,4,585350,Loyal,False,1292
PR0008715,2024-11-09,スマートフォン,Pro モデル 512GB,30267,店舗,横浜駅前店,C03418,岡田,男,73,広島県,2021-09-09,4,585350,Loyal,False,
PR0008714,2024-04-14,美容家電・小物,電気シェーバー,38989,店舗,大阪梅田店,C03418,岡田,男,73,広島県,2021-09-09,4,585350,Loyal,False,
PR0008719,2024-10-26,エアコン,エアコン 6畳用,285278,EC,,C03419,中島,男,43,大阪府,2022-06-15,2,340529,Regular,False,
PR0008718,2023-03-16,ゲーム・玩具,ゲームソフト,55251,EC,,C03419,中島,男,43,大阪府,2022-06-15,2,340529,Regular,True,
PR0008720,2025-04-06,エアコン,エアコン 6畳用,345577,店舗,池袋店,C03420,小林,女,48,千葉県,2022-10-01,4,900125,Loyal,False,
PR0008721,2025-08-12,オーディオ,ワイヤレスイヤホン,74590,店舗,札幌駅前店,C03420,小林,女,48,千葉県,2022-10-01,4,900125,Loyal,False,
PR0008723,2023-09-04,テレビ,有機EL 55型,416264,店舗,新宿店,C03420,小林,女,48,千葉県,2022-10-01,4,900125,Loyal,True,
PR0008722,2024-12-19,美容家電・小物,美顔器,63694,店舗,秋葉原店,C03420,小林,女,48,千葉県,2022-10-01,4,900125,Loyal,False,
PR0008726,2025-01-01,PC・タブレット,ノートPC 15型,100714,店舗,池袋店,C03421,阿部,女,59,大阪府,2023-03-08,3,336700,Loyal,True,
PR0008724,2025-04-16,洗濯機,縦型洗濯機,187777,EC,,C03421,阿部,女,59,大阪府,2023-03-08,3,336700,Loyal,False,
PR0008725,2025-04-06,美容家電・小物,ヘアアイロン,48209,店舗,新宿店,C03421,阿部,女,59,大阪府,2023-03-08,3,336700,Loyal,False,
PR0008727,2024-11-01,PC・タブレット,タブレット 10型,154926,店舗,新宿店,C03422,山本,女,31,兵庫県,2022-01-11,2,228581,Regular,False,
PR0008728,2023-06-16,スマートフォン,ハイエンド 1TB,73655,EC,,C03422,山本,女,31,兵庫県,2022-01-11,2,228581,Regular,True,
PR0008732,2025-04-02,PC・タブレット,タブレット 10型,52994,EC,,C03423,青木,男,45,埼玉県,2022-11-03,4,403911,Loyal,False,
PR0008730,2025-11-30,オーディオ,ターンテーブル,92964,EC,,C03423,青木,男,45,埼玉県,2022-11-03,4,403911,Loyal,False,
PR0008731,2026-01-21,カメラ・ビデオ,交換レンズ,221653,EC,,C03423,青木,男,45,埼玉県,2022-11-03,4,403911,Loyal,False,
PR0008729,2025-03-28,美容家電・小物,マッサージガン,36300,EC,,C03423,青木,男,45,埼玉県,2022-11-03,4,403911,Loyal,True,
PR0008734,2022-08-16,カメラ・ビデオ,アクションカメラ,218547,EC,,C03424,松本,女,38,京都府,2021-12-24,2,563486,Regular,True,
PR0008733,2025-03-05,洗濯機,コンパクト洗濯機,344939,店舗,名古屋栄店,C03424,松本,女,38,京都府,2021-12-24,2,563486,Regular,False,
PR0008735,2023-08-03,エアコン,エアコン 14畳用,206607,店舗,天王寺店,C03425,吉田,男,37,兵庫県,2023-05-30,1,206607,Inactive,True,
PR0008736,2024-07-12,ゲーム・玩具,コントローラ,70344,店舗,秋葉原店,C03426,森,男,47,東京都,2023-03-08,2,234279,Regular,False,
PR0008737,2024-03-22,スマートフォン,最新スマホ 256GB,163935,店舗,秋葉原店,C03426,森,男,47,東京都,2023-03-08,2,234279,Regular,True,
PR0008738,2023-03-04,テレビ,プロジェクター,264803,EC,,C03427,山下,男,61,兵庫県,2021-05-29,1,264803,Inactive,True,
PR0008741,2026-01-09,ゲーム・玩具,ゲームソフト,79786,店舗,福岡天神店,C03428,小林,男,39,広島県,2021-08-06,4,690863,Loyal,False,
PR0008740,2023-11-26,スマートフォン,スタンダード 128GB,55672,店舗,札幌駅前店,C03428,小林,男,39,広島県,2021-08-06,4,690863,Loyal,False,
PR0008739,2022-07-02,テレビ,有機EL 55型,300361,店舗,天王寺店,C03428,小林,男,39,広島県,2021-08-06,4,690863,Loyal,True,
PR0008742,2024-09-22,冷蔵庫,コンパクト冷蔵庫,255044,店舗,名古屋栄店,C03428,小林,男,39,広島県,2021-08-06,4,690863,Loyal,False,
PR0008743,2025-12-27,カメラ・ビデオ,ミラーレス一眼,259375,店舗,福岡天神店,C03429,清水,女,51,愛知県,2025-09-07,2,587223,Regular,False,
PR0008744,2025-10-05,テレビ,4K テレビ 50型,327848,店舗,大阪梅田店,C03429,清水,女,51,愛知県,2025-09-07,2,587223,Regular,True,
PR0008748,2025-01-31,オーディオ,ヘッドホン,192514,店舗,福岡天神店,C03431,石川,男,44,埼玉県,2024-06-27,5,408397,Loyal,False,
PR0008746,2024-08-30,ゲーム・玩具,据置型ゲーム機,73401,店舗,大阪梅田店,C03431,石川,男,44,埼玉県,2024-06-27,5,408397,Loyal,True,
PR0008749,2025-12-18,スマートフォン,Pro モデル 512GB,38164,店舗,名古屋栄店,C03431,石川,男,44,埼玉県,2024-06-27,5,408397,Loyal,False,
PR0008745,2025-02-09,テレビ,有機EL 55型,97585,EC,,C03431,石川,男,44,埼玉県,2024-06-27,5,408397,Loyal,False,
PR0008747,2025-09-02,美容家電・小物,電気シェーバー,6733,店舗,新宿店,C03431,石川,男,44,埼玉県,2024-06-27,5,408397,Loyal,False,
PR0008750,2024-04-29,PC・タブレット,ノートPC 15型,210108,店舗,渋谷店,C03432,森,男,27,兵庫県,2024-01-18,2,622946,Regular,True,
PR0008751,2025-07-11,冷蔵庫,コンパクト冷蔵庫,412838,店舗,名古屋栄店,C03432,森,男,27,兵庫県,2024-01-18,2,622946,Regular,False,
PR0008752,2023-07-25,エアコン,エアコン 18畳用,182371,EC,,C03433,村上,女,39,東京都,2022-11-29,1,182371,Inactive,True,
PR0008756,2026-02-08,PC・タブレット,ノートPC 13型,226230,EC,,C03434,近藤,女,47,愛知県,2021-04-01,4,434821,Loyal,False,
PR0008753,2021-04-15,スマートフォン,Pro モデル 512GB,37127,店舗,大阪梅田店,C03434,近藤,女,47,愛知県,2021-04-01,4,434821,Loyal,True,
PR0008754,2023-08-18,スマートフォン,コンパクトモデル,37403,店舗,渋谷店,C03434,近藤,女,47,愛知県,2021-04-01,4,434821,Loyal,False,855
PR0008755,2026-01-15,スマートフォン,ハイエンド 1TB,134061,店舗,渋谷店,C03434,近藤,女,47,愛知県,2021-04-01,4,434821,Loyal,False,881
PR0008758,2025-02-19,オーディオ,ターンテーブル,35422,EC,,C03435,村上,女,51,埼玉県,2024-11-12,2,132859,Regular,True,
PR0008757,2025-04-26,スマートフォン,ミドルレンジ機種,97437,店舗,天王寺店,C03435,村上,女,51,埼玉県,2024-11-12,2,132859,Regular,False,
PR0008760,2025-11-24,ゲーム・玩具,据置型ゲーム機,17140,店舗,新宿店,C03436,山崎,女,31,千葉県,2025-09-23,3,339901,Loyal,False,
PR0008761,2025-11-15,スマートフォン,スタンダード 128GB,168576,店舗,札幌駅前店,C03436,山崎,女,31,千葉県,2025-09-23,3,339901,Loyal,True,
PR0008759,2026-01-02,テレビ,有機EL 55型,154185,店舗,渋谷店,C03436,山崎,女,31,千葉県,2025-09-23,3,339901,Loyal,False,
PR0008762,2023-06-11,美容家電・小物,ヘアアイロン,73148,EC,,C03437,中村,女,30,神奈川県,2021-11-06,1,73148,Inactive,True,
PR0008764,2025-12-20,PC・タブレット,タブレット 10型,244235,EC,,C03438,近藤,男,45,福岡県,2025-04-03,2,677333,Regular,False,
PR0008763,2025-07-01,テレビ,4K テレビ 65型,433098,店舗,名古屋栄店,C03438,近藤,男,45,福岡県,2025-04-03,2,677333,Regular,True,
PR0008766,2025-10-30,エアコン,エアコン 10畳用,150332,EC,,C03439,松本,男,22,福岡県,2022-09-10,2,344790,Regular,False,
PR0008765,2025-01-12,スマートフォン,スタンダード 128GB,194458,EC,,C03439,松本,男,22,福岡県,2022-09-10,2,344790,Regular,True,
PR0008767,2025-11-05,オーディオ,ヘッドホン,64265,店舗,秋葉原店,C03440,坂本,男,51,大阪府,2025-10-03,2,345294,Regular,True,
PR0008768,2025-11-18,テレビ,スマートテレビ 43型,281029,EC,,C03440,坂本,男,51,大阪府,2025-10-03,2,345294,Regular,False,
PR0008770,2025-09-13,ゲーム・玩具,携帯ゲーム機,28608,店舗,福岡天神店,C03441,鈴木,男,48,大阪府,2025-09-06,2,197060,Regular,True,
PR0008769,2025-10-01,スマートフォン,Pro モデル 512GB,168452,店舗,札幌駅前店,C03441,鈴木,男,48,大阪府,2025-09-06,2,197060,Regular,False,
PR0008771,2024-04-28,スマートフォン,コンパクトモデル,55120,店舗,秋葉原店,C03442,長谷川,女,55,愛知県,2023-01-24,2,152773,Regular,True,
PR0008772,2026-01-11,テレビ,4K テレビ 50型,97653,店舗,新宿店,C03442,長谷川,女,55,愛知県,2023-01-24,2,152773,Regular,False,
PR0008773,2024-03-02,ゲーム・玩具,VR ゴーグル,51667,EC,,C03443,清水,男,33,東京都,2022-03-14,2,244106,Inactive,False,
PR0008774,2023-07-07,スマートフォン,スタンダード 128GB,192439,EC,,C03443,清水,男,33,東京都,2022-03-14,2,244106,Inactive,True,
PR0008776,2025-10-22,テレビ,有機EL 75型,151561,店舗,横浜駅前店,C03444,藤田,女,37,愛知県,2025-10-20,3,332730,Loyal,True,
PR0008775,2026-01-11,洗濯機,ドラム式洗濯機,144322,EC,,C03444,藤田,女,37,愛知県,2025-10-20,3,332730,Loyal,False,
PR0008777,2026-01-26,美容家電・小物,美顔器,36847,店舗,渋谷店,C03444,藤田,女,37,愛知県,2025-10-20,3,332730,Loyal,False,
PR0008779,2026-01-22,ゲーム・玩具,携帯ゲーム機,18171,店舗,横浜駅前店,C03445,伊藤,男,47,東京都,2024-12-07,2,190382,Regular,False,
PR0008778,2025-05-08,スマートフォン,コンパクトモデル,172211,店舗,大阪梅田店,C03445,伊藤,男,47,東京都,2024-12-07,2,190382,Regular,True,
PR0008781,2024-12-25,カメラ・ビデオ,ビデオカメラ,145100,店舗,大阪梅田店,C03446,山本,男,65,福岡県,2024-11-13,2,216535,Regular,True,
PR0008780,2025-02-20,スマートフォン,最新スマホ 256GB,71435,店舗,秋葉原店,C03446,山本,男,65,福岡県,2024-11-13,2,216535,Regular,False,
PR0008783,2026-01-12,スマートフォン,最新スマホ 256GB,152061,店舗,福岡天神店,C03447,小林,男,35,広島県,2025-11-14,2,537540,Regular,False,
PR0008782,2025-11-26,テレビ,スマートテレビ 43型,385479,店舗,札幌駅前店,C03447,小林,男,35,広島県,2025-11-14,2,537540,Regular,True,
PR0008784,2026-01-21,ゲーム・玩具,コントローラ,8394,店舗,渋谷店,C03448,前田,女,45,埼玉県,2025-12-17,1,8394,Light,True,
PR0008785,2025-03-30,美容家電・小物,マッサージガン,7731,EC,,C03449,山崎,女,46,宮城県,2025-02-10,1,7731,Light,True,
PR0008790,2024-08-06,PC・タブレット,ノートPC 15型,185719,EC,,C03450,中村,女,51,東京都,2024-03-06,9,1403022,VIP,False,
PR0008787,2026-03-21,エアコン,エアコン 14畳用,290665,EC,,C03450,中村,女,51,東京都,2024-03-06,9,1403022,VIP,False,
PR0008789,2026-02-10,カメラ・ビデオ,ミラーレス一眼,108535,EC,,C03450,中村,女,51,東京都,2024-03-06,9,1403022,VIP,False,
PR0008793,2024-03-31,スマートフォン,スタンダード 128GB,59459,EC,,C03450,中村,女,51,東京都,2024-03-06,9,1403022,VIP,True,
PR0008794,2026-03-07,スマートフォン,ミドルレンジ機種,48443,店舗,横浜駅前店,C03450,中村,女,51,東京都,2024-03-06,9,1403022,VIP,False,706
PR0008788,2025-05-12,テレビ,プロジェクター,304706,EC,,C03450,中村,女,51,東京都,2024-03-06,9,1403022,VIP,False,
PR0008791,2025-11-06,冷蔵庫,冷蔵庫 500L,147372,EC,,C03450,中村,女,51,東京都,2024-03-06,9,1403022,VIP,False,
PR0008786,2025-04-23,洗濯機,縦型洗濯機,194987,EC,,C03450,中村,女,51,東京都,2024-03-06,9,1403022,VIP,False,
PR0008792,2024-10-02,美容家電・小物,マッサージガン,63136,EC,,C03450,中村,女,51,東京都,2024-03-06,9,1403022,VIP,False,
PR0008796,2024-02-11,オーディオ,ヘッドホン,76351,店舗,福岡天神店,C03451,伊藤,男,57,愛知県,2022-03-22,2,135120,Regular,True,
PR0008795,2026-02-09,スマートフォン,Pro モデル 512GB,58769,店舗,福岡天神店,C03451,伊藤,男,57,愛知県,2022-03-22,2,135120,Regular,False,
PR0008797,2024-08-11,スマートフォン,コンパクトモデル,82460,EC,,C03452,村上,男,52,神奈川県,2023-09-29,2,89218,Regular,True,
PR0008798,2026-03-27,美容家電・小物,電動歯ブラシ,6758,店舗,渋谷店,C03452,村上,男,52,神奈川県,2023-09-29,2,89218,Regular,False,
PR0008799,2025-11-04,オーディオ,ターンテーブル,63283,店舗,新宿店,C03453,長谷川,女,26,北海道,2024-04-06,2,83689,Regular,False,
PR0008800,2024-08-26,ゲーム・玩具,ボードゲーム,20406,店舗,池袋店,C03453,長谷川,女,26,北海道,2024-04-06,2,83689,Regular,True,
PR0008803,2024-12-24,PC・タブレット,ノートPC 15型,191306,EC,,C03454,後藤,女,52,神奈川県,2024-09-13,3,375897,Loyal,False,
PR0008802,2025-06-24,エアコン,業務用エアコン,132325,店舗,渋谷店,C03454,後藤,女,52,神奈川県,2024-09-13,3,375897,Loyal,False,
PR0008801,2024-10-07,スマートフォン,Pro モデル 512GB,52266,店舗,札幌駅前店,C03454,後藤,女,52,神奈川県,2024-09-13,3,375897,Loyal,True,
PR0008807,2023-03-01,カメラ・ビデオ,交換レンズ,204002,EC,,C03455,清水,男,22,福岡県,2021-12-17,5,724127,VIP,False,
PR0008806,2024-12-14,ゲーム・玩具,ボードゲーム,5475,店舗,池袋店,C03455,清水,男,22,福岡県,2021-12-17,5,724127,VIP,False,
PR0008804,2023-02-11,スマートフォン,最新スマホ 256GB,196372,EC,,C03455,清水,男,22,福岡県,2021-12-17,5,724127,VIP,True,
PR0008805,2025-03-09,スマートフォン,Pro モデル 512GB,117609,店舗,名古屋栄店,C03455,清水,男,22,福岡県,2021-12-17,5,724127,VIP,False,757
PR0008808,2024-03-02,テレビ,有機EL 55型,200669,EC,,C03455,清水,男,22,福岡県,2021-12-17,5,724127,VIP,False,
PR0008810,2024-11-11,ゲーム・玩具,携帯ゲーム機,34464,店舗,札幌駅前店,C03456,鈴木,男,30,広島県,2022-08-05,2,135461,Regular,True,
PR0008809,2025-04-01,スマートフォン,ハイエンド 1TB,100997,EC,,C03456,鈴木,男,30,広島県,2022-08-05,2,135461,Regular,False,
PR0008812,2024-12-29,PC・タブレット,ワークステーション,124129,店舗,新宿店,C03457,伊藤,男,28,広島県,2021-04-07,2,424616,Regular,False,
PR0008811,2024-10-15,テレビ,4K テレビ 50型,300487,店舗,大阪梅田店,C03457,伊藤,男,28,広島県,2021-04-07,2,424616,Regular,True,
PR0008813,2025-02-23,美容家電・小物,電動歯ブラシ,55377,EC,,C03458,池田,女,35,愛知県,2025-01-30,1,55377,Light,True,
PR0008814,2026-03-16,PC・タブレット,ゲーミングPC,339663,EC,,C03459,山田,男,46,埼玉県,2026-01-04,1,339663,Light,True,
PR0008815,2025-09-05,PC・タブレット,ゲーミングPC,271082,店舗,天王寺店,C03460,遠藤,男,46,広島県,2024-12-14,1,271082,Light,True,
PR0008816,2024-07-16,スマートフォン,Pro モデル 512GB,167064,EC,,C03461,前田,男,62,愛知県,2021-04-06,1,167064,Light,True,
PR0008819,2023-03-01,PC・タブレット,ノートPC 13型,205572,店舗,池袋店,C03462,山本,男,63,大阪府,2021-05-16,6,1291483,VIP,False,
PR0008817,2025-09-17,カメラ・ビデオ,ドローン,137301,EC,,C03462,山本,男,63,大阪府,2021-05-16,6,1291483,VIP,False,
PR0008820,2022-11-12,スマートフォン,ミドルレンジ機種,145876,店舗,名古屋栄店,C03462,山本,男,63,大阪府,2021-05-16,6,1291483,VIP,True,
PR0008821,2025-03-31,スマートフォン,コンパクトモデル,126498,店舗,新宿店,C03462,山本,男,63,大阪府,2021-05-16,6,1291483,VIP,False,870
PR0008818,2024-11-12,テレビ,有機EL 75型,394062,店舗,福岡天神店,C03462,山本,男,63,大阪府,2021-05-16,6,1291483,VIP,False,
PR0008822,2025-06-08,洗濯機,縦型洗濯機,282174,店舗,大阪梅田店,C03462,山本,男,63,大阪府,2021-05-16,6,1291483,VIP,False,
PR0008823,2024-05-21,美容家電・小物,電気シェーバー,18529,店舗,名古屋栄店,C03463,高橋,男,40,福岡県,2023-11-20,1,18529,Light,True,
PR0008825,2025-11-14,テレビ,有機EL 55型,216177,店舗,福岡天神店,C03464,近藤,男,38,福岡県,2025-10-04,2,422870,Regular,True,
PR0008824,2026-01-18,洗濯機,縦型洗濯機,206693,店舗,秋葉原店,C03464,近藤,男,38,福岡県,2025-10-04,2,422870,Regular,False,
PR0008826,2023-01-29,ゲーム・玩具,据置型ゲーム機,5021,EC,,C03465,伊藤,男,34,北海道,2021-07-31,2,21317,Regular,True,
PR0008827,2024-06-15,美容家電・小物,ドライヤー,16296,EC,,C03465,伊藤,男,34,北海道,2021-07-31,2,21317,Regular,False,
PR0008828,2024-01-07,ゲーム・玩具,携帯ゲーム機,39131,EC,,C03466,青木,女,39,兵庫県,2022-09-22,2,83999,Regular,True,
PR0008829,2026-01-16,スマートフォン,コンパクトモデル,44868,店舗,札幌駅前店,C03466,青木,女,39,兵庫県,2022-09-22,2,83999,Regular,False,
PR0008831,2023-08-14,PC・タブレット,ワークステーション,334196,EC,,C03467,井上,男,33,神奈川県,2022-09-21,2,443929,Inactive,False,
PR0008830,2023-05-26,オーディオ,ヘッドホン,109733,EC,,C03467,井上,男,33,神奈川県,2022-09-21,2,443929,Inactive,True,
PR0008832,2023-09-30,冷蔵庫,冷蔵庫 500L,412247,EC,,C03468,高橋,女,52,京都府,2023-05-04,1,412247,Inactive,True,
PR0008833,2026-03-03,オーディオ,サウンドバー,195700,店舗,札幌駅前店,C03469,前田,男,62,神奈川県,2021-06-12,4,653195,Loyal,False,
PR0008835,2022-11-22,カメラ・ビデオ,ミラーレス一眼,170357,店舗,池袋店,C03469,前田,男,62,神奈川県,2021-06-12,4,653195,Loyal,False,
PR0008834,2024-06-22,スマートフォン,最新スマホ 256GB,190127,店舗,福岡天神店,C03469,前田,男,62,神奈川県,2021-06-12,4,653195,Loyal,False,
PR0008836,2021-10-13,テレビ,有機EL 75型,97011,店舗,天王寺店,C03469,前田,男,62,神奈川県,2021-06-12,4,653195,Loyal,True,
PR0008837,2024-12-07,ゲーム・玩具,携帯ゲーム機,63707,EC,,C03470,高橋,男,44,北海道,2022-10-31,2,272021,Regular,True,
PR0008838,2025-04-21,洗濯機,ドラム式洗濯機,208314,EC,,C03470,高橋,男,44,北海道,2022-10-31,2,272021,Regular,False,
PR0008840,2025-06-01,ゲーム・玩具,ボードゲーム,40828,EC,,C03471,遠藤,男,48,広島県,2025-02-12,3,455211,Loyal,False,
PR0008839,2026-03-03,スマートフォン,最新スマホ 256GB,104853,EC,,C03471,遠藤,男,48,広島県,2025-02-12,3,455211,Loyal,False,
PR0008841,2025-05-23,洗濯機,ドラム式洗濯機,309530,EC,,C03471,遠藤,男,48,広島県,2025-02-12,3,455211,Loyal,True,
PR0008842,2024-09-26,PC・タブレット,タブレット 10型,254625,EC,,C03472,田中,男,47,兵庫県,2024-07-13,2,387707,Regular,True,
PR0008843,2025-08-18,スマートフォン,ハイエンド 1TB,133082,店舗,名古屋栄店,C03472,田中,男,47,兵庫県,2024-07-13,2,387707,Regular,False,
PR0008845,2025-04-26,エアコン,エアコン 14畳用,371157,EC,,C03473,後藤,男,44,神奈川県,2025-02-15,2,705600,Regular,True,
PR0008844,2025-05-31,テレビ,有機EL 75型,334443,EC,,C03473,後藤,男,44,神奈川県,2025-02-15,2,705600,Regular,False,
PR0008846,2025-01-25,PC・タブレット,ノートPC 13型,92574,EC,,C03474,山下,男,22,埼玉県,2024-09-23,5,566548,VIP,False,
PR0008848,2025-03-25,オーディオ,サウンドバー,25939,店舗,天王寺店,C03474,山下,男,22,埼玉県,2024-09-23,5,566548,VIP,False,
PR0008847,2025-12-30,ゲーム・玩具,据置型ゲーム機,56595,店舗,大阪梅田店,C03474,山下,男,22,埼玉県,2024-09-23,5,566548,VIP,False,
PR0008849,2025-09-18,スマートフォン,コンパクトモデル,174076,EC,,C03474,山下,男,22,埼玉県,2024-09-23,5,566548,VIP,False,
PR0008850,2024-12-06,テレビ,4K テレビ 50型,217364,店舗,札幌駅前店,C03474,山下,男,22,埼玉県,2024-09-23,5,566548,VIP,True,
PR0008851,2026-01-07,エアコン,エアコン 18畳用,194465,店舗,名古屋栄店,C03475,佐藤,女,64,神奈川県,2025-06-18,1,194465,Light,True,
PR0008852,2025-12-07,エアコン,エアコン 10畳用,330051,EC,,C03476,長谷川,女,64,埼玉県,2023-06-06,2,353638,Regular,False,
PR0008853,2025-02-28,美容家電・小物,電気シェーバー,23587,店舗,札幌駅前店,C03476,長谷川,女,64,埼玉県,2023-06-06,2,353638,Regular,True,
PR0008854,2024-01-21,冷蔵庫,冷蔵庫 400L,311607,店舗,新宿店,C03477,青木,女,34,東京都,2023-12-27,2,318950,Inactive,False,
PR0008855,2023-12-31,美容家電・小物,電動歯ブラシ,7343,EC,,C03477,青木,女,34,東京都,2023-12-27,2,318950,Inactive,True,
PR0008857,2022-11-11,スマートフォン,コンパクトモデル,31365,店舗,渋谷店,C03478,後藤,男,56,神奈川県,2022-06-03,3,583439,Loyal,True,
PR0008858,2025-03-14,スマートフォン,最新スマホ 256GB,198982,店舗,福岡天神店,C03478,後藤,男,56,神奈川県,2022-06-03,3,583439,Loyal,False,854
PR0008856,2025-05-29,テレビ,スマートテレビ 43型,353092,EC,,C03478,後藤,男,56,神奈川県,2022-06-03,3,583439,Loyal,False,
PR0008859,2025-12-14,エアコン,エアコン 18畳用,269893,EC,,C03479,山崎,男,55,京都府,2024-07-07,2,567649,Regular,False,
PR0008860,2024-12-22,テレビ,有機EL 55型,297756,EC,,C03479,山崎,男,55,京都府,2024-07-07,2,567649,Regular,True,
PR0008861,2024-10-10,エアコン,エアコン 6畳用,356193,店舗,福岡天神店,C03480,中島,男,46,埼玉県,2023-06-11,2,411832,Regular,False,
PR0008862,2024-03-11,ゲーム・玩具,据置型ゲーム機,55639,EC,,C03480,中島,男,46,埼玉県,2023-06-11,2,411832,Regular,True,
PR0008863,2024-04-26,PC・タブレット,ワークステーション,60523,店舗,福岡天神店,C03481,遠藤,男,35,神奈川県,2022-12-11,4,577768,Loyal,False,
PR0008866,2023-12-11,テレビ,有機EL 75型,457792,店舗,名古屋栄店,C03481,遠藤,男,35,神奈川県,2022-12-11,4,577768,Loyal,False,
PR0008864,2022-12-16,美容家電・小物,マッサージガン,17506,店舗,池袋店,C03481,遠藤,男,35,神奈川県,2022-12-11,4,577768,Loyal,True,
PR0008865,2026-03-21,美容家電・小物,美顔器,41947,店舗,新宿店,C03481,遠藤,男,35,神奈川県,2022-12-11,4,577768,Loyal,False,1191
PR0008867,2025-09-17,ゲーム・玩具,ゲームソフト,60095,店舗,新宿店,C03482,近藤,男,22,東京都,2025-02-23,3,313626,Loyal,False,
PR0008868,2025-04-07,スマートフォン,ハイエンド 1TB,194911,店舗,新宿店,C03482,近藤,男,22,東京都,2025-02-23,3,313626,Loyal,True,
PR0008869,2025-09-15,テレビ,有機EL 75型,58620,店舗,大阪梅田店,C03482,近藤,男,22,東京都,2025-02-23,3,313626,Loyal,False,
PR0008871,2026-02-15,オーディオ,Bluetoothスピーカー,46002,EC,,C03483,小川,男,45,京都府,2025-11-07,3,304797,Loyal,False,
PR0008870,2026-03-02,スマートフォン,ミドルレンジ機種,78595,EC,,C03483,小川,男,45,京都府,2025-11-07,3,304797,Loyal,False,
PR0008872,2025-11-23,洗濯機,コンパクト洗濯機,180200,EC,,C03483,小川,男,45,京都府,2025-11-07,3,304797,Loyal,True,
PR0008873,2024-09-08,PC・タブレット,ノートPC 13型,64004,EC,,C03484,山本,男,41,兵庫県,2024-07-04,3,326398,Loyal,True,
PR0008875,2025-07-22,オーディオ,ワイヤレスイヤホン,127551,EC,,C03484,山本,男,41,兵庫県,2024-07-04,3,326398,Loyal,False,
PR0008874,2026-02-18,スマートフォン,スタンダード 128GB,134843,EC,,C03484,山本,男,41,兵庫県,2024-07-04,3,326398,Loyal,False,
PR0008877,2025-12-30,エアコン,エアコン 14畳用,214256,店舗,福岡天神店,C03485,山田,女,46,広島県,2025-12-05,2,223641,Regular,True,
PR0008876,2026-03-22,美容家電・小物,美顔器,9385,店舗,新宿店,C03485,山田,女,46,広島県,2025-12-05,2,223641,Regular,False,
PR0008878,2024-10-19,PC・タブレット,タブレット 10型,217513,EC,,C03486,森,男,53,埼玉県,2023-04-21,3,758101,Loyal,False,
PR0008879,2023-12-09,エアコン,エアコン 18畳用,244117,店舗,名古屋栄店,C03486,森,男,53,埼玉県,2023-04-21,3,758101,Loyal,True,
PR0008880,2024-11-08,カメラ・ビデオ,ミラーレス一眼,296471,店舗,新宿店,C03486,森,男,53,埼玉県,2023-04-21,3,758101,Loyal,False,
PR0008883,2023-07-11,洗濯機,ドラム式洗濯機,101279,店舗,札幌駅前店,C03487,石川,女,53,埼玉県,2021-09-11,3,234422,Loyal,False,
PR0008881,2023-05-10,美容家電・小物,電動歯ブラシ,78960,店舗,名古屋栄店,C03487,石川,女,53,埼玉県,2021-09-11,3,234422,Loyal,True,
PR0008882,2026-01-16,美容家電・小物,ドライヤー,54183,店舗,池袋店,C03487,石川,女,53,埼玉県,2021-09-11,3,234422,Loyal,False,982
PR0008885,2025-08-07,冷蔵庫,フレンチドア 700L,170186,EC,,C03488,加藤,女,57,愛知県,2021-11-27,2,236886,Regular,True,
PR0008884,2025-08-11,美容家電・小物,マッサージガン,66700,EC,,C03488,加藤,女,57,愛知県,2021-11-27,2,236886,Regular,False,
PR0008886,2026-02-24,スマートフォン,最新スマホ 256GB,37606,店舗,福岡天神店,C03489,坂本,女,43,東京都,2025-02-18,1,37606,Light,True,
PR0008889,2025-11-13,スマートフォン,コンパクトモデル,80748,EC,,C03490,山下,男,51,京都府,2025-10-05,3,556331,Loyal,True,
PR0008887,2026-03-08,冷蔵庫,フレンチドア 700L,190201,店舗,新宿店,C03490,山下,男,51,京都府,2025-10-05,3,556331,Loyal,False,
PR0008888,2026-01-09,洗濯機,乾燥機能付き 10kg,285382,店舗,名古屋栄店,C03490,山下,男,51,京都府,2025-10-05,3,556331,Loyal,False,
PR0008890,2026-01-14,PC・タブレット,タブレット 10型,334606,店舗,札幌駅前店,C03491,高橋,女,70,京都府,2025-12-14,2,405151,Regular,True,
PR0008891,2026-03-26,美容家電・小物,電気シェーバー,70545,店舗,秋葉原店,C03491,高橋,女,70,京都府,2025-12-14,2,405151,Regular,False,
PR0008892,2024-08-01,オーディオ,サウンドバー,72280,EC,,C03492,山下,女,52,大阪府,2021-11-16,2,435007,Regular,True,
PR0008893,2025-07-12,テレビ,プロジェクター,362727,EC,,C03492,山下,女,52,大阪府,2021-11-16,2,435007,Regular,False,
PR0008894,2026-01-19,スマートフォン,Pro モデル 512GB,180267,EC,,C03493,藤田,女,38,福岡県,2025-09-10,2,195958,Regular,False,
PR0008895,2025-12-14,美容家電・小物,マッサージガン,15691,EC,,C03493,藤田,女,38,福岡県,2025-09-10,2,195958,Regular,True,
PR0008896,2025-01-02,PC・タブレット,ノートPC 15型,246207,店舗,横浜駅前店,C03494,斎藤,女,22,千葉県,2024-07-12,2,364370,Regular,False,
PR0008897,2024-08-26,スマートフォン,コンパクトモデル,118163,EC,,C03494,斎藤,女,22,千葉県,2024-07-12,2,364370,Regular,True,
PR0008899,2026-03-14,スマートフォン,ミドルレンジ機種,140239,EC,,C03495,村上,男,57,兵庫県,2025-10-04,2,210975,Regular,False,
PR0008898,2025-11-21,テレビ,4K テレビ 50型,70736,店舗,名古屋栄店,C03495,村上,男,57,兵庫県,2025-10-04,2,210975,Regular,True,
PR0008900,2025-08-24,PC・タブレット,2-in-1 PC,94942,店舗,札幌駅前店,C03496,中村,女,31,宮城県,2024-11-21,8,1354049,VIP,False,
PR0008906,2026-03-20,オーディオ,ホームオーディオ,169892,EC,,C03496,中村,女,31,宮城県,2024-11-21,8,1354049,VIP,False,
PR0008905,2025-12-17,カメラ・ビデオ,ビデオカメラ,239513,店舗,秋葉原店,C03496,中村,女,31,宮城県,2024-11-21,8,1354049,VIP,False,
PR0008902,2025-05-17,ゲーム・玩具,据置型ゲーム機,73982,店舗,秋葉原店,C03496,中村,女,31,宮城県,2024-11-21,8,1354049,VIP,False,
PR0008901,2025-10-03,テレビ,4K テレビ 50型,86197,店舗,渋谷店,C03496,中村,女,31,宮城県,2024-11-21,8,1354049,VIP,False,
PR0008907,2025-09-09,冷蔵庫,冷蔵庫 600L 大型,404887,店舗,新宿店,C03496,中村,女,31,宮城県,2024-11-21,8,1354049,VIP,False,
PR0008903,2025-05-23,洗濯機,コンパクト洗濯機,250148,店舗,秋葉原店,C03496,中村,女,31,宮城県,2024-11-21,8,1354049,VIP,False,
PR0008904,2025-05-13,美容家電・小物,電動歯ブラシ,34488,店舗,池袋店,C03496,中村,女,31,宮城県,2024-11-21,8,1354049,VIP,True,
PR0008908,2023-12-27,テレビ,4K テレビ 50型,233126,店舗,渋谷店,C03497,青木,女,48,福岡県,2023-02-26,1,233126,Inactive,True,
PR0008911,2023-09-29,PC・タブレット,ゲーミングPC,205613,店舗,池袋店,C03498,渡辺,男,54,愛知県,2022-05-18,3,521653,Loyal,True,
PR0008910,2025-02-26,エアコン,エアコン 18畳用,310794,EC,,C03498,渡辺,男,54,愛知県,2022-05-18,3,521653,Loyal,False,
PR0008909,2023-12-22,ゲーム・玩具,ボードゲーム,5246,店舗,札幌駅前店,C03498,渡辺,男,54,愛知県,2022-05-18,3,521653,Loyal,False,
PR0008913,2024-08-27,洗濯機,ドラム式洗濯機,279054,店舗,渋谷店,C03499,藤田,女,24,宮城県,2022-06-18,2,298188,Regular,False,
PR0008912,2023-03-06,美容家電・小物,電気シェーバー,19134,店舗,大阪梅田店,C03499,藤田,女,24,宮城県,2022-06-18,2,298188,Regular,True,
PR0008920,2025-12-12,PC・タブレット,タブレット 10型,210127,EC,,C03500,加藤,女,60,福岡県,2023-09-12,7,1299441,VIP,False,
PR0008916,2023-09-24,エアコン,エアコン 18畳用,119107,EC,,C03500,加藤,女,60,福岡県,2023-09-12,7,1299441,VIP,True,
PR0008917,2024-01-02,スマートフォン,コンパクトモデル,180547,EC,,C03500,加藤,女,60,福岡県,2023-09-12,7,1299441,VIP,False,
PR0008918,2025-10-15,スマートフォン,Pro モデル 512GB,196297,EC,,C03500,加藤,女,60,福岡県,2023-09-12,7,1299441,VIP,False,652
PR0008919,2025-08-24,冷蔵庫,コンパクト冷蔵庫,330516,店舗,新宿店,C03500,加藤,女,60,福岡県,2023-09-12,7,1299441,VIP,False,
PR0008914,2025-03-29,洗濯機,コンパクト洗濯機,209582,EC,,C03500,加藤,女,60,福岡県,2023-09-12,7,1299441,VIP,False,
PR0008915,2024-10-30,美容家電・小物,マッサージガン,53265,EC,,C03500,加藤,女,60,福岡県,2023-09-12,7,1299441,VIP,False,
