transaction_id,company_name,department,transaction_date,amount
T002069,神戸物産株式会社,サポート部,2025-09-07,2043540
T000749,株式会社 東海運輸,経理部,2025-03-03,230872
T000406,阪神運輸,営業部,2025-02-06,460703
T002118,日本化学工業 ,経理部,2025-09-08,714391
T001270,東京メディカル 佐藤様,営業部,2025-05-28,761479
T001335,エービーシー商事 (契約更新),営業部,2025-06-07,1218552
T002395,西日本電気,経理部,2025-10-18,1012947
T001629,大阪電子工業(株) (物流),サポート部,2025-07-04,1730050
T003728,関西エネルギー株式会社,経理部,2026-03-22,319948
T001276,中部不動産(株),経理部,2025-05-07,520863
T002176,東京メディカル ,経理部,2025-09-16,262663
T002327,京都製造,営業部,2025-10-08,2183793
T002894,京都製造株式会社,営業部,2025-12-31,5378522
T002157,九州自動車工業(株)	,サポート部,2025-09-03,296034
T001117,XYZコーポレーション,経理部,2025-05-28,4501421
T000974,兵庫食品工業株式会社,経理部,2025-04-10,369662
T002980,西日本電気株式会社,営業部,2025-12-15,473859
T000075,京都製造(株),サポート部,2025-01-28,2990928
T003267,未設定,営業部,2026-01-08,317826
T000115,株式会社 関西エネルギー  ,営業部,2025-01-07,477501
T002775,株式会社 東海運輸 高橋課長,サポート部,2025-11-04,88985
T000727,(株)北海道乳業,サポート部,2025-03-28,450858
T001503,兵庫食品工業(株),営業部,2025-06-27,270583
T001699,日本化学工業,経理部,2025-07-01,232240
T002595,株式会社 京都製造 (4月から),サポート部,2025-11-15,6409401
T000835,大阪電子工業株式会社,営業部,2025-04-10,2298213
T000965,兵庫食品工業(株),経理部,2025-04-23,796289
T000644,大阪鉄鋼株式会社,サポート部,2025-03-13,915892
T000712,九州自動車工業 ,サポート部,2025-03-05,308133
T000232,株式会社 山陽建設,営業部,2025-01-30,76893
T003640,大阪電子工業株式会社,営業部,2026-03-23,4626271
T001823,株式会社 大阪電子工業,経理部,2025-08-06,940182
T002009,株式会社 大阪電子工業,経理部,2025-09-22,1404764
T002991,西日本電気(株),経理部,2025-12-30,624439
T000486,(株)東北機械工業,営業部,2025-02-01,120231
T002550,XYZコーポレーション,営業部,2025-11-20,5115058
T003754,西日本電気(株),サポート部,2026-03-14,476207
T002653,(株)西日本電気,サポート部,2025-11-15,730295
T002116,日本化学工業株式会社 渡辺さん,経理部,2025-09-04,435424
T001040,瀬戸内テクノロジー ,サポート部,2025-04-24,60645
T001337,(株)ABC商事,営業部,2025-06-14,1740024
T002962,株式会社 大阪鉄鋼,営業部,2025-12-13,673793
T001327,,サポート部,2025-06-21,4111393
T000533,XYZコーポレーション [要確認],サポート部,2025-03-25,3799635
T000524,株式会社 ABC商事,経理部,2025-03-30,5596299
T000164,兵庫食品工業(株),サポート部,2025-01-27,589518
T002462,東京メディカル株式会社,営業部,2025-10-01,927327
T000716,九州自動車工業 ,経理部,2025-03-09,833089
T003149,XYZコーポレーション,サポート部,2026-01-15,2762313
T001354,XYZコーポレーション (医療),サポート部,2025-06-21,3401707
T000063,大阪電子工業(株),経理部,2025-01-11,2687789
T000396,株式会社 日本化学工業,営業部,2025-02-17,322260
T001831,大阪電子工業 購買部,サポート部,2025-08-28,3883746
T003441,京都製造(株) 購買部,経理部,2026-02-08,1617929
T000654,西日本電気株式会社 (食品),サポート部,2025-03-27,593096
T003285,兵庫食品工業 ,経理部,2026-01-17,465716
T000068,未設定,サポート部,2025-01-22,2301993
T001621,大阪電子工業 経理部,経理部,2025-07-21,1285279
T002794,ジャパン医薬品株式会社,経理部,2025-11-15,69641
T001839,株式会社 京都製造,サポート部,2025-08-03,1264490
T001284,中部不動産株式会社  ,経理部,2025-05-24,769508
T001476,N/A,経理部,2025-06-04,379420
T003710,神戸物産株式会社,経理部,2026-03-22,4993801
T001778,新潟食品株式会社,経理部,2025-07-02,177652
T002513,ABC商事株式会社,営業部,2025-11-09,4501335
T000112,関西エネルギー,サポート部,2025-01-03,460247
T000409,阪神運輸株式会社,経理部,2025-02-06,703681
T003677,京都製造株式会社,サポート部,2026-03-10,2621155
T003462,(株)神戸物産 (物流),営業部,2026-02-25,6014734
T001565,株式会社 大阪ファイナンス,サポート部,2025-06-30,192798
T003011,阪神運輸(株) (4月から),経理部,2025-12-02,810730
T000494,エービーシー商事,営業部,2025-03-01,1943458
T003308,北海道乳業株式会社,営業部,2026-01-19,441827
T002192,近畿システムズ株式会社,営業部,2025-09-26,148568
T000922,(不明),営業部,2025-04-15,568591
T001951,瀬戸内テクノロジー(株),経理部,2025-08-31,157579
T001144,株式会社 京都製造,営業部,2025-05-07,1776312
T002636,関西エネルギー(株),経理部,2025-11-14,339565
T001537,(株)中部不動産,経理部,2025-06-09,663518
T002682,日本化学工業 田中様,営業部,2025-11-14,900811
T001174,株式会社 神戸物産,営業部,2025-05-21,3789192
T003647,旧株式会社 大阪電子工業,営業部,2026-03-24,4991943
T001370,XYZコーポレーション 山田部長,経理部,2025-06-15,1979615
T002297,大阪電子工業 (食品),営業部,2025-10-05,5574128
T003630,XYZコーポレーション 鈴木様,サポート部,2026-03-01,1880547
T000472,山陽建設 総務部,営業部,2025-02-05,69927
T000630,（株）関西エネルギー,経理部,2025-03-13,562864
T000947,株式会社 日本化学工業  ,経理部,2025-04-22,621536
T002779,山陽建設株式会社,経理部,2025-11-10,245736
T001692,西日本電気株式会社,営業部,2025-07-18,284634
T003493,大阪鉄鋼,経理部,2026-02-02,545964
T003386,エービーシー商事 佐藤様,サポート部,2026-02-17,1336423
T000581,京都製造   ,経理部,2025-03-27,2924979
T002830,XYZコーポレーション,営業部,2025-12-02,6786227
T001593,ABC商事株式会社 鈴木様,営業部,2025-07-07,3040889
T002911,旧京都製造（株）,サポート部,2025-12-29,6639883
T001641,大阪電子工業株式会社 [要確認],経理部,2025-07-04,1934028
T000921,大阪鉄鋼株式会社  ,サポート部,2025-04-22,208887
T002704,兵庫食品工業 ,経理部,2025-11-19,875425
T003199,京都製造(株) 高橋課長,サポート部,2026-01-21,5485593
T002746,東京メディカル株式会社,サポート部,2025-11-24,794496
T000012,エービーシー商事,営業部,2025-01-28,1459901
T001265,北海道乳業株式会社,営業部,2025-05-01,384630
T002023,大阪電子工業株式会社,営業部,2025-09-22,1636889
T001463,(不明),営業部,2025-06-16,581242
T003685,神戸物産株式会社 経営企画,営業部,2026-03-28,6145669
T001793,株式会社ABC商事,サポート部,2025-08-16,1864012
T001749,東京メディカル,経理部,2025-07-13,705594
T000025,ABC商事,サポート部,2025-01-28,2385917
T002988,西日本電気,サポート部,2025-12-20,787728
T000886,神戸物産(株)  ,経理部,2025-04-06,2291995
T002954,(株)関西エネルギー,サポート部,2025-12-21,337678
T001107,XYZコーポレーション  ,経理部,2025-05-24,3072691
T000666,西日本電気株式会社  ,営業部,2025-03-16,846634
T003387,XYZコーポレーション [要確認],経理部,2026-02-23,3179039
T002376,N/A,経理部,2025-10-24,672414
T003558,株式会社 東海運輸 (医療),営業部,2026-02-18,131190
T003105,(株)東北機械工業,営業部,2025-12-11,165130
T002586,京都製造(株),経理部,2025-11-24,5824275
T000544,XYZコーポレーション  ,経理部,2025-03-13,4141819
T000539,XYZコーポレーション,営業部,2025-03-03,2634800
T002501,新潟食品,サポート部,2025-10-22,165583
T000123,N/A,経理部,2025-01-19,221753
T002902,京都製造株式会社,サポート部,2025-12-02,1832695
T002759,旧中部不動産,サポート部,2025-11-27,413961
T002188,中部不動産(株),サポート部,2025-09-28,261888
T003486,大阪鉄鋼株式会社,経理部,2026-02-09,704545
T001576,(株)新潟食品,サポート部,2025-06-01,90120
T003520,九州自動車工業,営業部,2026-02-25,424894
T003590,株式会社 ABC商事,サポート部,2026-03-08,7920746
T000453,東京メディカル株式会社,サポート部,2025-02-17,668112
T003145,(株)ABC商事,営業部,2026-01-11,3295811
T000127,西日本電気,サポート部,2025-01-15,292337
T001435,神戸物産 ,サポート部,2025-06-23,2782490
T000511,株式会社ABC商事,経理部,2025-03-13,4077811
T003668,京都製造株式会社,サポート部,2026-03-09,6890374
T000601,京都製造,営業部,2025-03-05,5336449
T003211,(株)京都製造,営業部,2026-01-17,2857179
T001060,(株)ABC商事,サポート部,2025-05-12,1236765
T000672,日本化学工業,経理部,2025-03-01,596667
T000695,兵庫食品工業 [要確認],経理部,2025-03-06,285374
T000070,京都製造(株),営業部,2025-01-23,2610522
T002933,神戸物産株式会社,営業部,2025-12-21,2641478
T003232,旧神戸物産(株),営業部,2026-01-20,3934953
T000008,株式会社 ABC商事 高橋課長,サポート部,2025-01-08,4446889
T002652,(株)大阪鉄鋼,営業部,2025-11-13,271061
T000946,日本化学工業,サポート部,2025-04-16,431287
T003557,(株)東海運輸,経理部,2026-02-08,75510
T002081,神戸物産株式会社,サポート部,2025-09-22,1756722
T000044,XYZコーポレーション,営業部,2025-01-31,4683131
T000253,-,サポート部,2025-01-20,161703
T002051,京都製造株式会社,営業部,2025-09-28,4088192
T002996,日本化学工業株式会社 購買部,営業部,2025-12-27,573458
T000225,東海運輸株式会社,サポート部,2025-01-27,188027
T003092,大阪ファイナンス,営業部,2025-12-27,141748
T002010,大阪電子工業  ,営業部,2025-09-21,1106593
T000129,西日本電気 ,営業部,2025-01-20,722707
T002695,阪神運輸株式会社  ,営業部,2025-11-05,936881
T001297,四国電機株式会社,営業部,2025-05-06,135661
T001345,XYZコーポレーション,経理部,2025-06-10,3688753
T002217,東北機械工業,営業部,2025-09-16,151861
T002564,大阪電子工業   ,営業部,2025-11-17,2401743
T000390,西日本電気株式会社,サポート部,2025-02-03,603792
T003490,株式会社 大阪鉄鋼,営業部,2026-02-17,581767
T001280,中部不動産株式会社,サポート部,2025-05-09,279574
T003234,関西エネルギー,経理部,2026-01-03,261038
T000324,京都製造 ,サポート部,2025-02-19,2925823
T002438,株式会社 九州自動車工業,営業部,2025-10-11,820426
T000721,,サポート部,2025-03-26,852309
T002744,東京メディカル,経理部,2025-11-03,374548
T001030,近畿システムズ株式会社 (食品),サポート部,2025-04-03,54929
T001363,XYZコーポレーション,サポート部,2025-06-30,3038122
T001673,関西エネルギー株式会社 (契約更新),経理部,2025-07-29,675504
T001825,株式会社 大阪電子工業,営業部,2025-08-07,2426087
T001571,旧東北機械工業(株),経理部,2025-06-11,137841
T003273,日本化学工業(株) (新規),経理部,2026-01-09,535129
T001618,大阪電子工業(株),営業部,2025-07-25,4464919
T001524,-,営業部,2025-06-01,524135
T001433,神戸物産株式会社,サポート部,2025-06-14,3839682
T002813,ABC商事 ,経理部,2025-12-09,2892096
T003550,中部不動産株式会社,営業部,2026-02-08,732125
T001224,(株)日本化学工業,営業部,2025-05-31,559279
T002107,西日本電気株式会社,営業部,2025-09-08,657125
T003678,京都製造株式会社,サポート部,2026-03-15,6280810
T001089,XYZコーポレーション  ,サポート部,2025-05-12,4445056
T000866,京都製造株式会社,サポート部,2025-04-13,3993379
T000617,旧株式会社 神戸物産,サポート部,2025-03-20,5568964
T001255,九州自動車工業,サポート部,2025-05-05,692331
T002354,(株)神戸物産,サポート部,2025-10-31,4074470
T002168,東京メディカル ,サポート部,2025-09-26,703787
T000771,ジャパン医薬品株式会社,営業部,2025-03-24,82141
T001844,京都製造,経理部,2025-08-10,1774637
T000224,近畿システムズ 田中様,サポート部,2025-01-31,177473
T000559,大阪電子工業,営業部,2025-03-11,4376091
T001383,(株)大阪電子工業  ,経理部,2025-06-08,1447053
T000346,神戸物産,サポート部,2025-02-22,3183682
T002126,(株)阪神運輸  ,経理部,2025-09-10,423885
T001700,日本化学工業 ,営業部,2025-07-22,197075
T001534,中部不動産株式会社  ,営業部,2025-06-16,302137
T001894,日本化学工業,営業部,2025-08-30,667033
T000373,関西エネルギー(株) (医療),営業部,2025-02-16,395298
T003747,西日本電気 (新規),サポート部,2026-03-31,282161
T002486,瀬戸内テクノロジー株式会社,サポート部,2025-10-05,185412
T000811,XYZコーポレーション,サポート部,2025-04-30,3539101
T000462,中部不動産株式会社  ,経理部,2025-02-25,473211
T002332,(株)京都製造,経理部,2025-10-03,4570456
T001838,京都製造(株),経理部,2025-08-04,2067331
T001253,(株)九州自動車工業 佐藤様,サポート部,2025-05-24,666222
T000668,日本化学工業株式会社,経理部,2025-03-22,529842
T000715,九州自動車工業,営業部,2025-03-04,649492
T001643,大阪電子工業株式会社,営業部,2025-07-04,2536254
T000709,九州自動車工業株式会社,経理部,2025-03-20,248334
T001720,九州自動車工業(株),サポート部,2025-07-26,438948
T002842,XYZコーポレーション,営業部,2025-12-08,4570515
T002807,全国保険株式会社,営業部,2025-11-18,85711
T003723,神戸物産  ,経理部,2026-03-27,5804622
T003667,京都製造株式会社,サポート部,2026-03-23,6430994
T002974,大阪鉄鋼,営業部,2025-12-18,459069
T000565,大阪電子工業株式会社,サポート部,2025-03-31,2663784
T000785,株式会社 ABC商事,経理部,2025-04-13,1329158
T000707,(株)九州自動車工業 (IT),営業部,2025-03-24,491238
T001093,XYZコーポレーション (継続),サポート部,2025-05-10,1378537
T001419,神戸物産株式会社,サポート部,2025-06-14,4445905
T001799,XYZコーポレーション (医療),サポート部,2025-08-11,3306385
T000923,大阪鉄鋼株式会社 経営企画,営業部,2025-04-02,427357
T001096,XYZコーポレーション,サポート部,2025-05-23,2094587
T002151,九州自動車工業(株) 渡辺さん,経理部,2025-09-10,479626
T000431,九州自動車工業  ,営業部,2025-02-03,520148
T002302,大阪電子工業	,経理部,2025-10-26,3951363
T002052,京都製造(株) [要確認],営業部,2025-09-11,1942983
T003823,中部不動産株式会社 (継続),サポート部,2026-03-16,470470
T000699,(株)兵庫食品工業 佐藤様,経理部,2025-03-01,568549
T000557,大阪電子工業  ,サポート部,2025-03-14,1472102
T002812,株式会社ABC商事,営業部,2025-12-17,3082955
T002710,株式会社 兵庫食品工業  ,営業部,2025-11-18,277895
T003091,瀬戸内テクノロジー株式会社,営業部,2025-12-19,210378
T002143,九州自動車工業株式会社,経理部,2025-09-11,506550
T000806,XYZコーポレーション,経理部,2025-04-11,3054927
T003442,京都製造 ,経理部,2026-02-16,2663541
T003616,XYZコーポレーション 渡辺さん,営業部,2026-03-28,2763918
T001355,XYZコーポレーション 渡辺さん,経理部,2025-06-10,1026928
T000846,大阪電子工業 ,サポート部,2025-04-19,4060703
T001941,東海運輸 ,経理部,2025-08-19,44639
T001840,京都製造株式会社,経理部,2025-08-31,921685
T000051,(株)大阪電子工業,営業部,2025-01-12,4272044
T003656,京都製造(株),経理部,2026-03-31,2001373
T001291,山陽建設株式会社  ,営業部,2025-05-10,135479
T001010,(株)東京メディカル  ,営業部,2025-04-30,594025
T002773,(株)近畿システムズ  ,営業部,2025-11-11,81799
T003133,(株)ABC商事 (新規),サポート部,2026-01-01,1826071
T003087,瀬戸内テクノロジー,営業部,2025-12-09,200270
T002658,西日本電気株式会社 購買部,営業部,2025-11-02,1008878
T001220,日本化学工業株式会社,経理部,2025-05-01,263098
T002884,大阪電子工業株式会社,営業部,2025-12-23,6933969
T000677,阪神運輸株式会社 渡辺さん,営業部,2025-03-20,289118
T002783,四国電機株式会社,サポート部,2025-11-26,170140
T003183,株式会社 大阪電子工業 田中様,サポート部,2026-01-11,3914316
T001710,阪神運輸株式会社,営業部,2025-07-30,309412
T002758,中部不動産(株) 田中様,営業部,2025-11-20,352898
T001723,九州自動車工業(株),経理部,2025-07-15,616680
T000400,日本化学工業(株),経理部,2025-02-08,666952
T001484,日本化学工業(株) (継続),営業部,2025-06-05,667723
T000190,北海道乳業株式会社,サポート部,2025-01-25,492099
T000358,株式会社 神戸物産	,経理部,2025-02-05,4080499
T002201,四国電機株式会社,サポート部,2025-09-12,138646
T000829,XYZコーポレーション (契約更新),サポート部,2025-04-18,1567517
T002937,神戸物産株式会社,営業部,2025-12-12,6394077
T002960,-,経理部,2025-12-03,817061
T001006,東京メディカル ,営業部,2025-04-01,498477
T001910,阪神運輸,経理部,2025-08-24,517013
T001971,株式会社ABC商事,サポート部,2025-09-18,1663639
T001490,阪神運輸株式会社  ,営業部,2025-06-05,460406
T002543,XYZコーポレーション,経理部,2025-11-26,2877706
T003800,九州自動車工業株式会社,サポート部,2026-03-14,695984
T000800,エービーシー商事,サポート部,2025-04-18,3025959
T002805,全国保険(株),サポート部,2025-11-21,121691
T001829,大阪電子工業,営業部,2025-08-15,2597998
T001034,東海運輸(株),サポート部,2025-04-12,142327
T000894,神戸物産株式会社  ,経理部,2025-04-22,1727334
T001765,株式会社 近畿システムズ,サポート部,2025-07-11,81976
T000113,関西エネルギー株式会社,経理部,2025-01-08,747957
T002591,京都製造株式会社,営業部,2025-11-02,3495537
T002638,大阪鉄鋼株式会社,経理部,2025-11-11,641154
T002303,-,経理部,2025-10-20,2203181
T000389,西日本電気 (継続),経理部,2025-02-16,311345
T003410,XYZコーポレーション 鈴木様,経理部,2026-02-15,3204264
T002257,XYZコーポレーション,経理部,2025-10-09,5101172
T003430,京都製造株式会社	,経理部,2026-02-10,2711649
T003124,株式会社 ABC商事,経理部,2026-01-28,1954360
T001455,株式会社 大阪鉄鋼,営業部,2025-06-23,459369
T003289,九州自動車工業 ,営業部,2026-01-08,517532
T002912,旧京都製造株式会社,営業部,2025-12-25,4576846
T000170,(株)兵庫食品工業,サポート部,2025-01-15,666297
T001892,（株）西日本電気,営業部,2025-08-20,453571
T003536,N/A,営業部,2026-02-26,600423
T003708,神戸物産株式会社,営業部,2026-03-20,7159876
T000824,XYZコーポレーション,営業部,2025-04-20,3248815
T000156,阪神運輸株式会社,サポート部,2025-01-26,569435
T000898,神戸物産株式会社,経理部,2025-04-20,1754124
T000296,XYZコーポレーション,経理部,2025-02-24,1135103
T001336,ABC商事 (新規),営業部,2025-06-08,3128292
T003497,西日本電気株式会社,経理部,2026-02-13,650390
T002298,大阪電子工業(株)	,サポート部,2025-10-04,3140827
T003830,株式会社 東海運輸,経理部,2026-03-08,53023
T003210,-,サポート部,2026-01-21,4500209
T000933,株式会社 西日本電気,営業部,2025-04-17,714514
T000545,XYZコーポレーション 佐藤様,サポート部,2025-03-18,4458178
T001703,日本化学工業株式会社,サポート部,2025-07-01,394342
T001036,山陽建設株式会社 鈴木様,サポート部,2025-04-10,95029
T000759,(株)瀬戸内テクノロジー,営業部,2025-03-26,198008
T003621,XYZコーポレーション,営業部,2026-03-30,3243560
T000865,京都製造株式会社,経理部,2025-04-27,4934357
T003775,阪神運輸,サポート部,2026-03-15,702364
T000498,エービーシー商事,サポート部,2025-03-23,2682352
T000784,ABC商事,サポート部,2025-04-23,3416894
T003077,山陽建設   ,営業部,2025-12-27,165585
T002723,北海道乳業株式会社,サポート部,2025-11-08,1001386
T002206,瀬戸内テクノロジー株式会社,経理部,2025-09-01,183758
T000764,大阪ファイナンス株式会社 高橋課長,経理部,2025-03-28,174528
T003182,株式会社 大阪電子工業 経理部,サポート部,2026-01-06,4947205
T000896,神戸物産株式会社,営業部,2025-04-21,1065883
T002012,大阪電子工業,営業部,2025-09-03,4636325
T000825,XYZコーポレーション,サポート部,2025-04-29,2030631
T003659,京都製造株式会社,サポート部,2026-03-06,5498893
T003498,西日本電気株式会社,営業部,2026-02-23,242840
T001188,関西エネルギー株式会社,サポート部,2025-05-19,759193
T000188,株式会社 北海道乳業,営業部,2025-01-28,253945
T001751,(株)中部不動産,経理部,2025-07-30,565862
T002544,XYZコーポレーション,サポート部,2025-11-09,4478312
T000899,神戸物産(株),営業部,2025-04-08,1779264
T002401,日本化学工業,営業部,2025-10-31,586543
T003207,京都製造株式会社 鈴木様,営業部,2026-01-05,6291099
T001746,東京メディカル(株),サポート部,2025-07-06,293990
T001091,XYZコーポレーション,営業部,2025-05-13,2297166
T000159,阪神運輸株式会社,サポート部,2025-01-06,410548
T001408,(不明),営業部,2025-06-06,1022330
T003340,四国電機 ,経理部,2026-01-28,166330
T002393,(株)西日本電気,サポート部,2025-10-31,828098
T000593,京都製造 山田部長,サポート部,2025-03-08,3970734
T001902,日本化学工業株式会社,経理部,2025-08-13,660271
T001539,中部不動産株式会社,営業部,2025-06-05,662241
T001175,神戸物産(株),サポート部,2025-05-05,4362861
T002816,ABC商事  ,サポート部,2025-12-21,4898296
T000259,全国保険(株) 総務部,サポート部,2025-01-01,98771
T001811,XYZコーポレーション (物流),経理部,2025-08-03,2099419
T002111,西日本電気(株),営業部,2025-09-03,436176
T003692,神戸物産株式会社,サポート部,2026-03-04,2805840
T000405,日本化学工業 ,経理部,2025-02-20,546765
T000548,大阪電子工業,経理部,2025-03-22,2808526
T000667,日本化学工業(株),営業部,2025-03-17,593340
T000135,西日本電気,経理部,2025-01-09,635098
T003541,中部不動産,営業部,2026-02-05,505293
T001869,株式会社 関西エネルギー,サポート部,2025-08-11,512313
T002755,中部不動産株式会社,営業部,2025-11-19,591459
T000414,阪神運輸 ,経理部,2025-02-18,662056
T003315,東京メディカル株式会社 購買部,営業部,2026-01-31,332293
T002451,北海道乳業 (食品),サポート部,2025-10-25,1015010
T000534,XYZコーポレーション,営業部,2025-03-17,3230302
T002341,(株)神戸物産  ,経理部,2025-10-24,5177367
T000629,関西エネルギー,営業部,2025-03-08,546805
T003190,株式会社 京都製造,サポート部,2026-01-28,5451841
T001694,西日本電気株式会社,営業部,2025-07-07,696295
T002357,神戸物産(株) 鈴木様,サポート部,2025-10-12,3549985
T002006,XYZコーポレーション,サポート部,2025-09-11,1049125
T003014,株式会社 兵庫食品工業,営業部,2025-12-19,590511
T003534,(株)北海道乳業 山田部長,サポート部,2026-02-19,320966
T000491,全国保険 ,サポート部,2025-02-05,177853
T001997,XYZコーポレーション,サポート部,2025-09-14,1278190
T003303,北海道乳業  ,経理部,2026-01-27,414199
T002983,,営業部,2025-12-30,819473
T001940,近畿システムズ株式会社	,経理部,2025-08-15,61080
T002659,西日本電気 ,営業部,2025-11-03,883186
T001925,(株)北海道乳業,営業部,2025-08-06,675931
T002161,(株)北海道乳業 (物流),営業部,2025-09-19,398543
T001507,九州自動車工業 ,サポート部,2025-06-13,287679
T002024,大阪電子工業(株),営業部,2025-09-21,1491958
T002613,神戸物産  ,サポート部,2025-11-22,3789847
T002608,京都製造株式会社,サポート部,2025-11-18,2117436
T002743,東京メディカル株式会社,経理部,2025-11-03,505134
T003446,京都製造 ,経理部,2026-02-12,4445459
T003368,N/A,経理部,2026-02-27,2015477
T001017,中部不動産株式会社,営業部,2025-04-23,325392
T000809,XYZコーポレーション 山田部長,サポート部,2025-04-08,1636310
T001870,関西エネルギー (継続),サポート部,2025-08-27,598400
T002666,旧西日本電気(株),営業部,2025-11-24,932170
T000080,京都製造株式会社,経理部,2025-01-28,4693741
T001293,山陽建設   ,経理部,2025-05-13,103531
T003264,旧(株)西日本電気,経理部,2026-01-25,219347
T002326,(株)京都製造,サポート部,2025-10-19,5570240
T000320,京都製造(株),経理部,2025-02-08,1404205
T001530,東京メディカル,営業部,2025-06-23,442818
T003251,大阪鉄鋼 ,営業部,2026-01-06,900753
T002317,京都製造(株)  ,営業部,2025-10-30,2691204
T001143,京都製造株式会社,営業部,2025-05-15,3616450
T002908,京都製造株式会社,サポート部,2025-12-04,4097482
T003757,株式会社 西日本電気 (食品),営業部,2026-03-04,815438
T003405,XYZコーポレーション,サポート部,2026-02-18,2782159
T001026,-,経理部,2025-04-14,682860
T002428,(株)九州自動車工業,営業部,2025-10-07,432658
T000949,日本化学工業(株),サポート部,2025-04-25,635320
T003579,エービーシー商事,経理部,2026-03-07,3759662
T000805,(不明),経理部,2025-04-06,1834143
T002782,山陽建設 ,サポート部,2025-11-14,189109
T003038,北海道乳業株式会社,経理部,2025-12-25,664213
T002091,(株)大阪鉄鋼 (食品),サポート部,2025-09-02,760245
T001300,株式会社 瀬戸内テクノロジー,営業部,2025-05-19,131346
T001770,瀬戸内テクノロジー ,サポート部,2025-07-28,95533
T003531,北海道乳業 (継続),サポート部,2026-02-21,219634
T002673,(不明),経理部,2025-11-24,334005
T003240,(株)関西エネルギー,経理部,2026-01-30,245592
T002424,兵庫食品工業(株) 田中様,営業部,2025-10-10,832755
T001321,ABC商事(株),サポート部,2025-06-13,1892413
T003529,北海道乳業 ,経理部,2026-02-04,571257
T003516,(株)九州自動車工業,営業部,2026-02-04,746882
T003831,東海運輸株式会社 高橋課長,サポート部,2026-03-23,88459
T002928,神戸物産(株),経理部,2025-12-03,4614867
T002198,-,経理部,2025-09-11,153687
T000192,(株)北海道乳業,営業部,2025-01-06,486544
T000301,(株)大阪電子工業,営業部,2025-02-04,3064802
T001262,株式会社 北海道乳業  ,営業部,2025-05-01,277312
T003670,京都製造株式会社 (継続),経理部,2026-03-28,3319231
T003287,(株)兵庫食品工業 高橋課長,サポート部,2026-01-28,767459
T003278,阪神運輸株式会社,経理部,2026-01-04,395898
T002165,(株)東京メディカル,サポート部,2025-09-02,650987
T003392,XYZコーポレーション,経理部,2026-02-07,5157731
T001452,関西エネルギー株式会社,経理部,2025-06-17,214311
T000618,神戸物産,サポート部,2025-03-10,4687660
T003533,北海道乳業  ,経理部,2026-02-22,179919
T000315,(株)大阪電子工業 渡辺さん,営業部,2025-02-20,4131844
T000578,大阪電子工業,サポート部,2025-03-04,5292860
T003787,(株)兵庫食品工業  ,サポート部,2026-03-16,524798
T003376,ABC商事(株) (契約更新),サポート部,2026-02-25,2703462
T002800,株式会社 新潟食品,営業部,2025-11-11,151292
T003600,ABC商事,サポート部,2026-03-22,6683456
T002371,株式会社 大阪鉄鋼,営業部,2025-10-10,660292
T000440,北海道乳業株式会社 高橋課長,サポート部,2025-02-14,476802
T000762,(株)大阪ファイナンス,経理部,2025-03-06,81666
T003725,関西エネルギー(株),サポート部,2026-03-22,1031109
T003773,阪神運輸株式会社,営業部,2026-03-09,417031
T002897,京都製造	,サポート部,2025-12-18,3160971
T001919,九州自動車工業(株)  ,営業部,2025-08-14,280570
T002033,大阪電子工業株式会社,サポート部,2025-09-09,1436062
T000369,関西エネルギー,経理部,2025-02-05,555878
T000144,(株)日本化学工業,営業部,2025-01-13,532043
T003780,阪神運輸株式会社  ,経理部,2026-03-08,778123
T002530,XYZコーポレーション,経理部,2025-11-27,3300207
T000250,東北機械工業株式会社,サポート部,2025-01-29,151356
T002664,西日本電気 ,サポート部,2025-11-21,755766
T000744,中部不動産  ,経理部,2025-03-28,326146
T002831,XYZコーポレーション,経理部,2025-12-21,6939699
T003546,中部不動産,営業部,2026-02-12,563783
T000330,(株)京都製造,経理部,2025-02-21,2486812
T002349,神戸物産株式会社,営業部,2025-10-01,1661115
T003318,東京メディカル(株) 営業部,サポート部,2026-01-02,458089
T003574,エービーシー商事,経理部,2026-03-09,2514443
T001886,(株)西日本電気,サポート部,2025-08-14,527174
T000241,瀬戸内テクノロジー,サポート部,2025-01-20,142488
T000157,未設定,営業部,2025-01-25,343423
T001134,(株)大阪電子工業,経理部,2025-05-16,2868320
T003583,株式会社 ABC商事,経理部,2026-03-26,4971209
T001227,阪神運輸株式会社,サポート部,2025-05-29,712729
T001719,株式会社 九州自動車工業 経理部,経理部,2025-07-06,539830
T001885,大阪鉄鋼,サポート部,2025-08-20,260128
T002164,東京メディカル 佐藤様,サポート部,2025-09-29,463893
T003304,(株)北海道乳業,サポート部,2026-01-03,710270
T003191,株式会社 京都製造,サポート部,2026-01-06,3536711
T002920,(株)京都製造,営業部,2025-12-03,6104390
T002818,株式会社ABC商事,サポート部,2025-12-19,4498631
T000258,旧(株)全国保険,営業部,2025-01-05,188794
T000163,兵庫食品工業,経理部,2025-01-18,329592
T001183,神戸物産株式会社	,サポート部,2025-05-13,4041284
T001436,神戸物産,サポート部,2025-06-22,3555143
T002845,XYZコーポレーション 総務部,経理部,2025-12-23,4892102
T002335,(株)神戸物産,経理部,2025-10-21,5628053
T001326,ABC商事株式会社  ,サポート部,2025-06-16,1283172
T001274,中部不動産(株),サポート部,2025-05-23,718827
T001416,神戸物産株式会社,経理部,2025-06-21,4790224
T000427,九州自動車工業,サポート部,2025-02-16,433422
T001417,株式会社 神戸物産  ,サポート部,2025-06-23,1600808
T000509,ABC商事,サポート部,2025-03-06,1469554
T000303,大阪電子工業株式会社,サポート部,2025-02-09,3721107
T000740,東京メディカル   ,営業部,2025-03-31,840289
T003120,ABC商事 ,サポート部,2026-01-20,4859809
T000307,大阪電子工業株式会社,経理部,2025-02-21,4429627
T000970,兵庫食品工業,サポート部,2025-04-05,205324
T002035,大阪電子工業   ,サポート部,2025-09-04,3414348
T000752,株式会社 山陽建設 (4月から),サポート部,2025-03-16,182407
T000041,XYZコーポレーション,営業部,2025-01-03,3255002
T001963,ABC商事 ,営業部,2025-09-19,3292544
T000216,株式会社 中部不動産,サポート部,2025-01-21,380941
T001086,エービーシー商事,サポート部,2025-05-05,1448010
T002173,(株)東京メディカル,営業部,2025-09-07,299453
T003154,XYZコーポレーション,営業部,2026-01-01,5220391
T003483,大阪鉄鋼 ,経理部,2026-02-19,418207
T003274,日本化学工業(株),営業部,2026-01-10,347130
T002493,大阪ファイナンス ,サポート部,2025-10-12,81697
T000418,(株)兵庫食品工業,営業部,2025-02-28,584068
T002398,西日本電気 ,サポート部,2025-10-06,658470
T003437,京都製造 (医療),経理部,2026-02-02,1704158
T000031,XYZコーポレーション,営業部,2025-01-21,3267390
T003204,(株)京都製造,サポート部,2026-01-25,4012736
T000081,京都製造株式会社,サポート部,2025-01-25,2635722
T001056,全国保険株式会社,営業部,2025-04-22,195171
T003414,大阪電子工業株式会社,経理部,2026-02-18,1180059
T000942,日本化学工業株式会社,サポート部,2025-04-26,748530
T003351,東北機械工業株式会社,営業部,2026-01-29,75906
T003129,株式会社ABC商事,営業部,2026-01-29,6482816
T003501,株式会社 日本化学工業,経理部,2026-02-13,204579
T001369,XYZコーポレーション,サポート部,2025-06-01,3658254
T003200,株式会社 京都製造,サポート部,2026-01-19,5466621
T002105,西日本電気(株)  ,営業部,2025-09-28,722156
T001529,東京メディカル 渡辺さん,営業部,2025-06-19,239225
T003217,神戸物産(株)	,経理部,2026-01-11,2301849
T002629,株式会社 神戸物産,サポート部,2025-11-20,6131538
T002537,XYZコーポレーション,経理部,2025-11-25,4360928
T000375,大阪鉄鋼(株),経理部,2025-02-05,547693
T003595,エービーシー商事,営業部,2026-03-18,1757391
T000807,XYZコーポレーション,営業部,2025-04-21,2268048
T001851,神戸物産 ,経理部,2025-08-23,1222961
T002101,(株)西日本電気,経理部,2025-09-05,433805
T000270,株式会社ABC商事,サポート部,2025-02-08,2206192
T001784,(株)ABC商事,経理部,2025-08-13,3915047
T000972,(株)兵庫食品工業  ,経理部,2025-04-15,719344
T003307,株式会社 北海道乳業,経理部,2026-01-01,606667
T002811,ABC商事,経理部,2025-12-26,5125031
T003186,京都製造株式会社,経理部,2026-01-15,5910600
T001420,(株)神戸物産  ,営業部,2025-06-08,1325161
T001939,近畿システムズ株式会社 山田部長,営業部,2025-08-04,162140
T000702,株式会社 兵庫食品工業,経理部,2025-03-22,819720
T000969,(株)兵庫食品工業,サポート部,2025-04-28,458635
T003509,株式会社 阪神運輸,経理部,2026-02-23,605398
T000034,XYZコーポレーション,サポート部,2025-01-22,4013222
T002413,阪神運輸株式会社  ,サポート部,2025-10-17,1025287
T000547,XYZコーポレーション,サポート部,2025-03-07,1954618
T003654,大阪電子工業(株) (継続),サポート部,2026-03-27,4078099
T001584,株式会社 ABC商事  ,サポート部,2025-07-29,1574482
T000325,京都製造株式会社,営業部,2025-02-07,3606273
T002320,京都製造株式会社 (4月から),営業部,2025-10-06,2871671
T002348,神戸物産株式会社,営業部,2025-10-07,3576943
T002660,西日本電気 ,営業部,2025-11-30,1029476
T003402,XYZコーポレーション,営業部,2026-02-02,4305581
T000673,日本化学工業株式会社,営業部,2025-03-06,516022
T000596,京都製造株式会社,サポート部,2025-03-26,4241054
T002949,関西エネルギー株式会社 (物流),サポート部,2025-12-21,333109
T002641,(株)大阪鉄鋼  ,営業部,2025-11-30,268529
T002594,京都製造,サポート部,2025-11-03,3444814
T001015,(株)東京メディカル  ,営業部,2025-04-30,456639
T001964,ABC商事,経理部,2025-09-25,4229219
T000767,未設定,サポート部,2025-03-28,69837
T003180,旧大阪電子工業(株),経理部,2026-01-06,3571902
T003799,九州自動車工業(株) (IT),サポート部,2026-03-06,511970
T000588,京都製造,サポート部,2025-03-19,2327352
T001946,(株)四国電機 山田部長,サポート部,2025-08-01,113626
T003838,四国電機株式会社,サポート部,2026-03-29,158225
T002846,XYZコーポレーション 田中様,サポート部,2025-12-28,5105598
T003081,山陽建設株式会社,サポート部,2025-12-13,214671
T001182,神戸物産(株) 高橋課長,経理部,2025-05-12,4723178
T002139,(株)兵庫食品工業,経理部,2025-09-13,700044
T000847,株式会社 大阪電子工業,営業部,2025-04-10,2791192
T001816,大阪電子工業株式会社,営業部,2025-08-06,859521
T003680,京都製造 高橋課長,営業部,2026-03-02,3623611
T001821,大阪電子工業(株),経理部,2025-08-31,3109489
T003208,京都製造株式会社,サポート部,2026-01-15,5226936
T003224,神戸物産(株)  ,サポート部,2026-01-15,2652152
T003423,大阪電子工業株式会社,営業部,2026-02-14,4776445
T000142,日本化学工業株式会社 佐藤様,経理部,2025-01-24,351157
T000343,神戸物産株式会社,経理部,2025-02-28,3571012
T000515,ABC商事 ,サポート部,2025-03-15,1424563
T003096,大阪ファイナンス株式会社 (医療),サポート部,2025-12-07,234487
T002748,東京メディカル株式会社,経理部,2025-11-29,380551
T003709,(株)神戸物産,経理部,2026-03-15,3072629
T002736,(株)北海道乳業,サポート部,2025-11-08,763514
T002765,中部不動産(株),サポート部,2025-11-13,346122
T000589,京都製造,サポート部,2025-03-04,3378594
T000508,株式会社 ABC商事,経理部,2025-03-29,3629692
T002319,京都製造,サポート部,2025-10-02,4422204
T000874,京都製造 ,サポート部,2025-04-14,2643818
T000522,エービーシー商事,営業部,2025-03-07,5340099
T000043,XYZコーポレーション,営業部,2025-01-20,4385222
T002258,XYZコーポレーション,営業部,2025-10-19,1941598
T000697,株式会社 兵庫食品工業,経理部,2025-03-30,353454
T003727,関西エネルギー,サポート部,2026-03-19,993139
T002057,神戸物産 ,経理部,2025-09-14,2552850
T001153,株式会社 京都製造  ,経理部,2025-05-02,2400268
T001707,阪神運輸株式会社,サポート部,2025-07-16,516867
T000817,,サポート部,2025-04-20,2119302
T003003,阪神運輸株式会社 鈴木様,サポート部,2025-12-23,550306
T002801,株式会社 新潟食品,経理部,2025-11-22,211277
T000939,西日本電気（株）  ,営業部,2025-04-24,398667
T000605,神戸物産,サポート部,2025-03-01,3869410
T002425,株式会社 九州自動車工業  ,営業部,2025-10-01,405623
T002437,株式会社 九州自動車工業 (4月から),経理部,2025-10-04,278756
T003464,神戸物産株式会社,サポート部,2026-02-10,4334815
T001909,阪神運輸株式会社 佐藤様,営業部,2025-08-20,392768
T001441,神戸物産,営業部,2025-06-17,4463351
T000460,中部不動産 ,営業部,2025-02-27,253503
T002834,XYZコーポレーション,経理部,2025-12-15,6304908
T003249,,サポート部,2026-01-15,250578
T000091,-,サポート部,2025-01-23,1480385
T000432,九州自動車工業株式会社,サポート部,2025-02-13,468314
T001921,株式会社 北海道乳業,経理部,2025-08-09,256566
T001208,西日本電気株式会社,営業部,2025-05-26,759461
T001915,兵庫食品工業株式会社,経理部,2025-08-22,532172
T002581,株式会社 京都製造,営業部,2025-11-09,2852683
T002377,(株)大阪鉄鋼  ,経理部,2025-10-07,730402
T001161,神戸物産 ,サポート部,2025-05-27,4947666
T002435,(株)九州自動車工業,サポート部,2025-10-23,314806
T001639,大阪電子工業株式会社,営業部,2025-07-05,2448901
T002703,兵庫食品工業(株)  ,経理部,2025-11-08,339944
T000681,旧(株)阪神運輸,営業部,2025-03-19,362955
T000993,株式会社 北海道乳業,サポート部,2025-04-05,570274
T001845,神戸物産株式会社 (契約更新),経理部,2025-08-25,3138210
T000815,XYZコーポレーション,サポート部,2025-04-29,2736610
T000413,阪神運輸(株),経理部,2025-02-08,687350
T003380,ABC商事株式会社,サポート部,2026-02-17,1769963
T001769,瀬戸内テクノロジー株式会社 経理部,サポート部,2025-07-05,159309
T003297,旧九州自動車工業株式会社,サポート部,2026-01-13,836336
T000289,XYZコーポレーション (契約更新),サポート部,2025-02-05,3188556
T003675,京都製造(株),営業部,2026-03-22,4392672
T002946,神戸物産 ,経理部,2025-12-13,4671774
T002172,東京メディカル(株) (契約更新),営業部,2025-09-12,214627
T003373,ABC商事,サポート部,2026-02-04,3187689
T003327,(株)近畿システムズ [要確認],営業部,2026-01-31,147414
T002721,九州自動車工業株式会社  ,経理部,2025-11-21,293987
T003846,大阪ファイナンス株式会社,サポート部,2026-03-10,76001
T002227,ABC商事(株),営業部,2025-10-16,3658179
T000731,北海道乳業(株) 山田部長,サポート部,2025-03-09,340743
T000397,株式会社 日本化学工業 (医療),経理部,2025-02-04,313701
T000222,近畿システムズ(株),サポート部,2025-01-27,83500
T002914,株式会社 京都製造,経理部,2025-12-20,6846411
T003171,(株)大阪電子工業,営業部,2026-01-20,4495826
T001108,XYZコーポレーション [要確認],経理部,2025-05-24,3840335
T000774,(株)新潟食品,経理部,2025-03-15,194346
T000359,神戸物産株式会社,経理部,2025-02-12,1128191
T001065,ABC商事株式会社,営業部,2025-05-26,4208239
T002273,大阪電子工業 ,営業部,2025-10-16,2467522
T000151,阪神運輸株式会社  ,経理部,2025-01-22,773149
T003748,西日本電気株式会社  ,営業部,2026-03-26,598299
T002573,大阪電子工業(株) (IT),営業部,2025-11-22,4209155
T002265,XYZコーポレーション,サポート部,2025-10-12,4761481
T001542,中部不動産株式会社,営業部,2025-06-28,310412
T000902,(株)神戸物産,営業部,2025-04-24,4067265
T002236,(不明),サポート部,2025-10-15,3757859
T003733,株式会社 大阪鉄鋼,サポート部,2026-03-04,321165
T001440,神戸物産(株),サポート部,2025-06-24,3647345
T003072,旧近畿システムズ株式会社,営業部,2025-12-24,274099
T001818,大阪電子工業株式会社,営業部,2025-08-05,2674309
T001591,(株)ABC商事,経理部,2025-07-10,1525319
T001233,阪神運輸 ,経理部,2025-05-23,419242
T002753,株式会社 中部不動産 (継続),営業部,2025-11-30,845210
T000145,日本化学工業(株),サポート部,2025-01-20,271744
T002826,ABC商事 (IT),営業部,2025-12-06,2255586
T002205,株式会社 瀬戸内テクノロジー,経理部,2025-09-05,86090
T000087,株式会社 京都製造 佐藤様,営業部,2025-01-09,4501870
T000730,N/A,サポート部,2025-03-24,895488
T002378,大阪鉄鋼,経理部,2025-10-06,938325
T001736,北海道乳業 ,サポート部,2025-07-13,254029
T003781,阪神運輸,サポート部,2026-03-24,654346
T001451,N/A,経理部,2025-06-27,607737
T003349,ジャパン医薬品株式会社  ,サポート部,2026-01-30,170857
T002553,大阪電子工業株式会社,サポート部,2025-11-30,3272757
T003601,ABC商事 (IT),経理部,2026-03-27,6523153
T003764,日本化学工業,営業部,2026-03-04,794969
T003666,京都製造株式会社 営業部,サポート部,2026-03-09,3529448
T003074,(株)近畿システムズ (新規),経理部,2025-12-26,76013
T003755,西日本電気株式会社  ,経理部,2026-03-22,465001
T002200,山陽建設(株) (新規),営業部,2025-09-16,66745
T000663,西日本電気 ,サポート部,2025-03-23,896038
T002468,(株)中部不動産  ,営業部,2025-10-14,469827
T000995,北海道乳業（株）,営業部,2025-04-26,360940
T001566,大阪ファイナンス,営業部,2025-06-10,160268
T002014,(不明),経理部,2025-09-20,4271295
T003355,全国保険,サポート部,2026-01-30,101399
T002585,(株)京都製造 (契約更新),経理部,2025-11-21,2354452
T001094,XYZコーポレーション 山田部長,経理部,2025-05-11,4688752
T003700,神戸物産株式会社,サポート部,2026-03-03,7595895
T000439,北海道乳業 購買部,経理部,2025-02-28,385017
T001488,阪神運輸株式会社,経理部,2025-06-04,752367
T000728,北海道乳業 ,経理部,2025-03-13,329770
T001409,,サポート部,2025-06-21,1676164
T001938,近畿システムズ ,経理部,2025-08-10,56061
T001001,北海道乳業   ,経理部,2025-04-04,702248
T003856,全国保険株式会社 経理部,サポート部,2026-03-28,94407
T002416,株式会社 阪神運輸,経理部,2025-10-31,669223
T002372,株式会社 大阪鉄鋼 (新規),営業部,2025-10-26,681656
T002583,京都製造 ,サポート部,2025-11-22,4099312
T002597,京都製造株式会社,サポート部,2025-11-15,5416507
T001296,四国電機(株),営業部,2025-05-08,126311
T001928,東京メディカル(株),サポート部,2025-08-17,630633
T000959,阪神運輸,営業部,2025-04-04,255004
T001074,株式会社 ABC商事 (新規),サポート部,2025-05-30,3374464
T002777,東海運輸株式会社,営業部,2025-11-21,107858
T000483,ジャパン医薬品(株) 営業部,サポート部,2025-02-14,174923
T002162,(株)北海道乳業,サポート部,2025-09-06,613839
T002195,株式会社 東海運輸,営業部,2025-09-30,121710
T001767,株式会社 山陽建設,サポート部,2025-07-27,176688
T000183,株式会社 九州自動車工業,経理部,2025-01-24,425468
T003010,株式会社 阪神運輸,経理部,2025-12-19,975139
T000139,(株)日本化学工業,サポート部,2025-01-02,533632
T000047,株式会社 大阪電子工業,サポート部,2025-01-02,1014871
T002286,大阪電子工業(株),経理部,2025-10-07,3200301
T002971,大阪鉄鋼株式会社 (継続),営業部,2025-12-21,1079272
T001285,中部不動産株式会社,サポート部,2025-05-31,625468
T001675,関西エネルギー株式会社 (物流),営業部,2025-07-30,636518
T000591,京都製造 ,営業部,2025-03-21,5902844
T001019,-,サポート部,2025-04-09,578707
T000792,ABC商事(株),サポート部,2025-04-18,1830927
T002697,,サポート部,2025-11-13,678411
T002251,XYZコーポレーション,サポート部,2025-10-25,4239042
T001112,XYZコーポレーション,サポート部,2025-05-18,1246425
T001663,株式会社 神戸物産  ,営業部,2025-07-26,2730644
T000285,XYZコーポレーション  ,経理部,2025-02-12,2988346
T002893,未設定,経理部,2025-12-21,1564711
T000336,株式会社 京都製造,営業部,2025-02-07,1154014
T003298,株式会社 九州自動車工業,サポート部,2026-01-16,432558
T002850,XYZコーポレーション  ,営業部,2025-12-18,2249408
T003676,京都製造株式会社,経理部,2026-03-30,2751775
T002082,神戸物産株式会社,経理部,2025-09-30,2415144
T002786,四国電機株式会社  ,経理部,2025-11-23,163551
T002698,阪神運輸 田中様,経理部,2025-11-25,472882
T002338,神戸物産,経理部,2025-10-10,3339464
T001314,(不明),サポート部,2025-05-23,59029
T000868,株式会社 京都製造,経理部,2025-04-24,2310639
T001079,エービーシー商事  ,サポート部,2025-05-06,2143836
T001159,株式会社 神戸物産,サポート部,2025-05-15,1973511
T002506,新潟食品株式会社,サポート部,2025-10-06,202432
T002528,XYZコーポレーション 佐藤様,営業部,2025-11-03,2609399
T003496,西日本電気株式会社,営業部,2026-02-09,528595
T003309,N/A,サポート部,2026-01-02,705738
T001715,(不明),経理部,2025-07-02,467973
T001908,阪神運輸 ,経理部,2025-08-20,618640
T003474,関西エネルギー ,経理部,2026-02-19,537431
T000703,九州自動車工業株式会社,経理部,2025-03-26,517304
T003238,関西エネルギー株式会社,サポート部,2026-01-14,375955
T002916,株式会社 京都製造,経理部,2025-12-28,2492595
T002557,(株)大阪電子工業,営業部,2025-11-26,4302274
T002222,全国保険株式会社  ,経理部,2025-09-09,159441
T002947,神戸物産,営業部,2025-12-15,5822474
T003127,株式会社 ABC商事  ,営業部,2026-01-25,4961404
T003543,中部不動産 ,営業部,2026-02-18,472229
T000334,京都製造 (食品),営業部,2025-02-27,1766952
T000746,中部不動産株式会社,営業部,2025-03-06,368689
T003322,中部不動産(株),サポート部,2026-01-16,711990
T000429,九州自動車工業(株)  ,営業部,2025-02-26,613715
T001136,大阪電子工業,営業部,2025-05-22,1940489
T003599,株式会社ABC商事,営業部,2026-03-02,5211996
T002267,XYZコーポレーション 営業部,営業部,2025-10-13,4065084
T001050,東北機械工業(株),サポート部,2025-04-13,135709
T000106,株式会社 神戸物産,サポート部,2025-01-06,1803381
T003073,(株)近畿システムズ 高橋課長,サポート部,2025-12-09,118374
T002716,,サポート部,2025-11-15,840576
T003736,大阪鉄鋼,営業部,2026-03-30,870565
T001596,ABC商事株式会社,営業部,2025-07-26,1601804
T003839,四国電機 ,経理部,2026-03-03,96799
T003276,阪神運輸(株),営業部,2026-01-19,440644
T000085,京都製造 (物流),経理部,2025-01-01,1352101
T001785,(不明),営業部,2025-08-07,2821358
T003776,(株)阪神運輸,サポート部,2026-03-01,325410
T000268,エービーシー商事,営業部,2025-02-21,3118817
T002436,N/A,サポート部,2025-10-13,441246
T002355,(株)神戸物産	,営業部,2025-10-10,5671201
T002838,XYZコーポレーション,サポート部,2025-12-10,1409310
T000967,株式会社 兵庫食品工業 高橋課長,経理部,2025-04-20,378190
T002935,神戸物産  ,経理部,2025-12-05,5720162
T000658,西日本電気株式会社,サポート部,2025-03-05,824728
T002848,XYZコーポレーション 渡辺さん,営業部,2025-12-11,2091598
T002678,日本化学工業,営業部,2025-11-27,697208
T002976,大阪鉄鋼 ,営業部,2025-12-11,509622
T003492,大阪鉄鋼株式会社 渡辺さん,経理部,2026-02-27,245991
T000419,株式会社 兵庫食品工業,サポート部,2025-02-19,511070
T002038,京都製造 山田部長,営業部,2025-09-07,3377876
T002185,株式会社 中部不動産,サポート部,2025-09-11,735780
T002079,神戸物産株式会社,サポート部,2025-09-28,4689611
T000594,京都製造株式会社,サポート部,2025-03-15,1643018
T002705,兵庫食品工業 ,経理部,2025-11-15,734419
T001637,株式会社 大阪電子工業,サポート部,2025-07-15,951191
T003730,関西エネルギー ,サポート部,2026-03-17,806847
T000870,京都製造 ,サポート部,2025-04-09,1626296
T001768,(株)四国電機,経理部,2025-07-08,77292
T000445,東京メディカル株式会社 高橋課長,営業部,2025-02-18,343045
T001124,大阪電子工業,サポート部,2025-05-17,4216392
T003337,山陽建設 (継続),サポート部,2026-01-20,134176
T000683,阪神運輸 (物流),経理部,2025-03-19,897507
T000412,阪神運輸  ,経理部,2025-02-06,258017
T001141,京都製造(株),営業部,2025-05-24,3774860
T001071,ABC商事(株),サポート部,2025-05-20,3161615
T001456,大阪鉄鋼株式会社,サポート部,2025-06-23,726735
T003219,,営業部,2026-01-01,6002894
T002763,中部不動産株式会社 経理部,経理部,2025-11-12,639523
T000282,XYZコーポレーション,サポート部,2025-02-15,1808720
T001906,阪神運輸株式会社,経理部,2025-08-27,467738
T002360,関西エネルギー株式会社,経理部,2025-10-29,930478
T003108,新潟食品 ,営業部,2025-12-27,100720
T000564,大阪電子工業 (4月から),経理部,2025-03-10,1848928
T000140,日本化学工業株式会社,経理部,2025-01-26,359493
T002452,株式会社 北海道乳業 (医療),サポート部,2025-10-10,839131
T003820,中部不動産(株),サポート部,2026-03-30,805372
T000603,京都製造株式会社,サポート部,2025-03-11,1742402
T000818,XYZコーポレーション,経理部,2025-04-25,2999014
T003607,(株)ABC商事  ,サポート部,2026-03-30,6157594
T003591,(株)ABC商事,営業部,2026-03-09,1798915
T000891,神戸物産(株) 高橋課長,営業部,2025-04-01,3564778
T002539,XYZコーポレーション,サポート部,2025-11-25,2358180
T003662,京都製造(株),営業部,2026-03-17,2585314
T000857,(不明),サポート部,2025-04-10,3369541
T001936,(不明),経理部,2025-08-06,388443
T002561,N/A,経理部,2025-11-28,4075540
T000128,西日本電気 高橋課長,経理部,2025-01-27,201206
T002504,（株）新潟食品,サポート部,2025-10-31,150826
T002333,(株)京都製造  ,営業部,2025-10-13,2933149
T002239,株式会社 ABC商事,サポート部,2025-10-17,4266193
T000337,株式会社 京都製造	,営業部,2025-02-08,3695448
T000415,阪神運輸株式会社,営業部,2025-02-18,219267
T001522,株式会社 東京メディカル 総務部,サポート部,2025-06-02,589523
T003657,（株）京都製造,営業部,2026-03-13,7441754
T000616,株式会社 神戸物産,営業部,2025-03-26,2685490
T001251,九州自動車工業 ,営業部,2025-05-17,544136
T002350,神戸物産株式会社 山田部長,経理部,2025-10-08,3853486
T003144,(株)ABC商事,営業部,2026-01-11,4008407
T002601,京都製造株式会社,サポート部,2025-11-23,2667354
T001204,株式会社 大阪鉄鋼 (4月から),サポート部,2025-05-29,664620
T001803,XYZコーポレーション,サポート部,2025-08-29,2362276
T003143,エービーシー商事,営業部,2026-01-18,3636280
T003547,中部不動産株式会社,サポート部,2026-02-23,747644
T003637,大阪電子工業株式会社 営業部,営業部,2026-03-13,5287709
T001247,兵庫食品工業(株),サポート部,2025-05-03,333730
T003222,神戸物産 ,サポート部,2026-01-19,1772993
T002127,阪神運輸 ,サポート部,2025-09-29,632136
T001464,株式会社 大阪鉄鋼,サポート部,2025-06-11,578083
T001078,株式会社ABC商事,営業部,2025-05-15,3035841
T003563,瀬戸内テクノロジー株式会社  ,営業部,2026-02-21,69216
T002672,日本化学工業 佐藤様,経理部,2025-11-05,463435
T001462,大阪鉄鋼,経理部,2025-06-07,499176
T002999,日本化学工業 ,経理部,2025-12-25,664820
T000536,XYZコーポレーション,営業部,2025-03-23,2202151
T003034,北海道乳業(株),経理部,2025-12-15,291680
T001044,瀬戸内テクノロジー   ,営業部,2025-04-22,72283
T000778,ABC商事 ,経理部,2025-04-24,1145386
T001286,近畿システムズ ,サポート部,2025-05-28,154203
T003401,XYZコーポレーション,営業部,2026-02-16,2044232
T001258,九州自動車工業株式会社,サポート部,2025-05-07,698833
T001912,(株)兵庫食品工業,経理部,2025-08-29,197531
T001357,XYZコーポレーション,営業部,2025-06-05,1830558
T003131,株式会社ABC商事,営業部,2026-01-04,6548152
T002314,京都製造 ,サポート部,2025-10-16,2162044
T001352,XYZコーポレーション,サポート部,2025-06-09,3901773
T003237,関西エネルギー株式会社 (継続),営業部,2026-01-01,377167
T003740,(株)大阪鉄鋼,経理部,2026-03-23,744787
T003254,(株)大阪鉄鋼,サポート部,2026-01-03,257626
T001069,(株)ABC商事,サポート部,2025-05-16,2791411
T003028,九州自動車工業 ,経理部,2025-12-19,937410
T002898,京都製造株式会社,経理部,2025-12-11,6570319
T001988,XYZコーポレーション,営業部,2025-09-08,3941104
T003785,兵庫食品工業株式会社,経理部,2026-03-27,561109
T000953,阪神運輸株式会社 (医療),サポート部,2025-04-14,450875
T000181,九州自動車工業株式会社,経理部,2025-01-20,774993
T001279,未設定,営業部,2025-05-14,585364
T001390,京都製造(株),サポート部,2025-06-14,3843313
T000256,新潟食品 ,サポート部,2025-01-05,67624
T001942,東海運輸 ,営業部,2025-08-25,85905
T001168,神戸物産株式会社,営業部,2025-05-23,1211485
T000295,XYZコーポレーション (医療),サポート部,2025-02-01,2564864
T001132,大阪電子工業(株),経理部,2025-05-05,1505841
T002432,(株)九州自動車工業,経理部,2025-10-10,627177
T002654,西日本電気(株),経理部,2025-11-03,881632
T000795,ABC商事 ,経理部,2025-04-21,1101530
T001115,XYZコーポレーション 総務部,サポート部,2025-05-06,3112866
T003008,阪神運輸株式会社	,経理部,2025-12-18,755573
T000039,XYZコーポレーション,経理部,2025-01-07,3809034
T002967,大阪鉄鋼 ,経理部,2025-12-27,781603
T002970,大阪鉄鋼 渡辺さん,経理部,2025-12-09,546578
T002750,東京メディカル 購買部,サポート部,2025-11-18,1020892
T003177,株式会社 大阪電子工業,サポート部,2026-01-11,5202108
T002442,株式会社 九州自動車工業  ,営業部,2025-10-10,537863
T000540,XYZコーポレーション,営業部,2025-03-28,2314095
T000756,四国電機,サポート部,2025-03-16,108756
T003726,株式会社 関西エネルギー,営業部,2026-03-09,362709
T000380,(株)大阪鉄鋼,営業部,2025-02-16,317720
T002964,大阪鉄鋼 (物流),営業部,2025-12-13,1018098
T001704,日本化学工業株式会社 鈴木様,経理部,2025-07-02,194059
T000264,ABC商事(株)  ,サポート部,2025-02-08,3883557
T002390,西日本電気株式会社,経理部,2025-10-28,312767
T003545,中部不動産株式会社  ,営業部,2026-02-08,585042
T003066,中部不動産,営業部,2025-12-07,575129
T003796,九州自動車工業株式会社 購買部,営業部,2026-03-20,788807
T001708,阪神運輸,営業部,2025-07-10,410461
T003622,XYZコーポレーション,経理部,2026-03-02,3387884
T003068,中部不動産,サポート部,2025-12-08,312246
T000826,XYZコーポレーション,経理部,2025-04-02,1796290
T000207,東京メディカル (新規),サポート部,2025-01-12,354864
T001881,大阪鉄鋼株式会社  ,経理部,2025-08-21,201743
T002113,日本化学工業  ,営業部,2025-09-18,532979
T002940,神戸物産株式会社,営業部,2025-12-08,6889772
T001391,(株)京都製造,経理部,2025-06-24,2187155
T000525,エービーシー商事  ,営業部,2025-03-04,3285956
T001206,西日本電気株式会社,営業部,2025-05-19,255442
T000690,兵庫食品工業株式会社  ,経理部,2025-03-31,246656
T003608,ABC商事株式会社,経理部,2026-03-03,7434673
T002284,大阪電子工業 ,経理部,2025-10-18,4118978
T002833,XYZコーポレーション  ,営業部,2025-12-11,6285862
T001678,関西エネルギー(株),サポート部,2025-07-30,629599
T002780,山陽建設株式会社,経理部,2025-11-22,158366
T000880,神戸物産 経理部,経理部,2025-04-10,4220980
T002053,株式会社 神戸物産,営業部,2025-09-08,4494895
T000670,日本化学工業（株）,営業部,2025-03-19,442747
T003706,神戸物産,サポート部,2026-03-22,4796125
T003690,神戸物産 ,営業部,2026-03-17,4897783
T000313,大阪電子工業 ,サポート部,2025-02-07,3953169
T002365,株式会社 関西エネルギー,経理部,2025-10-30,746985
T001201,大阪鉄鋼 営業部,サポート部,2025-05-26,595633
T000237,N/A,営業部,2025-01-25,172974
T001344,XYZコーポレーション,経理部,2025-06-13,4882629
T003018,兵庫食品工業,サポート部,2025-12-14,872389
T001430,株式会社 神戸物産,経理部,2025-06-29,4874748
T001757,中部不動産(株),営業部,2025-07-27,378822
T002471,中部不動産株式会社,サポート部,2025-10-27,486539
T002531,XYZコーポレーション,経理部,2025-11-14,3673902
T002932,神戸物産株式会社  ,経理部,2025-12-05,5290129
T002132,,経理部,2025-09-29,237016
T002520,エービーシー商事,サポート部,2025-11-01,6270098
T002784,四国電機 ,経理部,2025-11-01,209885
T001058,(株)全国保険 総務部,経理部,2025-04-12,124563
T001018,中部不動産 営業部,営業部,2025-04-19,261352
T003009,株式会社 阪神運輸  ,営業部,2025-12-06,869099
T001102,XYZコーポレーション,営業部,2025-05-08,1086967
T001935,中部不動産(株),サポート部,2025-08-26,219889
T000583,京都製造 (継続),サポート部,2025-03-05,4703937
T001248,兵庫食品工業(株),経理部,2025-05-14,268986
T001266,旧株式会社 北海道乳業,経理部,2025-05-13,316359
T003060,(株)東京メディカル,経理部,2025-12-27,321133
T000238,瀬戸内テクノロジー(株)  ,営業部,2025-01-31,188352
T001515,(株)北海道乳業,サポート部,2025-06-24,346918
T001028,株式会社 中部不動産 営業部,サポート部,2025-04-06,519484
T002171,東京メディカル株式会社,経理部,2025-09-01,346205
T001330,ABC商事(株),サポート部,2025-06-02,1998512
T002034,(株)大阪電子工業  ,サポート部,2025-09-28,4880750
T001984,(株)ABC商事  ,サポート部,2025-09-04,1683180
T000434,(株)北海道乳業,サポート部,2025-02-01,187608
T003153,XYZコーポレーション,経理部,2026-01-04,3136220
T000680,阪神運輸(株),サポート部,2025-03-26,719706
T003071,近畿システムズ 鈴木様,営業部,2025-12-08,90795
T001702,旧株式会社 日本化学工業,サポート部,2025-07-12,362746
T001240,株式会社 兵庫食品工業 (食品),サポート部,2025-05-30,640467
T003507,阪神運輸株式会社,営業部,2026-02-14,445902
T003055,東京メディカル(株)	,サポート部,2025-12-23,760412
T002948,神戸物産(株),経理部,2025-12-19,4407327
T002661,西日本電気(株),営業部,2025-11-11,507804
T000650,株式会社 大阪鉄鋼,経理部,2025-03-11,624627
T001814,XYZコーポレーション  ,経理部,2025-08-06,1787414
T001049,株式会社 ジャパン医薬品 渡辺さん,営業部,2025-04-08,85286
T001453,大阪鉄鋼 山田部長,営業部,2025-06-24,208418
T002644,大阪鉄鋼 ,サポート部,2025-11-02,971272
T002308,京都製造  ,営業部,2025-10-12,2087984
T003602,ABC商事,営業部,2026-03-13,2372543
T002008,XYZコーポレーション,経理部,2025-09-09,3749200
T000393,西日本電気株式会社,経理部,2025-02-20,221803
T000326,京都製造株式会社,サポート部,2025-02-15,1398072
T001054,新潟食品(株),営業部,2025-04-02,96365
T003365,ABC商事(株)  ,経理部,2026-02-09,3345884
T000028,XYZコーポレーション  ,営業部,2025-01-22,3740790
T000073,(株)京都製造,サポート部,2025-01-18,3497508
T003228,(株)神戸物産,経理部,2026-01-03,3606528
T003818,中部不動産(株),経理部,2026-03-30,836715
T000924,大阪鉄鋼株式会社,経理部,2025-04-13,793566
T002555,(株)大阪電子工業,営業部,2025-11-04,2076755
T000078,株式会社 京都製造,営業部,2025-01-23,1897383
T003146,ABC商事 ,経理部,2026-01-25,3985759
T002339,(株)神戸物産,経理部,2025-10-03,4561940
T000845,(株)大阪電子工業,営業部,2025-04-11,3210619
T003473,関西エネルギー ,営業部,2026-02-13,491438
T001319,全国保険,営業部,2025-05-18,99688
T001976,ABC商事株式会社 (物流),サポート部,2025-09-22,4220297
T000649,(株)大阪鉄鋼 (医療),経理部,2025-03-21,535110
T001380,大阪電子工業株式会社,経理部,2025-06-03,2427060
T000333,(株)京都製造,経理部,2025-02-25,985822
T000859,京都製造,営業部,2025-04-11,2573873
T003745,大阪鉄鋼株式会社,経理部,2026-03-22,607354
T000138,(株)日本化学工業,経理部,2025-01-28,397816
T003398,XYZコーポレーション,サポート部,2026-02-21,4450076
T001406,京都製造株式会社,サポート部,2025-06-16,1268148
T002847,XYZコーポレーション,サポート部,2025-12-12,6887550
T002411,阪神運輸 ,経理部,2025-10-19,744491
T000040,XYZコーポレーション  ,営業部,2025-01-15,2326143
T001244,(株)兵庫食品工業,サポート部,2025-05-04,696580
T001023,中部不動産株式会社,営業部,2025-04-10,591133
T001979,(株)ABC商事 [要確認],営業部,2025-09-28,2322616
T000724,北海道乳業  ,営業部,2025-03-12,264957
T002191,近畿システムズ (物流),営業部,2025-09-20,81552
T003023,九州自動車工業株式会社 (物流),営業部,2025-12-04,414608
T002739,北海道乳業株式会社,営業部,2025-11-01,356250
T002498,東北機械工業株式会社,営業部,2025-10-24,66693
T001994,XYZコーポレーション,営業部,2025-09-20,2346676
T002624,(株)神戸物産,営業部,2025-11-10,5797637
T000633,関西エネルギー ,経理部,2025-03-21,322382
T001491,阪神運輸株式会社  ,サポート部,2025-06-26,209852
T002936,神戸物産株式会社,経理部,2025-12-30,5594940
T003045,(不明),経理部,2025-12-19,675787
T001606,XYZコーポレーション,サポート部,2025-07-20,1077693
T002104,株式会社 西日本電気,サポート部,2025-09-25,325200
T001798,XYZコーポレーション,営業部,2025-08-25,2609112
T002446,北海道乳業(株),営業部,2025-10-16,784241
T001202,大阪鉄鋼株式会社,経理部,2025-05-21,683326
T003635,大阪電子工業株式会社 渡辺さん,サポート部,2026-03-11,6203977
T000187,(株)北海道乳業  ,経理部,2025-01-18,545658
T003752,株式会社 西日本電気,営業部,2026-03-09,702370
T000843,大阪電子工業(株),経理部,2025-04-03,4223372
T000631,関西エネルギー株式会社,経理部,2025-03-17,880136
T002342,神戸物産(株),経理部,2025-10-01,3744717
T002246,株式会社 ABC商事,サポート部,2025-10-01,1388440
T000502,旧ABC商事株式会社,営業部,2025-03-21,4870615
T003275,日本化学工業(株) 渡辺さん,サポート部,2026-01-11,400241
T000323,京都製造株式会社  ,営業部,2025-02-12,1194827
T000064,大阪電子工業,営業部,2025-01-22,4137903
T001648,京都製造株式会社,サポート部,2025-07-22,3802445
T003067,中部不動産 営業部,営業部,2025-12-05,303842
T002467,株式会社 中部不動産 (物流),サポート部,2025-10-20,443363
T001967,株式会社 ABC商事  ,経理部,2025-09-24,4911948
T000550,株式会社 大阪電子工業,経理部,2025-03-27,2155873
T000595,株式会社 京都製造,営業部,2025-03-21,1289434
T001586,株式会社ABC商事 [要確認],営業部,2025-07-20,1011566
T003377,ABC商事,サポート部,2026-02-26,3482884
T003052,東京メディカル株式会社,経理部,2025-12-28,802960
T000030,XYZコーポレーション,営業部,2025-01-28,4872456
T002083,旧関西エネルギー,経理部,2025-09-22,781395
T001875,株式会社 大阪鉄鋼,営業部,2025-08-12,592067
T002657,株式会社 西日本電気,経理部,2025-11-24,878287
T002252,XYZコーポレーション  ,経理部,2025-10-16,1449008
T001721,九州自動車工業 ,サポート部,2025-07-13,216432
T000844,大阪電子工業 ,経理部,2025-04-27,3308843
T002448,(株)北海道乳業,営業部,2025-10-26,682871
T000471,(株)山陽建設 経営企画,営業部,2025-02-11,151818
T003573,全国保険株式会社,経理部,2026-02-24,122917
T000554,大阪電子工業(株),サポート部,2025-03-12,2324046
T000350,神戸物産 ,経理部,2025-02-13,2660036
T002323,京都製造 ,経理部,2025-10-18,6382636
T002828,株式会社ABC商事,営業部,2025-12-27,5107473
T000626,関西エネルギー株式会社,営業部,2025-03-17,325785
T001448,株式会社 関西エネルギー,経理部,2025-06-13,641508
T000023,(株)ABC商事,営業部,2025-01-15,1507528
T000602,京都製造株式会社,サポート部,2025-03-07,1807732
T000464,旧(株)中部不動産,営業部,2025-02-25,364423
T002574,株式会社 大阪電子工業 (医療),営業部,2025-11-30,2023372
T000248,ジャパン医薬品(株) (物流),営業部,2025-01-13,192352
T000279,(株)ABC商事  ,サポート部,2025-02-09,2597167
T002121,株式会社 阪神運輸,営業部,2025-09-15,630305
T001827,大阪電子工業株式会社,経理部,2025-08-09,3137669
T003279,阪神運輸 ,経理部,2026-01-24,712841
T002455,北海道乳業 高橋課長,営業部,2025-10-16,570221
T001323,株式会社ABC商事,経理部,2025-06-04,3988572
T002423,株式会社 兵庫食品工業,営業部,2025-10-18,665135
T003001,日本化学工業(株),サポート部,2025-12-05,487919
T003432,京都製造株式会社 (新規),経理部,2026-02-20,2066379
T001294,株式会社 山陽建設 経営企画,営業部,2025-05-19,168367
T001041,(株)瀬戸内テクノロジー,経理部,2025-04-24,131790
T001613,XYZコーポレーション,経理部,2025-07-21,2586537
T002240,エービーシー商事,経理部,2025-10-22,6437925
T000191,北海道乳業 ,営業部,2025-01-20,783783
T003305,北海道乳業(株),サポート部,2026-01-31,475824
T001950,瀬戸内テクノロジー株式会社,経理部,2025-08-25,130790
T001686,大阪鉄鋼株式会社,サポート部,2025-07-27,375797
T001948,四国電機株式会社,サポート部,2025-08-07,66723
T001860,旧神戸物産株式会社,営業部,2025-08-05,1564480
T003069,(株)中部不動産,営業部,2025-12-23,460352
T002491,大阪ファイナンス(株),サポート部,2025-10-03,188182
T002125,(株)阪神運輸,サポート部,2025-09-22,581068
T002858,XYZコーポレーション (新規),サポート部,2025-12-27,2198667
T000952,株式会社 阪神運輸  ,経理部,2025-04-14,699135
T001103,XYZコーポレーション,経理部,2025-05-15,1831588
T002145,株式会社 九州自動車工業,サポート部,2025-09-29,224583
T000627,関西エネルギー ,サポート部,2025-03-12,518330
T003816,中部不動産 ,経理部,2026-03-12,720925
T001474,西日本電気株式会社,経理部,2025-06-19,428387
T000692,兵庫食品工業 ,営業部,2025-03-20,895575
T003140,ABC商事,サポート部,2026-01-30,4329196
T000820,XYZコーポレーション,営業部,2025-04-25,1062974
T000964,兵庫食品工業株式会社,営業部,2025-04-15,403586
T001569,大阪ファイナンス ,営業部,2025-06-29,119336
T000108,神戸物産株式会社,サポート部,2025-01-01,3969644
T001508,(株)九州自動車工業,経理部,2025-06-08,291488
T002642,(株)大阪鉄鋼,営業部,2025-11-19,576371
T001223,日本化学工業(株),サポート部,2025-05-29,652945
T000479,株式会社 大阪ファイナンス,営業部,2025-02-26,75384
T003471,株式会社 関西エネルギー  ,サポート部,2026-02-15,704281
T002575,大阪電子工業 ,営業部,2025-11-15,4269948
T002274,大阪電子工業,経理部,2025-10-05,4937329
T001646,京都製造 佐藤様,営業部,2025-07-15,1054592
T000529,XYZコーポレーション,経理部,2025-03-24,3591850
T001932,中部不動産株式会社,営業部,2025-08-21,345531
T000535,XYZコーポレーション,経理部,2025-03-07,5604927
T000478,株式会社 瀬戸内テクノロジー 田中様,営業部,2025-02-22,64827
T001426,(不明),サポート部,2025-06-26,4109225
T001111,XYZコーポレーション,営業部,2025-05-07,3991947
T001505,株式会社 兵庫食品工業,サポート部,2025-06-23,634052
T000077,京都製造株式会社  ,営業部,2025-01-11,2340959
T002742,東京メディカル ,サポート部,2025-11-26,295023
T002417,阪神運輸(株),経理部,2025-10-05,642591
T000218,中部不動産株式会社,サポート部,2025-01-22,254909
T000368,関西エネルギー ,サポート部,2025-02-19,211050
T002233,ABC商事株式会社,経理部,2025-10-11,5308720
T003352,東北機械工業株式会社  ,サポート部,2026-01-24,152999
T002958,関西エネルギー ,営業部,2025-12-31,956652
T000137,株式会社 日本化学工業,経理部,2025-01-18,707868
T003612,株式会社 ABC商事,経理部,2026-03-30,4811540
T001475,株式会社 日本化学工業,サポート部,2025-06-23,750579
T000143,(株)日本化学工業  ,サポート部,2025-01-20,616791
T002924,神戸物産(株),営業部,2025-12-25,2058044
T003339,(株)四国電機,営業部,2026-01-25,103673
T000217,中部不動産株式会社,経理部,2025-01-20,366457
T002331,京都製造(株) 経理部,営業部,2025-10-17,6408373
T001638,大阪電子工業株式会社  ,営業部,2025-07-28,4165747
T001289,東海運輸(株),営業部,2025-05-01,148225
T000316,大阪電子工業株式会社,営業部,2025-02-06,1430791
T003262,株式会社 西日本電気 田中様,営業部,2026-01-13,695842
T003282,兵庫食品工業株式会社,経理部,2026-01-29,602777
T003246,大阪鉄鋼 ,サポート部,2026-01-25,276523
T000314,株式会社 大阪電子工業,営業部,2025-02-06,953165
T003197,京都製造 ,経理部,2026-01-24,3280447
T001123,大阪電子工業(株)	,営業部,2025-05-27,1705880
T000481,大阪ファイナンス(株),経理部,2025-02-01,135297
T000863,株式会社 京都製造 [要確認],経理部,2025-04-15,3122295
T000700,兵庫食品工業株式会社,サポート部,2025-03-31,387230
T003013,兵庫食品工業(株),経理部,2025-12-14,678738
T003015,兵庫食品工業株式会社  ,経理部,2025-12-02,980473
T002391,西日本電気(株)  ,経理部,2025-10-01,983481
T003004,旧阪神運輸(株),サポート部,2025-12-11,589842
T002708,兵庫食品工業株式会社,営業部,2025-11-07,296320
T001349,XYZコーポレーション,経理部,2025-06-22,1118514
T000732,北海道乳業株式会社 佐藤様,サポート部,2025-03-02,273174
T000335,京都製造(株),営業部,2025-02-26,3392162
T000976,九州自動車工業株式会社,サポート部,2025-04-23,201429
T001744,東京メディカル株式会社 山田部長,サポート部,2025-07-20,425629
T001608,XYZコーポレーション  ,経理部,2025-07-27,939243
T003049,東京メディカル ,営業部,2025-12-02,723002
T003484,大阪鉄鋼 山田部長,営業部,2026-02-18,451713
T000076,京都製造 ,経理部,2025-01-16,3628773
T003822,中部不動産,経理部,2026-03-24,607018
T002577,株式会社 大阪電子工業  ,経理部,2025-11-27,4098785
T001080,,経理部,2025-05-06,3702364
T000963,(株)兵庫食品工業 [要確認],営業部,2025-04-29,657037
T002066,(株)神戸物産,経理部,2025-09-23,3829761
T002549,XYZコーポレーション,経理部,2025-11-25,2070408
T000247,ジャパン医薬品株式会社,サポート部,2025-01-07,61483
T003390,XYZコーポレーション,営業部,2026-02-22,2029721
T003465,神戸物産株式会社 購買部,営業部,2026-02-14,3394460
T000455,(株)中部不動産,サポート部,2025-02-03,428149
T003371,,サポート部,2026-02-18,5746261
T003567,ジャパン医薬品 (契約更新),営業部,2026-02-10,46690
T002791,ジャパン医薬品 ,サポート部,2025-11-26,241209
T002879,(株)大阪電子工業,経理部,2025-12-23,1694310
T002288,大阪電子工業(株),サポート部,2025-10-26,5498001
T001794,N/A,経理部,2025-08-31,2178868
T003299,北海道乳業  ,サポート部,2026-01-24,224177
T001024,中部不動産 ,サポート部,2025-04-07,362062
T002596,京都製造   ,経理部,2025-11-21,5498989
T003477,関西エネルギー ,経理部,2026-02-14,510477
T001955,東北機械工業 ,経理部,2025-08-15,103598
T002587,京都製造 ,サポート部,2025-11-28,5805662
T001836,株式会社 京都製造,営業部,2025-08-06,2430786
T001760,,サポート部,2025-07-04,375201
T003570,全国保険株式会社,営業部,2026-02-27,57404
T003453,株式会社 神戸物産,経理部,2026-02-07,2399733
T002883,-,経理部,2025-12-25,4380112
T001190,関西エネルギー株式会社  ,営業部,2025-05-07,578816
T001263,北海道乳業 ,営業部,2025-05-21,577392
T003438,N/A,サポート部,2026-02-10,3952441
T002876,大阪電子工業(株),営業部,2025-12-09,6631949
T000182,九州自動車工業(株),サポート部,2025-01-17,651096
T000146,日本化学工業 営業部,サポート部,2025-01-03,655052
T001039,四国電機株式会社,経理部,2025-04-04,172133
T002649,大阪鉄鋼(株),営業部,2025-11-30,762775
T001000,北海道乳業株式会社,サポート部,2025-04-25,354228
T001636,株式会社 大阪電子工業,経理部,2025-07-15,2752185
T000841,(株)大阪電子工業,サポート部,2025-04-02,1456707
T000625,関西エネルギー(株)  ,営業部,2025-03-16,932260
T001776,東北機械工業  ,経理部,2025-07-12,138920
T000212,株式会社 中部不動産 高橋課長,サポート部,2025-01-27,501022
T003021,九州自動車工業株式会社,サポート部,2025-12-31,777827
T000365,関西エネルギー,サポート部,2025-02-01,341737
T000919,大阪鉄鋼(株),サポート部,2025-04-26,303050
T003244,未設定,サポート部,2026-01-05,788440
T001741,東京メディカル株式会社,サポート部,2025-07-03,512173
T002418,兵庫食品工業株式会社,経理部,2025-10-16,680374
T000345,神戸物産 (物流),経理部,2025-02-15,4097820
T002957,関西エネルギー株式会社,経理部,2025-12-18,777411
T001857,神戸物産株式会社,サポート部,2025-08-06,2676089
T001564,瀬戸内テクノロジー ,経理部,2025-06-26,77213
T000194,北海道乳業(株) [要確認],サポート部,2025-01-03,756251
T003142,エービーシー商事,経理部,2026-01-22,1488945
T002434,九州自動車工業株式会社,営業部,2025-10-05,511306
T001334,エービーシー商事,営業部,2025-06-17,2349043
T000433,(株)九州自動車工業	,サポート部,2025-02-04,181025
T003568,東北機械工業 ,サポート部,2026-02-11,83413
T001509,(株)九州自動車工業,営業部,2025-06-18,696947
T000887,神戸物産  ,サポート部,2025-04-11,3073224
T003338,四国電機(株) 経営企画,経理部,2026-01-26,127153
T000209,株式会社 東京メディカル,サポート部,2025-01-15,791912
T001095,XYZコーポレーション,営業部,2025-05-24,2732085
T001737,東京メディカル株式会社,営業部,2025-07-18,574549
T000195,北海道乳業株式会社 (契約更新),営業部,2025-01-11,795164
T002474,(株)中部不動産 (物流),経理部,2025-10-09,551913
T000729,北海道乳業株式会社,経理部,2025-03-23,576558
T001866,神戸物産,経理部,2025-08-24,2940711
T002892,株式会社 京都製造,経理部,2025-12-20,4633986
T002900,株式会社 京都製造  ,サポート部,2025-12-12,3677889
T001119,大阪電子工業株式会社	,営業部,2025-05-18,4577882
T002285,大阪電子工業株式会社,サポート部,2025-10-20,4100005
T002959,N/A,営業部,2025-12-08,640428
T003039,北海道乳業株式会社  ,経理部,2025-12-23,657861
T001005,東京メディカル(株)  ,経理部,2025-04-02,578603
T002220,株式会社 新潟食品,営業部,2025-09-30,50002
T000277,ABC商事株式会社,経理部,2025-02-20,1442331
T000331,京都製造 総務部,営業部,2025-02-13,1202932
T003265,(株)西日本電気,サポート部,2026-01-24,316836
T000117,(株)大阪鉄鋼,サポート部,2025-01-23,676086
T001486,日本化学工業,サポート部,2025-06-06,495744
T000920,大阪鉄鋼株式会社 (契約更新),営業部,2025-04-08,404394
T002202,株式会社 四国電機 (4月から),営業部,2025-09-02,187541
T000584,京都製造株式会社,経理部,2025-03-16,5237930
T002569,大阪電子工業(株),営業部,2025-11-15,4565208
T003280,兵庫食品工業 経営企画,サポート部,2026-01-19,739916
T003235,関西エネルギー(株),経理部,2026-01-21,457399
T002668,西日本電気(株),サポート部,2025-11-20,418776
T001599,XYZコーポレーション,サポート部,2025-07-17,1720896
T002835,,経理部,2025-12-31,3334385
T000918,大阪鉄鋼株式会社,経理部,2025-04-12,652760
T000686,阪神運輸株式会社,経理部,2025-03-14,934707
T003553,近畿システムズ (医療),営業部,2026-02-28,79032
T001654,京都製造株式会社,経理部,2025-07-13,3853482
T001677,関西エネルギー 田中様,経理部,2025-07-03,222399
T001195,N/A,サポート部,2025-05-17,754844
T001540,中部不動産 ,営業部,2025-06-22,633265
T002639,大阪鉄鋼株式会社 (新規),経理部,2025-11-26,692563
T001555,東海運輸株式会社 [要確認],営業部,2025-06-24,132972
T002454,旧北海道乳業株式会社,経理部,2025-10-11,322436
T001804,XYZコーポレーション,経理部,2025-08-28,2800444
T003663,未設定,営業部,2026-03-27,7424963
T001063,株式会社 ABC商事,サポート部,2025-05-16,3466205
T000255,(株)新潟食品  ,営業部,2025-01-22,91939
T000983,九州自動車工業  ,サポート部,2025-04-17,643473
T001532,東京メディカル ,営業部,2025-06-26,337570
T001690,(株)大阪鉄鋼,サポート部,2025-07-13,517761
T001052,新潟食品(株),営業部,2025-04-17,118593
T002839,XYZコーポレーション  ,サポート部,2025-12-09,5935704
T001113,XYZコーポレーション  ,経理部,2025-05-31,3813503
T003537,東京メディカル(株) (継続),営業部,2026-02-08,281456
T002250,XYZコーポレーション  ,経理部,2025-10-16,3042822
T003836,四国電機,サポート部,2026-03-27,156925
T001748,東京メディカル株式会社,営業部,2025-07-05,665917
T002541,XYZコーポレーション  ,営業部,2025-11-24,1976868
T002606,京都製造株式会社 高橋課長,営業部,2025-11-01,6392201
T001927,東京メディカル株式会社,サポート部,2025-08-28,358651
T003332,東海運輸株式会社 鈴木様,経理部,2026-01-16,135914
T002502,株式会社 新潟食品,サポート部,2025-10-10,203918
T000457,中部不動産,営業部,2025-02-22,288842
T003827,東海運輸 ,サポート部,2026-03-16,105894
T001788,ABC商事  ,サポート部,2025-08-29,1812587
T000786,ABC商事,サポート部,2025-04-14,4901734
T003035,北海道乳業,サポート部,2025-12-14,582951
T000989,株式会社 北海道乳業,サポート部,2025-04-15,222525
T003044,北海道乳業株式会社,サポート部,2025-12-24,600797
T002352,神戸物産 (契約更新),サポート部,2025-10-18,6148285
T001217,株式会社 西日本電気,営業部,2025-05-10,795848
T003150,XYZコーポレーション  ,サポート部,2026-01-10,3261861
T000371,(株)関西エネルギー 鈴木様,営業部,2025-02-24,254013
T002119,日本化学工業株式会社 (新規),経理部,2025-09-30,360576
T000706,(株)九州自動車工業,経理部,2025-03-29,578575
T001949,株式会社 瀬戸内テクノロジー,営業部,2025-08-04,109360
T002579,株式会社 京都製造,営業部,2025-11-09,4530961
T003742,(株)大阪鉄鋼,営業部,2026-03-12,935655
T001774,株式会社 ジャパン医薬品,経理部,2025-07-04,96651
T001313,東北機械工業 [要確認],営業部,2025-05-06,70338
T002316,京都製造 田中様,サポート部,2025-10-23,6293757
T002466,中部不動産  ,営業部,2025-10-27,544993
T001872,関西エネルギー株式会社 経営企画,経理部,2025-08-28,530502
T001109,XYZコーポレーション,経理部,2025-05-08,3590738
T002563,(株)大阪電子工業  ,経理部,2025-11-30,6126820
T000058,大阪電子工業(株),営業部,2025-01-04,4678565
T000007,株式会社ABC商事,営業部,2025-01-30,3684353
T000474,四国電機 鈴木様,経理部,2025-02-27,54514
T003500,株式会社 日本化学工業,サポート部,2026-02-25,685675
T001333,(株)ABC商事	,経理部,2025-06-02,4802690
T001481,(株)日本化学工業,営業部,2025-06-01,763492
T000045,大阪電子工業株式会社,経理部,2025-01-10,3536840
T000990,北海道乳業,経理部,2025-04-21,552192
T003679,京都製造 ,経理部,2026-03-17,2421680
T001215,N/A,営業部,2025-05-02,533799
T001496,株式会社 阪神運輸,サポート部,2025-06-05,570472
T003735,未設定,営業部,2026-03-26,424651
T003686,神戸物産株式会社 経理部,経理部,2026-03-19,7999148
T000642,株式会社 大阪鉄鋼,サポート部,2025-03-05,615040
T003560,山陽建設(株),サポート部,2026-02-20,96638
T001854,神戸物産株式会社,経理部,2025-08-24,2273687
T001628,大阪電子工業株式会社,経理部,2025-07-04,1939824
T003456,神戸物産 ,サポート部,2026-02-21,3979322
T002896,京都製造株式会社,営業部,2025-12-14,1667806
T001859,神戸物産株式会社 (4月から),サポート部,2025-08-10,3676683
T001998,XYZコーポレーション,営業部,2025-09-15,1563737
T002047,京都製造 ,サポート部,2025-09-01,1467583
T002137,兵庫食品工業株式会社,営業部,2025-09-18,779150
T001231,阪神運輸株式会社  ,サポート部,2025-05-22,575202
T000231,山陽建設株式会社,サポート部,2025-01-26,86280
T001973,エービーシー商事,経理部,2025-09-29,4693254
T002108,西日本電気株式会社,営業部,2025-09-22,728083
T000606,神戸物産株式会社,営業部,2025-03-25,5836360
T002189,中部不動産,経理部,2025-09-16,789171
T001843,京都製造株式会社 (IT),営業部,2025-08-09,1350640
T000210,東京メディカル(株)  ,経理部,2025-01-11,358290
T002075,神戸物産   ,営業部,2025-09-02,3863493
T003255,大阪鉄鋼株式会社,営業部,2026-01-09,355606
T000611,神戸物産株式会社,サポート部,2025-03-30,4584166
T003407,XYZコーポレーション,サポート部,2026-02-01,2031799
T002719,九州自動車工業 購買部,営業部,2025-11-03,741509
T002726,北海道乳業,営業部,2025-11-21,937355
T001957,新潟食品株式会社,営業部,2025-08-24,86942
T000227,旧東海運輸株式会社,経理部,2025-01-24,164733
T000608,(株)神戸物産,営業部,2025-03-25,2449425
T003160,未設定,経理部,2026-01-04,4009928
T002199,山陽建設(株),営業部,2025-09-19,199036
T003523,九州自動車工業 ,サポート部,2026-02-12,445793
T002001,XYZコーポレーション,サポート部,2025-09-08,3764926
T003768,日本化学工業 ,経理部,2026-03-01,412315
T000361,旧関西エネルギー,サポート部,2025-02-14,349176
T003080,山陽建設株式会社  ,経理部,2025-12-05,186212
T000801,ABC商事 ,サポート部,2025-04-17,1182376
T003026,九州自動車工業株式会社  ,経理部,2025-12-16,290110
T000619,神戸物産  ,経理部,2025-03-11,3978933
T002680,(株)日本化学工業  ,サポート部,2025-11-25,734713
T001487,日本化学工業  ,サポート部,2025-06-20,396972
T001367,XYZコーポレーション,経理部,2025-06-25,4418574
T002969,大阪鉄鋼 ,営業部,2025-12-15,685438
T001343,XYZコーポレーション  ,経理部,2025-06-30,1795348
T000446,東京メディカル  ,サポート部,2025-02-01,427428
T003732,(株)大阪鉄鋼,営業部,2026-03-16,865869
T002534,XYZコーポレーション	,営業部,2025-11-13,2139654
T000096,神戸物産(株),サポート部,2025-01-23,1641691
T002368,大阪鉄鋼   ,サポート部,2025-10-03,647740
T003803,北海道乳業(株)  ,営業部,2026-03-19,864998
T002689,株式会社 阪神運輸,営業部,2025-11-06,880700
T001116,XYZコーポレーション,経理部,2025-05-17,2815838
T000401,(株)日本化学工業,営業部,2025-02-08,562250
T001655,京都製造,経理部,2025-07-17,4429053
T001446,株式会社 関西エネルギー,経理部,2025-06-04,659876
T000425,,サポート部,2025-02-09,528299
T003406,XYZコーポレーション,サポート部,2026-02-08,1234354
T003047,東京メディカル ,経理部,2025-12-10,1041266
T000052,大阪電子工業,経理部,2025-01-28,1681581
T000449,東京メディカル(株),サポート部,2025-02-18,488359
T001890,西日本電気 (物流),経理部,2025-08-09,617037
T003765,(株)日本化学工業 佐藤様,営業部,2026-03-03,909837
T000782,ABC商事   ,サポート部,2025-04-08,2074764
T002356,神戸物産株式会社,サポート部,2025-10-29,2656266
T002821,株式会社ABC商事,経理部,2025-12-28,5680115
T000219,中部不動産株式会社,サポート部,2025-01-22,605341
T002604,旧京都製造(株),サポート部,2025-11-23,4870538
T003063,中部不動産株式会社,経理部,2025-12-10,585109
T002260,XYZコーポレーション,サポート部,2025-10-07,3928947
T001805,XYZコーポレーション,サポート部,2025-08-24,4136969
T002382,大阪鉄鋼(株),営業部,2025-10-17,935246
T003671,京都製造   ,経理部,2026-03-10,2900800
T001500,株式会社 兵庫食品工業 購買部,サポート部,2025-06-22,516212
T001025,中部不動産株式会社,営業部,2025-04-23,751186
T003343,瀬戸内テクノロジー株式会社 佐藤様,経理部,2026-01-12,53242
T002552,大阪電子工業株式会社,サポート部,2025-11-10,4362502
T003158,XYZコーポレーション,経理部,2026-01-29,3940500
T002353,株式会社 神戸物産,経理部,2025-10-22,2821080
T001873,関西エネルギー,営業部,2025-08-22,575262
T000914,関西エネルギー株式会社,経理部,2025-04-02,477238
T002829,ABC商事,営業部,2025-12-01,4616348
T001516,北海道乳業株式会社 経理部,サポート部,2025-06-11,665540
T003403,XYZコーポレーション,サポート部,2026-02-25,1428667
T001021,中部不動産 ,経理部,2025-04-25,375254
T000877,旧京都製造,営業部,2025-04-10,3870908
T000929,(株)西日本電気	,サポート部,2025-04-06,715959
T001863,神戸物産(株),営業部,2025-08-30,2533844
T002572,大阪電子工業 ,サポート部,2025-11-06,4383013
T000236,四国電機   ,営業部,2025-01-11,88285
T002238,(株)ABC商事,営業部,2025-10-27,5619968
T003786,(株)兵庫食品工業,経理部,2026-03-16,402668
T002182,中部不動産株式会社,サポート部,2025-09-30,699318
T000810,XYZコーポレーション,経理部,2025-04-22,3568794
T002184,中部不動産株式会社,営業部,2025-09-19,448531
T002018,大阪電子工業 渡辺さん,サポート部,2025-09-15,2350235
T002259,XYZコーポレーション,営業部,2025-10-10,4577665
T001241,兵庫食品工業株式会社,営業部,2025-05-26,226604
T000861,京都製造(株)  ,経理部,2025-04-02,2138742
T003734,大阪鉄鋼株式会社,サポート部,2026-03-04,507509
T001898,日本化学工業 ,経理部,2025-08-01,308952
T002318,(株)京都製造,サポート部,2025-10-08,3532643
T000623,(株)神戸物産  ,営業部,2025-03-19,5458128
T001317,全国保険株式会社	,営業部,2025-05-01,138373
T001966,ABC商事株式会社,サポート部,2025-09-15,2519192
T001275,中部不動産,経理部,2025-05-21,238382
T001899,日本化学工業株式会社,営業部,2025-08-25,190863
T002814,株式会社ABC商事,営業部,2025-12-02,6249422
T002450,,経理部,2025-10-28,982358
T001469,株式会社 西日本電気,経理部,2025-06-12,583791
T000761,瀬戸内テクノロジー,サポート部,2025-03-07,238268
T001084,ABC商事,経理部,2025-05-09,3082266
T000014,ABC商事,サポート部,2025-01-22,4022926
T003363,エービーシー商事 (食品),経理部,2026-02-07,5447432
T000370,関西エネルギー(株),サポート部,2025-02-22,690138
T000214,(株)中部不動産,営業部,2025-01-30,799425
T001681,（株）関西エネルギー (4月から),サポート部,2025-07-15,533254
T003849,株式会社 ジャパン医薬品,営業部,2026-03-25,66429
T001092,XYZコーポレーション  ,経理部,2025-05-28,2855571
T002787,四国電機株式会社 (新規),営業部,2025-11-08,83298
T002925,神戸物産 ,営業部,2025-12-24,4855928
T003450,株式会社 神戸物産,経理部,2026-02-03,3970000
T000748,(株)東海運輸 [要確認],経理部,2025-03-15,69982
T003372,ABC商事	,営業部,2026-02-14,4408638
T000551,株式会社 大阪電子工業,サポート部,2025-03-30,5934536
T000889,株式会社 神戸物産,サポート部,2025-04-19,2875524
T001695,(株)西日本電気,営業部,2025-07-08,645777
T000936,西日本電気株式会社,経理部,2025-04-12,760596
T002670,日本化学工業株式会社 購買部,サポート部,2025-11-29,898649
T001864,神戸物産 ,経理部,2025-08-13,1308131
T000104,神戸物産 ,営業部,2025-01-14,4128679
T002244,株式会社ABC商事,サポート部,2025-10-01,6170167
T002169,東京メディカル株式会社,経理部,2025-09-07,439192
T002389,西日本電気,サポート部,2025-10-19,574811
T001611,XYZコーポレーション 購買部,営業部,2025-07-09,2143174
T003433,(不明),サポート部,2026-02-06,3972037
T002554,大阪電子工業(株),サポート部,2025-11-25,1395416
T002470,中部不動産  ,サポート部,2025-10-03,474741
T002322,京都製造株式会社,営業部,2025-10-18,1976869
T003584,(株)ABC商事,経理部,2026-03-03,5056003
T000988,北海道乳業 総務部,経理部,2025-04-01,507410
T000878,京都製造株式会社 (物流),経理部,2025-04-05,4611699
T002849,XYZコーポレーション 渡辺さん,サポート部,2025-12-16,3142804
T001328,ABC商事,サポート部,2025-06-25,4761365
T003427,京都製造 (食品),営業部,2026-02-06,5438662
T002084,関西エネルギー,サポート部,2025-09-07,623923
T002211,大阪ファイナンス ,経理部,2025-09-11,101320
T002738,北海道乳業株式会社,サポート部,2025-11-24,992694
T002166,東京メディカル ,サポート部,2025-09-22,292517
T002907,京都製造(株),経理部,2025-12-16,2647902
T003808,東京メディカル (医療),営業部,2026-03-19,352310
T000780,株式会社ABC商事,営業部,2025-04-27,2157448
T000503,ABC商事,経理部,2025-03-12,2491801
T001437,神戸物産株式会社  ,営業部,2025-06-29,1944006
T002465,N/A,営業部,2025-10-09,522466
T000177,株式会社 九州自動車工業 経営企画,営業部,2025-01-03,699380
T001394,京都製造 ,営業部,2025-06-29,1607431
T002891,京都製造(株) (IT),経理部,2025-12-02,6301694
T003478,関西エネルギー (継続),サポート部,2026-02-27,498023
T001158,京都製造,経理部,2025-05-12,2880412
T001101,XYZコーポレーション,サポート部,2025-05-07,1353994
T001573,株式会社 東北機械工業,営業部,2025-06-13,95538
T002067,神戸物産 佐藤様,サポート部,2025-09-05,4214096
T002406,日本化学工業株式会社,経理部,2025-10-18,524682
T003618,XYZコーポレーション,経理部,2026-03-23,2664703
T000842,大阪電子工業,営業部,2025-04-23,3935370
T001305,大阪ファイナンス,サポート部,2025-05-13,61446
T002103,西日本電気,営業部,2025-09-23,617547
T000249,ジャパン医薬品  ,サポート部,2025-01-28,137012
T003176,株式会社 大阪電子工業  ,経理部,2026-01-18,2494040
T002527,エービーシー商事 (新規),営業部,2025-11-27,1443817
T003802,北海道乳業  ,サポート部,2026-03-13,685021
T000158,株式会社 阪神運輸  ,経理部,2025-01-19,582584
T001653,株式会社 京都製造,営業部,2025-07-10,2051321
T001658,(株)神戸物産 経理部,経理部,2025-07-18,4297055
T002290,大阪電子工業株式会社,サポート部,2025-10-21,2646937
T002444,北海道乳業,経理部,2025-10-10,565775
T002551,XYZコーポレーション,サポート部,2025-11-15,5464646
T000484,東北機械工業株式会社  ,経理部,2025-02-08,173264
T001727,北海道乳業(株),営業部,2025-07-04,216334
T000347,株式会社 神戸物産,営業部,2025-02-22,3009589
T001121,株式会社 大阪電子工業,営業部,2025-05-02,2851867
T002603,京都製造,営業部,2025-11-12,3763828
T003694,N/A,経理部,2026-03-07,5490476
T001801,XYZコーポレーション 経理部,営業部,2025-08-24,1140326
T000202,東京メディカル株式会社,サポート部,2025-01-30,281644
T003586,株式会社ABC商事  ,サポート部,2026-03-26,4150194
T000305,大阪電子工業株式会社,サポート部,2025-02-22,4316955
T002873,株式会社 大阪電子工業,営業部,2025-12-29,6001738
T000636,(株)大阪鉄鋼 鈴木様,経理部,2025-03-03,332167
T003585,,サポート部,2026-03-03,3547504
T001535,中部不動産(株) [要確認],サポート部,2025-06-16,298685
T000124,大阪鉄鋼(株),経理部,2025-01-17,663711
T003806,北海道乳業(株),サポート部,2026-03-12,649516
T003270,(株)日本化学工業 総務部,経理部,2026-01-29,286662
T003790,,サポート部,2026-03-15,616669
T003324,中部不動産(株),経理部,2026-01-06,384701
T003604,エービーシー商事  ,経理部,2026-03-10,4856356
T003227,神戸物産,経理部,2026-01-02,5618557
T002862,XYZコーポレーション  ,サポート部,2025-12-21,5498760
T002740,北海道乳業,サポート部,2025-11-06,423907
T002379,大阪鉄鋼株式会社,経理部,2025-10-15,441166
T003485,大阪鉄鋼(株) (医療),サポート部,2026-02-08,506232
T002347,神戸物産 購買部,サポート部,2025-10-13,2500865
T001362,XYZコーポレーション,経理部,2025-06-04,1885284
T002985,(株)西日本電気	,サポート部,2025-12-28,566066
T003617,XYZコーポレーション,営業部,2026-03-21,1624113
T002616,神戸物産株式会社,経理部,2025-11-21,2644744
T000092,神戸物産(株) 渡辺さん,サポート部,2025-01-22,4808537
T000198,北海道乳業 鈴木様,経理部,2025-01-17,523401
T001035,東海運輸株式会社,サポート部,2025-04-19,67914
T001110,XYZコーポレーション  ,サポート部,2025-05-03,1043286
T001972,ABC商事,経理部,2025-09-21,1800640
T000492,全国保険(株)  ,営業部,2025-02-10,86418
T002532,XYZコーポレーション,営業部,2025-11-25,5915822
T002215,東北機械工業 ,経理部,2025-09-12,171577
T001457,（株）大阪鉄鋼  ,営業部,2025-06-05,440526
T001099,XYZコーポレーション,経理部,2025-05-06,2046913
T002385,西日本電気,サポート部,2025-10-24,948364
T001281,中部不動産株式会社 総務部,営業部,2025-05-21,281955
T001755,中部不動産(株),サポート部,2025-07-08,460612
T000713,九州自動車工業株式会社,サポート部,2025-03-12,735410
T002590,京都製造(株),サポート部,2025-11-21,3637467
T000941,,営業部,2025-04-01,238842
T002875,(株)大阪電子工業	,サポート部,2025-12-14,1628526
T002995,日本化学工業株式会社 経営企画,営業部,2025-12-17,555158
T001679,関西エネルギー,経理部,2025-07-26,403299
T003155,XYZコーポレーション (新規),経理部,2026-01-11,2073056
T002674,日本化学工業 ,サポート部,2025-11-20,894684
T001841,京都製造,営業部,2025-08-03,3977350
T002715,兵庫食品工業,経理部,2025-11-01,1030357
T002177,東京メディカル,経理部,2025-09-20,503375
T002309,京都製造 ,サポート部,2025-10-26,3502882
T003522,九州自動車工業(株),営業部,2026-02-13,367559
T001329,エービーシー商事 (新規),サポート部,2025-06-03,1251335
T002123,(株)阪神運輸,営業部,2025-09-15,665455
T000097,神戸物産株式会社,経理部,2025-01-26,4857156
T002998,日本化学工業株式会社,サポート部,2025-12-23,411591
T002094,株式会社 大阪鉄鋼,営業部,2025-09-11,276507
T000927,大阪鉄鋼(株),営業部,2025-04-25,277591
T000819,XYZコーポレーション (食品),経理部,2025-04-06,4574089
T001031,株式会社 東海運輸 渡辺さん,営業部,2025-04-19,65536
T000648,株式会社 大阪鉄鋼,サポート部,2025-03-04,488408
T002663,西日本電気 (新規),経理部,2025-11-28,362729
T000114,(株)関西エネルギー 鈴木様,サポート部,2025-01-10,796251
T001616,XYZコーポレーション  ,営業部,2025-07-16,1127499
T002545,XYZコーポレーション,サポート部,2025-11-14,5480113
T001795,XYZコーポレーション,営業部,2025-08-12,2549889
T002570,(株)大阪電子工業,サポート部,2025-11-24,3498591
T003655,大阪電子工業,営業部,2026-03-24,6568049
T001256,九州自動車工業(株),営業部,2025-05-19,351624
T003306,株式会社 北海道乳業,経理部,2026-01-01,246725
T001013,東京メディカル  ,サポート部,2025-04-18,685964
T001148,株式会社 京都製造 経理部,サポート部,2025-05-26,2269434
T000500,ABC商事,営業部,2025-03-08,4419447
T002890,大阪電子工業(株),経理部,2025-12-31,6085567
T000773,新潟食品株式会社,サポート部,2025-03-18,235575
T003354,株式会社 新潟食品,営業部,2026-01-31,125532
T001590,ABC商事 ,サポート部,2025-07-06,1646957
T002096,大阪鉄鋼 ,経理部,2025-09-22,546817
T000013,ABC商事(株),営業部,2025-01-13,2600627
T000364,関西エネルギー,サポート部,2025-02-28,209900
T003643,大阪電子工業株式会社,経理部,2026-03-23,4631366
T001913,兵庫食品工業,経理部,2025-08-08,327648
T001846,株式会社 神戸物産,サポート部,2025-08-05,2767872
T002311,京都製造 ,営業部,2025-10-30,4371495
T002600,京都製造,サポート部,2025-11-24,2553001
T003682,京都製造(株),サポート部,2026-03-21,3880281
T003000,日本化学工業(株)  ,サポート部,2025-12-15,665579
T003431,京都製造株式会社,営業部,2026-02-19,3552113
T002071,神戸物産(株),営業部,2025-09-13,4376053
T001493,(株)阪神運輸,サポート部,2025-06-10,547871
T003855,全国保険 山田部長,営業部,2026-03-16,98930
T001517,北海道乳業株式会社,経理部,2025-06-02,382012
T001219,(株)西日本電気,サポート部,2025-05-15,243822
T000710,株式会社 九州自動車工業,経理部,2025-03-20,636885
T001318,全国保険株式会社 総務部,経理部,2025-05-26,94009
T002242,ABC商事株式会社,営業部,2025-10-08,4446252
T002229,,サポート部,2025-10-22,2782900
T003572,全国保険,サポート部,2026-02-14,74406
T001398,旧京都製造,経理部,2025-06-05,3629713
T001826,大阪電子工業（株）,サポート部,2025-08-30,2165070
T003613,株式会社 ABC商事,経理部,2026-03-30,7362706
T000281,未設定,サポート部,2025-02-16,2843020
T000736,東京メディカル,サポート部,2025-03-05,918580
T003841,瀬戸内テクノロジー,営業部,2026-03-07,114790
T003075,東海運輸株式会社,経理部,2025-12-29,207001
T002363,関西エネルギー株式会社,営業部,2025-10-29,385838
T002731,北海道乳業株式会社,経理部,2025-11-19,415314
T001594,ABC商事 ,サポート部,2025-07-31,2830306
T000892,未設定,サポート部,2025-04-01,3950081
T003513,(株)兵庫食品工業,営業部,2026-02-13,361461
T001739,東京メディカル ,経理部,2025-07-10,410293
T000447,東京メディカル株式会社 高橋課長,サポート部,2025-02-10,652848
T003236,(不明),サポート部,2026-01-27,527792
T000660,未設定,営業部,2025-03-28,423960
T001612,XYZコーポレーション,経理部,2025-07-05,2105440
T002351,神戸物産 ,サポート部,2025-10-20,5269062
T002028,大阪電子工業株式会社,サポート部,2025-09-25,2220990
T003813,中部不動産株式会社,営業部,2026-03-08,865249
T003499,株式会社 西日本電気,営業部,2026-02-02,297047
T001127,大阪電子工業（株）,サポート部,2025-05-16,2904446
T002268,XYZコーポレーション,経理部,2025-10-19,2318494
T002817,株式会社ABC商事,経理部,2025-12-09,6532933
T000321,京都製造(株),営業部,2025-02-23,2973290
T000319,大阪電子工業(株),経理部,2025-02-13,3489840
T001800,XYZコーポレーション,サポート部,2025-08-16,1965951
T003260,(株)西日本電気,営業部,2026-01-06,466448
T002293,(株)大阪電子工業  ,経理部,2025-10-27,4302652
T002061,株式会社 神戸物産 高橋課長,経理部,2025-09-23,3705183
T003701,神戸物産株式会社 [要確認],営業部,2026-03-29,5187918
T000110,神戸物産株式会社,営業部,2025-01-15,2429024
T001523,(株)東京メディカル 営業部,サポート部,2025-06-25,551767
T002648,大阪鉄鋼 ,営業部,2025-11-05,268676
T001259,九州自動車工業 経理部,経理部,2025-05-19,551965
T001404,(株)京都製造 高橋課長,営業部,2025-06-23,2818887
T000290,XYZコーポレーション,サポート部,2025-02-27,2029571
T000876,株式会社 京都製造,経理部,2025-04-19,1552789
T001943,山陽建設株式会社,経理部,2025-08-25,133225
T001043,瀬戸内テクノロジー 購買部,サポート部,2025-04-12,97001
T000332,京都製造(株)	,営業部,2025-02-06,2928082
T002671,日本化学工業(株),営業部,2025-11-29,705581
T000926,株式会社 大阪鉄鋼,営業部,2025-04-25,647724
T000132,西日本電気 ,サポート部,2025-01-31,323172
T001657,(株)神戸物産,サポート部,2025-07-25,1430692
T000696,兵庫食品工業,営業部,2025-03-12,737204
T002381,N/A,営業部,2025-10-14,387067
T000799,(株)ABC商事,経理部,2025-04-01,2391991
T000260,全国保険,営業部,2025-01-15,106248
T001239,N/A,営業部,2025-05-04,743471
T002025,大阪電子工業(株),営業部,2025-09-22,2838245
T003134,ABC商事,営業部,2026-01-20,2281235
T000235,四国電機   ,サポート部,2025-01-03,148281
T001887,西日本電気株式会社,サポート部,2025-08-29,240663
T003699,（株）神戸物産,サポート部,2026-03-03,3225544
T002299,旧大阪電子工業(株),営業部,2025-10-19,5398859
T000836,大阪電子工業(株)  ,営業部,2025-04-01,3611207
T002559,株式会社 大阪電子工業,経理部,2025-11-25,2337554
T000657,西日本電気,経理部,2025-03-21,427022
T001732,株式会社 北海道乳業,経理部,2025-07-26,520009
T003399,XYZコーポレーション,サポート部,2026-02-15,3364979
T001389,未設定,経理部,2025-06-10,4418408
T000244,大阪ファイナンス 経営企画,サポート部,2025-01-12,67710
T003639,株式会社 大阪電子工業 (IT),サポート部,2026-03-31,1583651
T003413,大阪電子工業株式会社,営業部,2026-02-28,5067680
T003348,株式会社 大阪ファイナンス  ,営業部,2026-01-27,64381
T001361,(不明),営業部,2025-06-25,1422824
T000322,京都製造株式会社,サポート部,2025-02-22,3749046
T003053,(株)東京メディカル,サポート部,2025-12-21,971948
T003202,京都製造   ,サポート部,2026-01-23,3075754
T001954,株式会社 ジャパン医薬品,経理部,2025-08-25,135444
T000174,九州自動車工業 総務部,営業部,2025-01-26,202973
T003362,株式会社ABC商事  ,経理部,2026-02-15,5808532
T000461,株式会社 中部不動産,経理部,2025-02-08,666745
T001260,(株)北海道乳業,営業部,2025-05-30,203876
T001796,XYZコーポレーション,営業部,2025-08-04,2849644
T000510,旧株式会社ABC商事,営業部,2025-03-24,5858564
T000613,神戸物産(株),経理部,2025-03-19,5944630
T002221,新潟食品 ,経理部,2025-09-02,146482
T000416,阪神運輸（株）,営業部,2025-02-24,413599
T001449,関西エネルギー,サポート部,2025-06-22,478711
T003653,大阪電子工業 経理部,サポート部,2026-03-23,5472422
T000175,旧(株)九州自動車工業,経理部,2025-01-04,227032
T000398,日本化学工業株式会社 田中様,サポート部,2025-02-16,272128
T000530,XYZコーポレーション,営業部,2025-03-10,2611030
T002007,XYZコーポレーション,サポート部,2025-09-13,2896262
T003162,XYZコーポレーション  ,経理部,2026-01-25,4645505
T003527,北海道乳業 ,サポート部,2026-02-28,207822
T002701,株式会社 兵庫食品工業,経理部,2025-11-05,643588
T002526,株式会社ABC商事,経理部,2025-11-10,1893547
T003253,株式会社 大阪鉄鋼 総務部,経理部,2026-01-20,276200
T000679,阪神運輸(株),経理部,2025-03-17,769342
T003614,ABC商事株式会社  ,営業部,2026-03-27,1728782
T003739,株式会社 大阪鉄鋼,営業部,2026-03-22,921797
T003651,大阪電子工業株式会社 佐藤様,サポート部,2026-03-26,5881133
T001249,(株)九州自動車工業,経理部,2025-05-04,631077
T002306,大阪電子工業(株),サポート部,2025-10-01,4251296
T001931,中部不動産,営業部,2025-08-10,353987
T000956,阪神運輸 ,経理部,2025-04-02,403129
T000776,全国保険株式会社,営業部,2025-03-14,195451
T003717,神戸物産株式会社,サポート部,2026-03-07,2410707
T003763,(株)日本化学工業  ,サポート部,2026-03-18,612500
T001572,東北機械工業株式会社  ,サポート部,2025-06-07,153105
T000741,中部不動産,営業部,2025-03-18,710152
T000966,(株)兵庫食品工業,サポート部,2025-04-06,560265
T003263,株式会社 西日本電気,営業部,2026-01-18,573017
T003530,北海道乳業 ,サポート部,2026-02-02,545820
T003062,中部不動産(株),営業部,2025-12-22,995352
T000220,中部不動産株式会社  ,経理部,2025-01-28,357677
T000487,旧(株)東北機械工業,営業部,2025-02-26,156284
T002429,九州自動車工業株式会社,営業部,2025-10-14,267205
T001609,XYZコーポレーション,サポート部,2025-07-08,1542450
T002253,XYZコーポレーション  ,営業部,2025-10-09,4264765
T001133,大阪電子工業,営業部,2025-05-29,3872938
T002567,大阪電子工業株式会社,サポート部,2025-11-28,4732611
T001392,(株)京都製造,サポート部,2025-06-04,1549037
T002149,九州自動車工業株式会社,経理部,2025-09-23,483412
T000751,山陽建設,営業部,2025-03-24,70540
T000610,株式会社 神戸物産,経理部,2025-03-30,3986266
T002795,ジャパン医薬品 ,営業部,2025-11-28,120926
T003230,(株)神戸物産,サポート部,2026-01-04,3684679
T001671,神戸物産株式会社  ,経理部,2025-07-21,3355261
T002102,西日本電気株式会社,サポート部,2025-09-03,392265
T000757,四国電機株式会社,サポート部,2025-03-20,166458
T000298,旧XYZコーポレーション,サポート部,2025-02-12,3451318
T002275,大阪電子工業,経理部,2025-10-17,1695803
T003201,旧京都製造,サポート部,2026-01-11,3816052
T001332,旧(株)ABC商事,サポート部,2025-06-25,1099377
T003466,神戸物産 ,経理部,2026-02-09,6205891
T003169,(株)大阪電子工業,経理部,2026-01-22,3127283
T000186,九州自動車工業株式会社,サポート部,2025-01-14,301255
T001878,大阪鉄鋼(株)  ,営業部,2025-08-02,584238
T001029,近畿システムズ   ,営業部,2025-04-10,82858
T002073,神戸物産(株),営業部,2025-09-06,2092639
T003551,中部不動産(株)  ,サポート部,2026-02-05,435609
T001087,株式会社ABC商事,経理部,2025-05-02,3056712
T001088,XYZコーポレーション,サポート部,2025-05-22,2033252
T002617,株式会社 神戸物産,サポート部,2025-11-27,6023980
T003050,東京メディカル株式会社  ,経理部,2025-12-05,608020
T003788,兵庫食品工業 ,営業部,2026-03-24,333426
T003082,山陽建設,営業部,2025-12-24,124107
T002997,日本化学工業(株),営業部,2025-12-12,1092719
T000441,北海道乳業株式会社,経理部,2025-02-20,448884
T002212,(株)大阪ファイナンス,営業部,2025-09-01,166796
T003130,ABC商事(株),サポート部,2026-01-07,6147009
T002706,(株)兵庫食品工業,営業部,2025-11-16,405072
T003703,神戸物産 ,経理部,2026-03-15,3168707
T002272,大阪電子工業株式会社 (医療),経理部,2025-10-11,6320376
T002441,九州自動車工業(株),サポート部,2025-10-15,476201
T002300,株式会社 大阪電子工業,経理部,2025-10-18,4484968
T000858,京都製造株式会社,営業部,2025-04-11,4353494
T003681,株式会社 京都製造,サポート部,2026-03-13,5968378
T001442,N/A,経理部,2025-06-12,1024709
T003853,株式会社 新潟食品,営業部,2026-03-30,124643
T000257,新潟食品,営業部,2025-01-02,90222
T001682,株式会社 大阪鉄鋼,経理部,2025-07-13,305718
T000293,XYZコーポレーション,サポート部,2025-02-19,1758946
T001106,XYZコーポレーション,経理部,2025-05-04,1941553
T002015,大阪電子工業 (契約更新),営業部,2025-09-18,1966466
T002953,関西エネルギー(株),サポート部,2025-12-18,750586
T003330,近畿システムズ 高橋課長,経理部,2026-01-26,142200
T001477,株式会社 日本化学工業,営業部,2025-06-30,339430
T000676,阪神運輸株式会社  ,サポート部,2025-03-22,768223
T003620,XYZコーポレーション  ,経理部,2026-03-02,5237031
T003851,東北機械工業 ,営業部,2026-03-30,193321
T000688,(株)阪神運輸 経営企画,経理部,2025-03-04,529118
T003058,旧東京メディカル,経理部,2025-12-09,876857
T003698,株式会社 神戸物産  ,サポート部,2026-03-18,6078212
T001526,東京メディカル ,経理部,2025-06-10,208890
T003771,日本化学工業株式会社  ,経理部,2026-03-13,830782
T000152,株式会社 阪神運輸 (医療),経理部,2025-01-21,644920
T003099,株式会社 ジャパン医薬品,営業部,2025-12-19,126375
T003596,ABC商事 (IT),サポート部,2026-03-29,4347173
T003168,未設定,経理部,2026-01-10,6391132
T003544,（株）中部不動産,経理部,2026-02-08,586375
T002633,関西エネルギー株式会社,経理部,2025-11-23,973909
T002234,エービーシー商事,サポート部,2025-10-25,2894608
T000042,XYZコーポレーション,経理部,2025-01-29,2024603
T002905,株式会社 京都製造  ,営業部,2025-12-28,2721371
T002683,(株)日本化学工業 (食品),サポート部,2025-11-13,325998
T003252,(株)大阪鉄鋼,営業部,2026-01-30,554274
T002031,株式会社 大阪電子工業,営業部,2025-09-29,2055583
T003439,(株)京都製造,経理部,2026-02-25,5286631
T000480,大阪ファイナンス,経理部,2025-02-15,56946
T001170,神戸物産株式会社,経理部,2025-05-30,2516821
T001273,東京メディカル株式会社,サポート部,2025-05-12,722807
T003809,東京メディカル,経理部,2026-03-26,489543
T000029,XYZコーポレーション (医療),営業部,2025-01-08,1803587
T003334,山陽建設  ,営業部,2026-01-16,120699
T002163,旧北海道乳業,営業部,2025-09-10,428860
T003515,九州自動車工業株式会社,経理部,2026-02-27,268773
T003321,(株)東京メディカル,経理部,2026-01-03,317806
T002077,神戸物産株式会社 (IT),経理部,2025-09-28,1291039
T002640,(株)大阪鉄鋼,営業部,2025-11-20,421747
T000243,株式会社 大阪ファイナンス,営業部,2025-01-28,173243
T001077,ABC商事  ,経理部,2025-05-13,2000271
T003792,兵庫食品工業株式会社 田中様,サポート部,2026-03-07,294639
T001053,新潟食品株式会社,営業部,2025-04-14,81230
T002837,XYZコーポレーション,営業部,2025-12-10,6494003
T002294,大阪電子工業(株),経理部,2025-10-15,6396817
T003181,株式会社 大阪電子工業,経理部,2026-01-18,3009160
T000356,神戸物産株式会社,営業部,2025-02-24,2963142
T002329,京都製造(株),サポート部,2025-10-18,5259865
T001809,N/A,営業部,2025-08-14,1488967
T003495,西日本電気株式会社,経理部,2026-02-03,640583
T000872,株式会社 京都製造,営業部,2025-04-08,1718379
T003173,大阪電子工業（株）,経理部,2026-01-21,4832298
T003245,大阪鉄鋼株式会社,サポート部,2026-01-04,362895
T002870,大阪電子工業,サポート部,2025-12-26,5633437
T001781,全国保険,サポート部,2025-07-25,71026
T002789,瀬戸内テクノロジー株式会社,経理部,2025-11-23,226514
T002179,中部不動産   ,サポート部,2025-09-20,327766
T003540,株式会社 中部不動産,サポート部,2026-02-03,381691
T003206,京都製造(株),サポート部,2026-01-27,5386027
T002231,株式会社 ABC商事,経理部,2025-10-28,5348692
T000975,兵庫食品工業株式会社,サポート部,2025-04-15,345357
T001701,日本化学工業   ,経理部,2025-07-14,582810
T002584,京都製造(株),営業部,2025-11-03,6088368
T001917,九州自動車工業株式会社,サポート部,2025-08-15,598538
T002609,京都製造株式会社,経理部,2025-11-28,2139237
T003247,大阪鉄鋼株式会社,サポート部,2026-01-29,313121
T000288,XYZコーポレーション  ,経理部,2025-02-02,1071014
T002917,株式会社 京都製造,営業部,2025-12-06,3720866
T000196,株式会社 北海道乳業,経理部,2025-01-22,285544
T000790,ABC商事,経理部,2025-04-05,2409991
T003090,瀬戸内テクノロジー(株),経理部,2025-12-05,111465
T000906,(株)神戸物産 山田部長,サポート部,2025-04-06,1148168
T000507,株式会社ABC商事,サポート部,2025-03-24,1577498
T000410,阪神運輸株式会社 購買部,サポート部,2025-02-20,230593
T000934,(株)西日本電気,営業部,2025-04-18,436817
T000852,京都製造株式会社  ,営業部,2025-04-10,2067104
T000221,中部不動産,経理部,2025-01-31,610997
T002665,西日本電気株式会社 購買部,サポート部,2025-11-07,696484
T002732,未設定,営業部,2025-11-06,847225
T003388,XYZコーポレーション (物流),営業部,2026-02-22,3493819
T000971,株式会社 兵庫食品工業,営業部,2025-04-02,646376
T000278,旧ABC商事株式会社,営業部,2025-02-13,1393624
T003589,ABC商事（株）,サポート部,2026-03-02,6199907
T003242,関西エネルギー株式会社,経理部,2026-01-31,809475
T002138,兵庫食品工業  ,経理部,2025-09-04,353769
T003161,XYZコーポレーション  ,経理部,2026-01-30,1271952
T003444,京都製造 (契約更新),経理部,2026-02-26,4805921
T002693,阪神運輸(株) 渡辺さん,サポート部,2025-11-07,759903
T002346,神戸物産株式会社,経理部,2025-10-09,2084908
T001548,中部不動産株式会社 田中様,サポート部,2025-06-30,579052
T000641,株式会社 大阪鉄鋼,サポート部,2025-03-08,411607
T003828,東海運輸株式会社,営業部,2026-03-03,150254
T003389,XYZコーポレーション,経理部,2026-02-15,2985775
T001916,兵庫食品工業株式会社,サポート部,2025-08-31,401761
T002747,東京メディカル   ,経理部,2025-11-21,328191
T002714,兵庫食品工業 (新規),営業部,2025-11-17,635611
T000977,株式会社 九州自動車工業,サポート部,2025-04-02,510997
T000161,阪神運輸株式会社 (新規),サポート部,2025-01-24,555168
T001977,エービーシー商事,営業部,2025-09-28,3419509
T002144,(株)九州自動車工業,サポート部,2025-09-01,638030
T000476,株式会社 瀬戸内テクノロジー,営業部,2025-02-28,151686
T001198,大阪鉄鋼株式会社  ,経理部,2025-05-16,229336
T003652,(株)大阪電子工業  ,サポート部,2026-03-11,2357756
T001282,中部不動産株式会社,サポート部,2025-05-18,410036
T001969,株式会社ABC商事,経理部,2025-09-14,1134570
T001688,大阪鉄鋼 営業部,営業部,2025-07-19,253745
T001237,阪神運輸,経理部,2025-05-23,758829
T003393,XYZコーポレーション,経理部,2026-02-22,4250500
T003374,旧ABC商事,サポート部,2026-02-18,3291895
T000884,神戸物産株式会社,サポート部,2025-04-23,1990503
T001550,近畿システムズ株式会社,営業部,2025-06-10,168337
T002965,大阪鉄鋼（株）,営業部,2025-12-03,539959
T000532,XYZコーポレーション,経理部,2025-03-21,1649395
T003036,北海道乳業株式会社,サポート部,2025-12-10,1049998
T002150,(株)九州自動車工業,経理部,2025-09-14,558747
T002399,日本化学工業株式会社,サポート部,2025-10-12,393048
T003312,東京メディカル(株) 営業部,経理部,2026-01-17,262396
T002048,京都製造株式会社,営業部,2025-09-10,4174125
T001387,株式会社 大阪電子工業,営業部,2025-06-02,4398267
T002255,N/A,サポート部,2025-10-25,5138845
T002669,日本化学工業 鈴木様,サポート部,2025-11-01,514628
T000395,日本化学工業株式会社,サポート部,2025-02-19,388591
T001083,ABC商事,サポート部,2025-05-24,3098194
T000458,中部不動産(株) (4月から),サポート部,2025-02-08,223393
T001016,東京メディカル株式会社,サポート部,2025-04-20,579332
T000745,中部不動産,営業部,2025-03-09,859074
T002263,XYZコーポレーション  ,営業部,2025-10-04,2196587
T003814,(株)中部不動産,営業部,2026-03-09,1020774
T001418,神戸物産 ,営業部,2025-06-21,1807937
T000228,東海運輸株式会社,経理部,2025-01-20,124692
T002248,XYZコーポレーション,サポート部,2025-10-01,5104920
T002922,京都製造   ,営業部,2025-12-24,5277022
T002420,兵庫食品工業(株),営業部,2025-10-12,414545
T002405,日本化学工業,サポート部,2025-10-26,377808
T001856,神戸物産(株),営業部,2025-08-04,2350881
T000779,(株)ABC商事,サポート部,2025-04-01,2259691
T001384,大阪電子工業株式会社,サポート部,2025-06-27,1918150
T003404,XYZコーポレーション,サポート部,2026-02-04,3328551
T002895,京都製造株式会社 経理部,営業部,2025-12-23,6668747
T001130,旧(株)大阪電子工業,経理部,2025-05-03,3294939
T000306,大阪電子工業  ,経理部,2025-02-16,1279543
T000542,XYZコーポレーション,経理部,2025-03-09,4261894
T002063,神戸物産 佐藤様,営業部,2025-09-21,1241364
T000944,日本化学工業(株) (4月から),経理部,2025-04-30,248026
T002535,XYZコーポレーション,サポート部,2025-11-25,2491958
T001980,（株）ABC商事,経理部,2025-09-30,4858249
T000734,東京メディカル株式会社,経理部,2025-03-05,902794
T002045,京都製造 ,経理部,2025-09-16,3682152
T000342,神戸物産株式会社,経理部,2025-02-10,2321089
T002507,全国保険株式会社 山田部長,経理部,2025-10-10,130318
T000060,(不明),サポート部,2025-01-04,2615626
T003179,大阪電子工業株式会社 (継続),経理部,2026-01-30,5140123
T000723,株式会社 北海道乳業,経理部,2025-03-24,661094
T001346,XYZコーポレーション,サポート部,2025-06-30,3372334
T000490,全国保険  ,サポート部,2025-02-11,129646
T000292,XYZコーポレーション,サポート部,2025-02-10,3907647
T000229,東海運輸株式会社,経理部,2025-01-31,172949
T002464,株式会社 中部不動産,サポート部,2025-10-18,483957
T002853,XYZコーポレーション,経理部,2025-12-24,5694865
T001485,日本化学工業株式会社 (医療),サポート部,2025-06-16,390330
T001478,日本化学工業,経理部,2025-06-18,321828
T002505,株式会社 新潟食品,営業部,2025-10-13,118391
T002181,中部不動産株式会社,サポート部,2025-09-08,419630
T000386,西日本電気株式会社,営業部,2025-02-13,444524
T000678,阪神運輸株式会社  ,経理部,2025-03-29,918578
T001705,旧阪神運輸(株),経理部,2025-07-10,221258
T001759,中部不動産 ,営業部,2025-07-10,424827
T002711,兵庫食品工業株式会社,経理部,2025-11-05,301550
T003562,瀬戸内テクノロジー株式会社 佐藤様,サポート部,2026-02-13,55950
T001538,中部不動産株式会社,サポート部,2025-06-02,581128
T000459,中部不動産,経理部,2025-02-26,575766
T001689,大阪鉄鋼(株)  ,経理部,2025-07-20,690115
T003166,,サポート部,2026-01-17,3822066
T001402,京都製造株式会社,経理部,2025-06-21,3805117
T001377,株式会社 大阪電子工業,サポート部,2025-06-03,4336738
T001407,京都製造株式会社 経営企画,サポート部,2025-06-04,4160442
T003326,(株)中部不動産,経理部,2026-01-24,454315
T002956,株式会社 関西エネルギー,営業部,2025-12-10,404244
T003833,山陽建設株式会社 総務部,経理部,2026-03-24,137116
T001222,日本化学工業 経営企画,経理部,2025-05-03,515242
T000951,日本化学工業 渡辺さん,サポート部,2025-04-01,710622
T003333,株式会社 東海運輸,サポート部,2026-01-01,46950
T002580,京都製造（株）,経理部,2025-11-05,6011710
T000133,旧株式会社 西日本電気,サポート部,2025-01-23,486706
T001812,XYZコーポレーション,サポート部,2025-08-19,3450151
T000465,中部不動産,営業部,2025-02-14,202563
T001983,ABC商事,サポート部,2025-09-27,1522817
T000430,九州自動車工業株式会社,経理部,2025-02-14,370931
T003381,-,経理部,2026-02-02,5258418
T000193,北海道乳業株式会社,営業部,2025-01-28,350210
T002002,XYZコーポレーション,サポート部,2025-09-04,2047648
T001965,ABC商事(株),営業部,2025-09-29,4240951
T000379,大阪鉄鋼 ,経理部,2025-02-19,671775
T001348,XYZコーポレーション,サポート部,2025-06-24,2035119
T000048,(株)大阪電子工業,サポート部,2025-01-15,3313915
T000704,九州自動車工業(株),経理部,2025-03-17,914005
T002159,北海道乳業,営業部,2025-09-23,395103
T002004,XYZコーポレーション,営業部,2025-09-05,3430047
T002808,(株)ABC商事  ,営業部,2025-12-09,3331609
T002430,(株)九州自動車工業  ,営業部,2025-10-16,1006410
T002496,東北機械工業(株)  ,営業部,2025-10-31,244193
T000272,エービーシー商事,経理部,2025-02-19,4454446
T001386,大阪電子工業株式会社,経理部,2025-06-09,4555382
T000079,京都製造(株),営業部,2025-01-07,4493398
T000726,北海道乳業 ,営業部,2025-03-16,802368
T003095,大阪ファイナンス株式会社,経理部,2025-12-22,208551
T000720,(株)九州自動車工業,サポート部,2025-03-14,868639
T002966,大阪鉄鋼株式会社,営業部,2025-12-19,767436
T000687,阪神運輸,サポート部,2025-03-09,625858
T000283,XYZコーポレーション 営業部,経理部,2025-02-27,3369748
T003385,株式会社 ABC商事,営業部,2026-02-16,4744328
T002056,神戸物産(株),経理部,2025-09-19,4727075
T000059,株式会社 大阪電子工業,サポート部,2025-01-20,2822692
T001896,日本化学工業,営業部,2025-08-02,679205
T001152,京都製造株式会社,経理部,2025-05-16,1082324
T000010,株式会社ABC商事,サポート部,2025-01-05,2034430
T001405,京都製造  ,サポート部,2025-06-13,4409415
T001986,XYZコーポレーション  ,営業部,2025-09-17,1469729
T003561,株式会社 四国電機 佐藤様,営業部,2026-02-05,76516
T001366,XYZコーポレーション  ,サポート部,2025-06-27,4724418
T002128,(株)阪神運輸,経理部,2025-09-13,742638
T001889,西日本電気(株),営業部,2025-08-12,591506
T001615,XYZコーポレーション (食品),営業部,2025-07-12,3008323
T001301,瀬戸内テクノロジー(株)  ,サポート部,2025-05-01,87405
T000553,大阪電子工業,営業部,2025-03-25,5793390
T000645,大阪鉄鋼 (新規),営業部,2025-03-12,506426
T001209,西日本電気(株),経理部,2025-05-11,658245
T003629,XYZコーポレーション,経理部,2026-03-01,2245661
T003538,東京メディカル ,サポート部,2026-02-22,412335
T000291,XYZコーポレーション,サポート部,2025-02-10,2692658
T003033,-,サポート部,2025-12-05,1115749
T002208,(株)瀬戸内テクノロジー  ,営業部,2025-09-01,141588
T001874,関西エネルギー(株),経理部,2025-08-10,548781
T002771,近畿システムズ(株),経理部,2025-11-23,199891
T000916,関西エネルギー株式会社,経理部,2025-04-23,609018
T000958,阪神運輸(株),営業部,2025-04-07,655786
T002729,北海道乳業,経理部,2025-11-05,554825
T002407,日本化学工業株式会社,経理部,2025-10-28,790643
T002410,N/A,営業部,2025-10-13,699224
T000402,日本化学工業株式会社,営業部,2025-02-24,366218
T001554,(株)東海運輸,サポート部,2025-06-03,87910
T003795,株式会社 九州自動車工業,営業部,2026-03-31,271945
T003791,(株)兵庫食品工業,サポート部,2026-03-11,578519
T002461,株式会社 東京メディカル,サポート部,2025-10-02,908875
T002305,大阪電子工業株式会社,経理部,2025-10-23,3721677
T002476,中部不動産株式会社  ,サポート部,2025-10-08,987298
T002934,神戸物産 ,サポート部,2025-12-14,6998895
T000404,株式会社 日本化学工業,経理部,2025-02-15,287541
T000938,(株)西日本電気 渡辺さん,経理部,2025-04-23,609054
T000105,株式会社 神戸物産,サポート部,2025-01-04,4025285
T000017,(株)ABC商事,サポート部,2025-01-17,3554206
T001685,大阪鉄鋼株式会社 (医療),営業部,2025-07-12,565062
T001501,兵庫食品工業株式会社,営業部,2025-06-12,478293
T003268,(株)西日本電気,営業部,2026-01-20,633342
T000950,日本化学工業,営業部,2025-04-02,339849
T002824,ABC商事(株) (契約更新),営業部,2025-12-22,4627884
T003767,日本化学工業株式会社,経理部,2026-03-23,575957
T002686,(株)阪神運輸  ,サポート部,2025-11-04,303507
T003605,ABC商事(株),経理部,2026-03-22,1719302
T003448,京都製造株式会社,サポート部,2026-02-27,1376381
T001480,日本化学工業株式会社,経理部,2025-06-02,210913
T000245,大阪ファイナンス  ,営業部,2025-01-25,137167
T001308,未設定,経理部,2025-05-15,93211
T001252,九州自動車工業   ,経理部,2025-05-19,403019
T003525,株式会社 九州自動車工業,営業部,2026-02-22,264062
T002556,株式会社 大阪電子工業,営業部,2025-11-13,4519823
T000130,(不明),営業部,2025-01-30,502020
T001382,株式会社 大阪電子工業 経営企画,サポート部,2025-06-11,4234986
T001764,近畿システムズ	,営業部,2025-07-24,72476
T003476,株式会社 関西エネルギー,営業部,2026-02-04,211480
T001232,（株）阪神運輸,サポート部,2025-05-08,445637
T001032,東海運輸株式会社  ,営業部,2025-04-25,75297
T000895,神戸物産株式会社 経理部,営業部,2025-04-27,2750012
T001674,関西エネルギー(株),営業部,2025-07-15,312156
T000652,大阪鉄鋼(株),経理部,2025-03-21,788770
T003198,京都製造株式会社,経理部,2026-01-08,2382378
T001191,関西エネルギー株式会社,経理部,2025-05-03,265214
T002568,未設定,経理部,2025-11-05,1574261
T003598,株式会社 ABC商事 山田部長,経理部,2026-03-09,7624727
T003059,東京メディカル株式会社,サポート部,2025-12-23,890227
T001937,近畿システムズ(株) 鈴木様,サポート部,2025-08-09,62856
T001888,旧西日本電気株式会社,営業部,2025-08-09,440239
T003029,株式会社 九州自動車工業,経理部,2025-12-27,575517
T000632,関西エネルギー,営業部,2025-03-17,343614
T003346,大阪ファイナンス(株),営業部,2026-01-05,78044
T001283,中部不動産,サポート部,2025-05-28,487796
T001228,阪神運輸 ,営業部,2025-05-03,764814
T001605,XYZコーポレーション 佐藤様,経理部,2025-07-24,2036230
T001779,株式会社 新潟食品,経理部,2025-07-14,139059
T002026,-,営業部,2025-09-03,4691939
T001706,(株)阪神運輸 高橋課長,営業部,2025-07-05,555428
T003103,東北機械工業(株) (継続),営業部,2025-12-08,229972
T002093,大阪鉄鋼   ,サポート部,2025-09-23,246893
T002981,(株)西日本電気,サポート部,2025-12-15,284998
T000937,西日本電気(株),経理部,2025-04-21,412987
T001216,西日本電気株式会社,営業部,2025-05-09,780990
T002540,XYZコーポレーション,サポート部,2025-11-24,6173118
T003720,(株)神戸物産,経理部,2026-03-27,4135935
T003054,(株)東京メディカル,経理部,2025-12-20,600612
T000814,XYZコーポレーション (4月から),経理部,2025-04-11,1284432
T003357,株式会社 全国保険,サポート部,2026-01-04,172093
T002764,(不明),経理部,2025-11-11,303028
T001560,株式会社 山陽建設,経理部,2025-06-27,82701
T001150,京都製造株式会社,経理部,2025-05-27,3625882
T002650,大阪鉄鋼株式会社 (食品),営業部,2025-11-23,1000686
T002607,京都製造,経理部,2025-11-24,4723241
T001042,瀬戸内テクノロジー,サポート部,2025-04-28,162187
T000897,神戸物産(株),経理部,2025-04-03,1575543
T001527,株式会社 東京メディカル,経理部,2025-06-25,609617
T002809,株式会社ABC商事,営業部,2025-12-11,5623081
T001245,兵庫食品工業(株),サポート部,2025-05-26,448243
T002538,(不明),経理部,2025-11-24,1519966
T002369,(株)大阪鉄鋼,経理部,2025-10-25,961872
T003832,山陽建設株式会社,経理部,2026-03-27,198009
T003810,東京メディカル   ,経理部,2026-03-22,572416
T002951,関西エネルギー 経理部,営業部,2025-12-06,945909
T001048,(株)ジャパン医薬品,経理部,2025-04-17,123109
T002796,ジャパン医薬品株式会社,経理部,2025-11-02,134482
T002141,兵庫食品工業 鈴木様,サポート部,2025-09-19,560530
T002939,株式会社 神戸物産 渡辺さん,サポート部,2025-12-09,3724575
T001602,,サポート部,2025-07-15,1546030
T001250,九州自動車工業株式会社 経理部,経理部,2025-05-13,686758
T001135,-,経理部,2025-05-26,2544493
T003835,山陽建設株式会社  ,営業部,2026-03-11,137962
T003323,中部不動産株式会社,サポート部,2026-01-30,515846
T001338,ABC商事(株)  ,営業部,2025-06-09,4617274
T002315,N/A,営業部,2025-10-26,2367138
T001181,神戸物産株式会社 (医療),サポート部,2025-05-20,4860649
T003854,全国保険(株)  ,営業部,2026-03-07,90413
T003301,北海道乳業   ,サポート部,2026-01-13,414794
T003741,大阪鉄鋼株式会社,経理部,2026-03-28,1042136
T002803,株式会社 新潟食品,経理部,2025-11-30,217484
T003019,兵庫食品工業,経理部,2025-12-31,1048088
T002403,日本化学工業株式会社 田中様,経理部,2025-10-17,426436
T001735,北海道乳業(株),営業部,2025-07-23,504688
T002727,北海道乳業(株) 購買部,経理部,2025-11-21,348765
T000708,(株)九州自動車工業 渡辺さん,経理部,2025-03-27,687985
T002439,(株)九州自動車工業,サポート部,2025-10-28,458903
T000558,大阪電子工業株式会社 (食品),経理部,2025-03-29,5763171
T000082,京都製造株式会社,経理部,2025-01-18,4354890
T000802,ABC商事（株）,経理部,2025-04-09,1222655
T002042,京都製造(株) (継続),営業部,2025-09-11,4106740
T000056,大阪電子工業株式会社 佐藤様,経理部,2025-01-01,3768379
T000172,九州自動車工業(株) 経営企画,営業部,2025-01-07,222394
T000689,阪神運輸株式会社,営業部,2025-03-26,665852
T002415,阪神運輸,営業部,2025-10-08,685380
T000065,大阪電子工業株式会社,経理部,2025-01-10,2203403
T003782,株式会社 阪神運輸,営業部,2026-03-06,773950
T000864,京都製造株式会社,営業部,2025-04-24,4665314
T003502,日本化学工業,経理部,2026-02-02,511715
T000775,(株)全国保険,経理部,2025-03-18,199358
T000931,(株)西日本電気,営業部,2025-04-25,667541
T000664,株式会社 西日本電気,営業部,2025-03-19,458752
T003746,大阪鉄鋼株式会社,経理部,2026-03-12,1028231
T000612,神戸物産 ,サポート部,2025-03-18,4694586
T003429,株式会社 京都製造	,経理部,2026-02-12,5222270
T002690,阪神運輸株式会社  ,サポート部,2025-11-05,644468
T000095,神戸物産株式会社  ,経理部,2025-01-28,2761854
T000701,兵庫食品工業,経理部,2025-03-09,797131
T001128,大阪電子工業株式会社,サポート部,2025-05-20,4988346
T002021,大阪電子工業 (物流),営業部,2025-09-13,4298035
T002688,阪神運輸株式会社,サポート部,2025-11-10,1039561
T002919,京都製造(株) 購買部,営業部,2025-12-09,4112544
T002078,神戸物産株式会社,サポート部,2025-09-04,4657840
T002730,北海道乳業株式会社 (物流),サポート部,2025-11-08,578020
T002472,中部不動産(株),サポート部,2025-10-31,709905
T002725,(不明),経理部,2025-11-11,494625
T002630,関西エネルギー株式会社,経理部,2025-11-08,841041
T003571,(不明),経理部,2026-02-03,169793
T000506,ABC商事 (継続),営業部,2025-03-01,2804154
T000074,京都製造(株),サポート部,2025-01-29,3117193
T002482,,営業部,2025-10-15,121104
T002384,西日本電気(株),サポート部,2025-10-25,943042
T000069,株式会社 京都製造,サポート部,2025-01-28,4223277
T000955,阪神運輸,経理部,2025-04-12,765940
T002380,大阪鉄鋼株式会社,経理部,2025-10-31,1032317
T001897,株式会社 日本化学工業,経理部,2025-08-24,642019
T001432,神戸物産  ,営業部,2025-06-06,3413053
T002013,大阪電子工業株式会社,サポート部,2025-09-05,4523269
T003132,ABC商事,営業部,2026-01-13,4047278
T002142,(株)兵庫食品工業  ,営業部,2025-09-10,612736
T003606,株式会社 ABC商事,営業部,2026-03-16,6758909
T002844,XYZコーポレーション,営業部,2025-12-06,3531669
T001073,ABC商事 ,経理部,2025-05-31,2959978
T003192,京都製造株式会社 (物流),サポート部,2026-01-03,3140829
T002598,京都製造(株),営業部,2025-11-09,2582554
T000179,九州自動車工業(株),営業部,2025-01-21,232663
T001479,株式会社 日本化学工業,経理部,2025-06-03,775956
T002843,(不明),経理部,2025-12-16,4507115
T002386,(不明),サポート部,2025-10-30,528078
T003819,中部不動産(株) (継続),経理部,2026-03-08,606153
T002153,旧九州自動車工業,営業部,2025-09-03,385710
T002282,株式会社 大阪電子工業,経理部,2025-10-10,5860138
T002463,-,経理部,2025-10-03,946618
T003123,(株)ABC商事 (医療),営業部,2026-01-01,3422403
T003328,近畿システムズ株式会社,営業部,2026-01-24,76271
T002183,中部不動産株式会社,サポート部,2025-09-07,333308
T000381,大阪鉄鋼 ,経理部,2025-02-12,417533
T001438,神戸物産(株),サポート部,2025-06-14,3078310
T001624,未設定,サポート部,2025-07-17,2159823
T001444,関西エネルギー株式会社  ,経理部,2025-06-14,329858
T003743,-,経理部,2026-03-27,600561
T000287,XYZコーポレーション,サポート部,2025-02-18,4444411
T000772,(株)東北機械工業,サポート部,2025-03-24,132670
T001978,株式会社 ABC商事,経理部,2025-09-01,3237334
T001351,XYZコーポレーション,経理部,2025-06-13,3961471
T001588,ABC商事(株),サポート部,2025-07-09,1933056
T000448,東京メディカル   ,営業部,2025-02-20,324087
T002904,京都製造株式会社,経理部,2025-12-07,4748674
T002283,大阪電子工業,経理部,2025-10-13,5429892
T001192,関西エネルギー株式会社,経理部,2025-05-22,751818
T000297,XYZコーポレーション,サポート部,2025-02-17,2322465
T000121,大阪鉄鋼  ,経理部,2025-01-18,717781
T003826,近畿システムズ株式会社,経理部,2026-03-19,62624
T002882,大阪電子工業 田中様,経理部,2025-12-01,5311252
T002180,-,経理部,2025-09-28,334357
T003714,旧(株)神戸物産,営業部,2026-03-26,8410398
T002770,近畿システムズ株式会社,営業部,2025-11-09,251040
T003475,株式会社 関西エネルギー 営業部,経理部,2026-02-27,641572
T003697,神戸物産,営業部,2026-03-21,4646050
T001558,山陽建設株式会社,サポート部,2025-06-25,93542
T002032,大阪電子工業株式会社,サポート部,2025-09-01,1424174
T001322,ABC商事,経理部,2025-06-12,1184293
T001777,(株)新潟食品,経理部,2025-07-14,100410
T002508,全国保険株式会社,サポート部,2025-10-14,160347
T001905,阪神運輸株式会社,サポート部,2025-08-10,570594
T001968,株式会社ABC商事  ,サポート部,2025-09-26,1201456
T003481,関西エネルギー株式会社,営業部,2026-02-27,487340
T001399,京都製造株式会社,サポート部,2025-06-10,3885614
T001325,エービーシー商事,サポート部,2025-06-05,2392704
T003628,XYZコーポレーション (継続),経理部,2026-03-01,4169594
T003713,神戸物産 ,サポート部,2026-03-27,6041813
T002194,近畿システムズ株式会社,経理部,2025-09-15,88696
T001303,大阪ファイナンス株式会社 (新規),営業部,2025-05-12,127974
T000991,北海道乳業株式会社,経理部,2025-04-19,755919
T002867,大阪電子工業(株),サポート部,2025-12-03,6551272
T002872,大阪電子工業株式会社,営業部,2025-12-20,3768080
T003428,株式会社 京都製造  ,経理部,2026-02-08,2850155
T003283,株式会社 兵庫食品工業,サポート部,2026-01-09,678072
T000768,株式会社 ジャパン医薬品 鈴木様,サポート部,2025-03-17,140510
T000693,兵庫食品工業  ,サポート部,2025-03-21,862058
T001331,株式会社 ABC商事,経理部,2025-06-26,4189742
T001619,大阪電子工業株式会社,サポート部,2025-07-30,1390961
T000351,神戸物産株式会社 (物流),経理部,2025-02-04,3930530
T001834,(株)京都製造,サポート部,2025-08-24,4216582
T002494,旧ジャパン医薬品,サポート部,2025-10-18,78418
T000046,大阪電子工業(株) 山田部長,経理部,2025-01-17,3049051
T003233,神戸物産(株),サポート部,2026-01-17,1910881
T002109,西日本電気(株),経理部,2025-09-19,214901
T003136,株式会社 ABC商事,営業部,2026-01-16,3291237
T002781,山陽建設(株) [要確認],経理部,2025-11-16,204878
T001771,瀬戸内テクノロジー(株),営業部,2025-07-06,54156
T001742,東京メディカル株式会社,営業部,2025-07-08,603699
T003582,ABC商事(株),営業部,2026-03-23,7533213
T000651,大阪鉄鋼	,サポート部,2025-03-31,778934
T000705,九州自動車工業(株),営業部,2025-03-22,670326
T001645,京都製造 佐藤様,営業部,2025-07-20,3006910
T003358,全国保険 ,サポート部,2026-01-16,98037
T002487,瀬戸内テクノロジー株式会社 (契約更新),サポート部,2025-10-10,164556
T001625,大阪電子工業株式会社,サポート部,2025-07-30,2495217
T000360,(株)神戸物産,サポート部,2025-02-01,963138
T000101,株式会社 神戸物産  ,営業部,2025-01-18,1042576
T001465,株式会社 大阪鉄鋼 田中様,営業部,2025-06-12,449825
T003594,未設定,サポート部,2026-03-13,6465269
T003434,京都製造,経理部,2026-02-24,3715068
T001772,大阪ファイナンス(株),経理部,2025-07-16,170151
T000968,未設定,サポート部,2025-04-28,426956
T003638,大阪電子工業株式会社,サポート部,2026-03-29,3619281
T003455,(株)神戸物産,経理部,2026-02-18,4848570
T002223,(株)ABC商事  ,営業部,2025-10-09,3791440
T002175,東京メディカル株式会社,営業部,2025-09-07,710168
T000514,株式会社ABC商事,営業部,2025-03-09,1658706
T001631,大阪電子工業株式会社 [要確認],経理部,2025-07-24,2052559
T003845,大阪ファイナンス(株),営業部,2026-03-27,216358
T002029,大阪電子工業株式会社,経理部,2025-09-28,2520642
T002621,神戸物産   ,営業部,2025-11-11,4188462
T002986,西日本電気株式会社,サポート部,2025-12-23,461178
T002588,京都製造,サポート部,2025-11-06,4263548
T002516,ABC商事(株),営業部,2025-11-22,2379559
T001990,XYZコーポレーション 鈴木様,サポート部,2025-09-17,1653297
T002728,(株)北海道乳業,営業部,2025-11-20,1018648
T000426,兵庫食品工業株式会社	,経理部,2025-02-15,518060
T003314,東京メディカル   ,サポート部,2026-01-01,200403
T001459,大阪鉄鋼 ,サポート部,2025-06-10,442669
T001672,関西エネルギー ,経理部,2025-07-09,188606
T001944,旧株式会社 山陽建設,経理部,2025-08-17,105726
T000954,阪神運輸(株) (食品),サポート部,2025-04-03,515830
T001730,北海道乳業 ,経理部,2025-07-17,598833
T003378,ABC商事  ,経理部,2026-02-25,6056847
T001264,旧(株)北海道乳業,営業部,2025-05-29,474725
T000512,ABC商事（株） [要確認],営業部,2025-03-03,2682514
T000388,株式会社 西日本電気 山田部長,サポート部,2025-02-23,377848
T002989,西日本電気株式会社,経理部,2025-12-01,553763
T002388,株式会社 西日本電気,サポート部,2025-10-31,345602
T002064,(株)神戸物産,経理部,2025-09-24,2158006
T001835,株式会社 京都製造 [要確認],営業部,2025-08-22,1069198
T000831,大阪電子工業   ,営業部,2025-04-23,4075525
T003707,神戸物産,サポート部,2026-03-28,7489116
T000035,XYZコーポレーション,サポート部,2025-01-24,3274131
T001002,北海道乳業,営業部,2025-04-20,431069
T000869,(株)京都製造,営業部,2025-04-07,1807594
T002247,XYZコーポレーション,経理部,2025-10-03,2681871
T003646,大阪電子工業株式会社,営業部,2026-03-06,4374700
T000149,阪神運輸,営業部,2025-01-28,601126
T003824,中部不動産	,経理部,2026-03-23,839184
T000302,大阪電子工業(株),サポート部,2025-02-10,1058795
T003460,神戸物産 (新規),営業部,2026-02-28,2989290
T001424,神戸物産 ,サポート部,2025-06-04,3218619
T000016,エービーシー商事,サポート部,2025-01-09,3099610
T001876,大阪鉄鋼株式会社 [要確認],サポート部,2025-08-14,643909
T001051,東北機械工業株式会社,経理部,2025-04-25,186301
T002481,山陽建設株式会社,営業部,2025-10-17,115375
T001242,兵庫食品工業 山田部長,経理部,2025-05-07,372471
T003452,神戸物産株式会社,サポート部,2026-02-25,4189990
T003409,XYZコーポレーション,営業部,2026-02-13,2311248
T003416,大阪電子工業株式会社,営業部,2026-02-11,1680631
T003412,大阪電子工業,営業部,2026-02-27,3375634
T000562,大阪電子工業株式会社,サポート部,2025-03-01,1389877
T002546,XYZコーポレーション [要確認],サポート部,2025-11-20,5441216
T003774,阪神運輸(株) 鈴木様,サポート部,2026-03-05,469966
T003649,大阪電子工業	,経理部,2026-03-08,6452263
T000102,神戸物産株式会社,経理部,2025-01-23,2996879
T003005,阪神運輸株式会社,サポート部,2025-12-26,982864
T000698,(株)兵庫食品工業,サポート部,2025-03-12,587926
T001614,XYZコーポレーション,営業部,2025-07-09,2115174
T001711,兵庫食品工業(株),経理部,2025-07-12,313971
T002414,阪神運輸 ,経理部,2025-10-24,724428
T000363,株式会社 関西エネルギー,サポート部,2025-02-19,409518
T001740,株式会社 東京メディカル,経理部,2025-07-11,288920
T001709,(株)阪神運輸,営業部,2025-07-02,507125
T002345,神戸物産(株),サポート部,2025-10-03,2136045
T002433,九州自動車工業(株) (物流),サポート部,2025-10-21,938407
T003505,(株)阪神運輸,サポート部,2026-02-24,320934
T000203,(株)東京メディカル (契約更新),経理部,2025-01-14,503578
T000208,東京メディカル株式会社,サポート部,2025-01-03,385751
T000737,株式会社 東京メディカル,サポート部,2025-03-14,898664
T002228,ABC商事 (物流),営業部,2025-10-22,1643569
T002611,株式会社 神戸物産,サポート部,2025-11-21,5620664
T000265,ABC商事  ,経理部,2025-02-05,3210027
T003269,(不明),経理部,2026-01-03,322816
T001376,大阪電子工業 ,経理部,2025-06-22,2997756
T003229,株式会社 神戸物産,営業部,2026-01-27,3659306
T002158,(株)北海道乳業 (医療),サポート部,2025-09-13,535968
T000711,九州自動車工業株式会社	,サポート部,2025-03-16,470106
T000184,九州自動車工業株式会社  ,経理部,2025-01-13,636196
T003511,兵庫食品工業株式会社  ,サポート部,2026-02-05,300467
T001269,株式会社 東京メディカル,営業部,2025-05-11,650405
T003642,大阪電子工業株式会社,サポート部,2026-03-16,3100464
T003083,四国電機株式会社  ,サポート部,2025-12-04,117706
T002135,兵庫食品工業株式会社,営業部,2025-09-16,555069
T001817,大阪電子工業株式会社,営業部,2025-08-05,1437603
T002266,XYZコーポレーション  ,経理部,2025-10-14,1664988
T000271,エービーシー商事 渡辺さん,営業部,2025-02-18,1936017
T000962,兵庫食品工業,営業部,2025-04-28,409668
T002156,九州自動車工業 (食品),営業部,2025-09-26,310973
T000215,中部不動産株式会社,サポート部,2025-01-15,308529
T000155,阪神運輸株式会社,サポート部,2025-01-30,720856
T000233,山陽建設株式会社  ,営業部,2025-01-09,167786
T003195,京都製造株式会社,経理部,2026-01-02,1806480
T000367,関西エネルギー(株)  ,サポート部,2025-02-19,628738
T003135,エービーシー商事,サポート部,2026-01-12,6632441
T000823,XYZコーポレーション,サポート部,2025-04-20,4084205
T002696,阪神運輸株式会社,経理部,2025-11-05,635494
T003093,大阪ファイナンス株式会社,経理部,2025-12-10,254308
T003118,ABC商事(株),サポート部,2026-01-10,5669373
T001312,(株)東北機械工業  ,経理部,2025-05-27,54735
T002495,(株)東北機械工業,サポート部,2025-10-18,221769
T000812,XYZコーポレーション,サポート部,2025-04-18,3869107
T000234,四国電機株式会社,経理部,2025-01-29,141641
T000832,(株)大阪電子工業,営業部,2025-04-17,3966543
T001642,(株)大阪電子工業 (物流),サポート部,2025-07-13,3123958
T000470,(株)東海運輸,サポート部,2025-02-08,113814
T002030,大阪電子工業 ,経理部,2025-09-14,1237617
T003020,(株)九州自動車工業,経理部,2025-12-03,552130
T000854,京都製造 ,経理部,2025-04-27,1736641
T003581,(株)ABC商事,営業部,2026-03-28,2571570
T003293,(不明),経理部,2026-01-29,439831
T003797,九州自動車工業株式会社,サポート部,2026-03-14,977402
T002778,山陽建設(株)  ,営業部,2025-11-16,67615
T000353,旧神戸物産(株),サポート部,2025-02-19,3617953
T002709,兵庫食品工業 (契約更新),営業部,2025-11-15,803402
T003415,大阪電子工業,サポート部,2026-02-09,1448926
T001545,中部不動産株式会社  ,営業部,2025-06-07,621024
T001246,兵庫食品工業(株),サポート部,2025-05-15,330889
T003689,,経理部,2026-03-12,2419425
T000204,(株)東京メディカル,経理部,2025-01-27,579430
T001603,XYZコーポレーション,経理部,2025-07-26,4131680
T002237,ABC商事株式会社 (契約更新),営業部,2025-10-05,4564972
T003435,株式会社 京都製造,経理部,2026-02-25,2432640
T000579,N/A,サポート部,2025-03-11,3344103
T000141,日本化学工業株式会社,営業部,2025-01-28,305239
T000162,阪神運輸株式会社,営業部,2025-01-24,616716
T003469,関西エネルギー 高橋課長,営業部,2026-02-06,338513
T002525,ABC商事,サポート部,2025-11-10,4591684
T000527,ABC商事(株) (継続),営業部,2025-03-09,3127920
T002041,京都製造株式会社,サポート部,2025-09-09,4223788
T002797,東北機械工業,営業部,2025-11-14,182816
T001081,ABC商事,サポート部,2025-05-20,2249815
T001365,未設定,サポート部,2025-06-20,1240088
T002207,瀬戸内テクノロジー	,経理部,2025-09-18,67815
T002977,西日本電気株式会社,サポート部,2025-12-29,1022055
T001272,東京メディカル,サポート部,2025-05-20,268024
T002615,株式会社 神戸物産  ,営業部,2025-11-19,3448686
T002124,阪神運輸株式会社,サポート部,2025-09-24,755678
T002533,XYZコーポレーション,営業部,2025-11-17,6125204
T002509,ABC商事,営業部,2025-11-25,2531557
T001734,北海道乳業株式会社,サポート部,2025-07-04,379576
T003623,(不明),営業部,2026-03-30,3450817
T003259,西日本電気(株),営業部,2026-01-07,363243
T002027,(株)大阪電子工業,経理部,2025-09-21,2956750
T000376,(株)大阪鉄鋼  ,サポート部,2025-02-12,434583
T000851,N/A,サポート部,2025-04-02,2400026
T002799,新潟食品   ,サポート部,2025-11-06,170562
T003088,瀬戸内テクノロジー,サポート部,2025-12-16,107441
T000984,株式会社 九州自動車工業,経理部,2025-04-17,328670
T002422,兵庫食品工業株式会社  ,サポート部,2025-10-25,997880
T001587,株式会社 ABC商事,営業部,2025-07-29,1718987
T002930,神戸物産株式会社 (4月から),営業部,2025-12-04,4417714
T003518,九州自動車工業 ,営業部,2026-02-14,494915
T001575,東北機械工業株式会社 (食品),営業部,2025-06-30,118217
T001033,東海運輸株式会社  ,サポート部,2025-04-06,142152
T003506,阪神運輸  ,サポート部,2026-02-09,233331
T002994,未設定,営業部,2025-12-17,793814
T001934,中部不動産株式会社,営業部,2025-08-17,229891
T001651,京都製造株式会社,経理部,2025-07-30,2040096
T002337,神戸物産,営業部,2025-10-05,3567188
T000442,北海道乳業株式会社,営業部,2025-02-07,668609
T000766,N/A,営業部,2025-03-14,161299
T000366,(株)関西エネルギー,サポート部,2025-02-28,269994
T002016,大阪電子工業,営業部,2025-09-27,4903424
T003221,神戸物産株式会社 購買部,営業部,2026-01-16,3252845
T002790,大阪ファイナンス 高橋課長,経理部,2025-11-04,91943
T002050,(株)京都製造,営業部,2025-09-05,4002652
T001184,(不明),サポート部,2025-05-18,2309681
T003559,（株）山陽建設,経理部,2026-02-04,96647
T002963,大阪鉄鋼,経理部,2025-12-12,632216
T000833,(株)大阪電子工業  ,サポート部,2025-04-13,3308317
T002279,大阪電子工業,営業部,2025-10-28,5419053
T003688,神戸物産(株),経理部,2026-03-11,5275768
T001378,株式会社 大阪電子工業,経理部,2025-06-03,3701075
T003148,XYZコーポレーション,サポート部,2026-01-25,3425168
T003064,中部不動産,経理部,2025-12-31,348895
T000856,京都製造(株),サポート部,2025-04-29,2405551
T002343,神戸物産,経理部,2025-10-10,3306377
T001644,京都製造  ,経理部,2025-07-16,4400187
T000552,大阪電子工業 ,サポート部,2025-03-06,2678662
T000134,西日本電気(株),営業部,2025-01-05,602219
T003696,(株)神戸物産,サポート部,2026-03-07,2031123
T003715,神戸物産(株)  ,経理部,2026-03-06,8080987
T000037,XYZコーポレーション,サポート部,2025-01-20,1285048
T002819,ABC商事株式会社,営業部,2025-12-02,3197279
T001626,旧（株）大阪電子工業,営業部,2025-07-20,2763338
T003085,瀬戸内テクノロジー(株),サポート部,2025-12-02,97133
T000180,九州自動車工業(株) (新規),経理部,2025-01-16,665108
T000394,(株)西日本電気  ,サポート部,2025-02-26,586228
T003024,(株)九州自動車工業 田中様,経理部,2025-12-08,463044
T001347,XYZコーポレーション 山田部長,経理部,2025-06-12,3137452
T003286,-,サポート部,2026-01-27,757574
T000469,東海運輸株式会社,営業部,2025-02-27,138038
T002404,日本化学工業株式会社,サポート部,2025-10-06,788738
T002874,大阪電子工業,サポート部,2025-12-11,6516630
T001371,大阪電子工業(株),サポート部,2025-06-24,2614213
T000468,株式会社 東海運輸 鈴木様,サポート部,2025-02-23,132881
T000206,株式会社 東京メディカル  ,経理部,2025-01-03,735280
T001726,(株)北海道乳業,営業部,2025-07-05,394619
T003025,九州自動車工業,経理部,2025-12-16,835105
T001959,ABC商事(株),営業部,2025-09-23,4812149
T003051,東京メディカル株式会社  ,経理部,2025-12-04,480177
T001483,日本化学工業(株),経理部,2025-06-27,663664
T000088,N/A,営業部,2025-01-21,1287806
T003317,(株)東京メディカル,営業部,2026-01-22,592004
T000055,大阪電子工業株式会社,営業部,2025-01-27,4852266
T000999,北海道乳業株式会社,経理部,2025-04-24,772675
T001059,全国保険株式会社 佐藤様,経理部,2025-04-26,57051
T003777,N/A,営業部,2026-03-10,533897
T003164,XYZコーポレーション,経理部,2026-01-18,2529672
T003837,四国電機 ,サポート部,2026-03-04,209571
T000521,(株)ABC商事  ,経理部,2025-03-07,5269116
T000747,近畿システムズ株式会社,経理部,2025-03-05,64632
T000821,XYZコーポレーション,サポート部,2025-04-25,1857995
T002863,大阪電子工業 ,経理部,2025-12-28,4123572
T000804,XYZコーポレーション,営業部,2025-04-08,2596776
T002626,株式会社 神戸物産,経理部,2025-11-06,1555671
T001556,（株）東海運輸,営業部,2025-06-26,156531
T002820,旧ABC商事(株),営業部,2025-12-09,6331007
T001154,京都製造,営業部,2025-05-28,3079129
T003843,株式会社 瀬戸内テクノロジー,営業部,2026-03-08,167624
T003041,株式会社 北海道乳業,経理部,2025-12-09,941908
T001502,兵庫食品工業   ,経理部,2025-06-25,353709
T000072,京都製造株式会社  ,サポート部,2025-01-18,2045213
T000066,大阪電子工業株式会社,サポート部,2025-01-15,2854552
T001090,旧XYZコーポレーション,サポート部,2025-05-22,4351002
T001178,神戸物産(株),サポート部,2025-05-14,1257816
T000798,ABC商事 購買部,経理部,2025-04-28,4491526
T000961,(株)兵庫食品工業 渡辺さん,経理部,2025-04-29,541505
T002147,九州自動車工業,サポート部,2025-09-15,284142
T001547,中部不動産株式会社,営業部,2025-06-21,423839
T002497,東北機械工業株式会社,サポート部,2025-10-28,198477
T002488,瀬戸内テクノロジー(株) [要確認],サポート部,2025-10-16,162867
T000167,(株)兵庫食品工業,サポート部,2025-01-04,301913
T001213,旧西日本電気株式会社,サポート部,2025-05-09,593754
T003760,旧株式会社 日本化学工業,経理部,2026-03-03,956817
T001865,神戸物産(株),サポート部,2025-08-27,3255588
T001650,京都製造,経理部,2025-07-26,3461252
T001634,大阪電子工業株式会社  ,経理部,2025-07-28,1834319
T001434,神戸物産(株)  ,営業部,2025-06-23,1522994
T001780,株式会社 新潟食品,サポート部,2025-07-21,55764
T002499,株式会社 東北機械工業 (IT),サポート部,2025-10-18,226410
T001495,阪神運輸株式会社	,経理部,2025-06-29,635457
T001541,(株)中部不動産,営業部,2025-06-20,259830
T002757,中部不動産 (契約更新),経理部,2025-11-02,854206
T003239,関西エネルギー,営業部,2026-01-09,744869
T002387,(不明),サポート部,2025-10-10,994453
T002375,大阪鉄鋼  ,サポート部,2025-10-16,853425
T002938,神戸物産株式会社,経理部,2025-12-02,6676079
T001750,(株)中部不動産  ,経理部,2025-07-20,281705
T000385,大阪鉄鋼(株),営業部,2025-02-13,481176
T003503,日本化学工業(株),サポート部,2026-02-19,678091
T001832,株式会社 大阪電子工業  ,営業部,2025-08-23,1072199
T001429,神戸物産株式会社,サポート部,2025-06-12,4349021
T002772,近畿システムズ(株),経理部,2025-11-19,171444
T003510,-,サポート部,2026-02-24,460768
T003369,株式会社ABC商事 (新規),サポート部,2026-02-02,6196724
T001189,株式会社 関西エネルギー 経営企画,サポート部,2025-05-19,346770
T001210,(株)西日本電気 (食品),営業部,2025-05-03,320213
T000793,(株)ABC商事  ,サポート部,2025-04-17,2032829
T003344,瀬戸内テクノロジー ,営業部,2026-01-07,86510
T002943,株式会社 神戸物産  ,サポート部,2025-12-19,5798581
T000580,京都製造(株),経理部,2025-03-11,2999493
T003778,阪神運輸 ,経理部,2026-03-08,618971
T003022,九州自動車工業 (物流),営業部,2025-12-18,897085
T000600,(株)京都製造 営業部,経理部,2025-03-31,5226092
T003152,XYZコーポレーション,サポート部,2026-01-31,4397785
T003266,,経理部,2026-01-01,194904
T002851,XYZコーポレーション,サポート部,2025-12-14,2963550
T003566,ジャパン医薬品,営業部,2026-02-27,132724
T003425,大阪電子工業,経理部,2026-02-20,1379171
T000005,ABC商事株式会社,サポート部,2025-01-06,2552651
T003065,中部不動産,営業部,2025-12-13,776685
T001598,ABC商事株式会社,サポート部,2025-07-15,3042124
T002065,神戸物産株式会社,サポート部,2025-09-14,3953703
T001970,ABC商事,営業部,2025-09-19,2399859
T000526,ABC商事,経理部,2025-03-30,1731676
T003449,神戸物産株式会社,営業部,2026-02-09,3779150
T000575,株式会社 大阪電子工業 田中様,サポート部,2025-03-30,3619260
T002854,XYZコーポレーション,サポート部,2025-12-22,3124310
T002054,（株）神戸物産,経理部,2025-09-05,1052086
T003575,ABC商事株式会社 山田部長,経理部,2026-03-22,6004180
T001868,関西エネルギー ,営業部,2025-08-21,375061
T001922,北海道乳業株式会社,経理部,2025-08-25,388123
T002752,旧中部不動産株式会社,経理部,2025-11-23,645824
T002675,(株)日本化学工業,経理部,2025-11-07,767353
T000684,阪神運輸株式会社,サポート部,2025-03-12,374112
T002852,XYZコーポレーション  ,経理部,2025-12-19,1837161
T000917,大阪鉄鋼株式会社,サポート部,2025-04-13,531023
T001871,関西エネルギー株式会社,サポート部,2025-08-17,264860
T003674,（株）京都製造,営業部,2026-03-18,7468574
T003106,東北機械工業  ,営業部,2025-12-07,145147
T003624,XYZコーポレーション	,経理部,2026-03-23,4779653
T002312,（株）京都製造,経理部,2025-10-13,4417011
T003006,(株)阪神運輸 営業部,営業部,2025-12-02,678645
T000781,ABC商事株式会社,営業部,2025-04-02,2930930
T001914,,サポート部,2025-08-28,311952
T000019,(株)ABC商事 山田部長,営業部,2025-01-08,1242955
T000978,九州自動車工業株式会社,営業部,2025-04-26,417208
T000437,北海道乳業 ,経理部,2025-02-21,314812
T002881,-,サポート部,2025-12-02,4575838
T001229,阪神運輸株式会社,サポート部,2025-05-12,594659
T001519,北海道乳業株式会社,経理部,2025-06-09,296402
T002815,(株)ABC商事 総務部,営業部,2025-12-16,4939464
T000516,ABC商事  ,サポート部,2025-03-02,1960664
T001311,ジャパン医薬品 ,営業部,2025-05-18,113515
T003459,神戸物産株式会社,サポート部,2026-02-19,5456867
T003467,N/A,サポート部,2026-02-07,2271762
T001520,東京メディカル(株),営業部,2025-06-02,429540
T000286,XYZコーポレーション  ,経理部,2025-02-27,3252657
T002840,XYZコーポレーション,経理部,2025-12-25,2542974
T001045,大阪ファイナンス,営業部,2025-04-03,145344
T003482,(株)大阪鉄鋼,サポート部,2026-02-18,696549
T003564,瀬戸内テクノロジー   ,経理部,2026-02-07,81432
T003440,株式会社 京都製造,サポート部,2026-02-20,4951205
T001762,株式会社 近畿システムズ  ,サポート部,2025-07-14,149947
T003737,大阪鉄鋼株式会社 (契約更新),営業部,2026-03-02,948276
T003370,ABC商事,経理部,2026-02-24,4903306
T000733,東京メディカル ,営業部,2025-03-03,730539
T001893,日本化学工業 ,経理部,2025-08-10,580567
T000646,大阪鉄鋼   ,営業部,2025-03-20,558021
T003070,近畿システムズ ,経理部,2025-12-28,226660
T002992,日本化学工業 ,経理部,2025-12-23,559073
T002112,(株)西日本電気,営業部,2025-09-28,661929
T003783,阪神運輸 ,サポート部,2026-03-10,269590
T000027,XYZコーポレーション,営業部,2025-01-04,3763973
T000830,XYZコーポレーション  ,サポート部,2025-04-29,1846964
T002823,(株)ABC商事,サポート部,2025-12-17,2782661
T003702,神戸物産(株),営業部,2026-03-07,4298229
T002478,中部不動産 高橋課長,サポート部,2025-10-08,329189
T001987,XYZコーポレーション,経理部,2025-09-12,2511595
T003759,西日本電気(株),サポート部,2026-03-06,486508
T003157,XYZコーポレーション	,サポート部,2026-01-09,3915266
T001743,東京メディカル,営業部,2025-07-30,687357
T001097,XYZコーポレーション (医療),サポート部,2025-05-11,2901117
T002210,(株)大阪ファイナンス,経理部,2025-09-18,148120
T002722,九州自動車工業（株）,経理部,2025-11-22,897079
T003798,(株)九州自動車工業,経理部,2026-03-22,514281
T003395,XYZコーポレーション,サポート部,2026-02-09,1114221
T002292,株式会社 大阪電子工業  ,経理部,2025-10-15,4230271
T001373,大阪電子工業株式会社 経営企画,営業部,2025-06-18,4669117
T001975,株式会社 ABC商事 (新規),サポート部,2025-09-27,2635558
T001918,九州自動車工業,経理部,2025-08-25,205567
T002987,株式会社 西日本電気 (IT),経理部,2025-12-23,407488
T000582,京都製造(株),営業部,2025-03-23,5481570
T002836,未設定,経理部,2025-12-14,6666541
T002810,（株）ABC商事,サポート部,2025-12-11,6378129
T000653,西日本電気株式会社 (契約更新),営業部,2025-03-15,691400
T003721,株式会社 神戸物産	,経理部,2026-03-30,2797660
T000669,,営業部,2025-03-16,505126
T003658,(不明),経理部,2026-03-07,5081891
T002431,九州自動車工業,サポート部,2025-10-27,979443
T002929,(株)神戸物産,サポート部,2025-12-29,2412208
T001014,(株)東京メディカル,経理部,2025-04-27,695495
T003209,京都製造株式会社  ,営業部,2026-01-28,4621178
T001494,阪神運輸 ,サポート部,2025-06-18,329054
T001012,(株)東京メディカル,経理部,2025-04-18,714416
T003084,四国電機(株),サポート部,2025-12-02,156503
T000615,神戸物産株式会社 (4月から),サポート部,2025-03-09,4975804
T001802,XYZコーポレーション,営業部,2025-08-17,3517268
T001341,エービーシー商事,経理部,2025-06-20,3253170
T001729,北海道乳業株式会社,営業部,2025-07-22,513448
T003705,神戸物産 ,営業部,2026-03-22,1839858
T002409,阪神運輸株式会社,経理部,2025-10-24,569094
T003107,(株)東北機械工業,営業部,2025-12-02,170048
T003061,中部不動産(株) (4月から),サポート部,2025-12-19,691892
T002637,大阪鉄鋼(株),サポート部,2025-11-15,641050
T001461,（株）大阪鉄鋼,経理部,2025-06-08,535377
T001047,ジャパン医薬品,経理部,2025-04-25,154919
T000777,ABC商事 ,営業部,2025-04-25,3307868
T001536,株式会社 中部不動産  ,経理部,2025-06-12,570533
T000850,大阪電子工業 ,経理部,2025-04-21,4341738
T003627,XYZコーポレーション,経理部,2026-03-26,3931011
T003514,株式会社 九州自動車工業,サポート部,2026-02-22,204006
T000116,-,サポート部,2025-01-01,628361
T001315,新潟食品株式会社,営業部,2025-05-22,76946
T000171,兵庫食品工業(株) 購買部,営業部,2025-01-29,576096
T003673,株式会社 京都製造,経理部,2026-03-26,5671141
T000269,株式会社ABC商事,サポート部,2025-02-27,1368692
T001696,日本化学工業 ,経理部,2025-07-03,572813
T002945,,経理部,2025-12-26,6500642
T000816,XYZコーポレーション 経理部,サポート部,2025-04-30,4096820
T000828,XYZコーポレーション (契約更新),サポート部,2025-04-15,4480825
T002136,(株)兵庫食品工業,営業部,2025-09-29,359401
T002373,大阪鉄鋼株式会社,営業部,2025-10-03,340081
T001460,(株)大阪鉄鋼,経理部,2025-06-02,519071
T001797,XYZコーポレーション,営業部,2025-08-05,2287453
T001579,新潟食品株式会社 鈴木様,サポート部,2025-06-24,149118
T001926,北海道乳業(株),営業部,2025-08-24,284577
T002340,神戸物産 (4月から),営業部,2025-10-03,3221943
T002330,京都製造株式会社,経理部,2025-10-12,5587836
T003491,株式会社 大阪鉄鋼,営業部,2026-02-03,640830
T002822,(株)ABC商事,営業部,2025-12-05,6711590
T001731,北海道乳業 [要確認],サポート部,2025-07-27,572557
T002120,阪神運輸(株),営業部,2025-09-29,368104
T001738,株式会社 東京メディカル,サポート部,2025-07-20,625745
T001595,ABC商事株式会社,経理部,2025-07-31,2902563
T002114,(株)日本化学工業 (4月から),サポート部,2025-09-20,378169
T001499,株式会社 兵庫食品工業,サポート部,2025-06-06,649449
T000438,(株)北海道乳業,経理部,2025-02-12,381063
T000383,大阪鉄鋼,サポート部,2025-02-26,490994
T001786,N/A,営業部,2025-08-17,2268709
T000422,兵庫食品工業株式会社,営業部,2025-02-28,299745
T001982,ABC商事(株),サポート部,2025-09-13,1206419
T000837,大阪電子工業株式会社,経理部,2025-04-20,4702324
T002646,大阪鉄鋼 ,営業部,2025-11-19,928800
T002289,大阪電子工業株式会社,経理部,2025-10-11,2414861
T002160,北海道乳業株式会社 (IT),サポート部,2025-09-15,393910
T003040,北海道乳業株式会社,経理部,2025-12-19,639056
T001659,神戸物産株式会社,サポート部,2025-07-26,3780211
T003645,大阪電子工業株式会社,経理部,2026-03-27,4087365
T001895,日本化学工業(株),経理部,2025-08-15,614730
T000634,関西エネルギー ,経理部,2025-03-27,370770
T000153,(株)阪神運輸,経理部,2025-01-04,448728
T002492,大阪ファイナンス株式会社	,経理部,2025-10-04,145358
T000374,株式会社 大阪鉄鋼  ,サポート部,2025-02-10,412578
T000148,日本化学工業 (IT),営業部,2025-01-05,456059
T001075,ABC商事 ,営業部,2025-05-22,4210865
T002249,XYZコーポレーション,営業部,2025-10-19,6313964
T001847,株式会社 神戸物産,サポート部,2025-08-26,1879221
T001995,XYZコーポレーション,サポート部,2025-09-24,4657551
T000451,(株)東京メディカル,サポート部,2025-02-03,590030
T003508,阪神運輸株式会社,営業部,2026-02-13,567391
T002984,西日本電気   ,サポート部,2025-12-16,541570
T001563,四国電機(株),営業部,2025-06-28,164686
T001302,瀬戸内テクノロジー(株),経理部,2025-05-11,199219
T002115,日本化学工業株式会社  ,サポート部,2025-09-08,206188
T001652,京都製造 経営企画,営業部,2025-07-26,3082508
T002717,九州自動車工業株式会社,営業部,2025-11-11,531217
T002619,神戸物産 [要確認],経理部,2025-11-06,4206451
T002558,大阪電子工業株式会社,営業部,2025-11-01,4363235
T000173,旧(株)九州自動車工業,営業部,2025-01-03,781128
T002832,XYZコーポレーション,サポート部,2025-12-14,5998020
T002761,-,経理部,2025-11-24,815662
T002072,神戸物産 ,営業部,2025-09-04,2305248
T001443,関西エネルギー株式会社,営業部,2025-06-01,306260
T001310,ジャパン医薬品,営業部,2025-05-30,85777
T001877,大阪鉄鋼 ,経理部,2025-08-19,399806
T001271,東京メディカル株式会社 山田部長,サポート部,2025-05-28,732959
T001956,(株)新潟食品,サポート部,2025-08-27,125718
T003156,XYZコーポレーション 高橋課長,営業部,2026-01-02,3216682
T002645,大阪鉄鋼(株),経理部,2025-11-04,647010
T002110,西日本電気   ,サポート部,2025-09-15,410396
T003665,(株)京都製造,経理部,2026-03-29,6592893
T000423,兵庫食品工業  ,経理部,2025-02-25,550598
T002681,日本化学工業(株)  ,サポート部,2025-11-28,957087
T002599,株式会社 京都製造,サポート部,2025-11-06,1991792
T002140,未設定,サポート部,2025-09-30,662355
T000783,ABC商事株式会社,サポート部,2025-04-03,4034916
T001353,XYZコーポレーション,営業部,2025-06-10,4078339
T000875,京都製造株式会社 (食品),経理部,2025-04-23,2869972
T000311,大阪電子工業(株),経理部,2025-02-02,934982
T003683,京都製造(株)  ,サポート部,2026-03-28,3248596
T002085,関西エネルギー株式会社,サポート部,2025-09-23,303578
T001577,新潟食品,経理部,2025-06-13,56629
T001662,神戸物産株式会社,営業部,2025-07-05,1743848
T001428,株式会社 神戸物産,経理部,2025-06-21,2552524
T000262,全国保険株式会社,経理部,2025-01-31,133778
T000992,北海道乳業(株),営業部,2025-04-06,472637
T003633,XYZコーポレーション 山田部長,経理部,2026-03-07,2939798
T003302,(株)北海道乳業,サポート部,2026-01-17,445628
T003316,東京メディカル株式会社,経理部,2026-01-21,369726
T000251,東北機械工業,営業部,2025-01-09,71656
T000280,エービーシー商事,営業部,2025-02-14,1837188
T002792,ジャパン医薬品(株),経理部,2025-11-01,101922
T001046,大阪ファイナンス(株),サポート部,2025-04-08,161333
T003159,XYZコーポレーション,サポート部,2026-01-22,5334185
T000147,日本化学工業,経理部,2025-01-10,230353
T002618,神戸物産 ,経理部,2025-11-30,1862175
T002364,関西エネルギー  ,サポート部,2025-10-16,502057
T002088,関西エネルギー株式会社  ,経理部,2025-09-16,224991
T002990,西日本電気株式会社,営業部,2025-12-05,828342
T000888,神戸物産株式会社,サポート部,2025-04-26,1000773
T003212,京都製造株式会社,サポート部,2026-01-14,3904525
T002216,東北機械工業 (物流),営業部,2025-09-07,183981
T003089,-,営業部,2025-12-09,161666
T002631,株式会社 関西エネルギー,営業部,2025-11-28,464044
T003552,中部不動産株式会社,サポート部,2026-02-17,618439
T001414,京都製造株式会社,営業部,2025-06-05,2257071
T001947,四国電機株式会社,営業部,2025-08-10,63571
T002921,京都製造(株),サポート部,2025-12-06,2510076
T001604,XYZコーポレーション,経理部,2025-07-02,4281642
T001196,大阪鉄鋼株式会社,経理部,2025-05-12,324535
T003447,京都製造株式会社 営業部,サポート部,2026-02-07,4582778
T000444,東京メディカル   ,経理部,2025-02-01,520774
T000318,株式会社 大阪電子工業 総務部,営業部,2025-02-09,3367571
T000004,(株)ABC商事,経理部,2025-01-03,4587462
T002676,日本化学工業株式会社,営業部,2025-11-30,342989
T000205,東京メディカル(株)	,営業部,2025-01-17,282467
T001533,東京メディカル 鈴木様,サポート部,2025-06-29,606463
T000882,株式会社 神戸物産,経理部,2025-04-08,3604137
T002310,京都製造 ,サポート部,2025-10-10,6198897
T003027,九州自動車工業,経理部,2025-12-13,729458
T001514,北海道乳業 (新規),経理部,2025-06-08,280808
T003163,XYZコーポレーション,営業部,2026-01-21,2237172
T001072,エービーシー商事,サポート部,2025-05-23,3165200
T003556,東海運輸 ,サポート部,2026-02-20,64164
T000770,ジャパン医薬品株式会社,営業部,2025-03-27,176098
T000466,近畿システムズ株式会社 (IT),経理部,2025-02-01,133774
T002878,大阪電子工業 山田部長,経理部,2025-12-13,6772929
T002328,京都製造(株),サポート部,2025-10-01,2865998
T001147,京都製造株式会社,経理部,2025-05-20,4410524
T001718,株式会社 九州自動車工業,経理部,2025-07-10,684663
T001518,北海道乳業株式会社,営業部,2025-06-18,470589
T002304,(株)大阪電子工業,経理部,2025-10-19,5994112
T003076,山陽建設株式会社,経理部,2025-12-15,107283
T003684,旧神戸物産(株),営業部,2026-03-20,3631399
T003016,兵庫食品工業(株) 渡辺さん,サポート部,2025-12-06,301886
T001782,ABC商事,サポート部,2025-08-26,2201865
T003042,北海道乳業株式会社,営業部,2025-12-01,1051912
T002485,瀬戸内テクノロジー ,サポート部,2025-10-21,191614
T003758,西日本電気,サポート部,2026-03-19,325652
T003178,大阪電子工業株式会社,営業部,2026-01-02,1300390
T003284,(株)兵庫食品工業,サポート部,2026-01-14,321605
T003772,阪神運輸   ,営業部,2026-03-31,307307
T000036,XYZコーポレーション  ,営業部,2025-01-30,4576566
T001562,四国電機 ,経理部,2025-06-14,147811
T000848,大阪電子工業株式会社,営業部,2025-04-20,3359859
T000352,株式会社 神戸物産,サポート部,2025-02-02,3023459
T003641,大阪電子工業 ,経理部,2026-03-26,5685680
T002043,京都製造株式会社,経理部,2025-09-11,2475575
T001661,神戸物産,経理部,2025-07-04,3695191
T003577,エービーシー商事,サポート部,2026-03-14,2273776
T002213,ジャパン医薬品(株),営業部,2025-09-04,60920
T000682,（株）阪神運輸,営業部,2025-03-10,924171
T002087,関西エネルギー(株),営業部,2025-09-15,407661
T000094,神戸物産(株),営業部,2025-01-12,3234495
T001561,株式会社 四国電機 営業部,経理部,2025-06-27,192204
T002361,関西エネルギー(株),営業部,2025-10-08,484775
T003292,-,営業部,2026-01-24,752478
T003121,ABC商事	,経理部,2026-01-23,2554488
T001733,北海道乳業(株) (契約更新),営業部,2025-07-20,209403
T003341,瀬戸内テクノロジー株式会社,サポート部,2026-01-28,127716
T000839,大阪電子工業株式会社  ,営業部,2025-04-27,4461359
T002861,XYZコーポレーション  ,サポート部,2025-12-13,6929084
T002225,株式会社ABC商事,営業部,2025-10-28,6133397
T001037,(株)山陽建設,営業部,2025-04-28,174443
T003408,XYZコーポレーション  ,サポート部,2026-02-26,3591892
T000519,株式会社 ABC商事,サポート部,2025-03-29,5498019
T001100,XYZコーポレーション,経理部,2025-05-15,3006410
T002062,未設定,サポート部,2025-09-16,3479097
T001197,大阪鉄鋼   ,経理部,2025-05-02,748171
T002122,阪神運輸株式会社,サポート部,2025-09-27,570085
T002769,中部不動産株式会社 (医療),サポート部,2025-11-28,402565
T003421,大阪電子工業株式会社,営業部,2026-02-07,4001489
T000111,関西エネルギー (契約更新),経理部,2025-01-13,715633
T000621,(株)神戸物産 鈴木様,サポート部,2025-03-31,2173905
T000567,大阪電子工業株式会社,サポート部,2025-03-01,2349666
T000276,株式会社 ABC商事,経理部,2025-02-15,1175463
T000463,(株)中部不動産,経理部,2025-02-19,466804
T002889,大阪電子工業 ,経理部,2025-12-03,3276155
T000822,XYZコーポレーション,営業部,2025-04-16,3885105
T001747,東京メディカル株式会社  ,営業部,2025-07-04,299283
T002131,兵庫食品工業 ,サポート部,2025-09-25,710326
T000576,大阪電子工業 渡辺さん,営業部,2025-03-22,3686906
T002749,株式会社 東京メディカル,サポート部,2025-11-29,1012250
T000900,(株)神戸物産,営業部,2025-04-23,3104403
T002582,京都製造株式会社  ,経理部,2025-11-13,3864889
T001668,(株)神戸物産,経理部,2025-07-16,2713699
T000808,(不明),経理部,2025-04-21,2080785
T001620,(株)大阪電子工業 [要確認],サポート部,2025-07-17,1666377
T002973,大阪鉄鋼   ,営業部,2025-12-08,952195
T001640,(株)大阪電子工業 (医療),サポート部,2025-07-19,3697227
T002000,XYZコーポレーション  ,営業部,2025-09-27,4573414
T001617,大阪電子工業株式会社,経理部,2025-07-04,2185155
T003174,大阪電子工業(株),サポート部,2026-01-29,3373940
T001298,(株)瀬戸内テクノロジー  ,営業部,2025-05-14,175370
T001105,XYZコーポレーション,経理部,2025-05-01,4013957
T002927,神戸物産株式会社,営業部,2025-12-30,2787754
T000230,山陽建設株式会社,営業部,2025-01-25,123864
T002841,XYZコーポレーション,サポート部,2025-12-18,5660832
T003687,神戸物産 ,経理部,2026-03-11,4253531
T002643,大阪鉄鋼株式会社,経理部,2025-11-26,704356
T003458,神戸物産,サポート部,2026-02-26,2200902
T000791,株式会社ABC商事,経理部,2025-04-03,2671543
T000996,-,経理部,2025-04-15,473056
T003391,XYZコーポレーション,営業部,2026-02-11,2035972
T002788,瀬戸内テクノロジー,経理部,2025-11-05,165228
T003829,東海運輸株式会社,営業部,2026-03-04,144891
T001855,神戸物産(株),サポート部,2025-08-16,3269158
T002885,旧(株)大阪電子工業,経理部,2025-12-21,1539713
T000384,大阪鉄鋼(株),営業部,2025-02-05,463526
T000549,（株）大阪電子工業,サポート部,2025-03-30,3306709
T002170,東京メディカル(株) (継続),経理部,2025-09-11,622829
T002503,新潟食品	,経理部,2025-10-05,190496
T002662,西日本電気(株),サポート部,2025-11-24,821535
T000943,日本化学工業  ,経理部,2025-04-19,444303
T000834,大阪電子工業,経理部,2025-04-28,1629521
T000100,(株)神戸物産,経理部,2025-01-07,2488243
T001880,大阪鉄鋼 ,経理部,2025-08-18,408183
T000213,中部不動産 ,経理部,2025-01-13,685188
T002685,阪神運輸 営業部,営業部,2025-11-22,381642
T002860,XYZコーポレーション 購買部,営業部,2025-12-06,2344913
T001194,大阪鉄鋼 ,サポート部,2025-05-27,370753
T002129,兵庫食品工業 ,サポート部,2025-09-22,380712
T000477,瀬戸内テクノロジー 購買部,経理部,2025-02-04,47820
T003789,兵庫食品工業(株),サポート部,2026-03-12,344486
T000561,(株)大阪電子工業,経理部,2025-03-05,4292776
T001900,日本化学工業(株) 購買部,営業部,2025-08-13,649150
T002324,株式会社 京都製造,営業部,2025-10-17,5734626
T002019,大阪電子工業株式会社,営業部,2025-09-22,2306967
T001413,,営業部,2025-06-18,3141571
T001176,神戸物産 ,サポート部,2025-05-26,3861348
T000026,XYZコーポレーション,営業部,2025-01-24,4923831
T002737,北海道乳業(株),営業部,2025-11-29,871481
T003300,北海道乳業株式会社,経理部,2026-01-27,259852
T003420,大阪電子工業,経理部,2026-02-21,2757349
T002254,-,サポート部,2025-10-15,3371174
T001891,西日本電気(株) 総務部,経理部,2025-08-01,532917
T002022,大阪電子工業(株)  ,サポート部,2025-09-08,4980604
T001199,(不明),経理部,2025-05-29,497252
T000604,神戸物産株式会社,経理部,2025-03-25,5688345
T000763,大阪ファイナンス株式会社 (食品),サポート部,2025-03-15,60225
T003844,瀬戸内テクノロジー,サポート部,2026-03-07,92199
T003397,XYZコーポレーション,サポート部,2026-02-28,3135066
T002691,阪神運輸株式会社,経理部,2025-11-13,975401
T001791,株式会社 ABC商事 渡辺さん,サポート部,2025-08-14,2676628
T001234,(株)阪神運輸,サポート部,2025-05-19,724629
T000452,未設定,経理部,2025-02-22,345760
T003751,西日本電気株式会社,経理部,2026-03-21,574817
T003258,大阪鉄鋼,サポート部,2026-01-24,916756
T003526,(株)北海道乳業 経営企画,サポート部,2026-02-21,486387
T000568,-,サポート部,2025-03-17,2050527
T002806,全国保険株式会社  ,サポート部,2025-11-13,122837
T001055,新潟食品 ,サポート部,2025-04-16,162900
T003801,(株)九州自動車工業,営業部,2026-03-11,435130
T002394,西日本電気株式会社,営業部,2025-10-26,677401
T001806,XYZコーポレーション,サポート部,2025-08-06,1354531
T003366,ABC商事,経理部,2026-02-03,3548267
T000090,(株)神戸物産,サポート部,2025-01-15,3933768
T002877,大阪電子工業株式会社,経理部,2025-12-11,6098806
T001309,ジャパン医薬品株式会社,サポート部,2025-05-11,154685
T000948,日本化学工業株式会社 佐藤様,営業部,2025-04-27,423589
T003731,大阪鉄鋼 ,サポート部,2026-03-15,884133
T000735,東京メディカル(株),経理部,2025-03-28,839140
T003175,(株)大阪電子工業,営業部,2026-01-08,4514255
T002913,株式会社 京都製造	,営業部,2025-12-29,6701574
T001712,兵庫食品工業（株）,経理部,2025-07-31,287808
T001833,京都製造,サポート部,2025-08-11,3835012
T003512,株式会社 兵庫食品工業,経理部,2026-02-14,244655
T001728,北海道乳業 ,営業部,2025-07-18,395122
T000223,株式会社 近畿システムズ (IT),経理部,2025-01-03,160993
T003634,XYZコーポレーション,経理部,2026-03-24,5978839
T000450,旧株式会社 東京メディカル,営業部,2025-02-03,472712
T001368,XYZコーポレーション  ,経理部,2025-06-17,2732778
T002187,中部不動産株式会社,経理部,2025-09-15,608500
T001570,株式会社 ジャパン医薬品  ,サポート部,2025-06-29,158673
T001716,九州自動車工業株式会社  ,経理部,2025-07-26,384355
T002325,京都製造 ,経理部,2025-10-02,3857631
T000531,XYZコーポレーション,サポート部,2025-03-05,2712367
T002370,株式会社 大阪鉄鋼,サポート部,2025-10-28,721640
T001693,株式会社 西日本電気,営業部,2025-07-02,499019
T000024,株式会社 ABC商事	,営業部,2025-01-19,1923658
T001290,(株)東海運輸,サポート部,2025-05-16,142972
T003056,(株)東京メディカル (医療),営業部,2025-12-18,824609
T003094,大阪ファイナンス株式会社  ,サポート部,2025-12-01,169443
T001257,(株)九州自動車工業 (食品),経理部,2025-05-14,560517
T003037,株式会社 北海道乳業,経理部,2025-12-13,791865
T000493,(株)ABC商事 [要確認],営業部,2025-03-01,2869671
T003345,N/A,経理部,2026-01-02,134451
T002901,株式会社 京都製造,サポート部,2025-12-01,5182319
T003138,株式会社ABC商事,営業部,2026-01-01,5097655
T002367,関西エネルギー株式会社,サポート部,2025-10-29,792805
T001142,京都製造,サポート部,2025-05-14,4677378
T003555,株式会社 近畿システムズ,サポート部,2026-02-15,164583
T000655,西日本電気株式会社,経理部,2025-03-03,263442
T003724,(株)神戸物産,経理部,2026-03-11,7597680
T002412,阪神運輸(株),サポート部,2025-10-24,270138
T001203,大阪鉄鋼,サポート部,2025-05-03,629526
T002095,大阪鉄鋼 ,営業部,2025-09-02,600019
T001808,XYZコーポレーション,経理部,2025-08-24,3888926
T002167,東京メディカル株式会社,サポート部,2025-09-20,269078
T001066,ABC商事,営業部,2025-05-16,3665246
T001683,大阪鉄鋼 ,営業部,2025-07-22,449987
T001923,北海道乳業株式会社 (契約更新),経理部,2025-08-23,399882
T003729,関西エネルギー(株),経理部,2026-03-19,354660
T001581,ABC商事(株) (食品),経理部,2025-07-03,1192104
T001287,近畿システムズ株式会社,営業部,2025-05-19,194864
T003272,日本化学工業株式会社,経理部,2026-01-06,794299
T002756,中部不動産株式会社,サポート部,2025-11-17,562621
T001497,(株)阪神運輸 総務部,経理部,2025-06-29,317869
T002003,XYZコーポレーション,サポート部,2025-09-15,3803289
T001020,中部不動産 ,サポート部,2025-04-21,280558
T003046,(株)北海道乳業,経理部,2025-12-05,369846
T001415,(株)京都製造 佐藤様,経理部,2025-06-19,2506028
T001295,山陽建設(株),経理部,2025-05-02,178087
T001146,京都製造株式会社,経理部,2025-05-23,2699077
T000750,東海運輸株式会社,経理部,2025-03-27,63968
T001999,XYZコーポレーション 山田部長,サポート部,2025-09-11,3753033
T003296,九州自動車工業（株）,営業部,2026-01-04,488333
T000261,全国保険(株),サポート部,2025-01-05,69412
T001511,九州自動車工業株式会社 営業部,経理部,2025-06-08,420974
T003648,大阪電子工業 高橋課長,営業部,2026-03-01,5252175
T001766,東海運輸株式会社,経理部,2025-07-23,119272
T000754,-,サポート部,2025-03-28,128509
T001200,大阪鉄鋼,経理部,2025-05-03,246852
T001610,XYZコーポレーション 総務部,営業部,2025-07-01,4426147
T003119,ABC商事 (継続),サポート部,2026-01-28,2045168
T003100,株式会社 ジャパン医薬品,営業部,2025-12-05,119111
T000671,日本化学工業(株),サポート部,2025-03-06,564964
T001447,関西エネルギー株式会社,営業部,2025-06-01,576687
T001589,ABC商事(株),経理部,2025-07-10,2663030
T000125,大阪鉄鋼(株) 営業部,経理部,2025-01-03,692841
T002734,（株）北海道乳業,サポート部,2025-11-27,475865
T001126,大阪電子工業 渡辺さん,サポート部,2025-05-12,3476059
T000403,日本化学工業 (物流),営業部,2025-02-09,239041
T000387,西日本電気(株),経理部,2025-02-19,694919
T000169,-,営業部,2025-01-04,713117
T000572,大阪電子工業 ,営業部,2025-03-14,5380812
T002146,株式会社 九州自動車工業,サポート部,2025-09-10,475894
T000862,N/A,営業部,2025-04-07,3202430
T001397,株式会社 京都製造  ,経理部,2025-06-06,4963882
T003057,(株)東京メディカル,営業部,2025-12-30,479254
T003719,神戸物産株式会社,経理部,2026-03-15,5573429
T001403,京都製造  ,サポート部,2025-06-09,3909697
T001691,大阪鉄鋼株式会社,サポート部,2025-07-19,407811
T003749,西日本電気株式会社 田中様,サポート部,2026-03-11,680847
T002798,東北機械工業株式会社,経理部,2025-11-15,253831
T000827,XYZコーポレーション,営業部,2025-04-15,1698295
T003102,(株)ジャパン医薬品,サポート部,2025-12-07,85428
T002700,兵庫食品工業,営業部,2025-11-15,376376
T003811,東京メディカル株式会社 (契約更新),サポート部,2026-03-25,590095
T000424,兵庫食品工業株式会社,サポート部,2025-02-15,251265
T001057,全国保険(株),サポート部,2025-04-17,64611
T002923,京都製造(株),経理部,2025-12-17,4763794
T002193,(株)近畿システムズ  ,経理部,2025-09-05,127621
T001961,ABC商事,営業部,2025-09-16,1563230
T000520,ABC商事,営業部,2025-03-20,1942128
T000855,京都製造  ,サポート部,2025-04-26,1149142
T002510,ABC商事株式会社,サポート部,2025-11-27,2801825
T003012,兵庫食品工業(株)  ,経理部,2025-12-14,672938
T001557,山陽建設(株),サポート部,2025-06-21,75544
T002058,神戸物産株式会社,サポート部,2025-09-03,3907487
T002566,大阪電子工業 ,営業部,2025-11-10,4734381
T003111,全国保険 佐藤様,経理部,2025-12-04,110272
T003636,(株)大阪電子工業,サポート部,2026-03-21,5254415
T003113,株式会社ABC商事,サポート部,2026-01-15,5117952
T001792,ABC商事 ,経理部,2025-08-16,2192569
T001064,ABC商事(株)  ,サポート部,2025-05-04,4390367
T000587,京都製造,サポート部,2025-03-11,1262210
T000849,,経理部,2025-04-29,3556033
T000300,株式会社 大阪電子工業,経理部,2025-02-11,2711196
T002857,XYZコーポレーション,営業部,2025-12-30,5534649
T002880,大阪電子工業,サポート部,2025-12-31,3731580
T000997,北海道乳業,営業部,2025-04-05,591029
T000609,(株)神戸物産,サポート部,2025-03-05,3277414
T002855,XYZコーポレーション  ,営業部,2025-12-05,1416947
T002313,株式会社 京都製造,経理部,2025-10-30,3612650
T002204,N/A,営業部,2025-09-01,63758
T002334,京都製造,サポート部,2025-10-14,5526153
T001007,株式会社 東京メディカル,サポート部,2025-04-07,665798
T001379,(株)大阪電子工業 経理部,営業部,2025-06-21,3693171
T001858,神戸物産株式会社  ,営業部,2025-08-07,4242225
T001003,(不明),経理部,2025-04-17,432934
T000119,大阪鉄鋼 ,経理部,2025-01-03,262535
T000165,兵庫食品工業株式会社  ,経理部,2025-01-11,432120
T003193,(株)京都製造 総務部,経理部,2026-01-14,2244502
T003779,阪神運輸株式会社 高橋課長,経理部,2026-03-29,569457
T001277,株式会社 中部不動産  ,経理部,2025-05-09,777295
T002484,四国電機株式会社,経理部,2025-10-26,92625
T000624,神戸物産 ,サポート部,2025-03-05,5873938
T001172,未設定,経理部,2025-05-28,1846789
T000341,神戸物産(株),営業部,2025-02-21,3434232
T000344,神戸物産株式会社,営業部,2025-02-18,2900651
T002040,京都製造(株),サポート部,2025-09-08,2160280
T000904,神戸物産 ,経理部,2025-04-02,4789911
T001697,株式会社 日本化学工業,営業部,2025-07-31,302177
T001506,九州自動車工業 ,営業部,2025-06-13,638996
T002100,大阪鉄鋼(株),サポート部,2025-09-27,711932
T002651,大阪鉄鋼株式会社,営業部,2025-11-07,455219
T001166,(株)神戸物産,サポート部,2025-05-08,3039963
T003454,神戸物産 (継続),サポート部,2026-02-12,1789889
T002117,(株)日本化学工業,サポート部,2025-09-30,799252
T002605,京都製造(株),営業部,2025-11-13,3740467
T001551,(株)近畿システムズ,経理部,2025-06-27,64088
T000566,大阪電子工業株式会社,経理部,2025-03-05,2925030
T003804,北海道乳業(株)  ,営業部,2026-03-07,811207
T000637,,サポート部,2025-03-14,728257
T002400,日本化学工業,営業部,2025-10-21,353497
T001458,大阪鉄鋼株式会社,サポート部,2025-06-14,218519
T002209,(株)大阪ファイナンス  ,経理部,2025-09-07,89912
T000505,(株)ABC商事,経理部,2025-03-27,3613347
T001992,XYZコーポレーション (食品),営業部,2025-09-30,3175164
T002802,新潟食品株式会社 営業部,営業部,2025-11-24,114632
T000813,XYZコーポレーション (契約更新),営業部,2025-04-30,1567290
T003218,未設定,サポート部,2026-01-03,5163757
T003850,東北機械工業株式会社,経理部,2026-03-17,197933
T003086,株式会社 瀬戸内テクノロジー,サポート部,2025-12-02,152770
T001374,大阪電子工業 山田部長,サポート部,2025-06-08,1887685
T001752,(株)中部不動産,サポート部,2025-07-23,307029
T002592,株式会社 京都製造,営業部,2025-11-28,5620657
T001958,(株)全国保険,営業部,2025-08-08,78244
T002578,大阪電子工業株式会社,経理部,2025-11-13,1961203
T001583,ABC商事株式会社 [要確認],営業部,2025-07-13,4258555
T000099,神戸物産(株),経理部,2025-01-20,3802585
T001810,XYZコーポレーション,営業部,2025-08-23,1184582
T002785,四国電機株式会社  ,経理部,2025-11-29,194928
T002241,ABC商事株式会社,経理部,2025-10-04,3074749
T002565,大阪電子工業 ,営業部,2025-11-02,6454575
T001960,ABC商事株式会社,営業部,2025-09-04,1235361
T001601,XYZコーポレーション,営業部,2025-07-07,1087459
T000467,近畿システムズ ,サポート部,2025-02-16,59130
T002766,中部不動産,サポート部,2025-11-03,963094
T003383,ABC商事 (医療),営業部,2026-02-02,3134109
T001008,株式会社 東京メディカル,営業部,2025-04-29,644420
T000541,XYZコーポレーション (4月から),営業部,2025-03-28,5127396
T000639,(株)大阪鉄鋼,経理部,2025-03-30,872714
T000246,大阪ファイナンス(株) 購買部,営業部,2025-01-27,171798
T002560,大阪電子工業(株),経理部,2025-11-27,2347120
T002955,株式会社 関西エネルギー,サポート部,2025-12-20,423990
T000304,旧大阪電子工業,営業部,2025-02-23,1925336
T002713,兵庫食品工業   ,経理部,2025-11-23,572418
T001667,神戸物産株式会社 (契約更新),営業部,2025-07-01,1597626
T000226,東海運輸(株),営業部,2025-01-13,90436
T002243,ABC商事(株),サポート部,2025-10-21,4810937
T001953,ジャパン医薬品株式会社,経理部,2025-08-24,121363
T001316,全国保険 山田部長,営業部,2025-05-25,102884
T003109,全国保険,サポート部,2025-12-24,178658
T003542,旧中部不動産,営業部,2026-02-19,290119
T000355,神戸物産株式会社,営業部,2025-02-24,3322314
T002269,N/A,営業部,2025-10-03,5607539
T000656,(株)西日本電気,経理部,2025-03-25,507714
T003257,大阪鉄鋼 ,サポート部,2026-01-04,410382
T000513,ABC商事,サポート部,2025-03-16,5446828
T000275,ABC商事 ,経理部,2025-02-10,3323118
T003216,神戸物産株式会社,経理部,2026-01-24,6158592
T003189,株式会社 京都製造	,営業部,2026-01-17,4106331
T001929,東京メディカル ,サポート部,2025-08-05,616620
T002699,(株)兵庫食品工業 (契約更新),営業部,2025-11-06,913370
T003250,大阪鉄鋼(株),営業部,2026-01-30,371538
T001412,京都製造,サポート部,2025-06-19,3057066
T003379,ABC商事  ,経理部,2026-02-11,5493548
T001393,京都製造,経理部,2025-06-10,2919030
T001754,中部不動産,営業部,2025-07-11,593901
T002915,京都製造株式会社,サポート部,2025-12-11,5828898
T001724,北海道乳業(株) 高橋課長,サポート部,2025-07-28,705281
T001753,株式会社 中部不動産,経理部,2025-07-03,323686
T003311,(株)東京メディカル (契約更新),経理部,2026-01-15,482726
T002745,東京メディカル株式会社,経理部,2025-11-26,485395
T000329,(株)京都製造,サポート部,2025-02-16,1019794
T000428,,サポート部,2025-02-28,638021
T002865,大阪電子工業 山田部長,サポート部,2025-12-02,6219848
T002776,旧東海運輸株式会社,サポート部,2025-11-25,254217
T000803,ABC商事株式会社,サポート部,2025-04-22,4573894
T001445,関西エネルギー(株),経理部,2025-06-13,592491
T003101,株式会社 ジャパン医薬品  ,経理部,2025-12-19,174902
T003361,株式会社ABC商事  ,経理部,2026-02-26,2759463
T000485,東北機械工業株式会社,営業部,2025-02-18,159349
T003032,北海道乳業  ,経理部,2025-12-06,961745
T000053,(株)大阪電子工業,経理部,2025-01-26,4904124
T003396,XYZコーポレーション 佐藤様,サポート部,2026-02-25,1746731
T001004,東京メディカル株式会社,サポート部,2025-04-22,291621
T003504,(株)阪神運輸 営業部,営業部,2026-02-01,510626
T003007,阪神運輸株式会社,サポート部,2025-12-16,742796
T001807,XYZコーポレーション,サポート部,2025-08-12,2701670
T001187,関西エネルギー株式会社,サポート部,2025-05-10,205466
T003185,大阪電子工業株式会社	,営業部,2026-01-10,2730839
T003770,(株)日本化学工業,経理部,2026-03-01,743010
T001167,神戸物産株式会社,営業部,2025-05-09,4759428
T000310,(株)大阪電子工業,経理部,2025-02-02,4056561
T003320,東京メディカル株式会社,経理部,2026-01-07,319878
T001907,(株)阪神運輸,営業部,2025-08-19,542647
T001920,九州自動車工業,経理部,2025-08-24,320586
T002571,大阪電子工業株式会社,営業部,2025-11-26,1802017
T002667,西日本電気,経理部,2025-11-19,713415
T001578,新潟食品,営業部,2025-06-06,112841
T003394,XYZコーポレーション,営業部,2026-02-19,4183681
T000960,株式会社 阪神運輸,サポート部,2025-04-03,446729
T003043,北海道乳業株式会社,経理部,2025-12-08,350088
T003825,近畿システムズ株式会社,サポート部,2026-03-31,137845
T000890,神戸物産(株),サポート部,2025-04-10,4852475
T002978,(株)西日本電気 (4月から),サポート部,2025-12-16,351358
T001410,京都製造株式会社,営業部,2025-06-10,2524879
T000002,株式会社ABC商事 佐藤様,サポート部,2025-01-24,2926967
T000930,西日本電気 渡辺さん,経理部,2025-04-04,663031
T000585,京都製造株式会社,営業部,2025-03-20,1345036
T002547,XYZコーポレーション  ,サポート部,2025-11-13,4772086
T002374,大阪鉄鋼(株),サポート部,2025-10-05,360111
T001842,京都製造  ,営業部,2025-08-24,3544662
T002979,西日本電気株式会社 (継続),経理部,2025-12-17,883236
T000011,(株)ABC商事,営業部,2025-01-13,2518323
T001267,北海道乳業株式会社,サポート部,2025-05-22,379683
T003291,（株）九州自動車工業 鈴木様,営業部,2026-01-14,417066
T001450,関西エネルギー株式会社,サポート部,2025-06-05,540669
T003812,中部不動産株式会社,経理部,2026-03-14,529153
T003031,北海道乳業株式会社,サポート部,2025-12-07,335248
T002106,(株)西日本電気,営業部,2025-09-04,439751
T000263,エービーシー商事 営業部,営業部,2025-02-23,3578513
T002017,(株)大阪電子工業,経理部,2025-09-09,1205152
T002868,大阪電子工業株式会社	,経理部,2025-12-05,6082638
T001151,京都製造(株) (継続),経理部,2025-05-05,2988054
T002774,近畿システムズ,営業部,2025-11-02,227813
T002941,N/A,サポート部,2025-12-20,4554856
T002931,(株)神戸物産,営業部,2025-12-18,2655153
T001543,(株)中部不動産  ,経理部,2025-06-13,684734
T001395,京都製造株式会社,営業部,2025-06-12,4044886
T003852,(株)新潟食品,サポート部,2026-03-10,80348
T000599,株式会社 京都製造,サポート部,2025-03-15,1773897
T001544,中部不動産,経理部,2025-06-04,289991
T000408,(株)阪神運輸,サポート部,2025-02-05,542114
T001763,近畿システムズ株式会社 鈴木様,経理部,2025-07-23,73296
T001400,京都製造  ,経理部,2025-06-26,3813270
T002655,西日本電気株式会社,サポート部,2025-11-09,755077
T002383,株式会社 大阪鉄鋼,営業部,2025-10-21,751725
T002903,京都製造(株) 営業部,サポート部,2025-12-29,2818891
T003271,(株)日本化学工業,サポート部,2026-01-28,505995
T000089,京都製造株式会社,サポート部,2025-01-27,1085479
T002647,株式会社 大阪鉄鋼,経理部,2025-11-14,872059
T000239,(株)瀬戸内テクノロジー 購買部,サポート部,2025-01-08,160054
T003744,大阪鉄鋼(株)  ,サポート部,2026-03-22,328331
T000254,(株)新潟食品,サポート部,2025-01-09,65036
T002473,中部不動産(株),経理部,2025-10-07,872133
T000348,株式会社 神戸物産,経理部,2025-02-07,4437658
T001996,XYZコーポレーション,営業部,2025-09-24,3202867
T003241,(株)関西エネルギー,経理部,2026-01-09,224758
T003539,中部不動産株式会社,営業部,2026-02-06,458612
T000925,株式会社 大阪鉄鋼,経理部,2025-04-10,689638
T002536,XYZコーポレーション,経理部,2025-11-18,2300026
T001531,株式会社 東京メディカル,経理部,2025-06-17,741380
T000867,(不明),サポート部,2025-04-28,3492622
T000998,北海道乳業株式会社  ,営業部,2025-04-13,723676
T002634,関西エネルギー(株)  ,経理部,2025-11-01,630342
T000981,(株)九州自動車工業,サポート部,2025-04-05,551199
T002362,関西エネルギー,経理部,2025-10-04,371906
T000436,株式会社 北海道乳業  ,営業部,2025-02-11,526874
T000200,旧東京メディカル,サポート部,2025-01-24,651574
T003470,株式会社 関西エネルギー  ,営業部,2026-02-13,204567
T002751,中部不動産,経理部,2025-11-22,802748
T000391,(株)西日本電気,サポート部,2025-02-14,693047
T001713,兵庫食品工業(株),経理部,2025-07-10,259737
T003225,神戸物産(株),営業部,2026-01-16,2646535
T000620,神戸物産 ,サポート部,2025-03-27,2335221
T000758,四国電機 ,サポート部,2025-03-18,93782
T003548,中部不動産株式会社,サポート部,2026-02-01,448269
T001468,西日本電気株式会社 (物流),サポート部,2025-06-16,411811
T003196,(株)京都製造,経理部,2026-01-07,2821514
T003350,ジャパン医薬品株式会社,営業部,2026-01-04,168750
T003294,旧九州自動車工業株式会社,営業部,2026-01-08,531964
T000185,九州自動車工業株式会社,営業部,2025-01-31,360053
T002049,京都製造,経理部,2025-09-03,1379761
T003261,(株)西日本電気 鈴木様,経理部,2026-01-06,592302
T002402,株式会社 日本化学工業  ,経理部,2025-10-04,875176
T000945,日本化学工業株式会社 田中様,営業部,2025-04-27,302018
T000497,ABC商事株式会社 [要確認],サポート部,2025-03-23,4028523
T000883,神戸物産(株),サポート部,2025-04-07,4413809
T000136,西日本電気株式会社,営業部,2025-01-24,513058
T003079,株式会社 山陽建設  ,営業部,2025-12-05,242181
T001454,株式会社 大阪鉄鋼,経理部,2025-06-20,359903
T003331,株式会社 東海運輸,経理部,2026-01-28,152174
T000907,神戸物産,営業部,2025-04-06,3402748
T001623,大阪電子工業 ,経理部,2025-07-30,2977328
T003661,(株)京都製造  ,経理部,2026-03-29,4683641
T001945,四国電機(株),経理部,2025-08-17,111308
T000860,京都製造株式会社,サポート部,2025-04-20,1490081
T002475,中部不動産(株) 営業部,営業部,2025-10-25,989894
T001567,株式会社 大阪ファイナンス,サポート部,2025-06-28,173096
T001664,株式会社 神戸物産,経理部,2025-07-17,1265647
T000722,北海道乳業(株),経理部,2025-03-06,315542
T002419,兵庫食品工業株式会社  ,営業部,2025-10-06,386876
T000987,九州自動車工業 (新規),サポート部,2025-04-04,372769
T002804,新潟食品株式会社,営業部,2025-11-22,93921
T003418,大阪電子工業株式会社,サポート部,2026-02-27,3030829
T003834,山陽建設株式会社,営業部,2026-03-26,113969
T000725,北海道乳業(株),サポート部,2025-03-19,917511
T003151,XYZコーポレーション,サポート部,2026-01-28,2738384
T002219,(株)新潟食品,経理部,2025-09-03,78117
T003847,-,サポート部,2026-03-02,84223
T001669,神戸物産(株),経理部,2025-07-22,1938774
T001238,阪神運輸株式会社,経理部,2025-05-21,254382
T000109,神戸物産株式会社  ,経理部,2025-01-31,1529654
T000537,XYZコーポレーション (継続),サポート部,2025-03-22,1353829
T000569,,経理部,2025-03-20,1444545
T002459,東京メディカル  ,営業部,2025-10-19,873194
T000643,(不明),サポート部,2025-03-12,254029
T001211,西日本電気 ,営業部,2025-05-10,627060
T001989,XYZコーポレーション (4月から),営業部,2025-09-09,4060286
T000407,阪神運輸株式会社,サポート部,2025-02-10,290366
T000647,大阪鉄鋼,経理部,2025-03-28,930614
T001813,XYZコーポレーション  ,経理部,2025-08-18,3137402
T000372,関西エネルギー株式会社,経理部,2025-02-11,554375
T002458,東京メディカル 総務部,サポート部,2025-10-04,309912
T002529,XYZコーポレーション  ,営業部,2025-11-23,5367720
T002827,株式会社ABC商事 経理部,サポート部,2025-12-01,1770118
T000753,四国電機,営業部,2025-03-17,98421
T001607,XYZコーポレーション 営業部,営業部,2025-07-31,4336915
T001783,株式会社 ABC商事 (IT),サポート部,2025-08-03,3184934
T003805,北海道乳業株式会社,営業部,2026-03-11,483088
T000573,大阪電子工業株式会社,経理部,2025-03-16,2199820
T000083,(株)京都製造,経理部,2025-01-01,2630985
T001145,株式会社 京都製造 (継続),経理部,2025-05-14,3241335
T000189,北海道乳業(株),営業部,2025-01-05,705612
T000928,大阪鉄鋼 ,サポート部,2025-04-09,477521
T001585,株式会社 ABC商事,営業部,2025-07-20,2962902
T002152,九州自動車工業(株)  ,営業部,2025-09-28,733506
T000571,大阪電子工業 ,営業部,2025-03-14,4530266
T002203,四国電機株式会社	,営業部,2025-09-15,91696
T002622,神戸物産（株）,サポート部,2025-11-18,5174696
T001320,ABC商事株式会社,営業部,2025-06-07,1444115
T000339,神戸物産株式会社,経理部,2025-02-08,2039121
T000911,関西エネルギー ,営業部,2025-04-08,708473
T000743,中部不動産株式会社,営業部,2025-03-17,582085
T001470,西日本電気株式会社,営業部,2025-06-14,749205
T001193,株式会社 関西エネルギー,経理部,2025-05-19,723058
T002457,東京メディカル(株)	,経理部,2025-10-04,1007779
T002768,中部不動産  ,サポート部,2025-11-27,1011302
T003319,(株)東京メディカル  ,営業部,2026-01-05,653083
T003256,株式会社 大阪鉄鋼  ,経理部,2026-01-27,907961
T003461,神戸物産 (医療),営業部,2026-02-06,5943144
T000592,京都製造(株),サポート部,2025-03-03,4982070
T002692,阪神運輸,サポート部,2025-11-05,464646
T000908,関西エネルギー ,営業部,2025-04-16,286518
T003817,中部不動産株式会社,サポート部,2026-03-31,480075
T003125,-,サポート部,2026-01-08,6565801
T000980,九州自動車工業株式会社,営業部,2025-04-12,383781
T000252,東北機械工業株式会社  ,経理部,2025-01-18,127009
T003400,XYZコーポレーション,営業部,2026-02-23,5018882
T001512,九州自動車工業株式会社,サポート部,2025-06-24,227626
T000674,阪神運輸(株),サポート部,2025-03-22,882740
T001137,(株)大阪電子工業  ,営業部,2025-05-10,2963853
T000665,株式会社 西日本電気,経理部,2025-03-17,556568
T000062,大阪電子工業 ,経理部,2025-01-20,2316657
T001552,近畿システムズ,営業部,2025-06-06,102063
T003356,全国保険 鈴木様,経理部,2026-01-01,188038
T003342,株式会社 瀬戸内テクノロジー  ,営業部,2026-01-26,112444
T001574,(株)東北機械工業  ,サポート部,2025-06-23,83116
T000118,大阪鉄鋼 [要確認],営業部,2025-01-19,407428
T002396,西日本電気(株),営業部,2025-10-18,707912
T001155,京都製造(株),経理部,2025-05-16,2676380
T001879,大阪鉄鋼(株),営業部,2025-08-29,499149
T001292,山陽建設株式会社,経理部,2025-05-31,136573
T002190,近畿システムズ ,サポート部,2025-09-29,190590
T001342,XYZコーポレーション  ,営業部,2025-06-10,2573480
T000443,北海道乳業,営業部,2025-02-26,405870
T002460,東京メディカル株式会社,営業部,2025-10-26,601218
T001632,大阪電子工業株式会社,営業部,2025-07-05,948071
T001011,株式会社 東京メディカル (医療),経理部,2025-04-18,684567
T001401,京都製造 経理部,経理部,2025-06-09,3652198
T001356,XYZコーポレーション,サポート部,2025-06-17,2748363
T003619,XYZコーポレーション,営業部,2026-03-08,6660318
T000454,未設定,経理部,2025-02-25,433637
T001261,北海道乳業株式会社 (食品),経理部,2025-05-16,547618
T000517,株式会社 ABC商事,サポート部,2025-03-08,3986368
T002906,株式会社 京都製造,営業部,2025-12-11,3326562
T001862,神戸物産   ,営業部,2025-08-16,1418035
T000328,京都製造(株),営業部,2025-02-03,1070963
T001122,大阪電子工業  ,営業部,2025-05-28,4018908
T003587,ABC商事,サポート部,2026-03-24,7328798
T003141,株式会社ABC商事,サポート部,2026-01-21,2833458
T000020,エービーシー商事  ,経理部,2025-01-25,3234331
T002099,大阪鉄鋼,営業部,2025-09-23,210724
T003359,ABC商事(株),営業部,2026-02-09,3780445
T000871,京都製造株式会社 [要確認],サポート部,2025-04-04,1866448
T000714,九州自動車工業	,サポート部,2025-03-17,818901
T003457,神戸物産 ,経理部,2026-02-06,5434977
T003626,XYZコーポレーション  ,営業部,2026-03-04,4447207
T003048,東京メディカル株式会社 営業部,営業部,2025-12-11,973804
T003532,北海道乳業株式会社,営業部,2026-02-06,417048
T003693,神戸物産株式会社,営業部,2026-03-19,6079349
T002767,未設定,経理部,2025-11-21,317020
T001156,株式会社 京都製造,営業部,2025-05-08,3995950
T002178,東京メディカル ,サポート部,2025-09-16,213597
T000038,XYZコーポレーション,経理部,2025-01-20,1166688
T003325,未設定,サポート部,2026-01-27,247872
T003576,エービーシー商事  ,営業部,2026-03-07,6170142
T003445,京都製造 ,営業部,2026-02-11,5322959
T000739,東京メディカル ,経理部,2025-03-17,411505
T002044,株式会社 京都製造,サポート部,2025-09-27,2282765
T001884,大阪鉄鋼株式会社,営業部,2025-08-27,636642
T003517,株式会社 九州自動車工業  ,サポート部,2026-02-25,420900
T001104,XYZコーポレーション  ,営業部,2025-05-20,2091180
T001212,西日本電気,経理部,2025-05-23,261343
T002511,ABC商事株式会社 佐藤様,営業部,2025-11-02,4973291
T002623,神戸物産   ,サポート部,2025-11-09,3406222
T000659,西日本電気株式会社 (契約更新),サポート部,2025-03-08,448678
T002515,ABC商事 (食品),サポート部,2025-11-29,5593226
T002523,ABC商事,サポート部,2025-11-10,5787707
T002961,株式会社 大阪鉄鋼,経理部,2025-12-25,853115
T001962,ABC商事 ,経理部,2025-09-28,1630905
T000797,ABC商事  ,営業部,2025-04-25,4055494
T001149,株式会社 京都製造,経理部,2025-05-07,4602957
T002098,株式会社 大阪鉄鋼 (物流),経理部,2025-09-22,798254
T000084,京都製造株式会社,サポート部,2025-01-30,1535309
T002602,京都製造 田中様,経理部,2025-11-11,5913633
T000901,神戸物産   ,営業部,2025-04-19,3026973
T001466,(株)大阪鉄鋼,営業部,2025-06-21,326200
T003611,ABC商事 購買部,サポート部,2026-03-24,4362801
T003716,(株)神戸物産,サポート部,2026-03-23,6158650
T002261,XYZコーポレーション  ,サポート部,2025-10-29,2263099
T002408,阪神運輸,営業部,2025-10-06,519194
T001225,株式会社 日本化学工業,サポート部,2025-05-22,537262
T000284,XYZコーポレーション,営業部,2025-02-24,2280763
T002295,大阪電子工業 営業部,営業部,2025-10-21,3969369
T002720,九州自動車工業,経理部,2025-11-02,338490
T001714,兵庫食品工業(株),サポート部,2025-07-13,599029
T000913,株式会社 関西エネルギー,経理部,2025-04-22,661567
T000382,大阪鉄鋼(株)  ,経理部,2025-02-04,307863
T001698,日本化学工業株式会社,営業部,2025-07-21,510543
T001820,株式会社 大阪電子工業,営業部,2025-08-27,2710961
T000590,京都製造株式会社,営業部,2025-03-13,1948201
T001304,大阪ファイナンス株式会社,営業部,2025-05-29,163266
T001635,大阪電子工業 渡辺さん,経理部,2025-07-27,1761756
T003669,京都製造株式会社,営業部,2026-03-14,1739601
T000178,九州自動車工業株式会社,経理部,2025-01-31,245471
T001819,(株)大阪電子工業,経理部,2025-08-08,2847005
T001521,東京メディカル(株),営業部,2025-06-27,691190
T001120,大阪電子工業,経理部,2025-05-16,2091458
T003098,大阪ファイナンス株式会社,営業部,2025-12-09,137890
T003578,ABC商事 (医療),営業部,2026-03-24,7525398
T000957,阪神運輸株式会社,経理部,2025-04-16,384888
T000986,九州自動車工業(株)  ,営業部,2025-04-07,680115
T001883,旧大阪鉄鋼(株),サポート部,2025-08-29,414833
T001722,九州自動車工業(株),営業部,2025-07-26,191644
T001359,XYZコーポレーション,経理部,2025-06-21,4829279
T003762,(株)日本化学工業 経営企画,経理部,2026-03-28,854709
T000199,北海道乳業株式会社  ,営業部,2025-01-31,421494
T002982,西日本電気株式会社,営業部,2025-12-23,804238
T001546,株式会社 中部不動産 (継続),営業部,2025-06-23,699352
T000061,大阪電子工業株式会社,経理部,2025-01-24,4943749
T001758,中部不動産  ,営業部,2025-07-12,448761
T002226,エービーシー商事,営業部,2025-10-24,5072112
T003281,株式会社 兵庫食品工業 (継続),サポート部,2026-01-04,516781
T002490,瀬戸内テクノロジー ,サポート部,2025-10-02,81647
T002130,(株)兵庫食品工業,営業部,2025-09-13,407418
T000628,-,経理部,2025-03-17,837507
T001472,西日本電気株式会社,サポート部,2025-06-22,758335
T001221,日本化学工業 (契約更新),サポート部,2025-05-27,423088
T002825,株式会社ABC商事,営業部,2025-12-06,4436313
T000201,(株)東京メディカル,経理部,2025-01-27,571371
T002612,神戸物産 ,経理部,2025-11-29,6031693
T002321,株式会社 京都製造  ,営業部,2025-10-20,5185131
T001761,株式会社 中部不動産,経理部,2025-07-18,364149
T002469,株式会社 中部不動産,営業部,2025-10-06,770547
T001717,九州自動車工業株式会社  ,サポート部,2025-07-26,233903
T003417,大阪電子工業,営業部,2026-02-25,3542262
T000003,N/A,経理部,2025-01-20,4713853
T003017,旧兵庫食品工業,サポート部,2025-12-03,499717
T000765,大阪ファイナンス(株),経理部,2025-03-07,224857
T001140,大阪電子工業(株),営業部,2025-05-22,4021199
T003631,XYZコーポレーション,営業部,2026-03-24,5307091
T002232,ABC商事株式会社,営業部,2025-10-18,2193651
T000086,京都製造(株),経理部,2025-01-11,1887767
T003147,ABC商事(株)  ,経理部,2026-01-09,5054440
T002859,XYZコーポレーション  ,サポート部,2025-12-20,3326601
T001254,九州自動車工業株式会社,営業部,2025-05-14,738051
T002344,神戸物産,サポート部,2025-10-14,5463816
T002427,九州自動車工業株式会社 経理部,経理部,2025-10-06,512358
T001525,-,営業部,2025-06-19,792232
T003213,株式会社 神戸物産,経理部,2026-01-03,2506976
T002020,大阪電子工業  ,営業部,2025-09-25,2721239
T003480,関西エネルギー株式会社,営業部,2026-02-14,415500
T003753,西日本電気 ,営業部,2026-03-27,715473
T002264,XYZコーポレーション,サポート部,2025-10-15,4005280
T001360,XYZコーポレーション,サポート部,2025-06-04,2160824
T003336,山陽建設  ,経理部,2026-01-05,73880
T001307,株式会社 ジャパン医薬品,経理部,2025-05-04,146660
T000057,(株)大阪電子工業,営業部,2025-01-21,3136602
T002359,関西エネルギー,経理部,2025-10-14,905006
T002443,北海道乳業,経理部,2025-10-25,278766
T001649,-,営業部,2025-07-07,2530936
T003738,大阪鉄鋼株式会社,サポート部,2026-03-13,1093141
T003367,エービーシー商事 購買部,経理部,2026-02-23,5185600
T000982,九州自動車工業株式会社,経理部,2025-04-28,419984
T001027,中部不動産,経理部,2025-04-23,580180
T001822,大阪電子工業(株),経理部,2025-08-23,3662785
T002944,(株)神戸物産 (契約更新),営業部,2025-12-18,6221978
T002972,大阪鉄鋼(株),経理部,2025-12-10,744968
T002542,XYZコーポレーション,営業部,2025-11-20,5783433
T002707,兵庫食品工業(株),営業部,2025-11-02,1016467
T003375,,営業部,2026-02-28,2986429
T000909,関西エネルギー（株） 営業部,サポート部,2025-04-20,494620
T000399,日本化学工業株式会社,サポート部,2025-02-04,201313
T000598,京都製造株式会社,サポート部,2025-03-11,4019330
T002735,北海道乳業株式会社,営業部,2025-11-09,389604
T003569,新潟食品(株),サポート部,2026-02-20,81235
T003167,-,経理部,2026-01-25,2380113
T002397,株式会社 西日本電気  ,経理部,2025-10-11,594783
T002287,(株)大阪電子工業,営業部,2025-10-09,4559345
T001904,阪神運輸,経理部,2025-08-17,647398
T000932,西日本電気,営業部,2025-04-22,609451
T002760,中部不動産株式会社 営業部,経理部,2025-11-25,482526
T000103,(株)神戸物産,経理部,2025-01-23,2020495
T002910,株式会社 京都製造  ,サポート部,2025-12-28,1959302
T002632,関西エネルギー ,営業部,2025-11-02,742362
T002291,株式会社 大阪電子工業,サポート部,2025-10-26,4009697
T002039,京都製造株式会社,経理部,2025-09-24,2915216
T003756,西日本電気株式会社,営業部,2026-03-23,408898
T003097,大阪ファイナンス,営業部,2025-12-22,146777
T000910,株式会社 関西エネルギー,サポート部,2025-04-24,358477
T001580,株式会社 全国保険 総務部,経理部,2025-06-21,77110
T003672,株式会社 京都製造,サポート部,2026-03-04,2354204
T000915,旧株式会社 関西エネルギー,サポート部,2025-04-10,699401
T002500,株式会社 東北機械工業 渡辺さん,経理部,2025-10-21,86866
T003840,(不明),営業部,2026-03-15,61700
T002762,株式会社 中部不動産,営業部,2025-11-18,956628
T002089,大阪鉄鋼株式会社,営業部,2025-09-26,501144
T003784,兵庫食品工業株式会社,営業部,2026-03-01,449104
T000349,株式会社 神戸物産,経理部,2025-02-08,3525901
T000718,旧九州自動車工業株式会社,経理部,2025-03-22,527602
T000150,（株）阪神運輸,経理部,2025-01-15,466314
T002256,XYZコーポレーション,経理部,2025-10-28,4981824
T003002,日本化学工業(株),サポート部,2025-12-10,652514
T003521,九州自動車工業,営業部,2026-02-04,469425
T001861,株式会社 神戸物産,営業部,2025-08-14,1171458
T003277,阪神運輸株式会社,経理部,2026-01-13,203330
T001680,関西エネルギー,営業部,2025-07-30,240746
T002277,株式会社 大阪電子工業,サポート部,2025-10-01,2350199
T001924,株式会社 北海道乳業,サポート部,2025-08-01,366993
T001180,神戸物産 ,サポート部,2025-05-24,4115099
T003750,西日本電気株式会社 鈴木様,営業部,2026-03-21,732547
T000392,(株)西日本電気,サポート部,2025-02-20,260199
T003117,株式会社 ABC商事,営業部,2026-01-23,1765231
T002092,株式会社 大阪鉄鋼,サポート部,2025-09-28,654876
T003122,株式会社 ABC商事,営業部,2026-01-14,3784262
T003223,(株)神戸物産,サポート部,2026-01-04,1675524
T000518,ABC商事(株),経理部,2025-03-22,5563220
T003535,株式会社 東京メディカル,営業部,2026-02-14,274469
T001364,XYZコーポレーション,経理部,2025-06-29,2438971
T002512,(株)ABC商事,サポート部,2025-11-07,6297226
T000317,大阪電子工業(株),営業部,2025-02-15,3745335
T001235,阪神運輸株式会社 佐藤様,サポート部,2025-05-22,792592
T000994,北海道乳業(株),サポート部,2025-04-18,499102
T001350,XYZコーポレーション  ,経理部,2025-06-08,3525597
T002918,京都製造  ,営業部,2025-12-26,1449743
T001179,(株)神戸物産,経理部,2025-05-02,3649154
T002548,XYZコーポレーション 営業部,経理部,2025-11-29,2988086
T000420,株式会社 兵庫食品工業,サポート部,2025-02-10,453048
T001230,,経理部,2025-05-01,330824
T000299,大阪電子工業(株),経理部,2025-02-08,4453988
T003488,(株)大阪鉄鋼 (医療),サポート部,2026-02-18,835878
T000071,京都製造 ,営業部,2025-01-25,2783192
T002214,ジャパン医薬品 ,サポート部,2025-09-25,199476
T000523,株式会社ABC商事,経理部,2025-03-03,3153366
T000120,大阪鉄鋼,サポート部,2025-01-15,330394
T000985,九州自動車工業株式会社,営業部,2025-04-15,586028
T002148,九州自動車工業,営業部,2025-09-01,220145
T001903,(株)日本化学工業  ,サポート部,2025-08-11,493693
T003110,全国保険,営業部,2025-12-05,229807
T002453,北海道乳業株式会社,営業部,2025-10-27,1030472
T000168,兵庫食品工業,サポート部,2025-01-31,766432
T002005,旧XYZコーポレーション,経理部,2025-09-06,1060069
T001473,西日本電気株式会社 (食品),営業部,2025-06-13,789822
T002724,北海道乳業株式会社  ,営業部,2025-11-28,627445
T003650,大阪電子工業 ,営業部,2026-03-16,5798346
T002620,神戸物産株式会社,営業部,2025-11-06,4437660
T000482,株式会社 ジャパン医薬品,経理部,2025-02-15,80065
T001185,株式会社 関西エネルギー,経理部,2025-05-08,518706
T001789,株式会社 ABC商事,営業部,2025-08-14,921852
T003243,関西エネルギー株式会社,経理部,2026-01-04,494863
T003625,XYZコーポレーション [要確認],営業部,2026-03-25,3455639
T003382,ABC商事株式会社,営業部,2026-02-14,5237145
T000538,XYZコーポレーション,サポート部,2025-03-18,2960398
T002426,旧九州自動車工業,経理部,2025-10-09,476477
T002174,東京メディカル,営業部,2025-09-16,611284
T002635,関西エネルギー ,経理部,2025-11-13,481906
T003139,エービーシー商事,経理部,2026-01-25,1830010
T000675,(不明),サポート部,2025-03-19,326624
T003695,神戸物産,経理部,2026-03-27,5066146
T001815,XYZコーポレーション,経理部,2025-08-11,2902303
T003194,京都製造	,サポート部,2026-01-11,5686811
T001306,大阪ファイナンス(株),経理部,2025-05-10,67496
T000796,ABC商事(株) (物流),営業部,2025-04-20,1611607
T001288,株式会社 東海運輸 (医療),サポート部,2025-05-28,99242
T003172,旧大阪電子工業,サポート部,2026-01-06,6333287
T003494,西日本電気株式会社 渡辺さん,経理部,2026-02-15,608208
T003384,ABC商事 ,営業部,2026-02-12,3271611
T000122,(株)大阪鉄鋼  ,サポート部,2025-01-20,462529
T002733,北海道乳業株式会社 購買部,営業部,2025-11-17,888058
T001009,東京メディカル ,営業部,2025-04-05,417877
T000473,四国電機,経理部,2025-02-10,154316
T002886,大阪電子工業 ,サポート部,2025-12-23,6922620
T000417,阪神運輸株式会社,サポート部,2025-02-15,290779
T003203,(株)京都製造,サポート部,2026-01-17,2810737
T001528,未設定,経理部,2025-06-14,728040
T000935,西日本電気 渡辺さん,営業部,2025-04-19,761307
T000475,四国電機株式会社,営業部,2025-02-13,166140
T003288,兵庫食品工業株式会社 (IT),営業部,2026-01-24,728815
T002480,東海運輸株式会社,サポート部,2025-10-14,232157
T001853,神戸物産株式会社,経理部,2025-08-25,927541
T001098,XYZコーポレーション,営業部,2025-05-05,1012900
T002271,大阪電子工業（株）,営業部,2025-10-17,4930942
T003078,山陽建設(株)	,経理部,2025-12-30,166780
T002975,(株)大阪鉄鋼 高橋課長,経理部,2025-12-30,456523
T000160,阪神運輸株式会社,経理部,2025-01-30,485765
T000378,(株)大阪鉄鋼 高橋課長,営業部,2025-02-28,543555
T001118,(株)大阪電子工業,営業部,2025-05-17,2312860
T000006,エービーシー商事,経理部,2025-01-03,3554880
T000131,西日本電気 田中様,経理部,2025-01-23,366071
T001218,西日本電気(株),サポート部,2025-05-12,766692
T002440,株式会社 九州自動車工業,経理部,2025-10-08,927824
T003848,大阪ファイナンス株式会社  ,サポート部,2026-03-03,94698
T002483,四国電機株式会社,サポート部,2025-10-25,73248
T001467,(株)西日本電気  ,サポート部,2025-06-23,667423
T000789,株式会社ABC商事  ,営業部,2025-04-15,4157640
T002155,九州自動車工業 ,経理部,2025-09-03,363833
T000638,大阪鉄鋼株式会社,経理部,2025-03-01,319570
T003549,株式会社 中部不動産,経理部,2026-02-18,348859
T001930,,経理部,2025-08-06,638137
T001138,大阪電子工業(株),営業部,2025-05-22,4787052
T002196,山陽建設(株)  ,経理部,2025-09-05,134621
T000054,大阪電子工業 ,営業部,2025-01-06,4302488
T001163,,経理部,2025-05-26,2744764
T000635,株式会社 大阪鉄鋼,営業部,2025-03-27,330747
T002278,大阪電子工業株式会社,サポート部,2025-10-30,1994258
T000717,九州自動車工業 (新規),サポート部,2025-03-23,708472
T000742,中部不動産株式会社,営業部,2025-03-23,730384
T000607,神戸物産 ,サポート部,2025-03-13,4509415
T002262,XYZコーポレーション,営業部,2025-10-19,5910378
T000586,-,サポート部,2025-03-16,5832513
T000940,日本化学工業株式会社,経理部,2025-04-13,266052
T000574,大阪電子工業(株),サポート部,2025-03-23,3262370
T000661,西日本電気,経理部,2025-03-03,572637
T002702,-,営業部,2025-11-28,476192
T003248,大阪鉄鋼 ,経理部,2026-01-12,860371
T003565,大阪ファイナンス株式会社  ,サポート部,2026-02-21,177110
T000499,株式会社 ABC商事,サポート部,2025-03-13,5481999
T003664,京都製造,経理部,2026-03-26,4762061
T002950,(不明),経理部,2025-12-25,556813
T002055,株式会社 神戸物産,サポート部,2025-09-14,3333385
T000788,株式会社ABC商事,経理部,2025-04-05,2370831
T000691,未設定,経理部,2025-03-03,320631
T001670,-,営業部,2025-07-05,1005585
T001933,,経理部,2025-08-27,637140
T000032,XYZコーポレーション 山田部長,営業部,2025-01-14,3036926
T000577,大阪電子工業株式会社,営業部,2025-03-29,2487946
T002197,山陽建設株式会社,サポート部,2025-09-05,132645
T000556,大阪電子工業株式会社,経理部,2025-03-03,3576758
T001991,XYZコーポレーション,営業部,2025-09-22,2229285
T000411,(株)阪神運輸,経理部,2025-02-17,647111
T003112,全国保険株式会社,営業部,2025-12-25,119018
T003295,九州自動車工業(株),営業部,2026-01-20,215645
T001114,XYZコーポレーション,経理部,2025-05-22,2555672
T002754,中部不動産株式会社  ,経理部,2025-11-05,1024498
T000242,株式会社 瀬戸内テクノロジー,営業部,2025-01-12,67741
T002456,北海道乳業株式会社  ,サポート部,2025-10-08,819893
T002218,新潟食品(株),営業部,2025-09-16,197018
T001676,(株)関西エネルギー,経理部,2025-07-23,485836
T001687,大阪鉄鋼株式会社  ,営業部,2025-07-28,310113
T003329,近畿システムズ株式会社,サポート部,2026-01-17,140226
T003691,神戸物産,経理部,2026-03-10,6591928
T000015,ABC商事 ,サポート部,2025-01-11,1467883
T000022,ABC商事 ,サポート部,2025-01-07,3990324
T003592,株式会社ABC商事  ,営業部,2026-03-03,7304358
T000421,(株)兵庫食品工業,経理部,2025-02-27,269865
T003310,株式会社 東京メディカル,サポート部,2026-01-30,284105
T003187,京都製造株式会社,営業部,2026-01-04,3160919
T001824,大阪電子工業株式会社,営業部,2025-08-07,3049610
T002097,大阪鉄鋼 ,経理部,2025-09-02,363503
T002869,大阪電子工業(株) 経理部,サポート部,2025-12-12,2172200
T003226,旧神戸物産(株),サポート部,2026-01-23,3499018
T000166,兵庫食品工業(株)  ,経理部,2025-01-21,628129
T001068,ABC商事,サポート部,2025-05-28,3425118
T000738,東京メディカル(株) (4月から),営業部,2025-03-08,352684
T003528,未設定,営業部,2026-02-24,285035
T001725,北海道乳業,経理部,2025-07-11,240438
T002656,西日本電気(株),サポート部,2025-11-02,703614
T002086,(株)関西エネルギー (物流),営業部,2025-09-19,757764
T001549,近畿システムズ(株),営業部,2025-06-09,116078
T003353,東北機械工業株式会社,営業部,2026-01-15,156628
T000912,関西エネルギー株式会社,営業部,2025-04-05,361638
T003436,京都製造(株),営業部,2026-02-25,4002401
T003793,兵庫食品工業 (食品),経理部,2026-03-23,882874
T001125,株式会社 大阪電子工業  ,経理部,2025-05-04,4721889
T002679,日本化学工業株式会社  ,営業部,2025-11-28,1037697
T003519,九州自動車工業株式会社,サポート部,2026-02-07,720791
T001205,西日本電気株式会社 高橋課長,サポート部,2025-05-26,523850
T000340,神戸物産株式会社,経理部,2025-02-02,3001540
T000176,九州自動車工業  ,サポート部,2025-01-01,382710
T003704,神戸物産	,経理部,2026-03-17,1806404
T000093,(株)神戸物産 経営企画,営業部,2025-01-08,1427405
T003815,中部不動産株式会社 (継続),経理部,2026-03-12,820471
T000033,XYZコーポレーション,サポート部,2025-01-13,2112342
T003580,(不明),経理部,2026-03-10,5522759
T001568,株式会社 大阪ファイナンス,経理部,2025-06-23,153758
T001061,ABC商事   ,営業部,2025-05-03,4644598
T001504,(株)兵庫食品工業,経理部,2025-06-11,333730
T001482,(株)日本化学工業,営業部,2025-06-24,600536
T002677,株式会社 日本化学工業,営業部,2025-11-07,283632
T000546,XYZコーポレーション,経理部,2025-03-11,5536028
T001656,京都製造(株)  ,経理部,2025-07-31,2448674
T001597,ABC商事  ,営業部,2025-07-25,2087019
T000640,大阪鉄鋼,サポート部,2025-03-25,790723
T001867,関西エネルギー株式会社  ,営業部,2025-08-11,616941
T000354,神戸物産株式会社,経理部,2025-02-27,1827599
T002968,大阪鉄鋼 営業部,営業部,2025-12-19,839731
T002614,神戸物産 (医療),経理部,2025-11-06,5544185
T001837,京都製造株式会社,経理部,2025-08-21,3512561
T000755,四国電機株式会社,サポート部,2025-03-04,184509
T003489,-,営業部,2026-02-23,503535
T000597,(株)京都製造	,経理部,2025-03-22,3496168
T003632,XYZコーポレーション [要確認],営業部,2026-03-12,4649199
T001214,株式会社 西日本電気,経理部,2025-05-19,447978
T003188,京都製造株式会社,経理部,2026-01-09,2804762
T001492,阪神運輸株式会社,営業部,2025-06-03,412149
T001498,阪神運輸 田中様,サポート部,2025-06-03,549935
T000853,(株)京都製造,営業部,2025-04-04,3876603
T001647,京都製造 総務部,サポート部,2025-07-14,2229719
T003766,日本化学工業株式会社,営業部,2026-03-08,633706
T001425,神戸物産,経理部,2025-06-04,4760488
T001850,神戸物産 ,経理部,2025-08-19,2001513
T001773,大阪ファイナンス株式会社,経理部,2025-07-22,159439
T001396,京都製造(株) 佐藤様,経理部,2025-06-13,4986258
T002993,日本化学工業株式会社,営業部,2025-12-23,605984
T002871,大阪電子工業 (契約更新),サポート部,2025-12-03,2652017
T002576,大阪電子工業 購買部,営業部,2025-11-22,1854291
T002421,株式会社 兵庫食品工業,サポート部,2025-10-06,549409
T000435,北海道乳業 ,営業部,2025-02-05,630814
T001513,-,営業部,2025-06-19,277353
T000126,西日本電気,営業部,2025-01-23,719536
T000240,(株)瀬戸内テクノロジー (継続),営業部,2025-01-18,54308
T000905,神戸物産 ,経理部,2025-04-19,4077841
T002449,株式会社 北海道乳業,サポート部,2025-10-08,645516
T002336,神戸物産(株),経理部,2025-10-09,3954190
T002076,神戸物産(株),経理部,2025-09-01,2370948
T001157,京都製造,サポート部,2025-05-09,4744998
T002477,旧株式会社 中部不動産,営業部,2025-10-23,444321
T001600,XYZコーポレーション,営業部,2025-07-03,3066582
T001745,株式会社 東京メディカル (継続),営業部,2025-07-05,646385
T001471,西日本電気株式会社 (医療),経理部,2025-06-10,247652
T002154,九州自動車工業(株),サポート部,2025-09-28,279074
T002133,兵庫食品工業 ,営業部,2025-09-28,294316
T001131,大阪電子工業株式会社,サポート部,2025-05-03,1086033
T002514,ABC商事  ,サポート部,2025-11-26,1857121
T002887,大阪電子工業株式会社,経理部,2025-12-05,2470122
T002447,(株)北海道乳業 渡辺さん,サポート部,2025-10-04,624881
T002224,ABC商事(株),経理部,2025-10-29,6376600
T002392,(株)西日本電気,サポート部,2025-10-01,846167
T001911,阪神運輸株式会社 (IT),経理部,2025-08-12,383299
T002899,京都製造 ,営業部,2025-12-25,5804269
T000267,ABC商事(株),サポート部,2025-02-03,2598596
T003313,東京メディカル(株)	,経理部,2026-01-21,385790
T002952,関西エネルギー(株) 総務部,サポート部,2025-12-10,495587
T001993,XYZコーポレーション,経理部,2025-09-01,3086898
T001160,神戸物産株式会社,経理部,2025-05-22,2964894
T001489,阪神運輸 ,営業部,2025-06-13,221722
T002593,京都製造 ,営業部,2025-11-22,5883891
T000570,大阪電子工業 (4月から),経理部,2025-03-15,3113878
T000009,ABC商事(株),経理部,2025-01-11,1891820
T003842,瀬戸内テクノロジー株式会社,サポート部,2026-03-06,119491
T003660,京都製造,営業部,2026-03-27,1760082
T001278,中部不動産(株),経理部,2025-05-08,243141
T003030,九州自動車工業(株)  ,営業部,2025-12-28,765360
T002036,未設定,経理部,2025-09-23,4790768
T002687,阪神運輸株式会社,営業部,2025-11-25,856563
T003104,東北機械工業,営業部,2025-12-27,178873
T000719,(株)九州自動車工業 (4月から),営業部,2025-03-28,719262
T001324,ABC商事株式会社,サポート部,2025-06-04,3516025
T000685,阪神運輸(株),営業部,2025-03-14,950518
T001411,京都製造株式会社,営業部,2025-06-10,1193635
T003335,(株)山陽建設,サポート部,2026-01-10,59944
T001038,株式会社 四国電機,経理部,2025-04-27,143014
T002245,(株)ABC商事 (食品),営業部,2025-10-31,2971524
T001666,神戸物産株式会社,サポート部,2025-07-09,4001761
T000273,(不明),経理部,2025-02-27,4387717
T001592,ABC商事 ,経理部,2025-07-20,3720129
T000760,瀬戸内テクノロジー(株),経理部,2025-03-09,72421
T002712,旧株式会社 兵庫食品工業,経理部,2025-11-03,526475
T001775,(株)ジャパン医薬品,経理部,2025-07-15,121770
T002718,九州自動車工業,営業部,2025-11-27,859071
T002445,N/A,サポート部,2025-10-09,478727
T001684,N/A,営業部,2025-07-03,202878
T000211,東京メディカル ,営業部,2025-01-19,258900
T001358,XYZコーポレーション (医療),経理部,2025-06-06,1842807
T000893,神戸物産 ,営業部,2025-04-19,2653681
T001375,株式会社 大阪電子工業	,経理部,2025-06-01,1672075
T003769,日本化学工業（株） [要確認],サポート部,2026-03-22,558155
T000338,(株)京都製造,サポート部,2025-02-05,2802142
T000973,兵庫食品工業 山田部長,サポート部,2025-04-07,339158
T002909,京都製造	,経理部,2025-12-31,4762804
T000312,大阪電子工業株式会社,経理部,2025-02-15,3320873
T000197,北海道乳業株式会社 経営企画,経理部,2025-01-09,426040
T003593,株式会社 ABC商事,サポート部,2026-03-25,8253574
T001164,神戸物産 ,サポート部,2025-05-29,2093908
T001427,神戸物産株式会社  ,サポート部,2025-06-05,3758018
T000488,株式会社 新潟食品,営業部,2025-02-08,101894
T000622,神戸物産(株)  ,営業部,2025-03-17,1800727
T001022,株式会社 中部不動産 (新規),サポート部,2025-04-09,580132
T000694,兵庫食品工業(株),サポート部,2025-03-10,485047
T001173,神戸物産株式会社  ,経理部,2025-05-10,3118218
T002366,N/A,営業部,2025-10-04,313082
T003205,京都製造株式会社,経理部,2026-01-24,3699837
T000501,エービーシー商事,サポート部,2025-03-12,2808189
T001553,株式会社 東海運輸,営業部,2025-06-12,199505
T002694,阪神運輸株式会社,経理部,2025-11-21,261684
T000456,中部不動産(株) (4月から),サポート部,2025-02-12,232318
T002518,ABC商事(株),経理部,2025-11-25,4052941
T001236,阪神運輸,営業部,2025-05-28,439038
T002046,京都製造株式会社 (新規),経理部,2025-09-12,2413485
T002610,神戸物産 ,サポート部,2025-11-26,4807684
T003761,日本化学工業,経理部,2026-03-26,748940
T000154,阪神運輸(株)  ,営業部,2025-01-01,615032
T000327,N/A,サポート部,2025-02-26,2063300
T003231,N/A,サポート部,2026-01-05,6417205
T002270,(株)大阪電子工業  ,営業部,2025-10-10,2026365
T000979,九州自動車工業(株)  ,経理部,2025-04-17,581671
T000294,,営業部,2025-02-25,4075299
T002479,株式会社 近畿システムズ  ,営業部,2025-10-11,243938
T000769,ジャパン医薬品(株),経理部,2025-03-16,85152
T001756,中部不動産株式会社 (新規),営業部,2025-07-17,582674
T003524,九州自動車工業株式会社,サポート部,2026-02-17,465118
T001207,西日本電気(株) (医療),営業部,2025-05-04,757695
T001559,（株）山陽建設,サポート部,2025-06-19,53767
T002011,大阪電子工業(株)  ,サポート部,2025-09-18,3989260
T001510,(株)九州自動車工業,経理部,2025-06-10,682752
T002090,大阪鉄鋼株式会社 [要確認],サポート部,2025-09-03,522038
T003479,関西エネルギー(株),営業部,2026-02-13,743321
T001952,大阪ファイナンス株式会社,経理部,2025-08-30,101069
T001787,ABC商事,サポート部,2025-08-09,3523567
T000873,京都製造(株),営業部,2025-04-05,1121604
T002489,瀬戸内テクノロジー株式会社,営業部,2025-10-20,79469
T003807,(株)東京メディカル,営業部,2026-03-28,321514
T003165,XYZコーポレーション,営業部,2026-01-14,3480640
T002856,XYZコーポレーション,営業部,2025-12-23,4773610
T001985,(株)ABC商事,経理部,2025-09-11,2741172
T003722,神戸物産	,サポート部,2026-03-04,4925669
T000560,大阪電子工業,営業部,2025-03-25,5093365
T001299,瀬戸内テクノロジー株式会社,サポート部,2025-05-28,103916
T001226,日本化学工業 ,経理部,2025-05-05,202146
T002589,京都製造  ,サポート部,2025-11-25,3751722
T003487,大阪鉄鋼(株),経理部,2026-02-25,800888
T001882,(株)大阪鉄鋼 (継続),経理部,2025-08-08,326183
T002186,中部不動産 ,営業部,2025-09-16,685164
T003443,京都製造 ,経理部,2026-02-13,1632329
T000543,XYZコーポレーション,サポート部,2025-03-28,2955110
T000489,(株)全国保険 (新規),サポート部,2025-02-28,136639
T000377,(株)大阪鉄鋼 高橋課長,経理部,2025-02-17,565078
T001186,関西エネルギー(株)  ,経理部,2025-05-09,732151
T000362,関西エネルギー株式会社 山田部長,経理部,2025-02-17,418211
T002684,阪神運輸株式会社,サポート部,2025-11-14,895980
T003290,九州自動車工業(株),経理部,2026-01-17,384237
T002276,-,経理部,2025-10-31,2528698
T002134,兵庫食品工業 ,経理部,2025-09-10,269230
T003821,中部不動産,経理部,2026-03-19,824544
T000662,株式会社 西日本電気,営業部,2025-03-13,830986
T000018,ABC商事株式会社,経理部,2025-01-30,1002398
T003554,株式会社 近畿システムズ,営業部,2026-02-06,130263
T002741,東京メディカル株式会社,営業部,2025-11-19,860267
T001901,日本化学工業 ,サポート部,2025-08-07,268605
T003712,神戸物産株式会社,営業部,2026-03-09,8206526
T001243,株式会社 兵庫食品工業,営業部,2025-05-26,225190
T000555,大阪電子工業 ,サポート部,2025-03-10,3534183
T000067,大阪電子工業 ,営業部,2025-01-06,3763420
T003347,株式会社 大阪ファイナンス,サポート部,2026-01-07,94841
T003472,関西エネルギー株式会社,営業部,2026-02-24,633635
T003794,兵庫食品工業 ,サポート部,2026-03-03,310622
T001268,東京メディカル,経理部,2025-05-04,351448
T002793,(株)ジャパン医薬品,経理部,2025-11-18,108569
