year_month,product_id,product_name,category,launch_date,unit_price,units_sold,revenue,material_cost,manufacturing_cost,logistics_cost,total_cost,gross_profit,gross_margin_pct
2024-04-01,P0001,エンジンピストン 小型,自動車部品,2020-01-03,1527,4395,6711165,4745157,671116,335558,5751831,959334,14.29
2024-05-01,P0001,エンジンピストン 小型,自動車部品,2020-01-03,1564,3568,5580352,3945611,558035,279017,4782663,797689,14.29
2024-06-01,P0001,エンジンピストン 小型,自動車部品,2020-01-03,1542,3300,5088600,3597915,508860,254430,4361205,727395,14.29
2024-07-01,P0001,エンジンピストン 小型,自動車部品,2020-01-03,1552,3615,5610480,3966913,561048,280524,4808485,801995,14.29
2024-08-01,P0001,エンジンピストン 小型,自動車部品,2020-01-03,1551,2998,4649898,3287729,464989,232494,3985212,664686,14.29
2024-09-01,P0001,エンジンピストン 小型,自動車部品,2020-01-03,1548,3875,5998500,4241264,599850,299925,5141039,857461,14.29
2024-10-01,P0001,エンジンピストン 小型,自動車部品,2020-01-03,1538,3492,5370696,3797373,537069,268534,4602976,767720,14.29
2024-11-01,P0001,エンジンピストン 小型,自動車部品,2020-01-03,1523,4523,6888529,4870563,688852,344426,5903841,984688,14.29
2024-12-01,P0001,エンジンピストン 小型,自動車部品,2020-01-03,1521,3663,5571423,3939298,557142,278571,4775011,796412,14.29
2025-01-01,P0001,エンジンピストン 小型,自動車部品,2020-01-03,1516,3822,5794152,4096779,579415,289707,4965901,828251,14.29
2025-02-01,P0001,エンジンピストン 小型,自動車部品,2020-01-03,1535,4805,7375675,5215001,737567,368783,6321351,1054324,14.29
2025-03-01,P0001,エンジンピストン 小型,自動車部品,2020-01-03,1570,5038,7909660,5592558,790966,395483,6779007,1130653,14.29
2025-04-01,P0001,エンジンピストン 小型,自動車部品,2020-01-03,1550,3223,4995650,3532195,499565,249782,4281542,714108,14.29
2025-05-01,P0001,エンジンピストン 小型,自動車部品,2020-01-03,1549,4447,6888403,4870474,688840,344420,5903734,984669,14.29
2025-06-01,P0001,エンジンピストン 小型,自動車部品,2020-01-03,1536,3960,6082560,4300699,608256,304128,5213083,869477,14.29
2025-07-01,P0001,エンジンピストン 小型,自動車部品,2020-01-03,1543,2987,4608941,3258771,460894,230447,3950112,658829,14.29
2025-08-01,P0001,エンジンピストン 小型,自動車部品,2020-01-03,1569,4148,6508212,4601658,650821,325410,5577889,930323,14.29
2025-09-01,P0001,エンジンピストン 小型,自動車部品,2020-01-03,1553,3326,5165278,3652131,516527,258263,4426921,738357,14.29
2025-10-01,P0001,エンジンピストン 小型,自動車部品,2020-01-03,1565,3940,6166100,5144524,616610,308305,6069439,96661,1.57
2025-11-01,P0001,エンジンピストン 小型,自動車部品,2020-01-03,1567,3668,5747756,4795490,574775,287387,5657652,90104,1.57
2025-12-01,P0001,エンジンピストン 小型,自動車部品,2020-01-03,1517,4857,7368069,6147356,736806,368403,7252565,115504,1.57
2026-01-01,P0001,エンジンピストン 小型,自動車部品,2020-01-03,1561,3358,5241838,4373390,524183,262091,5159664,82174,1.57
2026-02-01,P0001,エンジンピストン 小型,自動車部品,2020-01-03,1543,3515,5423645,4525076,542364,271182,5338622,85023,1.57
2026-03-01,P0001,エンジンピストン 小型,自動車部品,2020-01-03,1545,5229,8078805,6740340,807880,403940,7952160,126645,1.57
2024-04-01,P0002,エンジンピストン 中型,自動車部品,2019-06-21,2572,425,1093100,818675,109310,54655,982640,110460,10.11
2024-05-01,P0002,エンジンピストン 中型,自動車部品,2019-06-21,2598,516,1340568,1004015,134056,67028,1205099,135469,10.11
2024-06-01,P0002,エンジンピストン 中型,自動車部品,2019-06-21,2595,400,1038000,777408,103800,51900,933108,104892,10.11
2024-07-01,P0002,エンジンピストン 中型,自動車部品,2019-06-21,2575,488,1256600,941128,125660,62830,1129618,126982,10.11
2024-08-01,P0002,エンジンピストン 中型,自動車部品,2019-06-21,2639,446,1176994,881507,117699,58849,1058055,118939,10.11
2024-09-01,P0002,エンジンピストン 中型,自動車部品,2019-06-21,2667,517,1378839,1032678,137883,68941,1239502,139337,10.11
2024-10-01,P0002,エンジンピストン 中型,自動車部品,2019-06-21,2664,546,1454544,1089378,145454,72727,1307559,146985,10.11
2024-11-01,P0002,エンジンピストン 中型,自動車部品,2019-06-21,2648,428,1133344,848815,113334,56667,1018816,114528,10.11
2024-12-01,P0002,エンジンピストン 中型,自動車部品,2019-06-21,2622,489,1282158,960269,128215,64107,1152591,129567,10.11
2025-01-01,P0002,エンジンピストン 中型,自動車部品,2019-06-21,2667,530,1413510,1058645,141351,70675,1270671,142839,10.11
2025-02-01,P0002,エンジンピストン 中型,自動車部品,2019-06-21,2616,494,1292304,967868,129230,64615,1161713,130591,10.11
2025-03-01,P0002,エンジンピストン 中型,自動車部品,2019-06-21,2606,494,1287364,964168,128736,64368,1157272,130092,10.11
2025-04-01,P0002,エンジンピストン 中型,自動車部品,2019-06-21,2606,410,1068460,800221,106846,53423,960490,107970,10.11
2025-05-01,P0002,エンジンピストン 中型,自動車部品,2019-06-21,2573,363,933999,699516,93399,46699,839614,94385,10.11
2025-06-01,P0002,エンジンピストン 中型,自動車部品,2019-06-21,2612,508,1326896,993776,132689,66344,1192809,134087,10.11
2025-07-01,P0002,エンジンピストン 中型,自動車部品,2019-06-21,2629,482,1267178,949050,126717,63358,1139125,128053,10.11
2025-08-01,P0002,エンジンピストン 中型,自動車部品,2019-06-21,2582,316,815912,611075,81591,40795,733461,82451,10.11
2025-09-01,P0002,エンジンピストン 中型,自動車部品,2019-06-21,2667,403,1074801,804970,107480,53740,966190,108611,10.11
2025-10-01,P0002,エンジンピストン 中型,自動車部品,2019-06-21,2619,426,1115694,986004,111569,55784,1153357,-37663,-3.38
2025-11-01,P0002,エンジンピストン 中型,自動車部品,2019-06-21,2667,591,1576197,1392978,157619,78809,1629406,-53209,-3.38
2025-12-01,P0002,エンジンピストン 中型,自動車部品,2019-06-21,2570,429,1102530,974370,110253,55126,1139749,-37219,-3.38
2026-01-01,P0002,エンジンピストン 中型,自動車部品,2019-06-21,2572,394,1013368,895572,101336,50668,1047576,-34208,-3.38
2026-02-01,P0002,エンジンピストン 中型,自動車部品,2019-06-21,2625,401,1052625,930266,105262,52631,1088159,-35534,-3.38
2026-03-01,P0002,エンジンピストン 中型,自動車部品,2019-06-21,2621,586,1535906,1357370,153590,76795,1587755,-51849,-3.38
2024-04-01,P0003,エンジンピストン 大型,自動車部品,2021-01-04,4027,2775,11174925,7802374,1117492,558746,9478612,1696313,15.18
2024-05-01,P0003,エンジンピストン 大型,自動車部品,2021-01-04,4037,3299,13318063,9298721,1331806,665903,11296430,2021633,15.18
2024-06-01,P0003,エンジンピストン 大型,自動車部品,2021-01-04,3955,3912,15471960,10802580,1547196,773598,13123374,2348586,15.18
2024-07-01,P0003,エンジンピストン 大型,自動車部品,2021-01-04,3936,2496,9824256,6859332,982425,491212,8332969,1491287,15.18
2024-08-01,P0003,エンジンピストン 大型,自動車部品,2021-01-04,4050,2749,11133450,7773416,1113345,556672,9443433,1690017,15.18
2024-09-01,P0003,エンジンピストン 大型,自動車部品,2021-01-04,4023,3155,12692565,8861996,1269256,634628,10765880,1926685,15.18
2024-10-01,P0003,エンジンピストン 大型,自動車部品,2021-01-04,3929,3539,13904731,9708335,1390473,695236,11794044,2110687,15.18
2024-11-01,P0003,エンジンピストン 大型,自動車部品,2021-01-04,4004,3387,13561548,9468723,1356154,678077,11502954,2058594,15.18
2024-12-01,P0003,エンジンピストン 大型,自動車部品,2021-01-04,3969,3723,14776587,10317068,1477658,738829,12533555,2243032,15.18
2025-01-01,P0003,エンジンピストン 大型,自動車部品,2021-01-04,4015,2956,11868340,8286519,1186834,593417,10066770,1801570,15.18
2025-02-01,P0003,エンジンピストン 大型,自動車部品,2021-01-04,4049,2877,11648973,8133356,1164897,582448,9880701,1768272,15.18
2025-03-01,P0003,エンジンピストン 大型,自動車部品,2021-01-04,3917,3193,12506981,8732420,1250698,625349,10608467,1898514,15.18
2025-04-01,P0003,エンジンピストン 大型,自動車部品,2021-01-04,3983,3148,12538484,8754416,1253848,626924,10635188,1903296,15.18
2025-05-01,P0003,エンジンピストン 大型,自動車部品,2021-01-04,3969,3161,12546009,8759670,1254600,627300,10641570,1904439,15.18
2025-06-01,P0003,エンジンピストン 大型,自動車部品,2021-01-04,3977,3973,15800621,11032052,1580062,790031,13402145,2398476,15.18
2025-07-01,P0003,エンジンピストン 大型,自動車部品,2021-01-04,3967,2958,11734386,8192992,1173438,586719,9953149,1781237,15.18
2025-08-01,P0003,エンジンピストン 大型,自動車部品,2021-01-04,3994,2330,9306020,6497497,930602,465301,7893400,1412620,15.18
2025-09-01,P0003,エンジンピストン 大型,自動車部品,2021-01-04,4001,2956,11826956,8257624,1182695,591347,10031666,1795290,15.18
2025-10-01,P0003,エンジンピストン 大型,自動車部品,2021-01-04,4056,2857,11587992,9547119,1158799,579399,11285317,302675,2.61
2025-11-01,P0003,エンジンピストン 大型,自動車部品,2021-01-04,4043,3603,14566929,12001407,1456692,728346,14186445,380484,2.61
2025-12-01,P0003,エンジンピストン 大型,自動車部品,2021-01-04,3910,3448,13481680,11107292,1348168,674084,13129544,352136,2.61
2026-01-01,P0003,エンジンピストン 大型,自動車部品,2021-01-04,4003,3744,14987232,12347686,1498723,749361,14595770,391462,2.61
2026-02-01,P0003,エンジンピストン 大型,自動車部品,2021-01-04,3968,3690,14641920,12063191,1464192,732096,14259479,382441,2.61
2026-03-01,P0003,エンジンピストン 大型,自動車部品,2021-01-04,4036,3849,15534564,12798623,1553456,776728,15128807,405757,2.61
2024-04-01,P0004,エンジンピストン 業務用,自動車部品,2023-02-10,5503,595,3274285,2225011,327428,163714,2716153,558132,17.05
2024-05-01,P0004,エンジンピストン 業務用,自動車部品,2023-02-10,5568,678,3775104,2565338,377510,188755,3131603,643501,17.05
2024-06-01,P0004,エンジンピストン 業務用,自動車部品,2023-02-10,5451,633,3450483,2344744,345048,172524,2862316,588167,17.05
2024-07-01,P0004,エンジンピストン 業務用,自動車部品,2023-02-10,5469,676,3697044,2512293,369704,184852,3066849,630195,17.05
2024-08-01,P0004,エンジンピストン 業務用,自動車部品,2023-02-10,5459,621,3390039,2303670,339003,169501,2812174,577865,17.05
2024-09-01,P0004,エンジンピストン 業務用,自動車部品,2023-02-10,5521,591,3262911,2217281,326291,163145,2706717,556194,17.05
2024-10-01,P0004,エンジンピストン 業務用,自動車部品,2023-02-10,5402,597,3224994,2191515,322499,161249,2675263,549731,17.05
2024-11-01,P0004,エンジンピストン 業務用,自動車部品,2023-02-10,5522,772,4262984,2896872,426298,213149,3536319,726665,17.05
2024-12-01,P0004,エンジンピストン 業務用,自動車部品,2023-02-10,5418,812,4399416,2989583,439941,219970,3649494,749922,17.05
2025-01-01,P0004,エンジンピストン 業務用,自動車部品,2023-02-10,5567,563,3134221,2129831,313422,156711,2599964,534257,17.05
2025-02-01,P0004,エンジンピストン 業務用,自動車部品,2023-02-10,5401,575,3105575,2110365,310557,155278,2576200,529375,17.05
2025-03-01,P0004,エンジンピストン 業務用,自動車部品,2023-02-10,5474,673,3684002,2503430,368400,184200,3056030,627972,17.05
2025-04-01,P0004,エンジンピストン 業務用,自動車部品,2023-02-10,5524,731,4038044,2744016,403804,201902,3349722,688322,17.05
2025-05-01,P0004,エンジンピストン 業務用,自動車部品,2023-02-10,5396,687,3707052,2519093,370705,185352,3075150,631902,17.05
2025-06-01,P0004,エンジンピストン 業務用,自動車部品,2023-02-10,5463,629,3436227,2335057,343622,171811,2850490,585737,17.05
2025-07-01,P0004,エンジンピストン 業務用,自動車部品,2023-02-10,5418,516,2795688,1899784,279568,139784,2319136,476552,17.05
2025-08-01,P0004,エンジンピストン 業務用,自動車部品,2023-02-10,5386,524,2822264,1917844,282226,141113,2341183,481081,17.05
2025-09-01,P0004,エンジンピストン 業務用,自動車部品,2023-02-10,5512,681,3753672,2550774,375367,187683,3113824,639848,17.05
2025-10-01,P0004,エンジンピストン 業務用,自動車部品,2023-02-10,5463,580,3168540,2540720,316854,158427,3016001,152539,4.81
2025-11-01,P0004,エンジンピストン 業務用,自動車部品,2023-02-10,5522,817,4511474,3617563,451147,225573,4294283,217191,4.81
2025-12-01,P0004,エンジンピストン 業務用,自動車部品,2023-02-10,5456,789,4304784,3451827,430478,215239,4097544,207240,4.81
2026-01-01,P0004,エンジンピストン 業務用,自動車部品,2023-02-10,5411,753,4074483,3267158,407448,203724,3878330,196153,4.81
2026-02-01,P0004,エンジンピストン 業務用,自動車部品,2023-02-10,5397,630,3400110,2726406,340011,170005,3236422,163688,4.81
2026-03-01,P0004,エンジンピストン 業務用,自動車部品,2023-02-10,5444,725,3946900,3164854,394690,197345,3756889,190011,4.81
2024-04-01,P0005,エンジンピストン HD,自動車部品,2019-05-04,7687,828,6364836,4659800,636483,318241,5614524,750312,11.79
2024-05-01,P0005,エンジンピストン HD,自動車部品,2019-05-04,7630,684,5218920,3820856,521892,260946,4603694,615226,11.79
2024-06-01,P0005,エンジンピストン HD,自動車部品,2019-05-04,7683,772,5931276,4342384,593127,296563,5232074,699202,11.79
2024-07-01,P0005,エンジンピストン HD,自動車部品,2019-05-04,7663,675,5172525,3786890,517252,258626,4562768,609757,11.79
2024-08-01,P0005,エンジンピストン HD,自動車部品,2019-05-04,7878,744,5861232,4291103,586123,293061,5170287,690945,11.79
2024-09-01,P0005,エンジンピストン HD,自動車部品,2019-05-04,7789,791,6161099,4510641,616109,308054,5434804,726295,11.79
2024-10-01,P0005,エンジンピストン HD,自動車部品,2019-05-04,7899,953,7527747,5511186,752774,376387,6640347,887400,11.79
2024-11-01,P0005,エンジンピストン HD,自動車部品,2019-05-04,7865,910,7157150,5239866,715715,357857,6313438,843712,11.79
2024-12-01,P0005,エンジンピストン HD,自動車部品,2019-05-04,7835,967,7576445,5546839,757644,378822,6683305,893140,11.79
2025-01-01,P0005,エンジンピストン HD,自動車部品,2019-05-04,7615,779,5932085,4342976,593208,296604,5232788,699297,11.79
2025-02-01,P0005,エンジンピストン HD,自動車部品,2019-05-04,7737,638,4936206,3613877,493620,246810,4354307,581899,11.79
2025-03-01,P0005,エンジンピストン HD,自動車部品,2019-05-04,7716,869,6705204,4908989,670520,335260,5914769,790435,11.79
2025-04-01,P0005,エンジンピストン HD,自動車部品,2019-05-04,7761,772,5991492,4386469,599149,299574,5285192,706300,11.79
2025-05-01,P0005,エンジンピストン HD,自動車部品,2019-05-04,7623,853,6502419,4760527,650241,325120,5735888,766531,11.79
2025-06-01,P0005,エンジンピストン HD,自動車部品,2019-05-04,7835,705,5523675,4043972,552367,276183,4872522,651153,11.79
2025-07-01,P0005,エンジンピストン HD,自動車部品,2019-05-04,7898,812,6413176,4695191,641317,320658,5657166,756010,11.79
2025-08-01,P0005,エンジンピストン HD,自動車部品,2019-05-04,7865,773,6079645,4451007,607964,303982,5362953,716692,11.79
2025-09-01,P0005,エンジンピストン HD,自動車部品,2019-05-04,7714,733,5654362,4139650,565436,282718,4987804,666558,11.79
2025-10-01,P0005,エンジンピストン HD,自動車部品,2019-05-04,7777,754,5863858,5065771,586385,293192,5945348,-81490,-1.39
2025-11-01,P0005,エンジンピストン HD,自動車部品,2019-05-04,7696,1024,7880704,6808119,788070,394035,7990224,-109520,-1.39
2025-12-01,P0005,エンジンピストン HD,自動車部品,2019-05-04,7681,850,6528850,5640256,652885,326442,6619583,-90733,-1.39
2026-01-01,P0005,エンジンピストン HD,自動車部品,2019-05-04,7650,687,5255550,4540255,525555,262777,5328587,-73037,-1.39
2026-02-01,P0005,エンジンピストン HD,自動車部品,2019-05-04,7884,652,5140368,4440750,514036,257018,5211804,-71436,-1.39
2026-03-01,P0005,エンジンピストン HD,自動車部品,2019-05-04,7848,837,6568776,5674747,656877,328438,6660062,-91286,-1.39
2024-04-01,P0006,コンロッド 小型,自動車部品,2023-11-07,2769,2970,8223930,6177732,822393,411196,7411321,812609,9.88
2024-05-01,P0006,コンロッド 小型,自動車部品,2023-11-07,2779,3810,10587990,7953590,1058799,529399,9541788,1046202,9.88
2024-06-01,P0006,コンロッド 小型,自動車部品,2023-11-07,2765,4155,11488575,8630100,1148857,574428,10353385,1135190,9.88
2024-07-01,P0006,コンロッド 小型,自動車部品,2023-11-07,2841,3437,9764517,7335006,976451,488225,8799682,964835,9.88
2024-08-01,P0006,コンロッド 小型,自動車部品,2023-11-07,2780,2710,7533800,5659314,753380,376690,6789384,744416,9.88
2024-09-01,P0006,コンロッド 小型,自動車部品,2023-11-07,2779,4228,11749612,8826189,1174961,587480,10588630,1160982,9.88
2024-10-01,P0006,コンロッド 小型,自動車部品,2023-11-07,2798,3639,10181922,7648556,1018192,509096,9175844,1006078,9.88
2024-11-01,P0006,コンロッド 小型,自動車部品,2023-11-07,2836,3535,10025260,7530873,1002526,501263,9034662,990598,9.88
2024-12-01,P0006,コンロッド 小型,自動車部品,2023-11-07,2792,4151,11589592,8705983,1158959,579479,10444421,1145171,9.88
2025-01-01,P0006,コンロッド 小型,自動車部品,2023-11-07,2773,4044,11214012,8423852,1121401,560700,10105953,1108059,9.88
2025-02-01,P0006,コンロッド 小型,自動車部品,2023-11-07,2813,2858,8039554,6039231,803955,401977,7245163,794391,9.88
2025-03-01,P0006,コンロッド 小型,自動車部品,2023-11-07,2754,4697,12935538,9717044,1293553,646776,11657373,1278165,9.88
2025-04-01,P0006,コンロッド 小型,自動車部品,2023-11-07,2808,2991,8398728,6309039,839872,419936,7568847,829881,9.88
2025-05-01,P0006,コンロッド 小型,自動車部品,2023-11-07,2759,3807,10503513,7890132,1050351,525175,9465658,1037855,9.88
2025-06-01,P0006,コンロッド 小型,自動車部品,2023-11-07,2833,3416,9677528,7269660,967752,483876,8721288,956240,9.88
2025-07-01,P0006,コンロッド 小型,自動車部品,2023-11-07,2771,3044,8434924,6336229,843492,421746,7601467,833457,9.88
2025-08-01,P0006,コンロッド 小型,自動車部品,2023-11-07,2795,2661,7437495,5586970,743749,371874,6702593,734902,9.88
2025-09-01,P0006,コンロッド 小型,自動車部品,2023-11-07,2846,3536,10063456,7559566,1006345,503172,9069083,994373,9.88
2025-10-01,P0006,コンロッド 小型,自動車部品,2023-11-07,2827,3957,11186439,9915704,1118643,559321,11593668,-407229,-3.64
2025-11-01,P0006,コンロッド 小型,自動車部品,2023-11-07,2796,4680,13085280,11598844,1308528,654264,13561636,-476356,-3.64
2025-12-01,P0006,コンロッド 小型,自動車部品,2023-11-07,2853,3599,10267947,9101549,1026794,513397,10641740,-373793,-3.64
2026-01-01,P0006,コンロッド 小型,自動車部品,2023-11-07,2831,3203,9067693,8037639,906769,453384,9397792,-330099,-3.64
2026-02-01,P0006,コンロッド 小型,自動車部品,2023-11-07,2760,3929,10844040,9612200,1084404,542202,11238806,-394766,-3.64
2026-03-01,P0006,コンロッド 小型,自動車部品,2023-11-07,2772,3872,10733184,9513937,1073318,536659,11123914,-390730,-3.64
2024-04-01,P0007,コンロッド 中型,自動車部品,2020-10-31,4257,1249,5316993,3562691,531699,265849,4360239,956754,17.99
2024-05-01,P0007,コンロッド 中型,自動車部品,2020-10-31,4364,1417,6183788,4143494,618378,309189,5071061,1112727,17.99
2024-06-01,P0007,コンロッド 中型,自動車部品,2020-10-31,4253,1495,6358235,4260383,635823,317911,5214117,1144118,17.99
2024-07-01,P0007,コンロッド 中型,自動車部品,2020-10-31,4251,1092,4642092,3110469,464209,232104,3806782,835310,17.99
2024-08-01,P0007,コンロッド 中型,自動車部品,2020-10-31,4370,968,4230160,2834451,423016,211508,3468975,761185,17.99
2024-09-01,P0007,コンロッド 中型,自動車部品,2020-10-31,4246,1281,5439126,3644527,543912,271956,4460395,978731,17.99
2024-10-01,P0007,コンロッド 中型,自動車部品,2020-10-31,4276,1595,6820220,4569940,682022,341011,5592973,1227247,17.99
2024-11-01,P0007,コンロッド 中型,自動車部品,2020-10-31,4235,1194,5056590,3388206,505659,252829,4146694,909896,17.99
2024-12-01,P0007,コンロッド 中型,自動車部品,2020-10-31,4342,1478,6417476,4300078,641747,320873,5262698,1154778,17.99
2025-01-01,P0007,コンロッド 中型,自動車部品,2020-10-31,4365,1179,5146335,3448341,514633,257316,4220290,926045,17.99
2025-02-01,P0007,コンロッド 中型,自動車部品,2020-10-31,4353,1521,6620913,4436393,662091,331045,5429529,1191384,17.99
2025-03-01,P0007,コンロッド 中型,自動車部品,2020-10-31,4216,1307,5510312,3692226,551031,275515,4518772,991540,17.99
2025-04-01,P0007,コンロッド 中型,自動車部品,2020-10-31,4260,1453,6189780,4147509,618978,309489,5075976,1113804,17.99
2025-05-01,P0007,コンロッド 中型,自動車部品,2020-10-31,4338,1327,5756526,3857204,575652,287826,4720682,1035844,17.99
2025-06-01,P0007,コンロッド 中型,自動車部品,2020-10-31,4342,1135,4928170,3302157,492817,246408,4041382,886788,17.99
2025-07-01,P0007,コンロッド 中型,自動車部品,2020-10-31,4333,1411,6113863,4096640,611386,305693,5013719,1100144,17.99
2025-08-01,P0007,コンロッド 中型,自動車部品,2020-10-31,4358,1107,4824306,3232563,482430,241215,3956208,868098,17.99
2025-09-01,P0007,コンロッド 中型,自動車部品,2020-10-31,4336,1348,5844928,3916438,584492,292246,4793176,1051752,17.99
2025-10-01,P0007,コンロッド 中型,自動車部品,2020-10-31,4336,1580,6850880,5416771,685088,342544,6444403,406477,5.93
2025-11-01,P0007,コンロッド 中型,自動車部品,2020-10-31,4228,1343,5678204,4489574,567820,283910,5341304,336900,5.93
2025-12-01,P0007,コンロッド 中型,自動車部品,2020-10-31,4294,1254,5384676,4257491,538467,269233,5065191,319485,5.93
2026-01-01,P0007,コンロッド 中型,自動車部品,2020-10-31,4308,1337,5759796,4554086,575979,287989,5418054,341742,5.93
2026-02-01,P0007,コンロッド 中型,自動車部品,2020-10-31,4343,1278,5550354,4388487,555035,277517,5221039,329315,5.93
2026-03-01,P0007,コンロッド 中型,自動車部品,2020-10-31,4250,1710,7267500,5746179,726750,363375,6836304,431196,5.93
2024-04-01,P0008,コンロッド 大型,自動車部品,2023-11-01,7080,1940,13735200,9589363,1373520,686760,11649643,2085557,15.18
2024-05-01,P0008,コンロッド 大型,自動車部品,2023-11-01,7157,1586,11351002,7924812,1135100,567550,9627462,1723540,15.18
2024-06-01,P0008,コンロッド 大型,自動車部品,2023-11-01,7136,2258,16113088,11249509,1611308,805654,13666471,2446617,15.18
2024-07-01,P0008,コンロッド 大型,自動車部品,2023-11-01,7211,2003,14443633,10083963,1444363,722181,12250507,2193126,15.18
2024-08-01,P0008,コンロッド 大型,自動車部品,2023-11-01,7113,1525,10847325,7573165,1084732,542366,9200263,1647062,15.18
2024-09-01,P0008,コンロッド 大型,自動車部品,2023-11-01,7211,1887,13607157,9499969,1360715,680357,11541041,2066116,15.18
2024-10-01,P0008,コンロッド 大型,自動車部品,2023-11-01,7049,1677,11821173,8253067,1182117,591058,10026242,1794931,15.18
2024-11-01,P0008,コンロッド 大型,自動車部品,2023-11-01,7012,2413,16919956,11812832,1691995,845997,14350824,2569132,15.18
2024-12-01,P0008,コンロッド 大型,自動車部品,2023-11-01,7040,2233,15720320,10975294,1572032,786016,13333342,2386978,15.18
2025-01-01,P0008,コンロッド 大型,自動車部品,2023-11-01,7182,2273,16324686,11397238,1632468,816234,13845940,2478746,15.18
2025-02-01,P0008,コンロッド 大型,自動車部品,2023-11-01,7150,1755,12548250,8760683,1254825,627412,10642920,1905330,15.18
2025-03-01,P0008,コンロッド 大型,自動車部品,2023-11-01,7104,1960,13923840,9721064,1392384,696192,11809640,2114200,15.18
2025-04-01,P0008,コンロッド 大型,自動車部品,2023-11-01,7167,1926,13803642,9637147,1380364,690182,11707693,2095949,15.18
2025-05-01,P0008,コンロッド 大型,自動車部品,2023-11-01,6994,1467,10260198,7163257,1026019,513009,8702285,1557913,15.18
2025-06-01,P0008,コンロッド 大型,自動車部品,2023-11-01,7091,2068,14664188,10237946,1466418,733209,12437573,2226615,15.18
2025-07-01,P0008,コンロッド 大型,自動車部品,2023-11-01,6948,1713,11901924,8309444,1190192,595096,10094732,1807192,15.18
2025-08-01,P0008,コンロッド 大型,自動車部品,2023-11-01,7177,1522,10923394,7626274,1092339,546169,9264782,1658612,15.18
2025-09-01,P0008,コンロッド 大型,自動車部品,2023-11-01,7044,1549,10911156,7617730,1091115,545557,9254402,1656754,15.18
2025-10-01,P0008,コンロッド 大型,自動車部品,2023-11-01,6946,2359,16385614,13498936,1638561,819280,15956777,428837,2.62
2025-11-01,P0008,コンロッド 大型,自動車部品,2023-11-01,7005,2307,16160535,13313509,1616053,808026,15737588,422947,2.62
2025-12-01,P0008,コンロッド 大型,自動車部品,2023-11-01,7143,2296,16400328,13511057,1640032,820016,15971105,429223,2.62
2026-01-01,P0008,コンロッド 大型,自動車部品,2023-11-01,6993,2201,15391593,12680033,1539159,769579,14988771,402822,2.62
2026-02-01,P0008,コンロッド 大型,自動車部品,2023-11-01,7153,1931,13812443,11379084,1381244,690622,13450950,361493,2.62
2026-03-01,P0008,コンロッド 大型,自動車部品,2023-11-01,6997,1884,13182348,10859994,1318234,659117,12837345,345003,2.62
2024-04-01,P0009,コンロッド 業務用,自動車部品,2023-09-13,9613,699,6719487,4783210,671948,335974,5791132,928355,13.82
2024-05-01,P0009,コンロッド 業務用,自動車部品,2023-09-13,9626,623,5996998,4268912,599699,299849,5168460,828538,13.82
2024-06-01,P0009,コンロッド 業務用,自動車部品,2023-09-13,9523,630,5999490,4270686,599949,299974,5170609,828881,13.82
2024-07-01,P0009,コンロッド 業務用,自動車部品,2023-09-13,9586,548,5253128,3739395,525312,262656,4527363,725765,13.82
2024-08-01,P0009,コンロッド 業務用,自動車部品,2023-09-13,9680,465,4501200,3204141,450120,225060,3879321,621879,13.82
2024-09-01,P0009,コンロッド 業務用,自動車部品,2023-09-13,9475,699,6623025,4714544,662302,331151,5707997,915028,13.82
2024-10-01,P0009,コンロッド 業務用,自動車部品,2023-09-13,9396,673,6323508,4501336,632350,316175,5449861,873647,13.82
2024-11-01,P0009,コンロッド 業務用,自動車部品,2023-09-13,9686,813,7874718,5605552,787471,393735,6786758,1087960,13.82
2024-12-01,P0009,コンロッド 業務用,自動車部品,2023-09-13,9469,763,7224847,5142946,722484,361242,6226672,998175,13.82
2025-01-01,P0009,コンロッド 業務用,自動車部品,2023-09-13,9423,539,5078997,3615441,507899,253949,4377289,701708,13.82
2025-02-01,P0009,コンロッド 業務用,自動車部品,2023-09-13,9388,520,4881760,3475040,488176,244088,4207304,674456,13.82
2025-03-01,P0009,コンロッド 業務用,自動車部品,2023-09-13,9719,567,5510673,3922726,551067,275533,4749326,761347,13.82
2025-04-01,P0009,コンロッド 業務用,自動車部品,2023-09-13,9392,490,4602080,3275952,460208,230104,3966264,635816,13.82
2025-05-01,P0009,コンロッド 業務用,自動車部品,2023-09-13,9563,668,6388084,4547304,638808,319404,5505516,882568,13.82
2025-06-01,P0009,コンロッド 業務用,自動車部品,2023-09-13,9582,690,6611580,4706397,661158,330579,5698134,913446,13.82
2025-07-01,P0009,コンロッド 業務用,自動車部品,2023-09-13,9585,645,6182325,4400836,618232,309116,5328184,854141,13.82
2025-08-01,P0009,コンロッド 業務用,自動車部品,2023-09-13,9614,533,5124262,3647663,512426,256213,4416302,707960,13.82
2025-09-01,P0009,コンロッド 業務用,自動車部品,2023-09-13,9474,609,5769666,4107088,576966,288483,4972537,797129,13.82
2025-10-01,P0009,コンロッド 業務用,自動車部品,2023-09-13,9407,644,6058108,5088647,605810,302905,5997362,60746,1.0
2025-11-01,P0009,コンロッド 業務用,自動車部品,2023-09-13,9441,765,7222365,6066592,722236,361118,7149946,72419,1.0
2025-12-01,P0009,コンロッド 業務用,自動車部品,2023-09-13,9436,562,5303032,4454404,530303,265151,5249858,53174,1.0
2026-01-01,P0009,コンロッド 業務用,自動車部品,2023-09-13,9468,707,6693876,5622676,669387,334693,6626756,67120,1.0
2026-02-01,P0009,コンロッド 業務用,自動車部品,2023-09-13,9668,668,6458224,5424734,645822,322911,6393467,64757,1.0
2026-03-01,P0009,コンロッド 業務用,自動車部品,2023-09-13,9634,568,5472112,4596427,547211,273605,5417243,54869,1.0
2024-04-01,P0010,コンロッド HD,自動車部品,2021-03-08,14054,3174,44607396,33055617,4460739,2230369,39746725,4860671,10.9
2024-05-01,P0010,コンロッド HD,自動車部品,2021-03-08,13834,4167,57646278,42717878,5764627,2882313,51364818,6281460,10.9
2024-06-01,P0010,コンロッド HD,自動車部品,2021-03-08,13831,3872,53553632,39685086,5355363,2677681,47718130,5835502,10.9
2024-07-01,P0010,コンロッド HD,自動車部品,2021-03-08,14016,3465,48565440,35988664,4856544,2428272,43273480,5291960,10.9
2024-08-01,P0010,コンロッド HD,自動車部品,2021-03-08,14017,3345,46886865,34744782,4688686,2344343,41777811,5109054,10.9
2024-09-01,P0010,コンロッド HD,自動車部品,2021-03-08,14056,3218,45232208,33518624,4523220,2261610,40303454,4928754,10.9
2024-10-01,P0010,コンロッド HD,自動車部品,2021-03-08,14050,4234,59487700,44082435,5948770,2974385,53005590,6482110,10.9
2024-11-01,P0010,コンロッド HD,自動車部品,2021-03-08,13919,3439,47867441,35471423,4786744,2393372,42651539,5215902,10.9
2024-12-01,P0010,コンロッド HD,自動車部品,2021-03-08,13718,3813,52306734,38761092,5230673,2615336,46607101,5699633,10.9
2025-01-01,P0010,コンロッド HD,自動車部品,2021-03-08,13916,3350,46618600,34545989,4661860,2330930,41538779,5079821,10.9
2025-02-01,P0010,コンロッド HD,自動車部品,2021-03-08,13802,4135,57071270,42291777,5707127,2853563,50852467,6218803,10.9
2025-03-01,P0010,コンロッド HD,自動車部品,2021-03-08,13974,4692,65566008,48586671,6556600,3278300,58421571,7144437,10.9
2025-04-01,P0010,コンロッド HD,自動車部品,2021-03-08,13933,3953,55077149,40814065,5507714,2753857,49075636,6001513,10.9
2025-05-01,P0010,コンロッド HD,自動車部品,2021-03-08,14015,3579,50159685,37170055,5015968,2507984,44694007,5465678,10.9
2025-06-01,P0010,コンロッド HD,自動車部品,2021-03-08,13944,4414,61548816,45609793,6154881,3077440,54842114,6706702,10.9
2025-07-01,P0010,コンロッド HD,自動車部品,2021-03-08,14005,3430,48037150,35597183,4803715,2401857,42802755,5234395,10.9
2025-08-01,P0010,コンロッド HD,自動車部品,2021-03-08,13710,3508,48094680,35639815,4809468,2404734,42854017,5240663,10.9
2025-09-01,P0010,コンロッド HD,自動車部品,2021-03-08,13938,3792,52852896,39165817,5285289,2642644,47093750,5759146,10.9
2025-10-01,P0010,コンロッド HD,自動車部品,2021-03-08,13945,4624,64481680,56384113,6448168,3224084,66056365,-1574685,-2.44
2025-11-01,P0010,コンロッド HD,自動車部品,2021-03-08,14206,4093,58145158,50843327,5814515,2907257,59565099,-1419941,-2.44
2025-12-01,P0010,コンロッド HD,自動車部品,2021-03-08,13770,3879,53413830,46706156,5341383,2670691,54718230,-1304400,-2.44
2026-01-01,P0010,コンロッド HD,自動車部品,2021-03-08,13723,3342,45862266,40102913,4586226,2293113,46982252,-1119986,-2.44
2026-02-01,P0010,コンロッド HD,自動車部品,2021-03-08,13911,3016,41955576,36686822,4195557,2097778,42980157,-1024581,-2.44
2026-03-01,P0010,コンロッド HD,自動車部品,2021-03-08,14079,4592,64650768,56531967,6465076,3232538,66229581,-1578813,-2.44
2024-04-01,P0011,クランクシャフト 小型,自動車部品,2022-03-08,21340,629,13422860,9400997,1342286,671143,11414426,2008434,14.96
2024-05-01,P0011,クランクシャフト 小型,自動車部品,2022-03-08,21352,720,15373440,10767129,1537344,768672,13073145,2300295,14.96
2024-06-01,P0011,クランクシャフト 小型,自動車部品,2022-03-08,21489,677,14548053,10189051,1454805,727402,12371258,2176795,14.96
2024-07-01,P0011,クランクシャフト 小型,自動車部品,2022-03-08,21564,613,13218732,9258032,1321873,660936,11240841,1977891,14.96
2024-08-01,P0011,クランクシャフト 小型,自動車部品,2022-03-08,21406,604,12929224,9055268,1292922,646461,10994651,1934573,14.96
2024-09-01,P0011,クランクシャフト 小型,自動車部品,2022-03-08,21640,749,16208360,11351884,1620836,810418,13783138,2425222,14.96
2024-10-01,P0011,クランクシャフト 小型,自動車部品,2022-03-08,21942,746,16368732,11464204,1636873,818436,13919513,2449219,14.96
2024-11-01,P0011,クランクシャフト 小型,自動車部品,2022-03-08,21401,850,18190850,12740365,1819085,909542,15468992,2721858,14.96
2024-12-01,P0011,クランクシャフト 小型,自動車部品,2022-03-08,21423,619,13260837,9287521,1326083,663041,11276645,1984192,14.96
2025-01-01,P0011,クランクシャフト 小型,自動車部品,2022-03-08,21711,583,12657513,8864970,1265751,632875,10763596,1893917,14.96
2025-02-01,P0011,クランクシャフト 小型,自動車部品,2022-03-08,22064,771,17011344,11914272,1701134,850567,14465973,2545371,14.96
2025-03-01,P0011,クランクシャフト 小型,自動車部品,2022-03-08,21760,716,15580160,10911910,1558016,779008,13248934,2331226,14.96
2025-04-01,P0011,クランクシャフト 小型,自動車部品,2022-03-08,22014,700,15409800,10792595,1540980,770490,13104065,2305735,14.96
2025-05-01,P0011,クランクシャフト 小型,自動車部品,2022-03-08,21664,539,11676896,8178173,1167689,583844,9929706,1747190,14.96
2025-06-01,P0011,クランクシャフト 小型,自動車部品,2022-03-08,21469,730,15672370,10976492,1567237,783618,13327347,2345023,14.96
2025-07-01,P0011,クランクシャフト 小型,自動車部品,2022-03-08,22060,566,12485960,8744819,1248596,624298,10617713,1868247,14.96
2025-08-01,P0011,クランクシャフト 小型,自動車部品,2022-03-08,21991,654,14382114,10072832,1438211,719105,12230148,2151966,14.96
2025-09-01,P0011,クランクシャフト 小型,自動車部品,2022-03-08,21440,721,15458240,10826521,1545824,772912,13145257,2312983,14.96
2025-10-01,P0011,クランクシャフト 小型,自動車部品,2022-03-08,21680,628,13615040,11252002,1361504,680752,13294258,320782,2.36
2025-11-01,P0011,クランクシャフト 小型,自動車部品,2022-03-08,21644,726,15713544,12986288,1571354,785677,15343319,370225,2.36
2025-12-01,P0011,クランクシャフト 小型,自動車部品,2022-03-08,21560,713,15372280,12704254,1537228,768614,15010096,362184,2.36
2026-01-01,P0011,クランクシャフト 小型,自動車部品,2022-03-08,21495,708,15218460,12577131,1521846,760923,14859900,358560,2.36
2026-02-01,P0011,クランクシャフト 小型,自動車部品,2022-03-08,21317,601,12811517,10587939,1281151,640575,12509665,301852,2.36
2026-03-01,P0011,クランクシャフト 小型,自動車部品,2022-03-08,21943,620,13604660,11243424,1360466,680233,13284123,320537,2.36
2024-04-01,P0012,クランクシャフト 中型,自動車部品,2019-09-13,34301,2123,72821023,47403361,7282102,3641051,58326514,14494509,19.9
2024-05-01,P0012,クランクシャフト 中型,自動車部品,2019-09-13,33298,2434,81047332,52758335,8104733,4052366,64915434,16131898,19.9
2024-06-01,P0012,クランクシャフト 中型,自動車部品,2019-09-13,33510,2324,77877240,50694741,7787724,3893862,62376327,15500913,19.9
2024-07-01,P0012,クランクシャフト 中型,自動車部品,2019-09-13,33643,2398,80675914,52516558,8067591,4033795,64617944,16057970,19.9
2024-08-01,P0012,クランクシャフト 中型,自動車部品,2019-09-13,33344,1761,58718784,38223409,5871878,2935939,47031226,11687558,19.9
2024-09-01,P0012,クランクシャフト 中型,自動車部品,2019-09-13,33299,2590,86244410,56141410,8624441,4312220,69078071,17166339,19.9
2024-10-01,P0012,クランクシャフト 中型,自動車部品,2019-09-13,33481,3001,100476481,65405878,10047648,5023824,80477350,19999131,19.9
2024-11-01,P0012,クランクシャフト 中型,自動車部品,2019-09-13,33873,2876,97418748,63415425,9741874,4870937,78028236,19390512,19.9
2024-12-01,P0012,クランクシャフト 中型,自動車部品,2019-09-13,33367,2573,85853291,55886808,8585329,4292664,68764801,17088490,19.9
2025-01-01,P0012,クランクシャフト 中型,自動車部品,2019-09-13,34482,2812,96963384,63119002,9696338,4848169,77663509,19299875,19.9
2025-02-01,P0012,クランクシャフト 中型,自動車部品,2019-09-13,33512,2017,67593704,44000601,6759370,3379685,54139656,13454048,19.9
2025-03-01,P0012,クランクシャフト 中型,自動車部品,2019-09-13,34016,3204,108987264,70946032,10898726,5449363,87294121,21693143,19.9
2025-04-01,P0012,クランクシャフト 中型,自動車部品,2019-09-13,33545,2049,68733705,44742692,6873370,3436685,55052747,13680958,19.9
2025-05-01,P0012,クランクシャフト 中型,自動車部品,2019-09-13,34254,2535,86833890,56525136,8683389,4341694,69550219,17283671,19.9
2025-06-01,P0012,クランクシャフト 中型,自動車部品,2019-09-13,34564,2608,90142912,58679168,9014291,4507145,72200604,17942308,19.9
2025-07-01,P0012,クランクシャフト 中型,自動車部品,2019-09-13,33677,2252,75840604,49368979,7584060,3792030,60745069,15095535,19.9
2025-08-01,P0012,クランクシャフト 中型,自動車部品,2019-09-13,33758,2112,71296896,46411220,7129689,3564844,57105753,14191143,19.9
2025-09-01,P0012,クランクシャフト 中型,自動車部品,2019-09-13,33332,2231,74363692,48407572,7436369,3718184,59562125,14801567,19.9
2025-10-01,P0012,クランクシャフト 中型,自動車部品,2019-09-13,34236,2477,84802572,65139346,8480257,4240128,77859731,6942841,8.19
2025-11-01,P0012,クランクシャフト 中型,自動車部品,2019-09-13,33866,2227,75419582,57931996,7541958,3770979,69244933,6174649,8.19
2025-12-01,P0012,クランクシャフト 中型,自動車部品,2019-09-13,34098,2785,94962930,72943815,9496293,4748146,87188254,7774676,8.19
2026-01-01,P0012,クランクシャフト 中型,自動車部品,2019-09-13,34370,2785,95720450,73525689,9572045,4786022,87883756,7836694,8.19
2026-02-01,P0012,クランクシャフト 中型,自動車部品,2019-09-13,33409,2720,90872480,69801821,9087248,4543624,83432693,7439787,8.19
2026-03-01,P0012,クランクシャフト 中型,自動車部品,2019-09-13,34089,2731,93097059,71510585,9309705,4654852,85475142,7621917,8.19
2024-04-01,P0013,クランクシャフト 大型,自動車部品,2019-03-10,56516,1245,70362420,52876990,7036242,3518121,63431353,6931067,9.85
2024-05-01,P0013,クランクシャフト 大型,自動車部品,2019-03-10,56951,1497,85255647,64069173,8525564,4262782,76857519,8398128,9.85
2024-06-01,P0013,クランクシャフト 大型,自動車部品,2019-03-10,57889,1397,80870933,60774083,8087093,4043546,72904722,7966211,9.85
2024-07-01,P0013,クランクシャフト 大型,自動車部品,2019-03-10,56465,1690,95425850,71712027,9542585,4771292,86025904,9399946,9.85
2024-08-01,P0013,クランクシャフト 大型,自動車部品,2019-03-10,56045,1598,89559910,67303804,8955991,4477995,80737790,8822120,9.85
2024-09-01,P0013,クランクシャフト 大型,自動車部品,2019-03-10,58181,1877,109205737,82067540,10920573,5460286,98448399,10757338,9.85
2024-10-01,P0013,クランクシャフト 大型,自動車部品,2019-03-10,57749,1356,78307644,58847785,7830764,3915382,70593931,7713713,9.85
2024-11-01,P0013,クランクシャフト 大型,自動車部品,2019-03-10,58075,2097,121783275,91519494,12178327,6089163,109786984,11996291,9.85
2024-12-01,P0013,クランクシャフト 大型,自動車部品,2019-03-10,57263,2002,114640526,86151756,11464052,5732026,103347834,11292692,9.85
2025-01-01,P0013,クランクシャフト 大型,自動車部品,2019-03-10,57947,1334,77301298,58091521,7730129,3865064,69686714,7614584,9.85
2025-02-01,P0013,クランクシャフト 大型,自動車部品,2019-03-10,57410,1678,96333980,72394482,9633398,4816699,86844579,9489401,9.85
2025-03-01,P0013,クランクシャフト 大型,自動車部品,2019-03-10,57312,1707,97831584,73519924,9783158,4891579,88194661,9636923,9.85
2025-04-01,P0013,クランクシャフト 大型,自動車部品,2019-03-10,57696,1313,75754848,56929372,7575484,3787742,68292598,7462250,9.85
2025-05-01,P0013,クランクシャフト 大型,自動車部品,2019-03-10,57673,1265,72956345,54826312,7295634,3647817,65769763,7186582,9.85
2025-06-01,P0013,クランクシャフト 大型,自動車部品,2019-03-10,57085,1829,104408465,78462415,10440846,5220423,94123684,10284781,9.85
2025-07-01,P0013,クランクシャフト 大型,自動車部品,2019-03-10,56718,1450,82241100,61803756,8224110,4112055,74139921,8101179,9.85
2025-08-01,P0013,クランクシャフト 大型,自動車部品,2019-03-10,57680,1620,93441600,70220874,9344160,4672080,84237114,9204486,9.85
2025-09-01,P0013,クランクシャフト 大型,自動車部品,2019-03-10,56404,1520,85734080,64428713,8573408,4286704,77288825,8445255,9.85
2025-10-01,P0013,クランクシャフト 大型,自動車部品,2019-03-10,57065,1496,85369240,75702354,8536924,4268462,88507740,-3138500,-3.68
2025-11-01,P0013,クランクシャフト 大型,自動車部品,2019-03-10,57683,2078,119865274,106292189,11986527,5993263,124271979,-4406705,-3.68
2025-12-01,P0013,クランクシャフト 大型,自動車部品,2019-03-10,57969,1493,86547717,76747385,8654771,4327385,89729541,-3181824,-3.68
2026-01-01,P0013,クランクシャフト 大型,自動車部品,2019-03-10,57952,1526,88434752,78420739,8843475,4421737,91685951,-3251199,-3.68
2026-02-01,P0013,クランクシャフト 大型,自動車部品,2019-03-10,57419,1439,82625941,73269696,8262594,4131297,85663587,-3037646,-3.68
2026-03-01,P0013,クランクシャフト 大型,自動車部品,2019-03-10,56594,2066,116923204,103683268,11692320,5846160,121221748,-4298544,-3.68
2024-04-01,P0014,クランクシャフト 業務用,自動車部品,2019-09-13,72996,4107,299794572,220916337,29979457,14989728,265885522,33909050,11.31
2024-05-01,P0014,クランクシャフト 業務用,自動車部品,2019-09-13,74546,2871,214021566,157710862,21402156,10701078,189814096,24207470,11.31
2024-06-01,P0014,クランクシャフト 業務用,自動車部品,2019-09-13,72761,3386,246368746,181547252,24636874,12318437,218502563,27866183,11.31
2024-07-01,P0014,クランクシャフト 業務用,自動車部品,2019-09-13,74782,3224,241097168,177662667,24109716,12054858,213827241,27269927,11.31
2024-08-01,P0014,クランクシャフト 業務用,自動車部品,2019-09-13,73542,2811,206726562,152335229,20672656,10336328,183344213,23382349,11.31
2024-09-01,P0014,クランクシャフト 業務用,自動車部品,2019-09-13,74090,4118,305102620,224827797,30510262,15255131,270593190,34509430,11.31
2024-10-01,P0014,クランクシャフト 業務用,自動車部品,2019-09-13,73872,4319,319053168,235107849,31905316,15952658,282965823,36087345,11.31
2024-11-01,P0014,クランクシャフト 業務用,自動車部品,2019-09-13,74477,4701,350116377,257998092,35011637,17505818,310515547,39600830,11.31
2024-12-01,P0014,クランクシャフト 業務用,自動車部品,2019-09-13,75171,3215,241674765,178088293,24167476,12083738,214339507,27335258,11.31
2025-01-01,P0014,クランクシャフト 業務用,自動車部品,2019-09-13,72969,3602,262834338,193680622,26283433,13141716,233105771,29728567,11.31
2025-02-01,P0014,クランクシャフト 業務用,自動車部品,2019-09-13,74586,3115,232335390,171206179,23233539,11616769,206056487,26278903,11.31
2025-03-01,P0014,クランクシャフト 業務用,自動車部品,2019-09-13,73399,3259,239207341,176270068,23920734,11960367,212151169,27056172,11.31
2025-04-01,P0014,クランクシャフト 業務用,自動車部品,2019-09-13,73856,2942,217284352,160115184,21728435,10864217,192707836,24576516,11.31
2025-05-01,P0014,クランクシャフト 業務用,自動車部品,2019-09-13,74095,3319,245921305,181217536,24592130,12296065,218105731,27815574,11.31
2025-06-01,P0014,クランクシャフト 業務用,自動車部品,2019-09-13,72645,3299,239655855,176600574,23965585,11982792,212548951,27106904,11.31
2025-07-01,P0014,クランクシャフト 業務用,自動車部品,2019-09-13,73657,3405,250802085,184814146,25080208,12540104,222434458,28367627,11.31
2025-08-01,P0014,クランクシャフト 業務用,自動車部品,2019-09-13,72872,3261,237635592,175111858,23763559,11881779,210757196,26878396,11.31
2025-09-01,P0014,クランクシャフト 業務用,自動車部品,2019-09-13,73285,2914,213552490,157365203,21355249,10677624,189398076,24154414,11.31
2025-10-01,P0014,クランクシャフト 業務用,自動車部品,2019-09-13,73717,3733,275185561,239282930,27518556,13759278,280560764,-5375203,-1.95
2025-11-01,P0014,クランクシャフト 業務用,自動車部品,2019-09-13,73669,4473,329521437,286529768,32952143,16476071,335957982,-6436545,-1.95
2025-12-01,P0014,クランクシャフト 業務用,自動車部品,2019-09-13,74307,3845,285710415,248434638,28571041,14285520,291291199,-5580784,-1.95
2026-01-01,P0014,クランクシャフト 業務用,自動車部品,2019-09-13,74075,2926,216743450,188465585,21674345,10837172,220977102,-4233652,-1.95
2026-02-01,P0014,クランクシャフト 業務用,自動車部品,2019-09-13,73797,3393,250393221,217725172,25039322,12519661,255284155,-4890934,-1.95
2026-03-01,P0014,クランクシャフト 業務用,自動車部品,2019-09-13,74868,3343,250283724,217629960,25028372,12514186,255172518,-4888794,-1.95
2024-04-01,P0015,クランクシャフト HD,自動車部品,2022-12-21,108219,3643,394241817,288787406,39424181,19712090,347923677,46318140,11.75
2024-05-01,P0015,クランクシャフト HD,自動車部品,2022-12-21,106854,4979,532026066,389716212,53202606,26601303,469520121,62505945,11.75
2024-06-01,P0015,クランクシャフト HD,自動車部品,2022-12-21,108352,5286,572748672,419546066,57274867,28637433,505458366,67290306,11.75
2024-07-01,P0015,クランクシャフト HD,自動車部品,2022-12-21,109855,4999,549165145,402270817,54916514,27458257,484645588,64519557,11.75
2024-08-01,P0015,クランクシャフト HD,自動車部品,2022-12-21,107544,3292,354034848,259335263,35403484,17701742,312440489,41594359,11.75
2024-09-01,P0015,クランクシャフト HD,自動車部品,2022-12-21,106259,4829,513124711,375870717,51312471,25656235,452839423,60285288,11.75
2024-10-01,P0015,クランクシャフト HD,自動車部品,2022-12-21,109884,4651,511070484,374365968,51107048,25553524,451026540,60043944,11.75
2024-11-01,P0015,クランクシャフト HD,自動車部品,2022-12-21,107577,4205,452361285,331360694,45236128,22618064,399214886,53146399,11.75
2024-12-01,P0015,クランクシャフト HD,自動車部品,2022-12-21,107022,5660,605744520,443715966,60574452,30287226,534577644,71166876,11.75
2025-01-01,P0015,クランクシャフト HD,自動車部品,2022-12-21,109842,4702,516477084,378326375,51647708,25823854,455797937,60679147,11.75
2025-02-01,P0015,クランクシャフト HD,自動車部品,2022-12-21,106190,4693,498349670,365047801,49834967,24917483,439800251,58549419,11.75
2025-03-01,P0015,クランクシャフト HD,自動車部品,2022-12-21,109702,4279,469414858,343852665,46941485,23470742,414264892,55149966,11.75
2025-04-01,P0015,クランクシャフト HD,自動車部品,2022-12-21,107799,4081,439927719,322252941,43992771,21996385,388242097,51685622,11.75
2025-05-01,P0015,クランクシャフト HD,自動車部品,2022-12-21,107452,3766,404664232,296421964,40466423,20233211,357121598,47542634,11.75
2025-06-01,P0015,クランクシャフト HD,自動車部品,2022-12-21,107792,5556,598892352,438696661,59889235,29944617,528530513,70361839,11.75
2025-07-01,P0015,クランクシャフト HD,自動車部品,2022-12-21,106742,5070,541181940,396423012,54118194,27059097,477600303,63581637,11.75
2025-08-01,P0015,クランクシャフト HD,自動車部品,2022-12-21,109332,4037,441373284,323311836,44137328,22068664,389517828,51855456,11.75
2025-09-01,P0015,クランクシャフト HD,自動車部品,2022-12-21,106831,4642,495909502,363260346,49590950,24795475,437646771,58262731,11.75
2025-10-01,P0015,クランクシャフト HD,自動車部品,2022-12-21,107307,5685,610040295,527297961,61004029,30502014,618804004,-8763709,-1.44
2025-11-01,P0015,クランクシャフト HD,自動車部品,2022-12-21,109836,5278,579714408,501085302,57971440,28985720,588042462,-8328054,-1.44
2025-12-01,P0015,クランクシャフト HD,自動車部品,2022-12-21,106925,4353,465444525,402314324,46544452,23272226,472131002,-6686477,-1.44
2026-01-01,P0015,クランクシャフト HD,自動車部品,2022-12-21,107315,3851,413270065,357216506,41327006,20663503,419207015,-5936950,-1.44
2026-02-01,P0015,クランクシャフト HD,自動車部品,2022-12-21,108558,4172,452903976,391474703,45290397,22645198,459410298,-6506322,-1.44
2026-03-01,P0015,クランクシャフト HD,自動車部品,2022-12-21,108535,4550,493834250,426853431,49383425,24691712,500928568,-7094318,-1.44
2024-04-01,P0016,バルブ 小型,自動車部品,2020-07-08,454,754,342316,241939,34231,17115,293285,49031,14.32
2024-05-01,P0016,バルブ 小型,自動車部品,2020-07-08,456,870,396720,280391,39672,19836,339899,56821,14.32
2024-06-01,P0016,バルブ 小型,自動車部品,2020-07-08,463,796,368548,260479,36854,18427,315760,52788,14.32
2024-07-01,P0016,バルブ 小型,自動車部品,2020-07-08,451,780,351780,248628,35178,17589,301395,50385,14.32
2024-08-01,P0016,バルブ 小型,自動車部品,2020-07-08,454,831,377274,266647,37727,18863,323237,54037,14.32
2024-09-01,P0016,バルブ 小型,自動車部品,2020-07-08,456,687,313272,221412,31327,15663,268402,44870,14.32
2024-10-01,P0016,バルブ 小型,自動車部品,2020-07-08,452,751,339452,239915,33945,16972,290832,48620,14.32
2024-11-01,P0016,バルブ 小型,自動車部品,2020-07-08,450,1018,458100,323772,45810,22905,392487,65613,14.32
2024-12-01,P0016,バルブ 小型,自動車部品,2020-07-08,464,993,460752,325647,46075,23037,394759,65993,14.32
2025-01-01,P0016,バルブ 小型,自動車部品,2020-07-08,460,878,403880,285451,40388,20194,346033,57847,14.32
2025-02-01,P0016,バルブ 小型,自動車部品,2020-07-08,466,914,425924,301031,42592,21296,364919,61005,14.32
2025-03-01,P0016,バルブ 小型,自動車部品,2020-07-08,450,868,390600,276065,39060,19530,334655,55945,14.32
2025-04-01,P0016,バルブ 小型,自動車部品,2020-07-08,457,806,368342,260334,36834,18417,315585,52757,14.32
2025-05-01,P0016,バルブ 小型,自動車部品,2020-07-08,459,697,319923,226113,31992,15996,274101,45822,14.32
2025-06-01,P0016,バルブ 小型,自動車部品,2020-07-08,464,679,315056,222673,31505,15752,269930,45126,14.32
2025-07-01,P0016,バルブ 小型,自動車部品,2020-07-08,448,687,307776,217527,30777,15388,263692,44084,14.32
2025-08-01,P0016,バルブ 小型,自動車部品,2020-07-08,452,604,273008,192954,27300,13650,233904,39104,14.32
2025-09-01,P0016,バルブ 小型,自動車部品,2020-07-08,448,766,343168,242541,34316,17158,294015,49153,14.32
2025-10-01,P0016,バルブ 小型,自動車部品,2020-07-08,451,806,363506,303161,36350,18175,357686,5820,1.6
2025-11-01,P0016,バルブ 小型,自動車部品,2020-07-08,454,882,400428,333953,40042,20021,394016,6412,1.6
2025-12-01,P0016,バルブ 小型,自動車部品,2020-07-08,453,827,374631,312439,37463,18731,368633,5998,1.6
2026-01-01,P0016,バルブ 小型,自動車部品,2020-07-08,448,704,315392,263034,31539,15769,310342,5050,1.6
2026-02-01,P0016,バルブ 小型,自動車部品,2020-07-08,461,742,342062,285277,34206,17103,336586,5476,1.6
2026-03-01,P0016,バルブ 小型,自動車部品,2020-07-08,464,1109,514576,429152,51457,25728,506337,8239,1.6
2024-04-01,P0017,バルブ 中型,自動車部品,2023-08-02,821,1332,1093572,940922,109357,54678,1104957,-11385,-1.04
2024-05-01,P0017,バルブ 中型,自動車部品,2023-08-02,836,1459,1219724,1049465,121972,60986,1232423,-12699,-1.04
2024-06-01,P0017,バルブ 中型,自動車部品,2023-08-02,841,1575,1324575,1139680,132457,66228,1338365,-13790,-1.04
2024-07-01,P0017,バルブ 中型,自動車部品,2023-08-02,836,1213,1014068,872516,101406,50703,1024625,-10557,-1.04
2024-08-01,P0017,バルブ 中型,自動車部品,2023-08-02,821,1321,1084541,933152,108454,54227,1095833,-11292,-1.04
2024-09-01,P0017,バルブ 中型,自動車部品,2023-08-02,814,1622,1320308,1136009,132030,66015,1334054,-13746,-1.04
2024-10-01,P0017,バルブ 中型,自動車部品,2023-08-02,836,1741,1455476,1252309,145547,72773,1470629,-15153,-1.04
2024-11-01,P0017,バルブ 中型,自動車部品,2023-08-02,833,1275,1062075,913822,106207,53103,1073132,-11057,-1.04
2024-12-01,P0017,バルブ 中型,自動車部品,2023-08-02,836,1182,988152,850217,98815,49407,998439,-10287,-1.04
2025-01-01,P0017,バルブ 中型,自動車部品,2023-08-02,831,1550,1288050,1108253,128805,64402,1301460,-13410,-1.04
2025-02-01,P0017,バルブ 中型,自動車部品,2023-08-02,814,1582,1287748,1107994,128774,64387,1301155,-13407,-1.04
2025-03-01,P0017,バルブ 中型,自動車部品,2023-08-02,825,1386,1143450,983838,114345,57172,1155355,-11905,-1.04
2025-04-01,P0017,バルブ 中型,自動車部品,2023-08-02,826,1074,887124,763292,88712,44356,896360,-9236,-1.04
2025-05-01,P0017,バルブ 中型,自動車部品,2023-08-02,824,1191,981384,844394,98138,49069,991601,-10217,-1.04
2025-06-01,P0017,バルブ 中型,自動車部品,2023-08-02,840,1343,1128120,970648,112812,56406,1139866,-11746,-1.04
2025-07-01,P0017,バルブ 中型,自動車部品,2023-08-02,841,1131,951171,818399,95117,47558,961074,-9903,-1.04
2025-08-01,P0017,バルブ 中型,自動車部品,2023-08-02,822,1141,937902,806982,93790,46895,947667,-9765,-1.04
2025-09-01,P0017,バルブ 中型,自動車部品,2023-08-02,825,1385,1142625,983128,114262,57131,1154521,-11896,-1.04
2025-10-01,P0017,バルブ 中型,自動車部品,2023-08-02,828,1312,1086336,1102942,108633,54316,1265891,-179555,-16.53
2025-11-01,P0017,バルブ 中型,自動車部品,2023-08-02,823,1310,1078130,1094610,107813,53906,1256329,-178199,-16.53
2025-12-01,P0017,バルブ 中型,自動車部品,2023-08-02,825,1491,1230075,1248878,123007,61503,1433388,-203313,-16.53
2026-01-01,P0017,バルブ 中型,自動車部品,2023-08-02,819,1563,1280097,1299664,128009,64004,1491677,-211580,-16.53
2026-02-01,P0017,バルブ 中型,自動車部品,2023-08-02,837,1644,1376028,1397062,137602,68801,1603465,-227437,-16.53
2026-03-01,P0017,バルブ 中型,自動車部品,2023-08-02,839,1807,1516073,1539248,151607,75803,1766658,-250585,-16.53
2024-04-01,P0018,バルブ 大型,自動車部品,2020-06-19,1282,1093,1401226,1012265,140122,70061,1222448,178778,12.76
2024-05-01,P0018,バルブ 大型,自動車部品,2020-06-19,1304,1220,1590880,1149274,159088,79544,1387906,202974,12.76
2024-06-01,P0018,バルブ 大型,自動車部品,2020-06-19,1322,1031,1362982,984637,136298,68149,1189084,173898,12.76
2024-07-01,P0018,バルブ 大型,自動車部品,2020-06-19,1303,867,1129701,816112,112970,56485,985567,144134,12.76
2024-08-01,P0018,バルブ 大型,自動車部品,2020-06-19,1277,1054,1345958,972339,134595,67297,1174231,171727,12.76
2024-09-01,P0018,バルブ 大型,自動車部品,2020-06-19,1316,1184,1558144,1125625,155814,77907,1359346,198798,12.76
2024-10-01,P0018,バルブ 大型,自動車部品,2020-06-19,1300,989,1285700,928807,128570,64285,1121662,164038,12.76
2024-11-01,P0018,バルブ 大型,自動車部品,2020-06-19,1308,1132,1480656,1069646,148065,74032,1291743,188913,12.76
2024-12-01,P0018,バルブ 大型,自動車部品,2020-06-19,1322,1013,1339186,967446,133918,66959,1168323,170863,12.76
2025-01-01,P0018,バルブ 大型,自動車部品,2020-06-19,1283,1319,1692277,1222524,169227,84613,1476364,215913,12.76
2025-02-01,P0018,バルブ 大型,自動車部品,2020-06-19,1304,1058,1379632,996665,137963,68981,1203609,176023,12.76
2025-03-01,P0018,バルブ 大型,自動車部品,2020-06-19,1297,1362,1766514,1276154,176651,88325,1541130,225384,12.76
2025-04-01,P0018,バルブ 大型,自動車部品,2020-06-19,1279,933,1193307,862061,119330,59665,1041056,152251,12.76
2025-05-01,P0018,バルブ 大型,自動車部品,2020-06-19,1297,1298,1683506,1216188,168350,84175,1468713,214793,12.76
2025-06-01,P0018,バルブ 大型,自動車部品,2020-06-19,1299,1309,1700391,1228386,170039,85019,1483444,216947,12.76
2025-07-01,P0018,バルブ 大型,自動車部品,2020-06-19,1278,1198,1531044,1106047,153104,76552,1335703,195341,12.76
2025-08-01,P0018,バルブ 大型,自動車部品,2020-06-19,1322,819,1082718,782170,108271,54135,944576,138142,12.76
2025-09-01,P0018,バルブ 大型,自動車部品,2020-06-19,1290,1343,1732470,1251560,173247,86623,1511430,221040,12.76
2025-10-01,P0018,バルブ 大型,自動車部品,2020-06-19,1297,1127,1461719,1246040,146171,73085,1465296,-3577,-0.24
2025-11-01,P0018,バルブ 大型,自動車部品,2020-06-19,1283,1211,1553713,1324460,155371,77685,1557516,-3803,-0.24
2025-12-01,P0018,バルブ 大型,自動車部品,2020-06-19,1287,1387,1785069,1521679,178506,89253,1789438,-4369,-0.24
2026-01-01,P0018,バルブ 大型,自動車部品,2020-06-19,1277,1233,1574541,1342215,157454,78727,1578396,-3855,-0.24
2026-02-01,P0018,バルブ 大型,自動車部品,2020-06-19,1307,929,1214203,1035045,121420,60710,1217175,-2972,-0.24
2026-03-01,P0018,バルブ 大型,自動車部品,2020-06-19,1308,1172,1532976,1306783,153297,76648,1536728,-3752,-0.24
2024-04-01,P0019,バルブ 業務用,自動車部品,2019-07-13,1760,206,362560,274031,36256,18128,328415,34145,9.42
2024-05-01,P0019,バルブ 業務用,自動車部品,2019-07-13,1717,201,345117,260847,34511,17255,312613,32504,9.42
2024-06-01,P0019,バルブ 業務用,自動車部品,2019-07-13,1733,171,296343,223982,29634,14817,268433,27910,9.42
2024-07-01,P0019,バルブ 業務用,自動車部品,2019-07-13,1728,168,290304,219418,29030,14515,262963,27341,9.42
2024-08-01,P0019,バルブ 業務用,自動車部品,2019-07-13,1733,129,223557,168969,22355,11177,202501,21056,9.42
2024-09-01,P0019,バルブ 業務用,自動車部品,2019-07-13,1735,166,288010,217684,28801,14400,260885,27125,9.42
2024-10-01,P0019,バルブ 業務用,自動車部品,2019-07-13,1726,170,293420,221773,29342,14671,265786,27634,9.42
2024-11-01,P0019,バルブ 業務用,自動車部品,2019-07-13,1735,213,369555,279318,36955,18477,334750,34805,9.42
2024-12-01,P0019,バルブ 業務用,自動車部品,2019-07-13,1745,181,315845,238722,31584,15792,286098,29747,9.42
2025-01-01,P0019,バルブ 業務用,自動車部品,2019-07-13,1734,204,353736,267361,35373,17686,320420,33316,9.42
2025-02-01,P0019,バルブ 業務用,自動車部品,2019-07-13,1775,191,339025,256242,33902,16951,307095,31930,9.42
2025-03-01,P0019,バルブ 業務用,自動車部品,2019-07-13,1771,204,361284,273066,36128,18064,327258,34026,9.42
2025-04-01,P0019,バルブ 業務用,自動車部品,2019-07-13,1712,195,333840,252323,33384,16692,302399,31441,9.42
2025-05-01,P0019,バルブ 業務用,自動車部品,2019-07-13,1756,170,298520,225628,29852,14926,270406,28114,9.42
2025-06-01,P0019,バルブ 業務用,自動車部品,2019-07-13,1740,220,382800,289328,38280,19140,346748,36052,9.42
2025-07-01,P0019,バルブ 業務用,自動車部品,2019-07-13,1747,139,242833,183538,24283,12141,219962,22871,9.42
2025-08-01,P0019,バルブ 業務用,自動車部品,2019-07-13,1760,133,234080,176922,23408,11704,212034,22046,9.42
2025-09-01,P0019,バルブ 業務用,自動車部品,2019-07-13,1758,185,325230,245816,32523,16261,294600,30630,9.42
2025-10-01,P0019,バルブ 業務用,自動車部品,2019-07-13,1751,222,388722,346689,38872,19436,404997,-16275,-4.19
2025-11-01,P0019,バルブ 業務用,自動車部品,2019-07-13,1760,212,373120,332774,37312,18656,388742,-15622,-4.19
2025-12-01,P0019,バルブ 業務用,自動車部品,2019-07-13,1768,220,388960,346902,38896,19448,405246,-16286,-4.19
2026-01-01,P0019,バルブ 業務用,自動車部品,2019-07-13,1746,150,261900,233580,26190,13095,272865,-10965,-4.19
2026-02-01,P0019,バルブ 業務用,自動車部品,2019-07-13,1768,163,288184,257022,28818,14409,300249,-12065,-4.19
2026-03-01,P0019,バルブ 業務用,自動車部品,2019-07-13,1737,215,373455,333073,37345,18672,389090,-15635,-4.19
2024-04-01,P0020,バルブ HD,自動車部品,2019-06-14,2472,1196,2956512,2099253,295651,147825,2542729,413783,14.0
2024-05-01,P0020,バルブ HD,自動車部品,2019-06-14,2413,1127,2719451,1930929,271945,135972,2338846,380605,14.0
2024-06-01,P0020,バルブ HD,自動車部品,2019-06-14,2478,1555,3853290,2736005,385329,192664,3313998,539292,14.0
2024-07-01,P0020,バルブ HD,自動車部品,2019-06-14,2432,1066,2592512,1840797,259251,129625,2229673,362839,14.0
2024-08-01,P0020,バルブ HD,自動車部品,2019-06-14,2473,1360,3363280,2388076,336328,168164,2892568,470712,14.0
2024-09-01,P0020,バルブ HD,自動車部品,2019-06-14,2434,1405,3419770,2428187,341977,170988,2941152,478618,14.0
2024-10-01,P0020,バルブ HD,自動車部品,2019-06-14,2407,1300,3129100,2221798,312910,156455,2691163,437937,14.0
2024-11-01,P0020,バルブ HD,自動車部品,2019-06-14,2408,1616,3891328,2763014,389132,194566,3346712,544616,14.0
2024-12-01,P0020,バルブ HD,自動車部品,2019-06-14,2475,1133,2804175,1991087,280417,140208,2411712,392463,14.0
2025-01-01,P0020,バルブ HD,自動車部品,2019-06-14,2478,1588,3935064,2794068,393506,196753,3384327,550737,14.0
2025-02-01,P0020,バルブ HD,自動車部品,2019-06-14,2451,1331,3262281,2316363,326228,163114,2805705,456576,14.0
2025-03-01,P0020,バルブ HD,自動車部品,2019-06-14,2435,1443,3513705,2494885,351370,175685,3021940,491765,14.0
2025-04-01,P0020,バルブ HD,自動車部品,2019-06-14,2446,1290,3155340,2240430,315534,157767,2713731,441609,14.0
2025-05-01,P0020,バルブ HD,自動車部品,2019-06-14,2492,1329,3311868,2351572,331186,165593,2848351,463517,14.0
2025-06-01,P0020,バルブ HD,自動車部品,2019-06-14,2411,1613,3888943,2761320,388894,194447,3344661,544282,14.0
2025-07-01,P0020,バルブ HD,自動車部品,2019-06-14,2421,1155,2796255,1985464,279625,139812,2404901,391354,14.0
2025-08-01,P0020,バルブ HD,自動車部品,2019-06-14,2432,1076,2616832,1858065,261683,130841,2250589,366243,14.0
2025-09-01,P0020,バルブ HD,自動車部品,2019-06-14,2478,1171,2901738,2060361,290173,145086,2495620,406118,14.0
2025-10-01,P0020,バルブ HD,自動車部品,2019-06-14,2494,1411,3519034,2948429,351903,175951,3476283,42751,1.21
2025-11-01,P0020,バルブ HD,自動車部品,2019-06-14,2410,1204,2901640,2431144,290164,145082,2866390,35250,1.21
2025-12-01,P0020,バルブ HD,自動車部品,2019-06-14,2411,1359,3276549,2745263,327654,163827,3236744,39805,1.21
2026-01-01,P0020,バルブ HD,自動車部品,2019-06-14,2500,1218,3045000,2551259,304500,152250,3008009,36991,1.21
2026-02-01,P0020,バルブ HD,自動車部品,2019-06-14,2423,1189,2880947,2413807,288094,144047,2845948,34999,1.21
2026-03-01,P0020,バルブ HD,自動車部品,2019-06-14,2452,1524,3736848,3130925,373684,186842,3691451,45397,1.21
2024-04-01,P0021,オイルポンプ 小型,自動車部品,2020-03-11,7039,1405,9889795,7323607,988979,494489,8807075,1082720,10.95
2024-05-01,P0021,オイルポンプ 小型,自動車部品,2020-03-11,6929,1264,8758256,6485678,875825,437912,7799415,958841,10.95
2024-06-01,P0021,オイルポンプ 小型,自動車部品,2020-03-11,7051,1674,11803374,8740653,1180337,590168,10511158,1292216,10.95
2024-07-01,P0021,オイルポンプ 小型,自動車部品,2020-03-11,6967,1327,9245209,6846277,924520,462260,8233057,1012152,10.95
2024-08-01,P0021,オイルポンプ 小型,自動車部品,2020-03-11,6857,1094,7501558,5555066,750155,375077,6680298,821260,10.95
2024-09-01,P0021,オイルポンプ 小型,自動車部品,2020-03-11,7012,1287,9024444,6682796,902444,451222,8036462,987982,10.95
2024-10-01,P0021,オイルポンプ 小型,自動車部品,2020-03-11,7011,1495,10481445,7761736,1048144,524072,9333952,1147493,10.95
2024-11-01,P0021,オイルポンプ 小型,自動車部品,2020-03-11,7049,1414,9967286,7380991,996728,498364,8876083,1091203,10.95
2024-12-01,P0021,オイルポンプ 小型,自動車部品,2020-03-11,6834,1853,12663402,9377523,1266340,633170,11277033,1386369,10.95
2025-01-01,P0021,オイルポンプ 小型,自動車部品,2020-03-11,6825,1259,8592675,6363061,859267,429633,7651961,940714,10.95
2025-02-01,P0021,オイルポンプ 小型,自動車部品,2020-03-11,6875,1776,12210000,9041769,1221000,610500,10873269,1336731,10.95
2025-03-01,P0021,オイルポンプ 小型,自動車部品,2020-03-11,6928,1744,12082432,8947302,1208243,604121,10759666,1322766,10.95
2025-04-01,P0021,オイルポンプ 小型,自動車部品,2020-03-11,6945,1652,11473140,8496108,1147314,573657,10217079,1256061,10.95
2025-05-01,P0021,オイルポンプ 小型,自動車部品,2020-03-11,7084,1478,10470152,7753374,1047015,523507,9323896,1146256,10.95
2025-06-01,P0021,オイルポンプ 小型,自動車部品,2020-03-11,7040,1338,9419520,6975358,941952,470976,8388286,1031234,10.95
2025-07-01,P0021,オイルポンプ 小型,自動車部品,2020-03-11,6942,1149,7976358,5906665,797635,398817,7103117,873241,10.95
2025-08-01,P0021,オイルポンプ 小型,自動車部品,2020-03-11,6994,1526,10672844,7903472,1067284,533642,9504398,1168446,10.95
2025-09-01,P0021,オイルポンプ 小型,自動車部品,2020-03-11,6883,1671,11501493,8517104,1150149,575074,10242327,1259166,10.95
2025-10-01,P0021,オイルポンプ 小型,自動車部品,2020-03-11,6911,1580,10919380,9541523,1091938,545969,11179430,-260050,-2.38
2025-11-01,P0021,オイルポンプ 小型,自動車部品,2020-03-11,6938,1726,11974988,10463930,1197498,598749,12260177,-285189,-2.38
2025-12-01,P0021,オイルポンプ 小型,自動車部品,2020-03-11,6894,1520,10478880,9156608,1047888,523944,10728440,-249560,-2.38
2026-01-01,P0021,オイルポンプ 小型,自動車部品,2020-03-11,6911,1400,9675400,8454514,967540,483770,9905824,-230424,-2.38
2026-02-01,P0021,オイルポンプ 小型,自動車部品,2020-03-11,7052,1338,9435576,8244952,943557,471778,9660287,-224711,-2.38
2026-03-01,P0021,オイルポンプ 小型,自動車部品,2020-03-11,6847,1781,12194507,10655749,1219450,609725,12484924,-290417,-2.38
2024-04-01,P0022,オイルポンプ 中型,自動車部品,2020-07-04,12028,783,9417924,8259854,941792,470896,9672542,-254618,-2.7
2024-05-01,P0022,オイルポンプ 中型,自動車部品,2020-07-04,11917,592,7054864,6187367,705486,352743,7245596,-190732,-2.7
2024-06-01,P0022,オイルポンプ 中型,自動車部品,2020-07-04,12283,593,7283819,6388168,728381,364190,7480739,-196920,-2.7
2024-07-01,P0022,オイルポンプ 中型,自動車部品,2020-07-04,11934,779,9296586,8153437,929658,464829,9547924,-251338,-2.7
2024-08-01,P0022,オイルポンプ 中型,自動車部品,2020-07-04,11947,676,8076172,7083090,807617,403808,8294515,-218343,-2.7
2024-09-01,P0022,オイルポンプ 中型,自動車部品,2020-07-04,12280,751,9222280,8088268,922228,461114,9471610,-249330,-2.7
2024-10-01,P0022,オイルポンプ 中型,自動車部品,2020-07-04,11918,717,8545206,7494450,854520,427260,8776230,-231024,-2.7
2024-11-01,P0022,オイルポンプ 中型,自動車部品,2020-07-04,12394,827,10249838,8989473,1024983,512491,10526947,-277109,-2.7
2024-12-01,P0022,オイルポンプ 中型,自動車部品,2020-07-04,12005,686,8235430,7222765,823543,411771,8458079,-222649,-2.7
2025-01-01,P0022,オイルポンプ 中型,自動車部品,2020-07-04,12182,615,7491930,6570689,749193,374596,7694478,-202548,-2.7
2025-02-01,P0022,オイルポンプ 中型,自動車部品,2020-07-04,12298,752,9248096,8110909,924809,462404,9498122,-250026,-2.7
2025-03-01,P0022,オイルポンプ 中型,自動車部品,2020-07-04,12346,877,10827442,9496052,1082744,541372,11120168,-292726,-2.7
2025-04-01,P0022,オイルポンプ 中型,自動車部品,2020-07-04,12033,772,9289476,8147201,928947,464473,9540621,-251145,-2.7
2025-05-01,P0022,オイルポンプ 中型,自動車部品,2020-07-04,12057,703,8476071,7433816,847607,423803,8705226,-229155,-2.7
2025-06-01,P0022,オイルポンプ 中型,自動車部品,2020-07-04,12366,675,8347050,7320660,834705,417352,8572717,-225667,-2.7
2025-07-01,P0022,オイルポンプ 中型,自動車部品,2020-07-04,12386,699,8657814,7593211,865781,432890,8891882,-234068,-2.7
2025-08-01,P0022,オイルポンプ 中型,自動車部品,2020-07-04,12174,595,7243530,6352833,724353,362176,7439362,-195832,-2.7
2025-09-01,P0022,オイルポンプ 中型,自動車部品,2020-07-04,11965,720,8614800,7555486,861480,430740,8847706,-232906,-2.7
2025-10-01,P0022,オイルポンプ 中型,自動車部品,2020-07-04,12169,680,8274920,8563731,827492,413746,9804969,-1530049,-18.49
2025-11-01,P0022,オイルポンプ 中型,自動車部品,2020-07-04,12365,659,8148535,8432935,814853,407426,9655214,-1506679,-18.49
2025-12-01,P0022,オイルポンプ 中型,自動車部品,2020-07-04,12009,646,7757814,8028577,775781,387890,9192248,-1434434,-18.49
2026-01-01,P0022,オイルポンプ 中型,自動車部品,2020-07-04,11960,801,9579960,9914320,957996,478998,11351314,-1771354,-18.49
2026-02-01,P0022,オイルポンプ 中型,自動車部品,2020-07-04,12265,840,10302600,10662181,1030260,515130,12207571,-1904971,-18.49
2026-03-01,P0022,オイルポンプ 中型,自動車部品,2020-07-04,12249,659,8072091,8353823,807209,403604,9564636,-1492545,-18.49
2024-04-01,P0023,オイルポンプ 大型,自動車部品,2022-10-26,20349,1751,35631099,27368799,3563109,1781554,32713462,2917637,8.19
2024-05-01,P0023,オイルポンプ 大型,自動車部品,2022-10-26,20155,1726,34787530,26720840,3478753,1739376,31938969,2848561,8.19
2024-06-01,P0023,オイルポンプ 大型,自動車部品,2022-10-26,20244,1552,31418688,24133180,3141868,1570934,28845982,2572706,8.19
2024-07-01,P0023,オイルポンプ 大型,自動車部品,2022-10-26,20156,1778,35837368,27527237,3583736,1791868,32902841,2934527,8.19
2024-08-01,P0023,オイルポンプ 大型,自動車部品,2022-10-26,20035,1513,30312955,23283850,3031295,1515647,27830792,2482163,8.19
2024-09-01,P0023,オイルポンプ 大型,自動車部品,2022-10-26,20485,1842,37733370,28983585,3773337,1886668,34643590,3089780,8.19
2024-10-01,P0023,オイルポンプ 大型,自動車部品,2022-10-26,19846,1516,30086536,23109934,3008653,1504326,27622913,2463623,8.19
2024-11-01,P0023,オイルポンプ 大型,自動車部品,2022-10-26,20071,1867,37472557,28783251,3747255,1873627,34404133,3068424,8.19
2024-12-01,P0023,オイルポンプ 大型,自動車部品,2022-10-26,19723,1804,35580292,27329773,3558029,1779014,32666816,2913476,8.19
2025-01-01,P0023,オイルポンプ 大型,自動車部品,2022-10-26,20152,1607,32384264,24874854,3238426,1619213,29732493,2651771,8.19
2025-02-01,P0023,オイルポンプ 大型,自動車部品,2022-10-26,20212,1728,34926336,26827459,3492633,1746316,32066408,2859928,8.19
2025-03-01,P0023,オイルポンプ 大型,自動車部品,2022-10-26,20199,2000,40398000,31030329,4039800,2019900,37090029,3307971,8.19
2025-04-01,P0023,オイルポンプ 大型,自動車部品,2022-10-26,20186,1771,35749406,27459672,3574940,1787470,32822082,2927324,8.19
2025-05-01,P0023,オイルポンプ 大型,自動車部品,2022-10-26,20171,1611,32495481,24960282,3249548,1624774,29834604,2660877,8.19
2025-06-01,P0023,オイルポンプ 大型,自動車部品,2022-10-26,19903,1404,27943812,21464074,2794381,1397190,25655645,2288167,8.19
2025-07-01,P0023,オイルポンプ 大型,自動車部品,2022-10-26,20385,1520,30985200,23800212,3098520,1549260,28447992,2537208,8.19
2025-08-01,P0023,オイルポンプ 大型,自動車部品,2022-10-26,19756,1522,30068632,23096181,3006863,1503431,27606475,2462157,8.19
2025-09-01,P0023,オイルポンプ 大型,自動車部品,2022-10-26,19862,1732,34400984,26423928,3440098,1720049,31584075,2816909,8.19
2025-10-01,P0023,オイルポンプ 大型,自動車部品,2022-10-26,20349,1918,39029382,35375305,3902938,1951469,41229712,-2200330,-5.64
2025-11-01,P0023,オイルポンプ 大型,自動車部品,2022-10-26,20159,1907,38443213,34844016,3844321,1922160,40610497,-2167284,-5.64
2025-12-01,P0023,オイルポンプ 大型,自動車部品,2022-10-26,20042,1641,32888922,29809738,3288892,1644446,34743076,-1854154,-5.64
2026-01-01,P0023,オイルポンプ 大型,自動車部品,2022-10-26,20265,1914,38787210,35155807,3878721,1939360,40973888,-2186678,-5.64
2026-02-01,P0023,オイルポンプ 大型,自動車部品,2022-10-26,19980,1684,33646320,30496226,3364632,1682316,35543174,-1896854,-5.64
2026-03-01,P0023,オイルポンプ 大型,自動車部品,2022-10-26,19799,1507,29837093,27043633,2983709,1491854,31519196,-1682103,-5.64
2024-04-01,P0024,オイルポンプ 業務用,自動車部品,2023-11-04,27617,617,17039689,12663824,1703968,851984,15219776,1819913,10.68
2024-05-01,P0024,オイルポンプ 業務用,自動車部品,2023-11-04,26847,651,17477397,12989126,1747739,873869,15610734,1866663,10.68
2024-06-01,P0024,オイルポンプ 業務用,自動車部品,2023-11-04,26959,576,15528384,11540628,1552838,776419,13869885,1658499,10.68
2024-07-01,P0024,オイルポンプ 業務用,自動車部品,2023-11-04,27008,693,18716544,13910055,1871654,935827,16717536,1999008,10.68
2024-08-01,P0024,オイルポンプ 業務用,自動車部品,2023-11-04,27463,645,17713635,13164697,1771363,885681,15821741,1891894,10.68
2024-09-01,P0024,オイルポンプ 業務用,自動車部品,2023-11-04,27252,577,15724404,11686309,1572440,786220,14044969,1679435,10.68
2024-10-01,P0024,オイルポンプ 業務用,自動車部品,2023-11-04,27028,850,22973800,17074029,2297380,1148690,20520099,2453701,10.68
2024-11-01,P0024,オイルポンプ 業務用,自動車部品,2023-11-04,27594,617,17025498,12653277,1702549,851274,15207100,1818398,10.68
2024-12-01,P0024,オイルポンプ 業務用,自動車部品,2023-11-04,27159,828,22487652,16712726,2248765,1124382,20085873,2401779,10.68
2025-01-01,P0024,オイルポンプ 業務用,自動車部品,2023-11-04,26822,698,18721756,13913929,1872175,936087,16722191,1999565,10.68
2025-02-01,P0024,オイルポンプ 業務用,自動車部品,2023-11-04,27133,771,20919543,15547314,2091954,1045977,18685245,2234298,10.68
2025-03-01,P0024,オイルポンプ 業務用,自動車部品,2023-11-04,27333,612,16727796,12432026,1672779,836389,14941194,1786602,10.68
2025-04-01,P0024,オイルポンプ 業務用,自動車部品,2023-11-04,27492,767,21086364,15671295,2108636,1054318,18834249,2252115,10.68
2025-05-01,P0024,オイルポンプ 業務用,自動車部品,2023-11-04,26650,592,15776800,11725250,1577680,788840,14091770,1685030,10.68
2025-06-01,P0024,オイルポンプ 業務用,自動車部品,2023-11-04,27609,804,22197636,16497188,2219763,1109881,19826832,2370804,10.68
2025-07-01,P0024,オイルポンプ 業務用,自動車部品,2023-11-04,27289,623,17001047,12635105,1700104,850052,15185261,1815786,10.68
2025-08-01,P0024,オイルポンプ 業務用,自動車部品,2023-11-04,27047,572,15470884,11497894,1547088,773544,13818526,1652358,10.68
2025-09-01,P0024,オイルポンプ 業務用,自動車部品,2023-11-04,26697,580,15484260,11507835,1548426,774213,13830474,1653786,10.68
2025-10-01,P0024,オイルポンプ 業務用,自動車部品,2023-11-04,27500,641,17627500,15458805,1762750,881375,18102930,-475430,-2.7
2025-11-01,P0024,オイルポンプ 業務用,自動車部品,2023-11-04,26838,646,17337348,15204350,1733734,866867,17804951,-467603,-2.7
2025-12-01,P0024,オイルポンプ 業務用,自動車部品,2023-11-04,26825,732,19635900,17220113,1963590,981795,20165498,-529598,-2.7
2026-01-01,P0024,オイルポンプ 業務用,自動車部品,2023-11-04,27203,592,16104176,14122894,1610417,805208,16538519,-434343,-2.7
2026-02-01,P0024,オイルポンプ 業務用,自動車部品,2023-11-04,27271,648,17671608,15497486,1767160,883580,18148226,-476618,-2.7
2026-03-01,P0024,オイルポンプ 業務用,自動車部品,2023-11-04,26756,876,23438256,20554669,2343825,1171912,24070406,-632150,-2.7
2024-04-01,P0025,オイルポンプ HD,自動車部品,2022-08-09,35001,2542,88972542,68272040,8897254,4448627,81617921,7354621,8.27
2024-05-01,P0025,オイルポンプ HD,自動車部品,2022-08-09,34713,2304,79978752,61370760,7997875,3998937,73367572,6611180,8.27
2024-06-01,P0025,オイルポンプ HD,自動車部品,2022-08-09,34810,2433,84692730,64987976,8469273,4234636,77691885,7000845,8.27
2024-07-01,P0025,オイルポンプ HD,自動車部品,2022-08-09,35180,1673,58856140,45162571,5885614,2942807,53990992,4865148,8.27
2024-08-01,P0025,オイルポンプ HD,自動車部品,2022-08-09,34935,2026,70778310,54310908,7077831,3538915,64927654,5850656,8.27
2024-09-01,P0025,オイルポンプ HD,自動車部品,2022-08-09,33873,2192,74249616,56974574,7424961,3712480,68112015,6137601,8.27
2024-10-01,P0025,オイルポンプ HD,自動車部品,2022-08-09,34556,2429,83936524,64407710,8393652,4196826,76998188,6938336,8.27
2024-11-01,P0025,オイルポンプ HD,自動車部品,2022-08-09,34325,2471,84817075,65083391,8481707,4240853,77805951,7011124,8.27
2024-12-01,P0025,オイルポンプ HD,自動車部品,2022-08-09,34585,2178,75326130,57800625,7532613,3766306,69099544,6226586,8.27
2025-01-01,P0025,オイルポンプ HD,自動車部品,2022-08-09,35196,2190,77079240,59145853,7707924,3853962,70707739,6371501,8.27
2025-02-01,P0025,オイルポンプ HD,自動車部品,2022-08-09,34297,2003,68696891,52713756,6869689,3434844,63018289,5678602,8.27
2025-03-01,P0025,オイルポンプ HD,自動車部品,2022-08-09,34606,2326,80493556,61765789,8049355,4024677,73839821,6653735,8.27
2025-04-01,P0025,オイルポンプ HD,自動車部品,2022-08-09,34745,2189,76056805,58361300,7605680,3802840,69769820,6286985,8.27
2025-05-01,P0025,オイルポンプ HD,自動車部品,2022-08-09,34250,2584,88502000,67910975,8850200,4425100,81186275,7315725,8.27
2025-06-01,P0025,オイルポンプ HD,自動車部品,2022-08-09,33890,2482,84114980,64544646,8411498,4205749,77161893,6953087,8.27
2025-07-01,P0025,オイルポンプ HD,自動車部品,2022-08-09,34496,1877,64748992,49684382,6474899,3237449,59396730,5352262,8.27
2025-08-01,P0025,オイルポンプ HD,自動車部品,2022-08-09,34709,1591,55222019,42373970,5522201,2761100,50657271,4564748,8.27
2025-09-01,P0025,オイルポンプ HD,自動車部品,2022-08-09,34887,2469,86136003,66095455,8613600,4306800,79015855,7120148,8.27
2025-10-01,P0025,オイルポンプ HD,自動車部品,2022-08-09,34690,2436,84504840,76515685,8450484,4225242,89191411,-4686571,-5.55
2025-11-01,P0025,オイルポンプ HD,自動車部品,2022-08-09,33913,2430,82408590,74617616,8240859,4120429,86978904,-4570314,-5.55
2025-12-01,P0025,オイルポンプ HD,自動車部品,2022-08-09,34761,2033,70669113,63987999,7066911,3533455,74588365,-3919252,-5.55
2026-01-01,P0025,オイルポンプ HD,自動車部品,2022-08-09,33877,2762,93568274,84722255,9356827,4678413,98757495,-5189221,-5.55
2026-02-01,P0025,オイルポンプ HD,自動車部品,2022-08-09,34893,2358,82277694,74499095,8227769,4113884,86840748,-4563054,-5.55
2026-03-01,P0025,オイルポンプ HD,自動車部品,2022-08-09,34609,2867,99224003,89843287,9922400,4961200,104726887,-5502884,-5.55
2024-04-01,P0026,ブレーキディスク 小型,自動車部品,2020-07-12,3373,6742,22740766,15304091,2274076,1137038,18715205,4025561,17.7
2024-05-01,P0026,ブレーキディスク 小型,自動車部品,2020-07-12,3382,5305,17941510,12074285,1794151,897075,14765511,3175999,17.7
2024-06-01,P0026,ブレーキディスク 小型,自動車部品,2020-07-12,3370,5331,17965470,12090410,1796547,898273,14785230,3180240,17.7
2024-07-01,P0026,ブレーキディスク 小型,自動車部品,2020-07-12,3285,4918,16155630,10872423,1615563,807781,13295767,2859863,17.7
2024-08-01,P0026,ブレーキディスク 小型,自動車部品,2020-07-12,3318,4482,14871276,10008078,1487127,743563,12238768,2632508,17.7
2024-09-01,P0026,ブレーキディスク 小型,自動車部品,2020-07-12,3281,6143,20155183,13564044,2015518,1007759,16587321,3567862,17.7
2024-10-01,P0026,ブレーキディスク 小型,自動車部品,2020-07-12,3313,6773,22438949,15100974,2243894,1121947,18466815,3972134,17.7
2024-11-01,P0026,ブレーキディスク 小型,自動車部品,2020-07-12,3378,8012,27064536,18213903,2706453,1353226,22273582,4790954,17.7
2024-12-01,P0026,ブレーキディスク 小型,自動車部品,2020-07-12,3276,7329,24009804,16158128,2400980,1200490,19759598,4250206,17.7
2025-01-01,P0026,ブレーキディスク 小型,自動車部品,2020-07-12,3380,6040,20415200,13739030,2041520,1020760,16801310,3613890,17.7
2025-02-01,P0026,ブレーキディスク 小型,自動車部品,2020-07-12,3313,5496,18208248,12253795,1820824,910412,14985031,3223217,17.7
2025-03-01,P0026,ブレーキディスク 小型,自動車部品,2020-07-12,3385,8518,28833430,19404335,2883343,1441671,23729349,5104081,17.7
2025-04-01,P0026,ブレーキディスク 小型,自動車部品,2020-07-12,3348,6028,20181744,13581919,2018174,1009087,16609180,3572564,17.7
2025-05-01,P0026,ブレーキディスク 小型,自動車部品,2020-07-12,3359,6142,20630978,13884245,2063097,1031548,16978890,3652088,17.7
2025-06-01,P0026,ブレーキディスク 小型,自動車部品,2020-07-12,3278,5346,17524188,11793436,1752418,876209,14422063,3102125,17.7
2025-07-01,P0026,ブレーキディスク 小型,自動車部品,2020-07-12,3290,6191,20368390,13707528,2036839,1018419,16762786,3605604,17.7
2025-08-01,P0026,ブレーキディスク 小型,自動車部品,2020-07-12,3306,5963,19713678,13266920,1971367,985683,16223970,3489708,17.7
2025-09-01,P0026,ブレーキディスク 小型,自動車部品,2020-07-12,3368,7596,25583328,17217079,2558332,1279166,21054577,4528751,17.7
2025-10-01,P0026,ブレーキディスク 小型,自動車部品,2020-07-12,3362,6888,23157456,18389728,2315745,1157872,21863345,1294111,5.59
2025-11-01,P0026,ブレーキディスク 小型,自動車部品,2020-07-12,3325,6574,21858550,17358244,2185855,1092927,20637026,1221524,5.59
2025-12-01,P0026,ブレーキディスク 小型,自動車部品,2020-07-12,3374,6072,20486928,16269016,2048692,1024346,19342054,1144874,5.59
2026-01-01,P0026,ブレーキディスク 小型,自動車部品,2020-07-12,3379,7429,25102591,19934392,2510259,1255129,23699780,1402811,5.59
2026-02-01,P0026,ブレーキディスク 小型,自動車部品,2020-07-12,3387,7572,25646364,20366212,2564636,1282318,24213166,1433198,5.59
2026-03-01,P0026,ブレーキディスク 小型,自動車部品,2020-07-12,3383,6450,21820350,17327909,2182035,1091017,20600961,1219389,5.59
2024-04-01,P0027,ブレーキディスク 中型,自動車部品,2019-06-22,5633,2826,15918858,11241453,1591885,795942,13629280,2289578,14.38
2024-05-01,P0027,ブレーキディスク 中型,自動車部品,2019-06-22,5572,2733,15228276,10753783,1522827,761413,13038023,2190253,14.38
2024-06-01,P0027,ブレーキディスク 中型,自動車部品,2019-06-22,5526,2752,15207552,10739148,1520755,760377,13020280,2187272,14.38
2024-07-01,P0027,ブレーキディスク 中型,自動車部品,2019-06-22,5707,2759,15745613,11119112,1574561,787280,13480953,2264660,14.38
2024-08-01,P0027,ブレーキディスク 中型,自動車部品,2019-06-22,5624,2745,15437880,10901800,1543788,771894,13217482,2220398,14.38
2024-09-01,P0027,ブレーキディスク 中型,自動車部品,2019-06-22,5611,2982,16732002,11815672,1673200,836600,14325472,2406530,14.38
2024-10-01,P0027,ブレーキディスク 中型,自動車部品,2019-06-22,5692,2849,16216508,11451645,1621650,810825,13884120,2332388,14.38
2024-11-01,P0027,ブレーキディスク 中型,自動車部品,2019-06-22,5668,2970,16833960,11887672,1683396,841698,14412766,2421194,14.38
2024-12-01,P0027,ブレーキディスク 中型,自動車部品,2019-06-22,5636,3559,20058524,14164769,2005852,1002926,17173547,2884977,14.38
2025-01-01,P0027,ブレーキディスク 中型,自動車部品,2019-06-22,5573,3516,19594668,13837207,1959466,979733,16776406,2818262,14.38
2025-02-01,P0027,ブレーキディスク 中型,自動車部品,2019-06-22,5671,3539,20069669,14172640,2006966,1003483,17183089,2886580,14.38
2025-03-01,P0027,ブレーキディスク 中型,自動車部品,2019-06-22,5656,3781,21385336,15101727,2138533,1069266,18309526,3075810,14.38
2025-04-01,P0027,ブレーキディスク 中型,自動車部品,2019-06-22,5730,3321,19029330,13437981,1902933,951466,16292380,2736950,14.38
2025-05-01,P0027,ブレーキディスク 中型,自動車部品,2019-06-22,5690,2823,16062870,11343150,1606287,803143,13752580,2310290,14.38
2025-06-01,P0027,ブレーキディスク 中型,自動車部品,2019-06-22,5609,3370,18902330,13348297,1890233,945116,16183646,2718684,14.38
2025-07-01,P0027,ブレーキディスク 中型,自動車部品,2019-06-22,5596,3235,18103060,12783875,1810306,905153,15499334,2603726,14.38
2025-08-01,P0027,ブレーキディスク 中型,自動車部品,2019-06-22,5531,2678,14812018,10459833,1481201,740600,12681634,2130384,14.38
2025-09-01,P0027,ブレーキディスク 中型,自動車部品,2019-06-22,5696,2733,15567168,10993099,1556716,778358,13328173,2238995,14.38
2025-10-01,P0027,ブレーキディスク 中型,自動車部品,2019-06-22,5596,3090,17291640,14408830,1729164,864582,17002576,289064,1.67
2025-11-01,P0027,ブレーキディスク 中型,自動車部品,2019-06-22,5618,3034,17045012,14203319,1704501,852250,16760070,284942,1.67
2025-12-01,P0027,ブレーキディスク 中型,自動車部品,2019-06-22,5708,3618,20651544,17208582,2065154,1032577,20306313,345231,1.67
2026-01-01,P0027,ブレーキディスク 中型,自動車部品,2019-06-22,5636,2542,14326712,11938206,1432671,716335,14087212,239500,1.67
2026-02-01,P0027,ブレーキディスク 中型,自動車部品,2019-06-22,5645,3030,17104350,14252765,1710435,855217,16818417,285933,1.67
2026-03-01,P0027,ブレーキディスク 中型,自動車部品,2019-06-22,5597,3306,18503682,15418804,1850368,925184,18194356,309326,1.67
2024-04-01,P0028,ブレーキディスク 大型,自動車部品,2022-03-31,8434,2574,21709116,19104022,2170911,1085455,22360388,-651272,-3.0
2024-05-01,P0028,ブレーキディスク 大型,自動車部品,2022-03-31,8541,2464,21045024,18519621,2104502,1052251,21676374,-631350,-3.0
2024-06-01,P0028,ブレーキディスク 大型,自動車部品,2022-03-31,8380,2881,24142780,21245646,2414278,1207139,24867063,-724283,-3.0
2024-07-01,P0028,ブレーキディスク 大型,自動車部品,2022-03-31,8553,2644,22614132,19900436,2261413,1130706,23292555,-678423,-3.0
2024-08-01,P0028,ブレーキディスク 大型,自動車部品,2022-03-31,8461,1920,16245120,14295705,1624512,812256,16732473,-487353,-3.0
2024-09-01,P0028,ブレーキディスク 大型,自動車部品,2022-03-31,8514,2398,20416572,17966583,2041657,1020828,21029068,-612496,-3.0
2024-10-01,P0028,ブレーキディスク 大型,自動車部品,2022-03-31,8491,2466,20938806,18426149,2093880,1046940,21566969,-628163,-3.0
2024-11-01,P0028,ブレーキディスク 大型,自動車部品,2022-03-31,8437,2603,21961511,19326129,2196151,1098075,22620355,-658844,-3.0
2024-12-01,P0028,ブレーキディスク 大型,自動車部品,2022-03-31,8393,3248,27260464,23989208,2726046,1363023,28078277,-817813,-3.0
2025-01-01,P0028,ブレーキディスク 大型,自動車部品,2022-03-31,8598,3017,25940166,22827346,2594016,1297008,26718370,-778204,-3.0
2025-02-01,P0028,ブレーキディスク 大型,自動車部品,2022-03-31,8321,3016,25096136,22084599,2509613,1254806,25849018,-752882,-3.0
2025-03-01,P0028,ブレーキディスク 大型,自動車部品,2022-03-31,8276,3254,26930104,23698491,2693010,1346505,27738006,-807902,-3.0
2025-04-01,P0028,ブレーキディスク 大型,自動車部品,2022-03-31,8559,2385,20413215,17963629,2041321,1020660,21025610,-612395,-3.0
2025-05-01,P0028,ブレーキディスク 大型,自動車部品,2022-03-31,8445,2680,22632600,19916688,2263260,1131630,23311578,-678978,-3.0
2025-06-01,P0028,ブレーキディスク 大型,自動車部品,2022-03-31,8539,2505,21390195,18823371,2139019,1069509,22031899,-641704,-3.0
2025-07-01,P0028,ブレーキディスク 大型,自動車部品,2022-03-31,8423,2559,21554457,18967922,2155445,1077722,22201089,-646632,-3.0
2025-08-01,P0028,ブレーキディスク 大型,自動車部品,2022-03-31,8342,2580,21522360,18939676,2152236,1076118,22168030,-645670,-3.0
2025-09-01,P0028,ブレーキディスク 大型,自動車部品,2022-03-31,8482,2277,19313514,16995892,1931351,965675,19892918,-579404,-3.0
2025-10-01,P0028,ブレーキディスク 大型,自動車部品,2022-03-31,8348,3274,27331352,28380875,2733135,1366567,32480577,-5149225,-18.84
2025-11-01,P0028,ブレーキディスク 大型,自動車部品,2022-03-31,8312,2596,21577952,22406545,2157795,1078897,25643237,-4065285,-18.84
2025-12-01,P0028,ブレーキディスク 大型,自動車部品,2022-03-31,8341,3151,26282491,27291738,2628249,1314124,31234111,-4951620,-18.84
2026-01-01,P0028,ブレーキディスク 大型,自動車部品,2022-03-31,8599,2626,22580974,23448083,2258097,1129048,26835228,-4254254,-18.84
2026-02-01,P0028,ブレーキディスク 大型,自動車部品,2022-03-31,8453,2111,17844283,18529503,1784428,892214,21206145,-3361862,-18.84
2026-03-01,P0028,ブレーキディスク 大型,自動車部品,2022-03-31,8537,2899,24748763,25699115,2474876,1237438,29411429,-4662666,-18.84
2024-04-01,P0029,ブレーキディスク 業務用,自動車部品,2022-12-19,11736,1922,22556592,15085581,2255659,1127829,18469069,4087523,18.12
2024-05-01,P0029,ブレーキディスク 業務用,自動車部品,2022-12-19,12029,2185,26283365,17578002,2628336,1314168,21520506,4762859,18.12
2024-06-01,P0029,ブレーキディスク 業務用,自動車部品,2022-12-19,11843,1793,21234499,14201381,2123449,1061724,17386554,3847945,18.12
2024-07-01,P0029,ブレーキディスク 業務用,自動車部品,2022-12-19,11657,2185,25470545,17034398,2547054,1273527,20854979,4615566,18.12
2024-08-01,P0029,ブレーキディスク 業務用,自動車部品,2022-12-19,11920,1640,19548800,13074005,1954880,977440,16006325,3542475,18.12
2024-09-01,P0029,ブレーキディスク 業務用,自動車部品,2022-12-19,11785,1959,23086815,15440188,2308681,1154340,18903209,4183606,18.12
2024-10-01,P0029,ブレーキディスク 業務用,自動車部品,2022-12-19,11742,2168,25456656,17025109,2545665,1272832,20843606,4613050,18.12
2024-11-01,P0029,ブレーキディスク 業務用,自動車部品,2022-12-19,11992,2336,28013312,18734970,2801331,1400665,22936966,5076346,18.12
2024-12-01,P0029,ブレーキディスク 業務用,自動車部品,2022-12-19,11700,2270,26559000,17762344,2655900,1327950,21746194,4812806,18.12
2025-01-01,P0029,ブレーキディスク 業務用,自動車部品,2022-12-19,11739,2387,28020993,18740107,2802099,1401049,22943255,5077738,18.12
2025-02-01,P0029,ブレーキディスク 業務用,自動車部品,2022-12-19,11827,2321,27450467,18358546,2745046,1372523,22476115,4974352,18.12
2025-03-01,P0029,ブレーキディスク 業務用,自動車部品,2022-12-19,11754,2569,30196026,20194744,3019602,1509801,24724147,5471879,18.12
2025-04-01,P0029,ブレーキディスク 業務用,自動車部品,2022-12-19,11892,1743,20727756,13862477,2072775,1036387,16971639,3756117,18.12
2025-05-01,P0029,ブレーキディスク 業務用,自動車部品,2022-12-19,11763,1621,19067823,12752333,1906782,953391,15612506,3455317,18.12
2025-06-01,P0029,ブレーキディスク 業務用,自動車部品,2022-12-19,12054,2286,27555444,18428754,2755544,1377772,22562070,4993374,18.12
2025-07-01,P0029,ブレーキディスク 業務用,自動車部品,2022-12-19,12075,1572,18981900,12694869,1898190,949095,15542154,3439746,18.12
2025-08-01,P0029,ブレーキディスク 業務用,自動車部品,2022-12-19,12069,1996,24089724,16110921,2408972,1204486,19724379,4365345,18.12
2025-09-01,P0029,ブレーキディスク 業務用,自動車部品,2022-12-19,11976,2265,27125640,18141306,2712564,1356282,22210152,4915488,18.12
2025-10-01,P0029,ブレーキディスク 業務用,自動車部品,2022-12-19,11966,2225,26624350,21011138,2662435,1331217,25004790,1619560,6.08
2025-11-01,P0029,ブレーキディスク 業務用,自動車部品,2022-12-19,11703,2695,31539585,24890094,3153958,1576979,29621031,1918554,6.08
2025-12-01,P0029,ブレーキディスク 業務用,自動車部品,2022-12-19,11690,2041,23859290,18829036,2385929,1192964,22407929,1451361,6.08
2026-01-01,P0029,ブレーキディスク 業務用,自動車部品,2022-12-19,11867,2472,29335224,23150479,2933522,1466761,27550762,1784462,6.08
2026-02-01,P0029,ブレーキディスク 業務用,自動車部品,2022-12-19,12056,2245,27065720,21359454,2706572,1353286,25419312,1646408,6.08
2026-03-01,P0029,ブレーキディスク 業務用,自動車部品,2022-12-19,11733,2762,32406546,25574274,3240654,1620327,30435255,1971291,6.08
2024-04-01,P0030,ブレーキディスク HD,自動車部品,2019-11-08,16890,4496,75937440,55095494,7593744,3796872,66486110,9451330,12.45
2024-05-01,P0030,ブレーキディスク HD,自動車部品,2019-11-08,17101,4288,73329088,53203036,7332908,3666454,64202398,9126690,12.45
2024-06-01,P0030,ブレーキディスク HD,自動車部品,2019-11-08,17210,4341,74708610,54203931,7470861,3735430,65410222,9298388,12.45
2024-07-01,P0030,ブレーキディスク HD,自動車部品,2019-11-08,16950,3333,56494350,40988794,5649435,2824717,49462946,7031404,12.45
2024-08-01,P0030,ブレーキディスク HD,自動車部品,2019-11-08,16928,2949,49920672,36219341,4992067,2496033,43707441,6213231,12.45
2024-09-01,P0030,ブレーキディスク HD,自動車部品,2019-11-08,17098,4323,73914654,53627886,7391465,3695732,64715083,9199571,12.45
2024-10-01,P0030,ブレーキディスク HD,自動車部品,2019-11-08,17333,3815,66125395,47976483,6612539,3306269,57895291,8230104,12.45
2024-11-01,P0030,ブレーキディスク HD,自動車部品,2019-11-08,17227,4844,83447588,60544391,8344758,4172379,73061528,10386060,12.45
2024-12-01,P0030,ブレーキディスク HD,自動車部品,2019-11-08,17122,5051,86483222,62746859,8648322,4324161,75719342,10763880,12.45
2025-01-01,P0030,ブレーキディスク HD,自動車部品,2019-11-08,16908,4648,78588384,57018854,7858838,3929419,68807111,9781273,12.45
2025-02-01,P0030,ブレーキディスク HD,自動車部品,2019-11-08,17537,4490,78741130,57129677,7874113,3937056,68940846,9800284,12.45
2025-03-01,P0030,ブレーキディスク HD,自動車部品,2019-11-08,17255,5132,88552660,64248315,8855266,4427633,77531214,11021446,12.45
2025-04-01,P0030,ブレーキディスク HD,自動車部品,2019-11-08,17100,4090,69939000,50743398,6993900,3496950,61234248,8704752,12.45
2025-05-01,P0030,ブレーキディスク HD,自動車部品,2019-11-08,17387,4172,72538564,52629480,7253856,3626928,63510264,9028300,12.45
2025-06-01,P0030,ブレーキディスク HD,自動車部品,2019-11-08,17195,4914,84496230,61305221,8449623,4224811,73979655,10516575,12.45
2025-07-01,P0030,ブレーキディスク HD,自動車部品,2019-11-08,17266,3040,52488640,38082500,5248864,2624432,45955796,6532844,12.45
2025-08-01,P0030,ブレーキディスク HD,自動車部品,2019-11-08,17025,2952,50257800,36463941,5025780,2512890,44002611,6255189,12.45
2025-09-01,P0030,ブレーキディスク HD,自動車部品,2019-11-08,17359,3817,66259303,48073638,6625930,3312965,58012533,8246770,12.45
2025-10-01,P0030,ブレーキディスク HD,自動車部品,2019-11-08,16971,3758,63777018,54601723,6377701,3188850,64168274,-391256,-0.61
2025-11-01,P0030,ブレーキディスク HD,自動車部品,2019-11-08,17457,3687,64363959,55104223,6436395,3218197,64758815,-394856,-0.61
2025-12-01,P0030,ブレーキディスク HD,自動車部品,2019-11-08,16884,4635,78257340,66998830,7825734,3912867,78737431,-480091,-0.61
2026-01-01,P0030,ブレーキディスク HD,自動車部品,2019-11-08,17241,3324,57309084,49064299,5730908,2865454,57660661,-351577,-0.61
2026-02-01,P0030,ブレーキディスク HD,自動車部品,2019-11-08,17267,3741,64595847,55302751,6459584,3229792,64992127,-396280,-0.61
2026-03-01,P0030,ブレーキディスク HD,自動車部品,2019-11-08,17492,4389,76772388,65727511,7677238,3838619,77243368,-470980,-0.61
2024-04-01,P0031,ブレーキキャリパー 小型,自動車部品,2019-04-29,8417,3655,30764135,23830289,3076413,1538206,28444908,2319227,7.54
2024-05-01,P0031,ブレーキキャリパー 小型,自動車部品,2019-04-29,8734,4032,35215488,27278364,3521548,1760774,32560686,2654802,7.54
2024-06-01,P0031,ブレーキキャリパー 小型,自動車部品,2019-04-29,8558,3933,33658614,26072389,3365861,1682930,31121180,2537434,7.54
2024-07-01,P0031,ブレーキキャリパー 小型,自動車部品,2019-04-29,8677,2869,24894313,19283450,2489431,1244715,23017596,1876717,7.54
2024-08-01,P0031,ブレーキキャリパー 小型,自動車部品,2019-04-29,8474,3340,28303160,21923987,2830316,1415158,26169461,2133699,7.54
2024-09-01,P0031,ブレーキキャリパー 小型,自動車部品,2019-04-29,8557,3520,30120640,23331830,3012064,1506032,27849926,2270714,7.54
2024-10-01,P0031,ブレーキキャリパー 小型,自動車部品,2019-04-29,8633,4261,36785213,28494293,3678521,1839260,34012074,2773139,7.54
2024-11-01,P0031,ブレーキキャリパー 小型,自動車部品,2019-04-29,8621,4175,35992675,27880383,3599267,1799633,33279283,2713392,7.54
2024-12-01,P0031,ブレーキキャリパー 小型,自動車部品,2019-04-29,8526,3423,29184498,22606682,2918449,1459224,26984355,2200143,7.54
2025-01-01,P0031,ブレーキキャリパー 小型,自動車部品,2019-04-29,8668,2937,25457916,19720024,2545791,1272895,23538710,1919206,7.54
2025-02-01,P0031,ブレーキキャリパー 小型,自動車部品,2019-04-29,8548,3494,29866712,23135134,2986671,1493335,27615140,2251572,7.54
2025-03-01,P0031,ブレーキキャリパー 小型,自動車部品,2019-04-29,8470,3547,30043090,23271758,3004309,1502154,27778221,2264869,7.54
2025-04-01,P0031,ブレーキキャリパー 小型,自動車部品,2019-04-29,8478,3530,29927340,23182097,2992734,1496367,27671198,2256142,7.54
2025-05-01,P0031,ブレーキキャリパー 小型,自動車部品,2019-04-29,8661,2816,24389376,18892320,2438937,1219468,22550725,1838651,7.54
2025-06-01,P0031,ブレーキキャリパー 小型,自動車部品,2019-04-29,8528,3412,29097536,22539320,2909753,1454876,26903949,2193587,7.54
2025-07-01,P0031,ブレーキキャリパー 小型,自動車部品,2019-04-29,8677,3142,27263134,21118369,2726313,1363156,25207838,2055296,7.54
2025-08-01,P0031,ブレーキキャリパー 小型,自動車部品,2019-04-29,8658,2833,24528114,18999788,2452811,1226405,22679004,1849110,7.54
2025-09-01,P0031,ブレーキキャリパー 小型,自動車部品,2019-04-29,8625,4221,36406125,28200646,3640612,1820306,33661564,2744561,7.54
2025-10-01,P0031,ブレーキキャリパー 小型,自動車部品,2019-04-29,8654,3666,31725564,28998529,3172556,1586278,33757363,-2031799,-6.4
2025-11-01,P0031,ブレーキキャリパー 小型,自動車部品,2019-04-29,8540,3882,33152280,30302608,3315228,1657614,35275450,-2123170,-6.4
2025-12-01,P0031,ブレーキキャリパー 小型,自動車部品,2019-04-29,8507,3807,32386149,29602332,3238614,1619307,34460253,-2074104,-6.4
2026-01-01,P0031,ブレーキキャリパー 小型,自動車部品,2019-04-29,8540,3021,25799340,23581705,2579934,1289967,27451606,-1652266,-6.4
2026-02-01,P0031,ブレーキキャリパー 小型,自動車部品,2019-04-29,8539,3050,26043950,23805289,2604395,1302197,27711881,-1667931,-6.4
2026-03-01,P0031,ブレーキキャリパー 小型,自動車部品,2019-04-29,8717,4039,35207963,32181591,3520796,1760398,37462785,-2254822,-6.4
2024-04-01,P0032,ブレーキキャリパー 中型,自動車部品,2019-05-31,14953,660,9868980,7044398,986898,493449,8524745,1344235,13.62
2024-05-01,P0032,ブレーキキャリパー 中型,自動車部品,2019-05-31,14828,508,7532624,5376726,753262,376631,6506619,1026005,13.62
2024-06-01,P0032,ブレーキキャリパー 中型,自動車部品,2019-05-31,14809,561,8307849,5930075,830784,415392,7176251,1131598,13.62
2024-07-01,P0032,ブレーキキャリパー 中型,自動車部品,2019-05-31,14919,542,8086098,5771791,808609,404304,6984704,1101394,13.62
2024-08-01,P0032,ブレーキキャリパー 中型,自動車部品,2019-05-31,14680,570,8367600,5972725,836760,418380,7227865,1139735,13.62
2024-09-01,P0032,ブレーキキャリパー 中型,自動車部品,2019-05-31,14735,573,8443155,6026655,844315,422157,7293127,1150028,13.62
2024-10-01,P0032,ブレーキキャリパー 中型,自動車部品,2019-05-31,14876,709,10547084,7528423,1054708,527354,9110485,1436599,13.62
2024-11-01,P0032,ブレーキキャリパー 中型,自動車部品,2019-05-31,14812,743,11005316,7855505,1100531,550265,9506301,1499015,13.62
2024-12-01,P0032,ブレーキキャリパー 中型,自動車部品,2019-05-31,15243,563,8581809,6125625,858180,429090,7412895,1168914,13.62
2025-01-01,P0032,ブレーキキャリパー 中型,自動車部品,2019-05-31,14755,559,8248045,5887387,824804,412402,7124593,1123452,13.62
2025-02-01,P0032,ブレーキキャリパー 中型,自動車部品,2019-05-31,15267,569,8686923,6200655,868692,434346,7503693,1183230,13.62
2025-03-01,P0032,ブレーキキャリパー 中型,自動車部品,2019-05-31,15045,763,11479335,8193856,1147933,573966,9915755,1563580,13.62
2025-04-01,P0032,ブレーキキャリパー 中型,自動車部品,2019-05-31,14732,752,11078464,7907717,1107846,553923,9569486,1508978,13.62
2025-05-01,P0032,ブレーキキャリパー 中型,自動車部品,2019-05-31,14801,749,11085949,7913060,1108594,554297,9575951,1509998,13.62
2025-06-01,P0032,ブレーキキャリパー 中型,自動車部品,2019-05-31,14931,695,10377045,7407050,1037704,518852,8963606,1413439,13.62
2025-07-01,P0032,ブレーキキャリパー 中型,自動車部品,2019-05-31,15237,569,8669853,6188470,866985,433492,7488947,1180906,13.62
2025-08-01,P0032,ブレーキキャリパー 中型,自動車部品,2019-05-31,15276,484,7393584,5277480,739358,369679,6386517,1007067,13.62
2025-09-01,P0032,ブレーキキャリパー 中型,自動車部品,2019-05-31,15068,630,9492840,6775912,949284,474642,8199838,1293002,13.62
2025-10-01,P0032,ブレーキキャリパー 中型,自動車部品,2019-05-31,14713,826,12152938,10236109,1215293,607646,12059048,93890,0.77
2025-11-01,P0032,ブレーキキャリパー 中型,自動車部品,2019-05-31,15019,852,12796188,10777902,1279618,639809,12697329,98859,0.77
2025-12-01,P0032,ブレーキキャリパー 中型,自動車部品,2019-05-31,14768,753,11120304,9366347,1112030,556015,11034392,85912,0.77
2026-01-01,P0032,ブレーキキャリパー 中型,自動車部品,2019-05-31,15082,671,10120022,8523835,1012002,506001,10041838,78184,0.77
2026-02-01,P0032,ブレーキキャリパー 中型,自動車部品,2019-05-31,14772,651,9616572,8099792,961657,480828,9542277,74295,0.77
2026-03-01,P0032,ブレーキキャリパー 中型,自動車部品,2019-05-31,15191,654,9934914,8367924,993491,496745,9858160,76754,0.77
2024-04-01,P0033,ブレーキキャリパー 大型,自動車部品,2023-03-31,24414,674,16455036,11266875,1645503,822751,13735129,2719907,16.53
2024-05-01,P0033,ブレーキキャリパー 大型,自動車部品,2023-03-31,23611,499,11781889,8067139,1178188,589094,9834421,1947468,16.53
2024-06-01,P0033,ブレーキキャリパー 大型,自動車部品,2023-03-31,23514,700,16459800,11270137,1645980,822990,13739107,2720693,16.53
2024-07-01,P0033,ブレーキキャリパー 大型,自動車部品,2023-03-31,24112,610,14708320,10070887,1470832,735416,12277135,2431185,16.53
2024-08-01,P0033,ブレーキキャリパー 大型,自動車部品,2023-03-31,23806,576,13712256,9388875,1371225,685612,11445712,2266544,16.53
2024-09-01,P0033,ブレーキキャリパー 大型,自動車部品,2023-03-31,24026,706,16962356,11614241,1696235,848117,14158593,2803763,16.53
2024-10-01,P0033,ブレーキキャリパー 大型,自動車部品,2023-03-31,23996,607,14565572,9973146,1456557,728278,12157981,2407591,16.53
2024-11-01,P0033,ブレーキキャリパー 大型,自動車部品,2023-03-31,24095,830,19998850,13693349,1999885,999942,16693176,3305674,16.53
2024-12-01,P0033,ブレーキキャリパー 大型,自動車部品,2023-03-31,23765,680,16160200,11064999,1616020,808010,13489029,2671171,16.53
2025-01-01,P0033,ブレーキキャリパー 大型,自動車部品,2023-03-31,23691,546,12935286,8856878,1293528,646764,10797170,2138116,16.53
2025-02-01,P0033,ブレーキキャリパー 大型,自動車部品,2023-03-31,24401,527,12859327,8804869,1285932,642966,10733767,2125560,16.53
2025-03-01,P0033,ブレーキキャリパー 大型,自動車部品,2023-03-31,24237,640,15511680,10620953,1551168,775584,12947705,2563975,16.53
2025-04-01,P0033,ブレーキキャリパー 大型,自動車部品,2023-03-31,23728,539,12789392,8756984,1278939,639469,10675392,2114000,16.53
2025-05-01,P0033,ブレーキキャリパー 大型,自動車部品,2023-03-31,23767,602,14307734,9796603,1430773,715386,11942762,2364972,16.53
2025-06-01,P0033,ブレーキキャリパー 大型,自動車部品,2023-03-31,24374,733,17866142,12233069,1786614,893307,14912990,2953152,16.53
2025-07-01,P0033,ブレーキキャリパー 大型,自動車部品,2023-03-31,23604,678,16003512,10957714,1600351,800175,13358240,2645272,16.53
2025-08-01,P0033,ブレーキキャリパー 大型,自動車部品,2023-03-31,23598,618,14583564,9985465,1458356,729178,12172999,2410565,16.53
2025-09-01,P0033,ブレーキキャリパー 大型,自動車部品,2023-03-31,23953,763,18276139,12513797,1827613,913806,15255216,3020923,16.53
2025-10-01,P0033,ブレーキキャリパー 大型,自動車部品,2023-03-31,23607,642,15155694,12245104,1515569,757784,14518457,637237,4.2
2025-11-01,P0033,ブレーキキャリパー 大型,自動車部品,2023-03-31,23694,579,13718826,11084181,1371882,685941,13142004,576822,4.2
2025-12-01,P0033,ブレーキキャリパー 大型,自動車部品,2023-03-31,24220,801,19400220,15674486,1940022,970011,18584519,815701,4.2
2026-01-01,P0033,ブレーキキャリパー 大型,自動車部品,2023-03-31,23553,778,18324234,14805139,1832423,916211,17553773,770461,4.2
2026-02-01,P0033,ブレーキキャリパー 大型,自動車部品,2023-03-31,23703,679,16094337,13003485,1609433,804716,15417634,676703,4.2
2026-03-01,P0033,ブレーキキャリパー 大型,自動車部品,2023-03-31,23764,733,17419012,14073761,1741901,870950,16686612,732400,4.2
2024-04-01,P0034,ブレーキキャリパー 業務用,自動車部品,2021-03-12,31022,347,10764634,8153327,1076463,538231,9768021,996613,9.26
2024-05-01,P0034,ブレーキキャリパー 業務用,自動車部品,2021-03-12,31610,333,10526130,7972679,1052613,526306,9551598,974532,9.26
2024-06-01,P0034,ブレーキキャリパー 業務用,自動車部品,2021-03-12,31962,302,9652524,7310994,965252,482626,8758872,893652,9.26
2024-07-01,P0034,ブレーキキャリパー 業務用,自動車部品,2021-03-12,31822,320,10183040,7712817,1018304,509152,9240273,942767,9.26
2024-08-01,P0034,ブレーキキャリパー 業務用,自動車部品,2021-03-12,31684,320,10138880,7679369,1013888,506944,9200201,938679,9.26
2024-09-01,P0034,ブレーキキャリパー 業務用,自動車部品,2021-03-12,31892,385,12278420,9299895,1227842,613921,11141658,1136762,9.26
2024-10-01,P0034,ブレーキキャリパー 業務用,自動車部品,2021-03-12,31142,389,12114238,9175541,1211423,605711,10992675,1121563,9.26
2024-11-01,P0034,ブレーキキャリパー 業務用,自動車部品,2021-03-12,31554,328,10349712,7839057,1034971,517485,9391513,958199,9.26
2024-12-01,P0034,ブレーキキャリパー 業務用,自動車部品,2021-03-12,31095,308,9577260,7253988,957726,478863,8690577,886683,9.26
2025-01-01,P0034,ブレーキキャリパー 業務用,自動車部品,2021-03-12,31482,292,9192744,6962749,919274,459637,8341660,851084,9.26
2025-02-01,P0034,ブレーキキャリパー 業務用,自動車部品,2021-03-12,31559,306,9657054,7314426,965705,482852,8762983,894071,9.26
2025-03-01,P0034,ブレーキキャリパー 業務用,自動車部品,2021-03-12,31825,436,13875700,10509704,1387570,693785,12591059,1284641,9.26
2025-04-01,P0034,ブレーキキャリパー 業務用,自動車部品,2021-03-12,31482,311,9790902,7415804,979090,489545,8884439,906463,9.26
2025-05-01,P0034,ブレーキキャリパー 業務用,自動車部品,2021-03-12,31386,345,10828170,8201450,1082817,541408,9825675,1002495,9.26
2025-06-01,P0034,ブレーキキャリパー 業務用,自動車部品,2021-03-12,31056,377,11708112,8867934,1170811,585405,10624150,1083962,9.26
2025-07-01,P0034,ブレーキキャリパー 業務用,自動車部品,2021-03-12,30915,380,11747700,8897918,1174770,587385,10660073,1087627,9.26
2025-08-01,P0034,ブレーキキャリパー 業務用,自動車部品,2021-03-12,31539,341,10754799,8145877,1075479,537739,9759095,995704,9.26
2025-09-01,P0034,ブレーキキャリパー 業務用,自動車部品,2021-03-12,31729,318,10089822,7642212,1008982,504491,9155685,934137,9.26
2025-10-01,P0034,ブレーキキャリパー 業務用,自動車部品,2021-03-12,31765,310,9847150,8800921,984715,492357,10277993,-430843,-4.38
2025-11-01,P0034,ブレーキキャリパー 業務用,自動車部品,2021-03-12,30931,404,12496124,11168450,1249612,624806,13042868,-546744,-4.38
2025-12-01,P0034,ブレーキキャリパー 業務用,自動車部品,2021-03-12,31736,310,9838160,8792886,983816,491908,10268610,-430450,-4.38
2026-01-01,P0034,ブレーキキャリパー 業務用,自動車部品,2021-03-12,31910,325,10370750,9268890,1037075,518537,10824502,-453752,-4.38
2026-02-01,P0034,ブレーキキャリパー 業務用,自動車部品,2021-03-12,31670,392,12414640,11095623,1241464,620732,12957819,-543179,-4.38
2026-03-01,P0034,ブレーキキャリパー 業務用,自動車部品,2021-03-12,31683,356,11279148,10080774,1127914,563957,11772645,-493497,-4.38
2024-04-01,P0035,ブレーキキャリパー HD,自動車部品,2020-03-21,44928,1894,85093632,56511944,8509363,4254681,69275988,15817644,18.59
2024-05-01,P0035,ブレーキキャリパー HD,自動車部品,2020-03-21,45049,2023,91134127,60523526,9113412,4556706,74193644,16940483,18.59
2024-06-01,P0035,ブレーキキャリパー HD,自動車部品,2020-03-21,45196,2614,118142344,78460084,11814234,5907117,96181435,21960909,18.59
2024-07-01,P0035,ブレーキキャリパー HD,自動車部品,2020-03-21,44906,2205,99017730,65759144,9901773,4950886,80611803,18405927,18.59
2024-08-01,P0035,ブレーキキャリパー HD,自動車部品,2020-03-21,44821,1735,77764435,51644515,7776443,3888221,63309179,14455256,18.59
2024-09-01,P0035,ブレーキキャリパー HD,自動車部品,2020-03-21,45428,2726,123836728,82241809,12383672,6191836,100817317,23019411,18.59
2024-10-01,P0035,ブレーキキャリパー HD,自動車部品,2020-03-21,45767,2380,108925460,72339015,10892546,5446273,88677834,20247626,18.59
2024-11-01,P0035,ブレーキキャリパー HD,自動車部品,2020-03-21,44797,2164,96940708,64379763,9694070,4847035,78920868,18019840,18.59
2024-12-01,P0035,ブレーキキャリパー HD,自動車部品,2020-03-21,46121,2232,102942072,68365358,10294207,5147103,83806668,19135404,18.59
2025-01-01,P0035,ブレーキキャリパー HD,自動車部品,2020-03-21,45456,2579,117231024,77854863,11723102,5861551,95439516,21791508,18.59
2025-02-01,P0035,ブレーキキャリパー HD,自動車部品,2020-03-21,44671,1911,85366281,56693014,8536628,4268314,69497956,15868325,18.59
2025-03-01,P0035,ブレーキキャリパー HD,自動車部品,2020-03-21,45025,2763,124404075,82618593,12440407,6220203,101279203,23124872,18.59
2025-04-01,P0035,ブレーキキャリパー HD,自動車部品,2020-03-21,45722,2648,121071856,80405617,12107185,6053592,98566394,22505462,18.59
2025-05-01,P0035,ブレーキキャリパー HD,自動車部品,2020-03-21,45694,2216,101257904,67246877,10125790,5062895,82435562,18822342,18.59
2025-06-01,P0035,ブレーキキャリパー HD,自動車部品,2020-03-21,45172,2836,128107792,85078286,12810779,6405389,104294454,23813338,18.59
2025-07-01,P0035,ブレーキキャリパー HD,自動車部品,2020-03-21,46000,2267,104282000,69255224,10428200,5214100,84897524,19384476,18.59
2025-08-01,P0035,ブレーキキャリパー HD,自動車部品,2020-03-21,45942,1822,83706324,55590612,8370632,4185316,68146560,15559764,18.59
2025-09-01,P0035,ブレーキキャリパー HD,自動車部品,2020-03-21,45511,1999,90976489,60418837,9097648,4548824,74065309,16911180,18.59
2025-10-01,P0035,ブレーキキャリパー HD,自動車部品,2020-03-21,45450,2785,126578250,99193744,12657825,6328912,118180481,8397769,6.63
2025-11-01,P0035,ブレーキキャリパー HD,自動車部品,2020-03-21,45455,2616,118910280,93184697,11891028,5945514,111021239,7889041,6.63
2025-12-01,P0035,ブレーキキャリパー HD,自動車部品,2020-03-21,44728,2153,96299384,75465543,9629938,4814969,89910450,6388934,6.63
2026-01-01,P0035,ブレーキキャリパー HD,自動車部品,2020-03-21,45419,2163,98241297,76987334,9824129,4912064,91723527,6517770,6.63
2026-02-01,P0035,ブレーキキャリパー HD,自動車部品,2020-03-21,44780,2327,104203060,81659303,10420306,5210153,97289762,6913298,6.63
2026-03-01,P0035,ブレーキキャリパー HD,自動車部品,2020-03-21,45014,3023,136077322,106637744,13607732,6803866,127049342,9027980,6.63
2024-04-01,P0036,ハブベアリング 小型,自動車部品,2022-04-18,3937,4591,18074767,13554704,1807476,903738,16265918,1808849,10.01
2024-05-01,P0036,ハブベアリング 小型,自動車部品,2022-04-18,3979,5204,20706716,15528466,2070671,1035335,18634472,2072244,10.01
2024-06-01,P0036,ハブベアリング 小型,自動車部品,2022-04-18,4062,4044,16426728,12318800,1642672,821336,14782808,1643920,10.01
2024-07-01,P0036,ハブベアリング 小型,自動車部品,2022-04-18,4023,5082,20444886,15332114,2044488,1022244,18398846,2046040,10.01
2024-08-01,P0036,ハブベアリング 小型,自動車部品,2022-04-18,4052,4891,19818332,14862246,1981833,990916,17834995,1983337,10.01
2024-09-01,P0036,ハブベアリング 小型,自動車部品,2022-04-18,4005,4688,18775440,14080156,1877544,938772,16896472,1878968,10.01
2024-10-01,P0036,ハブベアリング 小型,自動車部品,2022-04-18,3950,5494,21701300,16274329,2170130,1085065,19529524,2171776,10.01
2024-11-01,P0036,ハブベアリング 小型,自動車部品,2022-04-18,3926,4902,19245252,14432479,1924525,962262,17319266,1925986,10.01
2024-12-01,P0036,ハブベアリング 小型,自動車部品,2022-04-18,4032,5600,22579200,16932687,2257920,1128960,20319567,2259633,10.01
2025-01-01,P0036,ハブベアリング 小型,自動車部品,2022-04-18,3958,5537,21915446,16434922,2191544,1095772,19722238,2193208,10.01
2025-02-01,P0036,ハブベアリング 小型,自動車部品,2022-04-18,3980,4423,17603540,13201320,1760354,880177,15841851,1761689,10.01
2025-03-01,P0036,ハブベアリング 小型,自動車部品,2022-04-18,4054,5618,22775372,17079802,2277537,1138768,20496107,2279265,10.01
2025-04-01,P0036,ハブベアリング 小型,自動車部品,2022-04-18,4054,5477,22203758,16651134,2220375,1110187,19981696,2222062,10.01
2025-05-01,P0036,ハブベアリング 小型,自動車部品,2022-04-18,4062,5430,22056660,16540822,2205666,1102833,19849321,2207339,10.01
2025-06-01,P0036,ハブベアリング 小型,自動車部品,2022-04-18,3915,4945,19359675,14518288,1935967,967983,17422238,1937437,10.01
2025-07-01,P0036,ハブベアリング 小型,自動車部品,2022-04-18,3970,3761,14931170,11197245,1493117,746558,13436920,1494250,10.01
2025-08-01,P0036,ハブベアリング 小型,自動車部品,2022-04-18,3935,3849,15145815,11358212,1514581,757290,13630083,1515732,10.01
2025-09-01,P0036,ハブベアリング 小型,自動車部品,2022-04-18,3939,5923,23330697,17496253,2333069,1166534,20995856,2334841,10.01
2025-10-01,P0036,ハブベアリング 小型,自動車部品,2022-04-18,4029,6232,25108728,22218977,2510872,1255436,25985285,-876557,-3.49
2025-11-01,P0036,ハブベアリング 小型,自動車部品,2022-04-18,4016,5826,23397216,20704442,2339721,1169860,24214023,-816807,-3.49
2025-12-01,P0036,ハブベアリング 小型,自動車部品,2022-04-18,4011,4910,19694010,17427436,1969401,984700,20381537,-687527,-3.49
2026-01-01,P0036,ハブベアリング 小型,自動車部品,2022-04-18,4057,4385,17789945,15742509,1778994,889497,18411000,-621055,-3.49
2026-02-01,P0036,ハブベアリング 小型,自動車部品,2022-04-18,3948,4616,18223968,16126581,1822396,911198,18860175,-636207,-3.49
2026-03-01,P0036,ハブベアリング 小型,自動車部品,2022-04-18,4012,5981,23995772,21234111,2399577,1199788,24833476,-837704,-3.49
2024-04-01,P0037,ハブベアリング 中型,自動車部品,2020-07-19,6237,1265,7889805,5166746,788980,394490,6350216,1539589,19.51
2024-05-01,P0037,ハブベアリング 中型,自動車部品,2020-07-19,6265,1285,8050525,5271996,805052,402526,6479574,1570951,19.51
2024-06-01,P0037,ハブベアリング 中型,自動車部品,2020-07-19,6238,1150,7173700,4697795,717370,358685,5773850,1399850,19.51
2024-07-01,P0037,ハブベアリング 中型,自動車部品,2020-07-19,6281,1062,6670422,4368216,667042,333521,5368779,1301643,19.51
2024-08-01,P0037,ハブベアリング 中型,自動車部品,2020-07-19,6245,1055,6588475,4314552,658847,329423,5302822,1285653,19.51
2024-09-01,P0037,ハブベアリング 中型,自動車部品,2020-07-19,6334,1110,7030740,4604175,703074,351537,5658786,1371954,19.51
2024-10-01,P0037,ハブベアリング 中型,自動車部品,2020-07-19,6371,1131,7205601,4718686,720560,360280,5799526,1406075,19.51
2024-11-01,P0037,ハブベアリング 中型,自動車部品,2020-07-19,6305,1639,10333895,6767292,1033389,516694,8317375,2016520,19.51
2024-12-01,P0037,ハブベアリング 中型,自動車部品,2020-07-19,6222,1541,9588102,6278899,958810,479405,7717114,1870988,19.51
2025-01-01,P0037,ハブベアリング 中型,自動車部品,2020-07-19,6379,1034,6595886,4319405,659588,329794,5308787,1287099,19.51
2025-02-01,P0037,ハブベアリング 中型,自動車部品,2020-07-19,6410,1397,8954770,5864153,895477,447738,7207368,1747402,19.51
2025-03-01,P0037,ハブベアリング 中型,自動車部品,2020-07-19,6394,1145,7321130,4794341,732113,366056,5892510,1428620,19.51
2025-04-01,P0037,ハブベアリング 中型,自動車部品,2020-07-19,6274,1142,7164908,4692037,716490,358245,5766772,1398136,19.51
2025-05-01,P0037,ハブベアリング 中型,自動車部品,2020-07-19,6449,1044,6732756,4409037,673275,336637,5418949,1313807,19.51
2025-06-01,P0037,ハブベアリング 中型,自動車部品,2020-07-19,6406,1044,6687864,4379638,668786,334393,5382817,1305047,19.51
2025-07-01,P0037,ハブベアリング 中型,自動車部品,2020-07-19,6383,1202,7672366,5024353,767236,383618,6175207,1497159,19.51
2025-08-01,P0037,ハブベアリング 中型,自動車部品,2020-07-19,6414,1166,7478724,4897544,747872,373936,6019352,1459372,19.51
2025-09-01,P0037,ハブベアリング 中型,自動車部品,2020-07-19,6197,1105,6847685,4484299,684768,342384,5511451,1336234,19.51
2025-10-01,P0037,ハブベアリング 中型,自動車部品,2020-07-19,6287,1381,8682347,6709188,868234,434117,8011539,670808,7.73
2025-11-01,P0037,ハブベアリング 中型,自動車部品,2020-07-19,6244,1182,7380408,5703129,738040,369020,6810189,570219,7.73
2025-12-01,P0037,ハブベアリング 中型,自動車部品,2020-07-19,6215,1239,7700385,5950388,770038,385019,7105445,594940,7.73
2026-01-01,P0037,ハブベアリング 中型,自動車部品,2020-07-19,6429,1041,6692589,5171625,669258,334629,6175512,517077,7.73
2026-02-01,P0037,ハブベアリング 中型,自動車部品,2020-07-19,6445,1170,7540650,5826954,754065,377032,6958051,582599,7.73
2026-03-01,P0037,ハブベアリング 中型,自動車部品,2020-07-19,6233,1650,10284450,7947196,1028445,514222,9489863,794587,7.73
2024-04-01,P0038,ハブベアリング 大型,自動車部品,2023-02-23,10801,1836,19830636,13707491,1983063,991531,16682085,3148551,15.88
2024-05-01,P0038,ハブベアリング 大型,自動車部品,2023-02-23,10586,1480,15667280,10829663,1566728,783364,13179755,2487525,15.88
2024-06-01,P0038,ハブベアリング 大型,自動車部品,2023-02-23,10764,1543,16608852,11480504,1660885,830442,13971831,2637021,15.88
2024-07-01,P0038,ハブベアリング 大型,自動車部品,2023-02-23,10793,1998,21564414,14905927,2156441,1078220,18140588,3423826,15.88
2024-08-01,P0038,ハブベアリング 大型,自動車部品,2023-02-23,10927,1712,18707024,12930819,1870702,935351,15736872,2970152,15.88
2024-09-01,P0038,ハブベアリング 大型,自動車部品,2023-02-23,10522,1990,20938780,14473472,2093878,1046939,17614289,3324491,15.88
2024-10-01,P0038,ハブベアリング 大型,自動車部品,2023-02-23,10661,2237,23848657,16484860,2384865,1192432,20062157,3786500,15.88
2024-11-01,P0038,ハブベアリング 大型,自動車部品,2023-02-23,10723,1639,17574997,12148331,1757499,878749,14784579,2790418,15.88
2024-12-01,P0038,ハブベアリング 大型,自動車部品,2023-02-23,10615,2292,24329580,16817288,2432958,1216479,20466725,3862855,15.88
2025-01-01,P0038,ハブベアリング 大型,自動車部品,2023-02-23,10580,1852,19594160,13544033,1959416,979708,16483157,3111003,15.88
2025-02-01,P0038,ハブベアリング 大型,自動車部品,2023-02-23,10540,1529,16115660,11139596,1611566,805783,13556945,2558715,15.88
2025-03-01,P0038,ハブベアリング 大型,自動車部品,2023-02-23,10876,2230,24253480,16764685,2425348,1212674,20402707,3850773,15.88
2025-04-01,P0038,ハブベアリング 大型,自動車部品,2023-02-23,10629,1513,16081677,11116106,1608167,804083,13528356,2553321,15.88
2025-05-01,P0038,ハブベアリング 大型,自動車部品,2023-02-23,10517,1550,16301350,11267950,1630135,815067,13713152,2588198,15.88
2025-06-01,P0038,ハブベアリング 大型,自動車部品,2023-02-23,10805,1898,20507890,14175628,2050789,1025394,17251811,3256079,15.88
2025-07-01,P0038,ハブベアリング 大型,自動車部品,2023-02-23,10671,1771,18898341,13063063,1889834,944917,15897814,3000527,15.88
2025-08-01,P0038,ハブベアリング 大型,自動車部品,2023-02-23,10545,1614,17019630,11764445,1701963,850981,14317389,2702241,15.88
2025-09-01,P0038,ハブベアリング 大型,自動車部品,2023-02-23,10905,1601,17458905,12068084,1745890,872945,14686919,2771986,15.88
2025-10-01,P0038,ハブベアリング 大型,自動車部品,2023-02-23,10901,2155,23491655,19160947,2349165,1174582,22684694,806961,3.44
2025-11-01,P0038,ハブベアリング 大型,自動車部品,2023-02-23,10784,2385,25719840,20978364,2571984,1285992,24836340,883500,3.44
2025-12-01,P0038,ハブベアリング 大型,自動車部品,2023-02-23,10684,2285,24412940,19912392,2441294,1220647,23574333,838607,3.44
2026-01-01,P0038,ハブベアリング 大型,自動車部品,2023-02-23,10532,1489,15682148,12791129,1568214,784107,15143450,538698,3.44
2026-02-01,P0038,ハブベアリング 大型,自動車部品,2023-02-23,10546,1568,16536128,13487678,1653612,826806,15968096,568032,3.44
2026-03-01,P0038,ハブベアリング 大型,自動車部品,2023-02-23,10806,1923,20779938,16949137,2077993,1038996,20066126,713812,3.44
2024-04-01,P0039,ハブベアリング 業務用,自動車部品,2021-08-31,14118,1997,28193646,19264026,2819364,1409682,23493072,4700574,16.67
2024-05-01,P0039,ハブベアリング 業務用,自動車部品,2021-08-31,14237,2118,30153966,20603465,3015396,1507698,25126559,5027407,16.67
2024-06-01,P0039,ハブベアリング 業務用,自動車部品,2021-08-31,14195,1633,23180435,15838622,2318043,1159021,19315686,3864749,16.67
2024-07-01,P0039,ハブベアリング 業務用,自動車部品,2021-08-31,14191,1702,24153082,16503208,2415308,1207654,20126170,4026912,16.67
2024-08-01,P0039,ハブベアリング 業務用,自動車部品,2021-08-31,14469,1939,28055391,19169560,2805539,1402769,23377868,4677523,16.67
2024-09-01,P0039,ハブベアリング 業務用,自動車部品,2021-08-31,14114,2187,30867318,21090880,3086731,1543365,25720976,5146342,16.67
2024-10-01,P0039,ハブベアリング 業務用,自動車部品,2021-08-31,14422,2392,34497424,23571243,3449742,1724871,28745856,5751568,16.67
2024-11-01,P0039,ハブベアリング 業務用,自動車部品,2021-08-31,14405,1959,28219395,19281620,2821939,1410969,23514528,4704867,16.67
2024-12-01,P0039,ハブベアリング 業務用,自動車部品,2021-08-31,14286,2116,30229176,20654854,3022917,1511458,25189229,5039947,16.67
2025-01-01,P0039,ハブベアリング 業務用,自動車部品,2021-08-31,14331,1714,24563334,16783523,2456333,1228166,20468022,4095312,16.67
2025-02-01,P0039,ハブベアリング 業務用,自動車部品,2021-08-31,14128,1704,24074112,16449249,2407411,1203705,20060365,4013747,16.67
2025-03-01,P0039,ハブベアリング 業務用,自動車部品,2021-08-31,14581,1903,27747643,18959283,2774764,1387382,23121429,4626214,16.67
2025-04-01,P0039,ハブベアリング 業務用,自動車部品,2021-08-31,14238,1761,25073118,17131846,2507311,1253655,20892812,4180306,16.67
2025-05-01,P0039,ハブベアリング 業務用,自動車部品,2021-08-31,14549,1790,26042710,17794344,2604271,1302135,21700750,4341960,16.67
2025-06-01,P0039,ハブベアリング 業務用,自動車部品,2021-08-31,14561,2080,30286880,20694281,3028688,1514344,25237313,5049567,16.67
2025-07-01,P0039,ハブベアリング 業務用,自動車部品,2021-08-31,14100,1679,23673900,16175794,2367390,1183695,19726879,3947021,16.67
2025-08-01,P0039,ハブベアリング 業務用,自動車部品,2021-08-31,14232,1763,25091016,17144075,2509101,1254550,20907726,4183290,16.67
2025-09-01,P0039,ハブベアリング 業務用,自動車部品,2021-08-31,14538,2273,33044874,22578751,3304487,1652243,27535481,5509393,16.67
2025-10-01,P0039,ハブベアリング 業務用,自動車部品,2021-08-31,14591,2107,30743237,24787197,3074323,1537161,29398681,1344556,4.37
2025-11-01,P0039,ハブベアリング 業務用,自動車部品,2021-08-31,14189,2279,32336731,26071975,3233673,1616836,30922484,1414247,4.37
2025-12-01,P0039,ハブベアリング 業務用,自動車部品,2021-08-31,14055,2121,29810655,24035289,2981065,1490532,28506886,1303769,4.37
2026-01-01,P0039,ハブベアリング 業務用,自動車部品,2021-08-31,14092,2275,32059300,25848292,3205930,1602965,30657187,1402113,4.37
2026-02-01,P0039,ハブベアリング 業務用,自動車部品,2021-08-31,14358,1873,26892534,21682510,2689253,1344626,25716389,1176145,4.37
2026-03-01,P0039,ハブベアリング 業務用,自動車部品,2021-08-31,14080,1823,25667840,20695082,2566784,1283392,24545258,1122582,4.37
2024-04-01,P0040,ハブベアリング HD,自動車部品,2019-03-23,19355,2859,55335945,43107189,5533594,2766797,51407580,3928365,7.1
2024-05-01,P0040,ハブベアリング HD,自動車部品,2019-03-23,19162,3228,61854936,48185540,6185493,3092746,57463779,4391157,7.1
2024-06-01,P0040,ハブベアリング HD,自動車部品,2019-03-23,19577,3180,62254860,48497085,6225486,3112743,57835314,4419546,7.1
2024-07-01,P0040,ハブベアリング HD,自動車部品,2019-03-23,19094,3859,73683746,57400288,7368374,3684187,68452849,5230897,7.1
2024-08-01,P0040,ハブベアリング HD,自動車部品,2019-03-23,19446,3655,71075130,55368153,7107513,3553756,66029422,5045708,7.1
2024-09-01,P0040,ハブベアリング HD,自動車部品,2019-03-23,19535,3838,74975330,58406443,7497533,3748766,69652742,5322588,7.1
2024-10-01,P0040,ハブベアリング HD,自動車部品,2019-03-23,19620,4125,80932500,63047131,8093250,4046625,75187006,5745494,7.1
2024-11-01,P0040,ハブベアリング HD,自動車部品,2019-03-23,19398,3969,76990662,59976405,7699066,3849533,71525004,5465658,7.1
2024-12-01,P0040,ハブベアリング HD,自動車部品,2019-03-23,19067,3545,67592515,52655165,6759251,3379625,62794041,4798474,7.1
2025-01-01,P0040,ハブベアリング HD,自動車部品,2019-03-23,19011,3871,73591581,57328490,7359158,3679579,68367227,5224354,7.1
2025-02-01,P0040,ハブベアリング HD,自動車部品,2019-03-23,19058,3306,63005748,49082033,6300574,3150287,58532894,4472854,7.1
2025-03-01,P0040,ハブベアリング HD,自動車部品,2019-03-23,19480,3501,68199480,53127996,6819948,3409974,63357918,4841562,7.1
2025-04-01,P0040,ハブベアリング HD,自動車部品,2019-03-23,19311,3628,70060308,54577598,7006030,3503015,65086643,4973665,7.1
2025-05-01,P0040,ハブベアリング HD,自動車部品,2019-03-23,19321,2885,55741085,43422797,5574108,2787054,51783959,3957126,7.1
2025-06-01,P0040,ハブベアリング HD,自動車部品,2019-03-23,19543,3418,66797974,52036211,6679797,3339898,62055906,4742068,7.1
2025-07-01,P0040,ハブベアリング HD,自動車部品,2019-03-23,19366,3372,65302152,50870952,6530215,3265107,60666274,4635878,7.1
2025-08-01,P0040,ハブベアリング HD,自動車部品,2019-03-23,19734,3071,60603114,47210360,6060311,3030155,56300826,4302288,7.1
2025-09-01,P0040,ハブベアリング HD,自動車部品,2019-03-23,19370,4004,77557480,60417961,7755748,3877874,72051583,5505897,7.1
2025-10-01,P0040,ハブベアリング HD,自動車部品,2019-03-23,19006,3782,71880692,66074918,7188069,3594034,76857021,-4976329,-6.92
2025-11-01,P0040,ハブベアリング HD,自動車部品,2019-03-23,19232,4703,90448096,83142640,9044809,4522404,96709853,-6261757,-6.92
2025-12-01,P0040,ハブベアリング HD,自動車部品,2019-03-23,19760,3441,67994160,62502299,6799416,3399708,72701423,-4707263,-6.92
2026-01-01,P0040,ハブベアリング HD,自動車部品,2019-03-23,19022,3950,75136900,69068123,7513690,3756845,80338658,-5201758,-6.92
2026-02-01,P0040,ハブベアリング HD,自動車部品,2019-03-23,19005,2995,56919975,52322572,5691997,2845998,60860567,-3940592,-6.92
2026-03-01,P0040,ハブベアリング HD,自動車部品,2019-03-23,19040,4154,79092160,72703918,7909216,3954608,84567742,-5475582,-6.92
2024-04-01,P0041,トランスミッションギア 小型,自動車部品,2019-02-10,11242,2622,29476524,22583381,2947652,1473826,27004859,2471665,8.39
2024-05-01,P0041,トランスミッションギア 小型,自動車部品,2019-02-10,11128,2336,25995008,19916025,2599500,1299750,23815275,2179733,8.39
2024-06-01,P0041,トランスミッションギア 小型,自動車部品,2019-02-10,11328,1940,21976320,16837115,2197632,1098816,20133563,1842757,8.39
2024-07-01,P0041,トランスミッションギア 小型,自動車部品,2019-02-10,11035,1778,19620230,15032001,1962023,981011,17975035,1645195,8.39
2024-08-01,P0041,トランスミッションギア 小型,自動車部品,2019-02-10,11003,1846,20311538,15561645,2031153,1015576,18608374,1703164,8.39
2024-09-01,P0041,トランスミッションギア 小型,自動車部品,2019-02-10,11315,2288,25888720,19834592,2588872,1294436,23717900,2170820,8.39
2024-10-01,P0041,トランスミッションギア 小型,自動車部品,2019-02-10,11268,2765,31156020,23870124,3115602,1557801,28543527,2612493,8.39
2024-11-01,P0041,トランスミッションギア 小型,自動車部品,2019-02-10,11180,2943,32902740,25208370,3290274,1645137,30143781,2758959,8.39
2024-12-01,P0041,トランスミッションギア 小型,自動車部品,2019-02-10,11224,2811,31550664,24172480,3155066,1577533,28905079,2645585,8.39
2025-01-01,P0041,トランスミッションギア 小型,自動車部品,2019-02-10,11421,2089,23858469,18279119,2385846,1192923,21857888,2000581,8.39
2025-02-01,P0041,トランスミッションギア 小型,自動車部品,2019-02-10,11009,2138,23537242,18033012,2353724,1176862,21563598,1973644,8.39
2025-03-01,P0041,トランスミッションギア 小型,自動車部品,2019-02-10,11162,2319,25884678,19831495,2588467,1294233,23714195,2170483,8.39
2025-04-01,P0041,トランスミッションギア 小型,自動車部品,2019-02-10,11233,2099,23578067,18064290,2357806,1178903,21600999,1977068,8.39
2025-05-01,P0041,トランスミッションギア 小型,自動車部品,2019-02-10,11128,2574,28643472,21945140,2864347,1432173,26241660,2401812,8.39
2025-06-01,P0041,トランスミッションギア 小型,自動車部品,2019-02-10,11150,2369,26414350,20237303,2641435,1320717,24199455,2214895,8.39
2025-07-01,P0041,トランスミッションギア 小型,自動車部品,2019-02-10,11068,2387,26419316,20241107,2641931,1320965,24204003,2215313,8.39
2025-08-01,P0041,トランスミッションギア 小型,自動車部品,2019-02-10,11223,1680,18854640,14445445,1885464,942732,17273641,1580999,8.39
2025-09-01,P0041,トランスミッションギア 小型,自動車部品,2019-02-10,11354,2511,28509894,21842800,2850989,1425494,26119283,2390611,8.39
2025-10-01,P0041,トランスミッションギア 小型,自動車部品,2019-02-10,11344,2556,28995264,26213305,2899526,1449763,30562594,-1567330,-5.41
2025-11-01,P0041,トランスミッションギア 小型,自動車部品,2019-02-10,11012,2474,27243688,24629784,2724368,1362184,28716336,-1472648,-5.41
2025-12-01,P0041,トランスミッションギア 小型,自動車部品,2019-02-10,11014,2088,22997232,20790756,2299723,1149861,24240340,-1243108,-5.41
2026-01-01,P0041,トランスミッションギア 小型,自動車部品,2019-02-10,11219,2189,24558391,22202129,2455839,1227919,25885887,-1327496,-5.41
2026-02-01,P0041,トランスミッションギア 小型,自動車部品,2019-02-10,11249,2215,24916535,22525910,2491653,1245826,26263389,-1346854,-5.41
2026-03-01,P0041,トランスミッションギア 小型,自動車部品,2019-02-10,11301,2565,28987065,26205892,2898706,1449353,30553951,-1566886,-5.41
2024-04-01,P0042,トランスミッションギア 中型,自動車部品,2022-11-09,18177,3084,56057868,49251069,5605786,2802893,57659748,-1601880,-2.86
2024-05-01,P0042,トランスミッションギア 中型,自動車部品,2022-11-09,18360,3439,63140040,55473292,6314004,3157002,64944298,-1804258,-2.86
2024-06-01,P0042,トランスミッションギア 中型,自動車部品,2022-11-09,18165,3241,58872765,51724169,5887276,2943638,60555083,-1682318,-2.86
2024-07-01,P0042,トランスミッションギア 中型,自動車部品,2022-11-09,18397,3395,62457815,54873906,6245781,3122890,64242577,-1784762,-2.86
2024-08-01,P0042,トランスミッションギア 中型,自動車部品,2022-11-09,18246,2541,46363086,40733471,4636308,2318154,47687933,-1324847,-2.86
2024-09-01,P0042,トランスミッションギア 中型,自動車部品,2022-11-09,17950,4051,72715450,63886013,7271545,3635772,74793330,-2077880,-2.86
2024-10-01,P0042,トランスミッションギア 中型,自動車部品,2022-11-09,18043,4198,75744514,66547274,7574451,3787225,77908950,-2164436,-2.86
2024-11-01,P0042,トランスミッションギア 中型,自動車部品,2022-11-09,18234,3862,70419708,61869030,7041970,3520985,72431985,-2012277,-2.86
2024-12-01,P0042,トランスミッションギア 中型,自動車部品,2022-11-09,18593,2956,54960908,48287307,5496090,2748045,56531442,-1570534,-2.86
2025-01-01,P0042,トランスミッションギア 中型,自動車部品,2022-11-09,18622,3438,64022436,56248544,6402243,3201121,65851908,-1829472,-2.86
2025-02-01,P0042,トランスミッションギア 中型,自動車部品,2022-11-09,18557,3202,59419514,52204529,5941951,2970975,61117455,-1697941,-2.86
2025-03-01,P0042,トランスミッションギア 中型,自動車部品,2022-11-09,18331,4502,82526162,72505464,8252616,4126308,84884388,-2358226,-2.86
2025-04-01,P0042,トランスミッションギア 中型,自動車部品,2022-11-09,18425,2930,53985250,47430118,5398525,2699262,55527905,-1542655,-2.86
2025-05-01,P0042,トランスミッションギア 中型,自動車部品,2022-11-09,18615,3391,63123465,55458730,6312346,3156173,64927249,-1803784,-2.86
2025-06-01,P0042,トランスミッションギア 中型,自動車部品,2022-11-09,18120,3416,61897920,54381996,6189792,3094896,63666684,-1768764,-2.86
2025-07-01,P0042,トランスミッションギア 中型,自動車部品,2022-11-09,18435,2695,49682325,43649673,4968232,2484116,51102021,-1419696,-2.86
2025-08-01,P0042,トランスミッションギア 中型,自動車部品,2022-11-09,17944,3540,63521760,55808662,6352176,3176088,65336926,-1815166,-2.86
2025-09-01,P0042,トランスミッションギア 中型,自動車部品,2022-11-09,18602,3838,71394476,62725437,7139447,3569723,73434607,-2040131,-2.86
2025-10-01,P0042,トランスミッションギア 中型,自動車部品,2022-11-09,18004,3051,54930204,56947191,5493020,2746510,65186721,-10256517,-18.67
2025-11-01,P0042,トランスミッションギア 中型,自動車部品,2022-11-09,18398,4147,76296506,79098044,7629650,3814825,90542519,-14246013,-18.67
2025-12-01,P0042,トランスミッションギア 中型,自動車部品,2022-11-09,18534,3042,56380428,58450666,5638042,2819021,66907729,-10527301,-18.67
2026-01-01,P0042,トランスミッションギア 中型,自動車部品,2022-11-09,18587,3534,65686458,68098405,6568645,3284322,77951372,-12264914,-18.67
2026-02-01,P0042,トランスミッションギア 中型,自動車部品,2022-11-09,18518,4030,74627540,77367795,7462754,3731377,88561926,-13934386,-18.67
2026-03-01,P0042,トランスミッションギア 中型,自動車部品,2022-11-09,18108,3875,70168500,72745023,7016850,3508425,83270298,-13101798,-18.67
2024-04-01,P0043,トランスミッションギア 大型,自動車部品,2019-05-04,28293,443,12533799,9673406,1253379,626689,11553474,980325,7.82
2024-05-01,P0043,トランスミッションギア 大型,自動車部品,2019-05-04,28127,450,12657150,9768607,1265715,632857,11667179,989971,7.82
2024-06-01,P0043,トランスミッションギア 大型,自動車部品,2019-05-04,27889,456,12717384,9815095,1271738,635869,11722702,994682,7.82
2024-07-01,P0043,トランスミッションギア 大型,自動車部品,2019-05-04,28249,446,12599054,9723769,1259905,629952,11613626,985428,7.82
2024-08-01,P0043,トランスミッションギア 大型,自動車部品,2019-05-04,27617,526,14526542,11211377,1452654,726327,13390358,1136184,7.82
2024-09-01,P0043,トランスミッションギア 大型,自動車部品,2019-05-04,28520,633,18053160,13933170,1805316,902658,16641144,1412016,7.82
2024-10-01,P0043,トランスミッションギア 大型,自動車部品,2019-05-04,28293,546,15447978,11922528,1544797,772398,14239723,1208255,7.82
2024-11-01,P0043,トランスミッションギア 大型,自動車部品,2019-05-04,27726,587,16275162,12560937,1627516,813758,15002211,1272951,7.82
2024-12-01,P0043,トランスミッションギア 大型,自動車部品,2019-05-04,27649,589,16285261,12568731,1628526,814263,15011520,1273741,7.82
2025-01-01,P0043,トランスミッションギア 大型,自動車部品,2019-05-04,28592,639,18270288,14100747,1827028,913514,16841289,1428999,7.82
2025-02-01,P0043,トランスミッションギア 大型,自動車部品,2019-05-04,28185,626,17643810,13617240,1764381,882190,16263811,1379999,7.82
2025-03-01,P0043,トランスミッションギア 大型,自動車部品,2019-05-04,28659,624,17883216,13802010,1788321,894160,16484491,1398725,7.82
2025-04-01,P0043,トランスミッションギア 大型,自動車部品,2019-05-04,27638,474,13100412,10110710,1310041,655020,12075771,1024641,7.82
2025-05-01,P0043,トランスミッションギア 大型,自動車部品,2019-05-04,27922,540,15077880,11636892,1507788,753894,13898574,1179306,7.82
2025-06-01,P0043,トランスミッションギア 大型,自動車部品,2019-05-04,27560,515,14193400,10954263,1419340,709670,13083273,1110127,7.82
2025-07-01,P0043,トランスミッションギア 大型,自動車部品,2019-05-04,27849,519,14453631,11155105,1445363,722681,13323149,1130482,7.82
2025-08-01,P0043,トランスミッションギア 大型,自動車部品,2019-05-04,27598,413,11397974,8796793,1139797,569898,10506488,891486,7.82
2025-09-01,P0043,トランスミッションギア 大型,自動車部品,2019-05-04,28541,525,14984025,11564456,1498402,749201,13812059,1171966,7.82
2025-10-01,P0043,トランスミッションギア 大型,自動車部品,2019-05-04,28316,545,15432220,14054232,1543222,771611,16369065,-936845,-6.07
2025-11-01,P0043,トランスミッションギア 大型,自動車部品,2019-05-04,27921,673,18790833,17112945,1879083,939541,19931569,-1140736,-6.07
2025-12-01,P0043,トランスミッションギア 大型,自動車部品,2019-05-04,28330,658,18641140,16976619,1864114,932057,19772790,-1131650,-6.07
2026-01-01,P0043,トランスミッションギア 大型,自動車部品,2019-05-04,27553,568,15650104,14252661,1565010,782505,16600176,-950072,-6.07
2026-02-01,P0043,トランスミッションギア 大型,自動車部品,2019-05-04,28667,452,12957484,11800473,1295748,647874,13744095,-786611,-6.07
2026-03-01,P0043,トランスミッションギア 大型,自動車部品,2019-05-04,28607,679,19424153,17689714,1942415,971207,20603336,-1179183,-6.07
2024-04-01,P0044,トランスミッションギア 業務用,自動車部品,2023-02-25,38673,7002,270788346,182323114,27078834,13539417,222941365,47846981,17.67
2024-05-01,P0044,トランスミッションギア 業務用,自動車部品,2023-02-25,38669,8495,328493155,221176044,32849315,16424657,270450016,58043139,17.67
2024-06-01,P0044,トランスミッションギア 業務用,自動車部品,2023-02-25,37903,7321,277487863,186833932,27748786,13874393,228457111,49030752,17.67
2024-07-01,P0044,トランスミッションギア 業務用,自動車部品,2023-02-25,38675,9033,349351275,235219918,34935127,17467563,287622608,61728667,17.67
2024-08-01,P0044,トランスミッションギア 業務用,自動車部品,2023-02-25,37923,8123,308048529,207410577,30804852,15402426,253617855,54430674,17.67
2024-09-01,P0044,トランスミッションギア 業務用,自動車部品,2023-02-25,38940,8428,328186320,220969450,32818632,16409316,270197398,57988922,17.67
2024-10-01,P0044,トランスミッションギア 業務用,自動車部品,2023-02-25,38146,9343,356398078,239964565,35639807,17819903,293424275,62973803,17.67
2024-11-01,P0044,トランスミッションギア 業務用,自動車部品,2023-02-25,38088,10242,390097296,262654413,39009729,19504864,321169006,68928290,17.67
2024-12-01,P0044,トランスミッションギア 業務用,自動車部品,2023-02-25,38123,9778,372766694,250985634,37276669,18638334,306900637,65866057,17.67
2025-01-01,P0044,トランスミッションギア 業務用,自動車部品,2023-02-25,38852,10312,400641824,269754095,40064182,20032091,329850368,70791456,17.67
2025-02-01,P0044,トランスミッションギア 業務用,自動車部品,2023-02-25,38325,10697,409962525,276029768,40996252,20498126,337524146,72438379,17.67
2025-03-01,P0044,トランスミッションギア 業務用,自動車部品,2023-02-25,38540,9800,377692000,254301866,37769200,18884600,310955666,66736334,17.67
2025-04-01,P0044,トランスミッションギア 業務用,自動車部品,2023-02-25,38323,9837,376983351,253824729,37698335,18849167,310372231,66611120,17.67
2025-05-01,P0044,トランスミッションギア 業務用,自動車部品,2023-02-25,38608,9357,361255056,243234792,36125505,18062752,297423049,63832007,17.67
2025-06-01,P0044,トランスミッションギア 業務用,自動車部品,2023-02-25,38603,9764,376919692,253781868,37691969,18845984,310319821,66599871,17.67
2025-07-01,P0044,トランスミッションギア 業務用,自動車部品,2023-02-25,38224,7252,277200448,186640414,27720044,13860022,228220480,48979968,17.67
2025-08-01,P0044,トランスミッションギア 業務用,自動車部品,2023-02-25,37466,8026,300702116,202464202,30070211,15035105,247569518,53132598,17.67
2025-09-01,P0044,トランスミッションギア 業務用,自動車部品,2023-02-25,38395,10419,400037505,269347204,40003750,20001875,329352829,70684676,17.67
2025-10-01,P0044,トランスミッションギア 業務用,自動車部品,2023-02-25,38710,8156,315718760,250838478,31571876,15785938,298196292,17522468,5.55
2025-11-01,P0044,トランスミッションギア 業務用,自動車部品,2023-02-25,38621,10903,421084763,334551742,42108476,21054238,397714456,23370307,5.55
2025-12-01,P0044,トランスミッションギア 業務用,自動車部品,2023-02-25,38768,9163,355231184,282231089,35523118,17761559,335515766,19715418,5.55
2026-01-01,P0044,トランスミッションギア 業務用,自動車部品,2023-02-25,38334,8807,337607538,268229107,33760753,16880376,318870236,18737302,5.55
2026-02-01,P0044,トランスミッションギア 業務用,自動車部品,2023-02-25,38448,7298,280593504,222931471,28059350,14029675,265020496,15573008,5.55
2026-03-01,P0044,トランスミッションギア 業務用,自動車部品,2023-02-25,38329,10908,418092732,332174574,41809273,20904636,394888483,23204249,5.55
2024-04-01,P0045,トランスミッションギア HD,自動車部品,2021-06-30,52739,14599,769936661,531519674,76993666,38496833,647010173,122926488,15.97
2024-05-01,P0045,トランスミッションギア HD,自動車部品,2021-06-30,53321,11835,631054035,435643153,63105403,31552701,530301257,100752778,15.97
2024-06-01,P0045,トランスミッションギア HD,自動車部品,2021-06-30,53381,14806,790359086,545618133,79035908,39517954,664171995,126187091,15.97
2024-07-01,P0045,トランスミッションギア HD,自動車部品,2021-06-30,53237,14624,778537888,537457462,77853788,38926894,654238144,124299744,15.97
2024-08-01,P0045,トランスミッションギア HD,自動車部品,2021-06-30,52589,12808,673559912,464986748,67355991,33677995,566020734,107539178,15.97
2024-09-01,P0045,トランスミッションギア HD,自動車部品,2021-06-30,52450,11879,623053550,430120082,62305355,31152677,523578114,99475436,15.97
2024-10-01,P0045,トランスミッションギア HD,自動車部品,2021-06-30,52403,15880,832159640,574474814,83215964,41607982,699298760,132860880,15.97
2024-11-01,P0045,トランスミッションギア HD,自動車部品,2021-06-30,51542,17255,889357210,613960703,88935721,44467860,747364284,141992926,15.97
2024-12-01,P0045,トランスミッションギア HD,自動車部品,2021-06-30,52372,13672,716029984,494305626,71602998,35801499,601710123,114319861,15.97
2025-01-01,P0045,トランスミッションギア HD,自動車部品,2021-06-30,51540,13302,685585080,473288228,68558508,34279254,576125990,109459090,15.97
2025-02-01,P0045,トランスミッションギア HD,自動車部品,2021-06-30,53067,11777,624970059,431443128,62497005,31248502,525188635,99781424,15.97
2025-03-01,P0045,トランスミッションギア HD,自動車部品,2021-06-30,51414,14945,768382230,530446584,76838223,38419111,645703918,122678312,15.97
2025-04-01,P0045,トランスミッションギア HD,自動車部品,2021-06-30,52304,10476,547936704,378263762,54793670,27396835,460454267,87482437,15.97
2025-05-01,P0045,トランスミッションギア HD,自動車部品,2021-06-30,52789,11245,593612305,409795551,59361230,29680615,498837396,94774909,15.97
2025-06-01,P0045,トランスミッションギア HD,自動車部品,2021-06-30,51790,15287,791713730,546553301,79171373,39585686,665310360,126403370,15.97
2025-07-01,P0045,トランスミッションギア HD,自動車部品,2021-06-30,51636,12759,658823724,454813738,65882372,32941186,553637296,105186428,15.97
2025-08-01,P0045,トランスミッションギア HD,自動車部品,2021-06-30,53174,10708,569387192,393071937,56938719,28469359,478480015,90907177,15.97
2025-09-01,P0045,トランスミッションギア HD,自動車部品,2021-06-30,53168,13913,739726384,510664248,73972638,36986319,621623205,118103179,15.97
2025-10-01,P0045,トランスミッションギア HD,自動車部品,2021-06-30,52004,12778,664507112,541309919,66450711,33225355,640985985,23521127,3.54
2025-11-01,P0045,トランスミッションギア HD,自動車部品,2021-06-30,52318,14865,777707070,633523018,77770707,38885353,750179078,27527992,3.54
2025-12-01,P0045,トランスミッションギア HD,自動車部品,2021-06-30,51552,17213,887364576,722850423,88736457,44368228,855955108,31409468,3.54
2026-01-01,P0045,トランスミッションギア HD,自動車部品,2021-06-30,53121,15597,828528237,674922127,82852823,41426411,799201361,29326876,3.54
2026-02-01,P0045,トランスミッションギア HD,自動車部品,2021-06-30,52033,13963,726536779,591839513,72653677,36326838,700820028,25716751,3.54
2026-03-01,P0045,トランスミッションギア HD,自動車部品,2021-06-30,51925,15155,786923375,641030654,78692337,39346168,759069159,27854216,3.54
2024-04-01,P0046,スパークプラグ 小型,自動車部品,2021-07-02,293,777,227661,148392,22766,11383,182541,45120,19.82
2024-05-01,P0046,スパークプラグ 小型,自動車部品,2021-07-02,289,816,235824,153712,23582,11791,189085,46739,19.82
2024-06-01,P0046,スパークプラグ 小型,自動車部品,2021-07-02,289,888,256632,167275,25663,12831,205769,50863,19.82
2024-07-01,P0046,スパークプラグ 小型,自動車部品,2021-07-02,285,856,243960,159015,24396,12198,195609,48351,19.82
2024-08-01,P0046,スパークプラグ 小型,自動車部品,2021-07-02,292,828,241776,157592,24177,12088,193857,47919,19.82
2024-09-01,P0046,スパークプラグ 小型,自動車部品,2021-07-02,288,937,269856,175895,26985,13492,216372,53484,19.82
2024-10-01,P0046,スパークプラグ 小型,自動車部品,2021-07-02,286,976,279136,181944,27913,13956,223813,55323,19.82
2024-11-01,P0046,スパークプラグ 小型,自動車部品,2021-07-02,284,995,282580,184188,28258,14129,226575,56005,19.82
2024-12-01,P0046,スパークプラグ 小型,自動車部品,2021-07-02,288,793,228384,148863,22838,11419,183120,45264,19.82
2025-01-01,P0046,スパークプラグ 小型,自動車部品,2021-07-02,287,760,218120,142173,21812,10906,174891,43229,19.82
2025-02-01,P0046,スパークプラグ 小型,自動車部品,2021-07-02,286,924,264264,172250,26426,13213,211889,52375,19.82
2025-03-01,P0046,スパークプラグ 小型,自動車部品,2021-07-02,284,989,280876,183078,28087,14043,225208,55668,19.82
2025-04-01,P0046,スパークプラグ 小型,自動車部品,2021-07-02,292,860,251120,163682,25112,12556,201350,49770,19.82
2025-05-01,P0046,スパークプラグ 小型,自動車部品,2021-07-02,291,747,217377,141688,21737,10868,174293,43084,19.82
2025-06-01,P0046,スパークプラグ 小型,自動車部品,2021-07-02,292,955,278860,181764,27886,13943,223593,55267,19.82
2025-07-01,P0046,スパークプラグ 小型,自動車部品,2021-07-02,288,704,202752,132156,20275,10137,162568,40184,19.82
2025-08-01,P0046,スパークプラグ 小型,自動車部品,2021-07-02,286,774,221364,144287,22136,11068,177491,43873,19.82
2025-09-01,P0046,スパークプラグ 小型,自動車部品,2021-07-02,287,918,263466,171730,26346,13173,211249,52217,19.82
2025-10-01,P0046,スパークプラグ 小型,自動車部品,2021-07-02,284,965,274060,210789,27406,13703,251898,22162,8.09
2025-11-01,P0046,スパークプラグ 小型,自動車部品,2021-07-02,294,736,216384,166429,21638,10819,198886,17498,8.09
2025-12-01,P0046,スパークプラグ 小型,自動車部品,2021-07-02,293,987,289191,222427,28919,14459,265805,23386,8.09
2026-01-01,P0046,スパークプラグ 小型,自動車部品,2021-07-02,288,967,278496,214201,27849,13924,255974,22522,8.09
2026-02-01,P0046,スパークプラグ 小型,自動車部品,2021-07-02,284,749,212716,163607,21271,10635,195513,17203,8.09
2026-03-01,P0046,スパークプラグ 小型,自動車部品,2021-07-02,285,901,256785,197503,25678,12839,236020,20765,8.09
2024-04-01,P0047,スパークプラグ 中型,自動車部品,2022-10-30,500,3586,1793000,1193847,179300,89650,1462797,330203,18.42
2024-05-01,P0047,スパークプラグ 中型,自動車部品,2022-10-30,501,4020,2014020,1341011,201402,100701,1643114,370906,18.42
2024-06-01,P0047,スパークプラグ 中型,自動車部品,2022-10-30,511,4193,2142623,1426640,214262,107131,1748033,394590,18.42
2024-07-01,P0047,スパークプラグ 中型,自動車部品,2022-10-30,510,3946,2012460,1339972,201246,100623,1641841,370619,18.42
2024-08-01,P0047,スパークプラグ 中型,自動車部品,2022-10-30,510,4628,2360280,1571564,236028,118014,1925606,434674,18.42
2024-09-01,P0047,スパークプラグ 中型,自動車部品,2022-10-30,505,5076,2563380,1706796,256338,128169,2091303,472077,18.42
2024-10-01,P0047,スパークプラグ 中型,自動車部品,2022-10-30,504,4272,2153088,1433608,215308,107654,1756570,396518,18.42
2024-11-01,P0047,スパークプラグ 中型,自動車部品,2022-10-30,510,6143,3132930,2086024,313293,156646,2555963,576967,18.42
2024-12-01,P0047,スパークプラグ 中型,自動車部品,2022-10-30,507,4505,2284035,1520797,228403,114201,1863401,420634,18.42
2025-01-01,P0047,スパークプラグ 中型,自動車部品,2022-10-30,511,5342,2729762,1817579,272976,136488,2227043,502719,18.42
2025-02-01,P0047,スパークプラグ 中型,自動車部品,2022-10-30,515,4824,2484360,1654181,248436,124218,2026835,457525,18.42
2025-03-01,P0047,スパークプラグ 中型,自動車部品,2022-10-30,510,5538,2824380,1880580,282438,141219,2304237,520143,18.42
2025-04-01,P0047,スパークプラグ 中型,自動車部品,2022-10-30,500,3919,1959500,1304710,195950,97975,1598635,360865,18.42
2025-05-01,P0047,スパークプラグ 中型,自動車部品,2022-10-30,510,5306,2706060,1801798,270606,135303,2207707,498353,18.42
2025-06-01,P0047,スパークプラグ 中型,自動車部品,2022-10-30,509,4551,2316459,1542386,231645,115822,1889853,426606,18.42
2025-07-01,P0047,スパークプラグ 中型,自動車部品,2022-10-30,514,3495,1796430,1196131,179643,89821,1465595,330835,18.42
2025-08-01,P0047,スパークプラグ 中型,自動車部品,2022-10-30,514,3549,1824186,1214612,182418,91209,1488239,335947,18.42
2025-09-01,P0047,スパークプラグ 中型,自動車部品,2022-10-30,503,4774,2401322,1598891,240132,120066,1959089,442233,18.42
2025-10-01,P0047,スパークプラグ 中型,自動車部品,2022-10-30,514,4016,2064224,1621838,206422,103211,1931471,132753,6.43
2025-11-01,P0047,スパークプラグ 中型,自動車部品,2022-10-30,498,4510,2245980,1764642,224598,112299,2101539,144441,6.43
2025-12-01,P0047,スパークプラグ 中型,自動車部品,2022-10-30,504,5451,2747304,2158526,274730,137365,2570621,176683,6.43
2026-01-01,P0047,スパークプラグ 中型,自動車部品,2022-10-30,502,4501,2259502,1775266,225950,112975,2114191,145311,6.43
2026-02-01,P0047,スパークプラグ 中型,自動車部品,2022-10-30,503,5386,2709158,2128555,270915,135457,2534927,174231,6.43
2026-03-01,P0047,スパークプラグ 中型,自動車部品,2022-10-30,504,4580,2308320,1813621,230832,115416,2159869,148451,6.43
2024-04-01,P0048,スパークプラグ 大型,自動車部品,2021-11-26,762,1245,948690,715820,94869,47434,858123,90567,9.55
2024-05-01,P0048,スパークプラグ 大型,自動車部品,2021-11-26,772,1159,894748,675119,89474,44737,809330,85418,9.55
2024-06-01,P0048,スパークプラグ 大型,自動車部品,2021-11-26,761,1628,1238908,934800,123890,61945,1120635,118273,9.55
2024-07-01,P0048,スパークプラグ 大型,自動車部品,2021-11-26,787,1126,886162,668641,88616,44308,801565,84597,9.55
2024-08-01,P0048,スパークプラグ 大型,自動車部品,2021-11-26,780,1389,1083420,817479,108342,54171,979992,103428,9.55
2024-09-01,P0048,スパークプラグ 大型,自動車部品,2021-11-26,772,1267,978124,738029,97812,48906,884747,93377,9.55
2024-10-01,P0048,スパークプラグ 大型,自動車部品,2021-11-26,763,1313,1001819,755908,100181,50090,906179,95640,9.55
2024-11-01,P0048,スパークプラグ 大型,自動車部品,2021-11-26,777,1480,1149960,867686,114996,57498,1040180,109780,9.55
2024-12-01,P0048,スパークプラグ 大型,自動車部品,2021-11-26,778,1401,1089978,822427,108997,54498,985922,104056,9.55
2025-01-01,P0048,スパークプラグ 大型,自動車部品,2021-11-26,770,1298,999460,754128,99946,49973,904047,95413,9.55
2025-02-01,P0048,スパークプラグ 大型,自動車部品,2021-11-26,786,1578,1240308,935857,124030,62015,1121902,118406,9.55
2025-03-01,P0048,スパークプラグ 大型,自動車部品,2021-11-26,777,1444,1121988,846580,112198,56099,1014877,107111,9.55
2025-04-01,P0048,スパークプラグ 大型,自動車部品,2021-11-26,761,1224,931464,702823,93146,46573,842542,88922,9.55
2025-05-01,P0048,スパークプラグ 大型,自動車部品,2021-11-26,764,1471,1123844,847980,112384,56192,1016556,107288,9.55
2025-06-01,P0048,スパークプラグ 大型,自動車部品,2021-11-26,774,1372,1061928,801263,106192,53096,960551,101377,9.55
2025-07-01,P0048,スパークプラグ 大型,自動車部品,2021-11-26,762,1112,847344,639351,84734,42367,766452,80892,9.55
2025-08-01,P0048,スパークプラグ 大型,自動車部品,2021-11-26,789,1128,889992,671531,88999,44499,805029,84963,9.55
2025-09-01,P0048,スパークプラグ 大型,自動車部品,2021-11-26,771,1479,1140309,860404,114030,57015,1031449,108860,9.55
2025-10-01,P0048,スパークプラグ 大型,自動車部品,2021-11-26,778,1211,942158,838852,94215,47107,980174,-38016,-4.03
2025-11-01,P0048,スパークプラグ 大型,自動車部品,2021-11-26,776,1301,1009576,898878,100957,50478,1050313,-40737,-4.04
2025-12-01,P0048,スパークプラグ 大型,自動車部品,2021-11-26,772,1634,1261448,1123133,126144,63072,1312349,-50901,-4.04
2026-01-01,P0048,スパークプラグ 大型,自動車部品,2021-11-26,760,1300,988000,879668,98800,49400,1027868,-39868,-4.04
2026-02-01,P0048,スパークプラグ 大型,自動車部品,2021-11-26,772,1145,883940,787018,88394,44197,919609,-35669,-4.04
2026-03-01,P0048,スパークプラグ 大型,自動車部品,2021-11-26,767,1794,1375998,1225123,137599,68799,1431521,-55523,-4.04
2024-04-01,P0049,スパークプラグ 業務用,自動車部品,2023-11-11,1040,1572,1634880,1088973,163488,81744,1334205,300675,18.39
2024-05-01,P0049,スパークプラグ 業務用,自動車部品,2023-11-11,1051,1261,1325311,882773,132531,66265,1081569,243742,18.39
2024-06-01,P0049,スパークプラグ 業務用,自動車部品,2023-11-11,1056,1646,1738176,1157778,173817,86908,1418503,319673,18.39
2024-07-01,P0049,スパークプラグ 業務用,自動車部品,2023-11-11,1074,1517,1629258,1085229,162925,81462,1329616,299642,18.39
2024-08-01,P0049,スパークプラグ 業務用,自動車部品,2023-11-11,1079,1445,1559155,1038534,155915,77957,1272406,286749,18.39
2024-09-01,P0049,スパークプラグ 業務用,自動車部品,2023-11-11,1073,1698,1821954,1213581,182195,91097,1486873,335081,18.39
2024-10-01,P0049,スパークプラグ 業務用,自動車部品,2023-11-11,1068,1833,1957644,1303963,195764,97882,1597609,360035,18.39
2024-11-01,P0049,スパークプラグ 業務用,自動車部品,2023-11-11,1077,1900,2046300,1363015,204630,102315,1669960,376340,18.39
2024-12-01,P0049,スパークプラグ 業務用,自動車部品,2023-11-11,1064,1602,1704528,1135365,170452,85226,1391043,313485,18.39
2025-01-01,P0049,スパークプラグ 業務用,自動車部品,2023-11-11,1073,1550,1663150,1107804,166315,83157,1357276,305874,18.39
2025-02-01,P0049,スパークプラグ 業務用,自動車部品,2023-11-11,1072,1499,1606928,1070355,160692,80346,1311393,295535,18.39
2025-03-01,P0049,スパークプラグ 業務用,自動車部品,2023-11-11,1078,1898,2046044,1362845,204604,102302,1669751,376293,18.39
2025-04-01,P0049,スパークプラグ 業務用,自動車部品,2023-11-11,1067,1317,1405239,936012,140523,70261,1146796,258443,18.39
2025-05-01,P0049,スパークプラグ 業務用,自動車部品,2023-11-11,1077,1615,1739355,1158563,173935,86967,1419465,319890,18.39
2025-06-01,P0049,スパークプラグ 業務用,自動車部品,2023-11-11,1062,1792,1903104,1267634,190310,95155,1553099,350005,18.39
2025-07-01,P0049,スパークプラグ 業務用,自動車部品,2023-11-11,1044,1431,1493964,995111,149396,74698,1219205,274759,18.39
2025-08-01,P0049,スパークプラグ 業務用,自動車部品,2023-11-11,1048,1559,1633832,1088275,163383,81691,1333349,300483,18.39
2025-09-01,P0049,スパークプラグ 業務用,自動車部品,2023-11-11,1071,1680,1799280,1198478,179928,89964,1468370,330910,18.39
2025-10-01,P0049,スパークプラグ 業務用,自動車部品,2023-11-11,1046,1580,1652680,1298979,165268,82634,1546881,105799,6.4
2025-11-01,P0049,スパークプラグ 業務用,自動車部品,2023-11-11,1074,1484,1593816,1252713,159381,79690,1491784,102032,6.4
2025-12-01,P0049,スパークプラグ 業務用,自動車部品,2023-11-11,1041,1625,1691625,1329589,169162,84581,1583332,108293,6.4
2026-01-01,P0049,スパークプラグ 業務用,自動車部品,2023-11-11,1048,1675,1755400,1379716,175540,87770,1643026,112374,6.4
2026-02-01,P0049,スパークプラグ 業務用,自動車部品,2023-11-11,1050,1773,1861650,1463226,186165,93082,1742473,119177,6.4
2026-03-01,P0049,スパークプラグ 業務用,自動車部品,2023-11-11,1041,1492,1553172,1220768,155317,77658,1453743,99429,6.4
2024-04-01,P0050,スパークプラグ HD,自動車部品,2020-07-03,1513,1304,1972952,1452432,197295,98647,1748374,224578,11.38
2024-05-01,P0050,スパークプラグ HD,自動車部品,2020-07-03,1488,1312,1952256,1437196,195225,97612,1730033,222223,11.38
2024-06-01,P0050,スパークプラグ HD,自動車部品,2020-07-03,1484,1267,1880228,1384171,188022,94011,1666204,214024,11.38
2024-07-01,P0050,スパークプラグ HD,自動車部品,2020-07-03,1477,1476,2180052,1604893,218005,109002,1931900,248152,11.38
2024-08-01,P0050,スパークプラグ HD,自動車部品,2020-07-03,1487,1423,2116001,1557741,211600,105800,1875141,240860,11.38
2024-09-01,P0050,スパークプラグ HD,自動車部品,2020-07-03,1482,1170,1733940,1276478,173394,86697,1536569,197371,11.38
2024-10-01,P0050,スパークプラグ HD,自動車部品,2020-07-03,1515,1211,1834665,1350629,183466,91733,1625828,208837,11.38
2024-11-01,P0050,スパークプラグ HD,自動車部品,2020-07-03,1488,1548,2303424,1695717,230342,115171,2041230,262194,11.38
2024-12-01,P0050,スパークプラグ HD,自動車部品,2020-07-03,1505,1566,2356830,1735033,235683,117841,2088557,268273,11.38
2025-01-01,P0050,スパークプラグ HD,自動車部品,2020-07-03,1525,1647,2511675,1849025,251167,125583,2225775,285900,11.38
2025-02-01,P0050,スパークプラグ HD,自動車部品,2020-07-03,1517,1502,2278534,1677393,227853,113926,2019172,259362,11.38
2025-03-01,P0050,スパークプラグ HD,自動車部品,2020-07-03,1497,1721,2576337,1896628,257633,128816,2283077,293260,11.38
2025-04-01,P0050,スパークプラグ HD,自動車部品,2020-07-03,1472,1439,2118208,1559366,211820,105910,1877096,241112,11.38
2025-05-01,P0050,スパークプラグ HD,自動車部品,2020-07-03,1525,1468,2238700,1648069,223870,111935,1983874,254826,11.38
2025-06-01,P0050,スパークプラグ HD,自動車部品,2020-07-03,1518,1168,1773024,1305251,177302,88651,1571204,201820,11.38
2025-07-01,P0050,スパークプラグ HD,自動車部品,2020-07-03,1481,1479,2190399,1612511,219039,109519,1941069,249330,11.38
2025-08-01,P0050,スパークプラグ HD,自動車部品,2020-07-03,1523,1202,1830646,1347670,183064,91532,1622266,208380,11.38
2025-09-01,P0050,スパークプラグ HD,自動車部品,2020-07-03,1475,1658,2445550,1800346,244555,122277,2167178,278372,11.38
2025-10-01,P0050,スパークプラグ HD,自動車部品,2020-07-03,1509,1382,2085438,1811585,208543,104271,2124399,-38961,-1.87
2025-11-01,P0050,スパークプラグ HD,自動車部品,2020-07-03,1487,1369,2035703,1768381,203570,101785,2073736,-38033,-1.87
2025-12-01,P0050,スパークプラグ HD,自動車部品,2020-07-03,1477,1190,1757630,1526823,175763,87881,1790467,-32837,-1.87
2026-01-01,P0050,スパークプラグ HD,自動車部品,2020-07-03,1507,1435,2162545,1878566,216254,108127,2202947,-40402,-1.87
2026-02-01,P0050,スパークプラグ HD,自動車部品,2020-07-03,1514,1484,2246776,1951736,224677,112338,2288751,-41975,-1.87
2026-03-01,P0050,スパークプラグ HD,自動車部品,2020-07-03,1484,1488,2208192,1918219,220819,110409,2249447,-41255,-1.87
2024-04-01,P0051,ボールベアリング 小型,産業機械部品,2023-03-15,1985,100,198500,99842,19850,9925,129617,68883,34.7
2024-05-01,P0051,ボールベアリング 小型,産業機械部品,2023-03-15,1962,99,194238,97698,19423,9711,126832,67406,34.7
2024-06-01,P0051,ボールベアリング 小型,産業機械部品,2023-03-15,2014,98,197372,99274,19737,9868,128879,68493,34.7
2024-07-01,P0051,ボールベアリング 小型,産業機械部品,2023-03-15,2035,119,242165,121804,24216,12108,158128,84037,34.7
2024-08-01,P0051,ボールベアリング 小型,産業機械部品,2023-03-15,2006,127,254762,128140,25476,12738,166354,88408,34.7
2024-09-01,P0051,ボールベアリング 小型,産業機械部品,2023-03-15,2006,97,194582,97871,19458,9729,127058,67524,34.7
2024-10-01,P0051,ボールベアリング 小型,産業機械部品,2023-03-15,1995,94,187530,94324,18753,9376,122453,65077,34.7
2024-11-01,P0051,ボールベアリング 小型,産業機械部品,2023-03-15,1995,109,217455,109376,21745,10872,141993,75462,34.7
2024-12-01,P0051,ボールベアリング 小型,産業機械部品,2023-03-15,2015,103,207545,104391,20754,10377,135522,72023,34.7
2025-01-01,P0051,ボールベアリング 小型,産業機械部品,2023-03-15,2022,129,260838,131197,26083,13041,170321,90517,34.7
2025-02-01,P0051,ボールベアリング 小型,産業機械部品,2023-03-15,2004,119,238476,119949,23847,11923,155719,82757,34.7
2025-03-01,P0051,ボールベアリング 小型,産業機械部品,2023-03-15,2018,92,185656,93381,18565,9282,121228,64428,34.7
2025-04-01,P0051,ボールベアリング 小型,産業機械部品,2023-03-15,1982,116,229912,115641,22991,11495,150127,79785,34.7
2025-05-01,P0051,ボールベアリング 小型,産業機械部品,2023-03-15,2035,106,215710,108498,21571,10785,140854,74856,34.7
2025-06-01,P0051,ボールベアリング 小型,産業機械部品,2023-03-15,1999,119,237881,119650,23788,11894,155332,82549,34.7
2025-07-01,P0051,ボールベアリング 小型,産業機械部品,2023-03-15,1994,119,237286,119350,23728,11864,154942,82344,34.7
2025-08-01,P0051,ボールベアリング 小型,産業機械部品,2023-03-15,1984,112,222208,111766,22220,11110,145096,77112,34.7
2025-09-01,P0051,ボールベアリング 小型,産業機械部品,2023-03-15,2015,111,223665,112499,22366,11183,146048,77617,34.7
2025-10-01,P0051,ボールベアリング 小型,産業機械部品,2023-03-15,2024,93,188232,108879,18823,9411,137113,51119,27.16
2025-11-01,P0051,ボールベアリング 小型,産業機械部品,2023-03-15,2015,104,209560,121215,20956,10478,152649,56911,27.16
2025-12-01,P0051,ボールベアリング 小型,産業機械部品,2023-03-15,2013,120,241560,139725,24156,12078,175959,65601,27.16
2026-01-01,P0051,ボールベアリング 小型,産業機械部品,2023-03-15,2037,118,240366,139035,24036,12018,175089,65277,27.16
2026-02-01,P0051,ボールベアリング 小型,産業機械部品,2023-03-15,2019,114,230166,133135,23016,11508,167659,62507,27.16
2026-03-01,P0051,ボールベアリング 小型,産業機械部品,2023-03-15,1979,123,243417,140799,24341,12170,177310,66107,27.16
2024-04-01,P0052,ボールベアリング 中型,産業機械部品,2019-07-13,3056,344,1051264,578503,105126,52563,736192,315072,29.97
2024-05-01,P0052,ボールベアリング 中型,産業機械部品,2019-07-13,3070,336,1031520,567638,103152,51576,722366,309154,29.97
2024-06-01,P0052,ボールベアリング 中型,産業機械部品,2019-07-13,3049,369,1125081,619125,112508,56254,787887,337194,29.97
2024-07-01,P0052,ボールベアリング 中型,産業機械部品,2019-07-13,3076,398,1224248,673695,122424,61212,857331,366917,29.97
2024-08-01,P0052,ボールベアリング 中型,産業機械部品,2019-07-13,3032,384,1164288,640700,116428,58214,815342,348946,29.97
2024-09-01,P0052,ボールベアリング 中型,産業機械部品,2019-07-13,3025,350,1058750,582623,105875,52937,741435,317315,29.97
2024-10-01,P0052,ボールベアリング 中型,産業機械部品,2019-07-13,3064,379,1161256,639031,116125,58062,813218,348038,29.97
2024-11-01,P0052,ボールベアリング 中型,産業機械部品,2019-07-13,3062,418,1279916,704329,127991,63995,896315,383601,29.97
2024-12-01,P0052,ボールベアリング 中型,産業機械部品,2019-07-13,3054,364,1111656,611737,111165,55582,778484,333172,29.97
2025-01-01,P0052,ボールベアリング 中型,産業機械部品,2019-07-13,3079,372,1145388,630299,114538,57269,802106,343282,29.97
2025-02-01,P0052,ボールベアリング 中型,産業機械部品,2019-07-13,3047,336,1023792,563386,102379,51189,716954,306838,29.97
2025-03-01,P0052,ボールベアリング 中型,産業機械部品,2019-07-13,3037,299,908063,499701,90806,45403,635910,272153,29.97
2025-04-01,P0052,ボールベアリング 中型,産業機械部品,2019-07-13,3073,425,1306025,718697,130602,65301,914600,391425,29.97
2025-05-01,P0052,ボールベアリング 中型,産業機械部品,2019-07-13,3139,284,891476,490573,89147,44573,624293,267183,29.97
2025-06-01,P0052,ボールベアリング 中型,産業機械部品,2019-07-13,3073,286,878878,483641,87887,43943,615471,263407,29.97
2025-07-01,P0052,ボールベアリング 中型,産業機械部品,2019-07-13,3135,385,1206975,664190,120697,60348,845235,361740,29.97
2025-08-01,P0052,ボールベアリング 中型,産業機械部品,2019-07-13,3079,385,1185415,652326,118541,59270,830137,355278,29.97
2025-09-01,P0052,ボールベアリング 中型,産業機械部品,2019-07-13,3027,422,1277394,702941,127739,63869,894549,382845,29.97
2025-10-01,P0052,ボールベアリング 中型,産業機械部品,2019-07-13,3127,424,1325848,839046,132584,66292,1037922,287926,21.72
2025-11-01,P0052,ボールベアリング 中型,産業機械部品,2019-07-13,3053,415,1266995,801802,126699,63349,991850,275145,21.72
2025-12-01,P0052,ボールベアリング 中型,産業機械部品,2019-07-13,3104,304,943616,597155,94361,47180,738696,204920,21.72
2026-01-01,P0052,ボールベアリング 中型,産業機械部品,2019-07-13,3086,357,1101702,697198,110170,55085,862453,239249,21.72
2026-02-01,P0052,ボールベアリング 中型,産業機械部品,2019-07-13,3098,415,1285670,813620,128567,64283,1006470,279200,21.72
2026-03-01,P0052,ボールベアリング 中型,産業機械部品,2019-07-13,3071,328,1007288,637449,100728,50364,788541,218747,21.72
2024-04-01,P0053,ボールベアリング 大型,産業機械部品,2023-03-26,5264,386,2031904,1212078,203190,101595,1516863,515041,25.35
2024-05-01,P0053,ボールベアリング 大型,産業機械部品,2023-03-26,5384,494,2659696,1586570,265969,132984,1985523,674173,25.35
2024-06-01,P0053,ボールベアリング 大型,産業機械部品,2023-03-26,5314,445,2364730,1410616,236473,118236,1765325,599405,25.35
2024-07-01,P0053,ボールベアリング 大型,産業機械部品,2023-03-26,5407,469,2535883,1512713,253588,126794,1893095,642788,25.35
2024-08-01,P0053,ボールベアリング 大型,産業機械部品,2023-03-26,5351,507,2712957,1618342,271295,135647,2025284,687673,25.35
2024-09-01,P0053,ボールベアリング 大型,産業機械部品,2023-03-26,5343,496,2650128,1580863,265012,132506,1978381,671747,25.35
2024-10-01,P0053,ボールベアリング 大型,産業機械部品,2023-03-26,5419,435,2357265,1406163,235726,117863,1759752,597513,25.35
2024-11-01,P0053,ボールベアリング 大型,産業機械部品,2023-03-26,5318,420,2233560,1332370,223356,111678,1667404,566156,25.35
2024-12-01,P0053,ボールベアリング 大型,産業機械部品,2023-03-26,5344,405,2164320,1291067,216432,108216,1615715,548605,25.35
2025-01-01,P0053,ボールベアリング 大型,産業機械部品,2023-03-26,5375,448,2408000,1436428,240800,120400,1797628,610372,25.35
2025-02-01,P0053,ボールベアリング 大型,産業機械部品,2023-03-26,5280,428,2259840,1348047,225984,112992,1687023,572817,25.35
2025-03-01,P0053,ボールベアリング 大型,産業機械部品,2023-03-26,5308,504,2675232,1595838,267523,133761,1997122,678110,25.35
2025-04-01,P0053,ボールベアリング 大型,産業機械部品,2023-03-26,5278,514,2712892,1618303,271289,135644,2025236,687656,25.35
2025-05-01,P0053,ボールベアリング 大型,産業機械部品,2023-03-26,5348,450,2406600,1435592,240660,120330,1796582,610018,25.35
2025-06-01,P0053,ボールベアリング 大型,産業機械部品,2023-03-26,5263,498,2620974,1563472,262097,131048,1956617,664357,25.35
2025-07-01,P0053,ボールベアリング 大型,産業機械部品,2023-03-26,5347,512,2737664,1633080,273766,136883,2043729,693935,25.35
2025-08-01,P0053,ボールベアリング 大型,産業機械部品,2023-03-26,5343,455,2431065,1450186,243106,121553,1814845,616220,25.35
2025-09-01,P0053,ボールベアリング 大型,産業機械部品,2023-03-26,5340,358,1911720,1140385,191172,95586,1427143,484577,25.35
2025-10-01,P0053,ボールベアリング 大型,産業機械部品,2023-03-26,5307,398,2112186,1448963,211218,105609,1765790,346396,16.4
2025-11-01,P0053,ボールベアリング 大型,産業機械部品,2023-03-26,5340,466,2488440,1707074,248844,124422,2080340,408100,16.4
2025-12-01,P0053,ボールベアリング 大型,産業機械部品,2023-03-26,5249,368,1931632,1325103,193163,96581,1614847,316785,16.4
2026-01-01,P0053,ボールベアリング 大型,産業機械部品,2023-03-26,5274,384,2025216,1389301,202521,101260,1693082,332134,16.4
2026-02-01,P0053,ボールベアリング 大型,産業機械部品,2023-03-26,5272,459,2419848,1660020,241984,120992,2022996,396852,16.4
2026-03-01,P0053,ボールベアリング 大型,産業機械部品,2023-03-26,5278,507,2675946,1835703,267594,133797,2237094,438852,16.4
2024-04-01,P0054,ボールベアリング 業務用,産業機械部品,2019-02-02,6708,104,697632,418252,69763,34881,522896,174736,25.05
2024-05-01,P0054,ボールベアリング 業務用,産業機械部品,2019-02-02,6888,88,606144,363402,60614,30307,454323,151821,25.05
2024-06-01,P0054,ボールベアリング 業務用,産業機械部品,2019-02-02,6822,107,729954,437630,72995,36497,547122,182832,25.05
2024-07-01,P0054,ボールベアリング 業務用,産業機械部品,2019-02-02,6789,75,509175,305266,50917,25458,381641,127534,25.05
2024-08-01,P0054,ボールベアリング 業務用,産業機械部品,2019-02-02,6884,108,743472,445734,74347,37173,557254,186218,25.05
2024-09-01,P0054,ボールベアリング 業務用,産業機械部品,2019-02-02,6735,76,511860,306876,51186,25593,383655,128205,25.05
2024-10-01,P0054,ボールベアリング 業務用,産業機械部品,2019-02-02,6663,84,559692,335552,55969,27984,419505,140187,25.05
2024-11-01,P0054,ボールベアリング 業務用,産業機械部品,2019-02-02,6702,98,656796,393769,65679,32839,492287,164509,25.05
2024-12-01,P0054,ボールベアリング 業務用,産業機械部品,2019-02-02,6653,85,565505,339038,56550,28275,423863,141642,25.05
2025-01-01,P0054,ボールベアリング 業務用,産業機械部品,2019-02-02,6671,90,600390,359952,60039,30019,450010,150380,25.05
2025-02-01,P0054,ボールベアリング 業務用,産業機械部品,2019-02-02,6667,88,586696,351742,58669,29334,439745,146951,25.05
2025-03-01,P0054,ボールベアリング 業務用,産業機械部品,2019-02-02,6667,107,713369,427687,71336,35668,534691,178678,25.05
2025-04-01,P0054,ボールベアリング 業務用,産業機械部品,2019-02-02,6682,91,608062,364552,60806,30403,455761,152301,25.05
2025-05-01,P0054,ボールベアリング 業務用,産業機械部品,2019-02-02,6683,75,501225,300500,50122,25061,375683,125542,25.05
2025-06-01,P0054,ボールベアリング 業務用,産業機械部品,2019-02-02,6666,74,493284,295739,49328,24664,369731,123553,25.05
2025-07-01,P0054,ボールベアリング 業務用,産業機械部品,2019-02-02,6805,90,612450,367183,61245,30622,459050,153400,25.05
2025-08-01,P0054,ボールベアリング 業務用,産業機械部品,2019-02-02,6748,75,506100,303422,50610,25305,379337,126763,25.05
2025-09-01,P0054,ボールベアリング 業務用,産業機械部品,2019-02-02,6692,93,622356,373121,62235,31117,466473,155883,25.05
2025-10-01,P0054,ボールベアリング 業務用,産業機械部品,2019-02-02,6648,86,571728,394184,57172,28586,479942,91786,16.05
2025-11-01,P0054,ボールベアリング 業務用,産業機械部品,2019-02-02,6755,80,540400,372584,54040,27020,453644,86756,16.05
2025-12-01,P0054,ボールベアリング 業務用,産業機械部品,2019-02-02,6898,108,744984,513637,74498,37249,625384,119600,16.05
2026-01-01,P0054,ボールベアリング 業務用,産業機械部品,2019-02-02,6743,108,728244,502095,72824,36412,611331,116913,16.05
2026-02-01,P0054,ボールベアリング 業務用,産業機械部品,2019-02-02,6716,75,503700,347281,50370,25185,422836,80864,16.05
2026-03-01,P0054,ボールベアリング 業務用,産業機械部品,2019-02-02,6632,81,537192,370373,53719,26859,450951,86241,16.05
2024-04-01,P0055,ボールベアリング HD,産業機械部品,2020-06-12,9567,182,1741194,997219,174119,87059,1258397,482797,27.73
2024-05-01,P0055,ボールベアリング HD,産業機械部品,2020-06-12,9712,161,1563632,895526,156363,78181,1130070,433562,27.73
2024-06-01,P0055,ボールベアリング HD,産業機械部品,2020-06-12,9764,175,1708700,978609,170870,85435,1234914,473786,27.73
2024-07-01,P0055,ボールベアリング HD,産業機械部品,2020-06-12,9643,166,1600738,916777,160073,80036,1156886,443852,27.73
2024-08-01,P0055,ボールベアリング HD,産業機械部品,2020-06-12,9627,162,1559574,893202,155957,77978,1127137,432437,27.73
2024-09-01,P0055,ボールベアリング HD,産業機械部品,2020-06-12,9498,159,1510182,864914,151018,75509,1091441,418741,27.73
2024-10-01,P0055,ボールベアリング HD,産業機械部品,2020-06-12,9538,194,1850372,1059748,185037,92518,1337303,513069,27.73
2024-11-01,P0055,ボールベアリング HD,産業機械部品,2020-06-12,9794,161,1576834,903087,157683,78841,1139611,437223,27.73
2024-12-01,P0055,ボールベアリング HD,産業機械部品,2020-06-12,9654,151,1457754,834887,145775,72887,1053549,404205,27.73
2025-01-01,P0055,ボールベアリング HD,産業機械部品,2020-06-12,9532,189,1801548,1031785,180154,90077,1302016,499532,27.73
2025-02-01,P0055,ボールベアリング HD,産業機械部品,2020-06-12,9470,182,1723540,987109,172354,86177,1245640,477900,27.73
2025-03-01,P0055,ボールベアリング HD,産業機械部品,2020-06-12,9521,202,1923242,1101482,192324,96162,1389968,533274,27.73
2025-04-01,P0055,ボールベアリング HD,産業機械部品,2020-06-12,9557,162,1548234,886707,154823,77411,1118941,429293,27.73
2025-05-01,P0055,ボールベアリング HD,産業機械部品,2020-06-12,9743,215,2094745,1199706,209474,104737,1513917,580828,27.73
2025-06-01,P0055,ボールベアリング HD,産業機械部品,2020-06-12,9687,218,2111766,1209454,211176,105588,1526218,585548,27.73
2025-07-01,P0055,ボールベアリング HD,産業機械部品,2020-06-12,9621,197,1895337,1085501,189533,94766,1369800,525537,27.73
2025-08-01,P0055,ボールベアリング HD,産業機械部品,2020-06-12,9633,215,2071095,1186161,207109,103554,1496824,574271,27.73
2025-09-01,P0055,ボールベアリング HD,産業機械部品,2020-06-12,9683,174,1684842,964945,168484,84242,1217671,467171,27.73
2025-10-01,P0055,ボールベアリング HD,産業機械部品,2020-06-12,9484,189,1792476,1180578,179247,89623,1449448,343028,19.14
2025-11-01,P0055,ボールベアリング HD,産業機械部品,2020-06-12,9557,177,1691589,1114131,169158,84579,1367868,323721,19.14
2025-12-01,P0055,ボールベアリング HD,産業機械部品,2020-06-12,9582,211,2021802,1331619,202180,101090,1634889,386913,19.14
2026-01-01,P0055,ボールベアリング HD,産業機械部品,2020-06-12,9606,209,2007654,1322301,200765,100382,1623448,384206,19.14
2026-02-01,P0055,ボールベアリング HD,産業機械部品,2020-06-12,9488,204,1935552,1274812,193555,96777,1565144,370408,19.14
2026-03-01,P0055,ボールベアリング HD,産業機械部品,2020-06-12,9621,217,2087757,1375059,208775,104387,1688221,399536,19.14
2024-04-01,P0056,ローラーベアリング 小型,産業機械部品,2021-01-22,3403,598,2034994,1121497,203499,101749,1426745,608249,29.89
2024-05-01,P0056,ローラーベアリング 小型,産業機械部品,2021-01-22,3465,632,2189880,1206855,218988,109494,1535337,654543,29.89
2024-06-01,P0056,ローラーベアリング 小型,産業機械部品,2021-01-22,3459,787,2722233,1500238,272223,136111,1908572,813661,29.89
2024-07-01,P0056,ローラーベアリング 小型,産業機械部品,2021-01-22,3428,680,2331040,1284649,233104,116552,1634305,696735,29.89
2024-08-01,P0056,ローラーベアリング 小型,産業機械部品,2021-01-22,3484,755,2630420,1449639,263042,131521,1844202,786218,29.89
2024-09-01,P0056,ローラーベアリング 小型,産業機械部品,2021-01-22,3498,612,2140776,1179794,214077,107038,1500909,639867,29.89
2024-10-01,P0056,ローラーベアリング 小型,産業機械部品,2021-01-22,3477,639,2221803,1224448,222180,111090,1557718,664085,29.89
2024-11-01,P0056,ローラーベアリング 小型,産業機械部品,2021-01-22,3463,792,2742696,1511515,274269,137134,1922918,819778,29.89
2024-12-01,P0056,ローラーベアリング 小型,産業機械部品,2021-01-22,3447,577,1988919,1096104,198891,99445,1394440,594479,29.89
2025-01-01,P0056,ローラーベアリング 小型,産業機械部品,2021-01-22,3475,565,1963375,1082027,196337,98168,1376532,586843,29.89
2025-02-01,P0056,ローラーベアリング 小型,産業機械部品,2021-01-22,3462,609,2108358,1161928,210835,105417,1478180,630178,29.89
2025-03-01,P0056,ローラーベアリング 小型,産業機械部品,2021-01-22,3392,777,2635584,1452485,263558,131779,1847822,787762,29.89
2025-04-01,P0056,ローラーベアリング 小型,産業機械部品,2021-01-22,3456,639,2208384,1217053,220838,110419,1548310,660074,29.89
2025-05-01,P0056,ローラーベアリング 小型,産業機械部品,2021-01-22,3391,646,2190586,1207244,219058,109529,1535831,654755,29.89
2025-06-01,P0056,ローラーベアリング 小型,産業機械部品,2021-01-22,3423,541,1851843,1020561,185184,92592,1298337,553506,29.89
2025-07-01,P0056,ローラーベアリング 小型,産業機械部品,2021-01-22,3446,707,2436322,1342671,243632,121816,1708119,728203,29.89
2025-08-01,P0056,ローラーベアリング 小型,産業機械部品,2021-01-22,3429,575,1971675,1086601,197167,98583,1382351,589324,29.89
2025-09-01,P0056,ローラーベアリング 小型,産業機械部品,2021-01-22,3404,632,2151328,1185609,215132,107566,1508307,643021,29.89
2025-10-01,P0056,ローラーベアリング 小型,産業機械部品,2021-01-22,3409,728,2481752,1572864,248175,124087,1945126,536626,21.62
2025-11-01,P0056,ローラーベアリング 小型,産業機械部品,2021-01-22,3494,678,2368932,1501362,236893,118446,1856701,512231,21.62
2025-12-01,P0056,ローラーベアリング 小型,産業機械部品,2021-01-22,3452,678,2340456,1483314,234045,117022,1834381,506075,21.62
2026-01-01,P0056,ローラーベアリング 小型,産業機械部品,2021-01-22,3391,553,1875223,1188463,187522,93761,1469746,405477,21.62
2026-02-01,P0056,ローラーベアリング 小型,産業機械部品,2021-01-22,3472,561,1947792,1234455,194779,97389,1526623,421169,21.62
2026-03-01,P0056,ローラーベアリング 小型,産業機械部品,2021-01-22,3392,757,2567744,1627363,256774,128387,2012524,555220,21.62
2024-04-01,P0057,ローラーベアリング 中型,産業機械部品,2023-03-15,5794,276,1599144,847131,159914,79957,1087002,512142,32.03
2024-05-01,P0057,ローラーベアリング 中型,産業機械部品,2023-03-15,5816,311,1808776,958182,180877,90438,1229497,579279,32.03
2024-06-01,P0057,ローラーベアリング 中型,産業機械部品,2023-03-15,5725,345,1975125,1046304,197512,98756,1342572,632553,32.03
2024-07-01,P0057,ローラーベアリング 中型,産業機械部品,2023-03-15,5786,316,1828376,968565,182837,91418,1242820,585556,32.03
2024-08-01,P0057,ローラーベアリング 中型,産業機械部品,2023-03-15,5867,274,1607558,851588,160755,80377,1092720,514838,32.03
2024-09-01,P0057,ローラーベアリング 中型,産業機械部品,2023-03-15,5821,249,1449429,767821,144942,72471,985234,464195,32.03
2024-10-01,P0057,ローラーベアリング 中型,産業機械部品,2023-03-15,5868,324,1901232,1007160,190123,95061,1292344,608888,32.03
2024-11-01,P0057,ローラーベアリング 中型,産業機械部品,2023-03-15,5731,299,1713569,907747,171356,85678,1164781,548788,32.03
2024-12-01,P0057,ローラーベアリング 中型,産業機械部品,2023-03-15,5835,336,1960560,1038588,196056,98028,1332672,627888,32.03
2025-01-01,P0057,ローラーベアリング 中型,産業機械部品,2023-03-15,5834,297,1732698,917880,173269,86634,1177783,554915,32.03
2025-02-01,P0057,ローラーベアリング 中型,産業機械部品,2023-03-15,5793,269,1558317,825504,155831,77915,1059250,499067,32.03
2025-03-01,P0057,ローラーベアリング 中型,産業機械部品,2023-03-15,5730,340,1948200,1032040,194820,97410,1324270,623930,32.03
2025-04-01,P0057,ローラーベアリング 中型,産業機械部品,2023-03-15,5877,295,1733715,918419,173371,86685,1178475,555240,32.03
2025-05-01,P0057,ローラーベアリング 中型,産業機械部品,2023-03-15,5862,332,1946184,1030972,194618,97309,1322899,623285,32.03
2025-06-01,P0057,ローラーベアリング 中型,産業機械部品,2023-03-15,5887,283,1666021,882559,166602,83301,1132462,533559,32.03
2025-07-01,P0057,ローラーベアリング 中型,産業機械部品,2023-03-15,5777,256,1478912,783439,147891,73945,1005275,473637,32.03
2025-08-01,P0057,ローラーベアリング 中型,産業機械部品,2023-03-15,5841,294,1717254,909699,171725,85862,1167286,549968,32.03
2025-09-01,P0057,ローラーベアリング 中型,産業機械部品,2023-03-15,5826,345,2009970,1064763,200997,100498,1366258,643712,32.03
2025-10-01,P0057,ローラーベアリング 中型,産業機械部品,2023-03-15,5756,312,1795872,1094048,179587,89793,1363428,432444,24.08
2025-11-01,P0057,ローラーベアリング 中型,産業機械部品,2023-03-15,5775,298,1720950,1048405,172095,86047,1306547,414403,24.08
2025-12-01,P0057,ローラーベアリング 中型,産業機械部品,2023-03-15,5773,240,1385520,844061,138552,69276,1051889,333631,24.08
2026-01-01,P0057,ローラーベアリング 中型,産業機械部品,2023-03-15,5821,339,1973319,1202149,197331,98665,1498145,475174,24.08
2026-02-01,P0057,ローラーベアリング 中型,産業機械部品,2023-03-15,5747,332,1908004,1162359,190800,95400,1448559,459445,24.08
2026-03-01,P0057,ローラーベアリング 中型,産業機械部品,2023-03-15,5665,300,1699500,1035338,169950,84975,1290263,409237,24.08
2024-04-01,P0058,ローラーベアリング 大型,産業機械部品,2023-01-30,8825,88,776600,394502,77660,38830,510992,265608,34.2
2024-05-01,P0058,ローラーベアリング 大型,産業機械部品,2023-01-30,8980,72,646560,328444,64656,32328,425428,221132,34.2
2024-06-01,P0058,ローラーベアリング 大型,産業機械部品,2023-01-30,8882,86,763852,388026,76385,38192,502603,261249,34.2
2024-07-01,P0058,ローラーベアリング 大型,産業機械部品,2023-01-30,8926,80,714080,362743,71408,35704,469855,244225,34.2
2024-08-01,P0058,ローラーベアリング 大型,産業機械部品,2023-01-30,8903,86,765658,388944,76565,38282,503791,261867,34.2
2024-09-01,P0058,ローラーベアリング 大型,産業機械部品,2023-01-30,8736,91,794976,403837,79497,39748,523082,271894,34.2
2024-10-01,P0058,ローラーベアリング 大型,産業機械部品,2023-01-30,8760,103,902280,458346,90228,45114,593688,308592,34.2
2024-11-01,P0058,ローラーベアリング 大型,産業機械部品,2023-01-30,8808,87,766296,389268,76629,38314,504211,262085,34.2
2024-12-01,P0058,ローラーベアリング 大型,産業機械部品,2023-01-30,8834,89,786226,399392,78622,39311,517325,268901,34.2
2025-01-01,P0058,ローラーベアリング 大型,産業機械部品,2023-01-30,8876,101,896476,455398,89647,44823,589868,306608,34.2
2025-02-01,P0058,ローラーベアリング 大型,産業機械部品,2023-01-30,8823,93,820539,416823,82053,41026,539902,280637,34.2
2025-03-01,P0058,ローラーベアリング 大型,産業機械部品,2023-01-30,8878,71,630338,320203,63033,31516,414752,215586,34.2
2025-04-01,P0058,ローラーベアリング 大型,産業機械部品,2023-01-30,8898,90,800820,406806,80082,40041,526929,273891,34.2
2025-05-01,P0058,ローラーベアリング 大型,産業機械部品,2023-01-30,8986,105,943530,479301,94353,47176,620830,322700,34.2
2025-06-01,P0058,ローラーベアリング 大型,産業機械部品,2023-01-30,8839,106,936934,475950,93693,46846,616489,320445,34.2
2025-07-01,P0058,ローラーベアリング 大型,産業機械部品,2023-01-30,8932,99,884268,449196,88426,44213,581835,302433,34.2
2025-08-01,P0058,ローラーベアリング 大型,産業機械部品,2023-01-30,9086,92,835912,424632,83591,41795,550018,285894,34.2
2025-09-01,P0058,ローラーベアリング 大型,産業機械部品,2023-01-30,9055,94,851170,432383,85117,42558,560058,291112,34.2
2025-10-01,P0058,ローラーベアリング 大型,産業機械部品,2023-01-30,8780,96,842880,492397,84288,42144,618829,224051,26.58
2025-11-01,P0058,ローラーベアリング 大型,産業機械部品,2023-01-30,8907,96,855072,499520,85507,42753,627780,227292,26.58
2025-12-01,P0058,ローラーベアリング 大型,産業機械部品,2023-01-30,9022,103,929266,542863,92926,46463,682252,247014,26.58
2026-01-01,P0058,ローラーベアリング 大型,産業機械部品,2023-01-30,8782,74,649868,379643,64986,32493,477122,172746,26.58
2026-02-01,P0058,ローラーベアリング 大型,産業機械部品,2023-01-30,8910,73,650430,379971,65043,32521,477535,172895,26.58
2026-03-01,P0058,ローラーベアリング 大型,産業機械部品,2023-01-30,8992,74,665408,388721,66540,33270,488531,176877,26.58
2024-04-01,P0059,ローラーベアリング 業務用,産業機械部品,2021-12-28,13057,1354,17679178,9497964,1767917,883958,12149839,5529339,31.28
2024-05-01,P0059,ローラーベアリング 業務用,産業機械部品,2021-12-28,12972,1203,15605316,8383802,1560531,780265,10724598,4880718,31.28
2024-06-01,P0059,ローラーベアリング 業務用,産業機械部品,2021-12-28,13002,1377,17903754,9618615,1790375,895187,12304177,5599577,31.28
2024-07-01,P0059,ローラーベアリング 業務用,産業機械部品,2021-12-28,13018,1004,13070072,7021767,1307007,653503,8982277,4087795,31.28
2024-08-01,P0059,ローラーベアリング 業務用,産業機械部品,2021-12-28,12966,1340,17374440,9334246,1737444,868722,11940412,5434028,31.28
2024-09-01,P0059,ローラーベアリング 業務用,産業機械部品,2021-12-28,13303,1248,16602144,8919338,1660214,830107,11409659,5192485,31.28
2024-10-01,P0059,ローラーベアリング 業務用,産業機械部品,2021-12-28,13010,1314,17095140,9184195,1709514,854757,11748466,5346674,31.28
2024-11-01,P0059,ローラーベアリング 業務用,産業機械部品,2021-12-28,13147,984,12936648,6950086,1293664,646832,8890582,4046066,31.28
2024-12-01,P0059,ローラーベアリング 業務用,産業機械部品,2021-12-28,13279,1052,13969508,7504980,1396950,698475,9600405,4369103,31.28
2025-01-01,P0059,ローラーベアリング 業務用,産業機械部品,2021-12-28,13147,1125,14790375,7945983,1479037,739518,10164538,4625837,31.28
2025-02-01,P0059,ローラーベアリング 業務用,産業機械部品,2021-12-28,13209,1009,13327881,7160272,1332788,666394,9159454,4168427,31.28
2025-03-01,P0059,ローラーベアリング 業務用,産業機械部品,2021-12-28,13268,1044,13851792,7441738,1385179,692589,9519506,4332286,31.28
2025-04-01,P0059,ローラーベアリング 業務用,産業機械部品,2021-12-28,13424,989,13276336,7132580,1327633,663816,9124029,4152307,31.28
2025-05-01,P0059,ローラーベアリング 業務用,産業機械部品,2021-12-28,13006,1282,16673692,8957776,1667369,833684,11458829,5214863,31.28
2025-06-01,P0059,ローラーベアリング 業務用,産業機械部品,2021-12-28,13086,962,12588732,6763172,1258873,629436,8651481,3937251,31.28
2025-07-01,P0059,ローラーベアリング 業務用,産業機械部品,2021-12-28,13025,1028,13389700,7193484,1338970,669485,9201939,4187761,31.28
2025-08-01,P0059,ローラーベアリング 業務用,産業機械部品,2021-12-28,13228,1372,18148816,9750272,1814881,907440,12472593,5676223,31.28
2025-09-01,P0059,ローラーベアリング 業務用,産業機械部品,2021-12-28,13203,1039,13717917,7369815,1371791,685895,9427501,4290416,31.28
2025-10-01,P0059,ローラーベアリング 業務用,産業機械部品,2021-12-28,13424,1077,14457648,8932313,1445764,722882,11100959,3356689,23.22
2025-11-01,P0059,ローラーベアリング 業務用,産業機械部品,2021-12-28,13296,971,12910416,7976393,1291041,645520,9912954,2997462,23.22
2025-12-01,P0059,ローラーベアリング 業務用,産業機械部品,2021-12-28,12945,1324,17139180,10589034,1713918,856959,13159911,3979269,23.22
2026-01-01,P0059,ローラーベアリング 業務用,産業機械部品,2021-12-28,13113,1037,13598181,8401312,1359818,679909,10441039,3157142,23.22
2026-02-01,P0059,ローラーベアリング 業務用,産業機械部品,2021-12-28,13193,1370,18074410,11166843,1807441,903720,13878004,4196406,23.22
2026-03-01,P0059,ローラーベアリング 業務用,産業機械部品,2021-12-28,13323,1268,16893564,10437286,1689356,844678,12971320,3922244,23.22
2024-04-01,P0060,ローラーベアリング HD,産業機械部品,2019-10-30,17030,167,2844010,1474430,284401,142200,1901031,942979,33.16
2024-05-01,P0060,ローラーベアリング HD,産業機械部品,2019-10-30,16863,183,3085929,1599849,308592,154296,2062737,1023192,33.16
2024-06-01,P0060,ローラーベアリング HD,産業機械部品,2019-10-30,16698,193,3222714,1670763,322271,161135,2154169,1068545,33.16
2024-07-01,P0060,ローラーベアリング HD,産業機械部品,2019-10-30,17229,148,2549892,1321949,254989,127494,1704432,845460,33.16
2024-08-01,P0060,ローラーベアリング HD,産業機械部品,2019-10-30,16786,158,2652188,1374983,265218,132609,1772810,879378,33.16
2024-09-01,P0060,ローラーベアリング HD,産業機械部品,2019-10-30,17045,147,2505615,1298995,250561,125280,1674836,830779,33.16
2024-10-01,P0060,ローラーベアリング HD,産業機械部品,2019-10-30,16732,192,3212544,1665490,321254,160627,2147371,1065173,33.16
2024-11-01,P0060,ローラーベアリング HD,産業機械部品,2019-10-30,17001,137,2329137,1207502,232913,116456,1556871,772266,33.16
2024-12-01,P0060,ローラーベアリング HD,産業機械部品,2019-10-30,16874,199,3357926,1740861,335792,167896,2244549,1113377,33.16
2025-01-01,P0060,ローラーベアリング HD,産業機械部品,2019-10-30,17289,200,3457800,1792639,345780,172890,2311309,1146491,33.16
2025-02-01,P0060,ローラーベアリング HD,産業機械部品,2019-10-30,17240,154,2654960,1376420,265496,132748,1774664,880296,33.16
2025-03-01,P0060,ローラーベアリング HD,産業機械部品,2019-10-30,17033,181,3082973,1598316,308297,154148,2060761,1022212,33.16
2025-04-01,P0060,ローラーベアリング HD,産業機械部品,2019-10-30,17239,163,2809957,1456776,280995,140497,1878268,931689,33.16
2025-05-01,P0060,ローラーベアリング HD,産業機械部品,2019-10-30,17199,188,3233412,1676309,323341,161670,2161320,1072092,33.16
2025-06-01,P0060,ローラーベアリング HD,産業機械部品,2019-10-30,17010,202,3436020,1781348,343602,171801,2296751,1139269,33.16
2025-07-01,P0060,ローラーベアリング HD,産業機械部品,2019-10-30,17271,189,3264219,1692280,326421,163210,2181911,1082308,33.16
2025-08-01,P0060,ローラーベアリング HD,産業機械部品,2019-10-30,16713,149,2490237,1291022,249023,124511,1664556,825681,33.16
2025-09-01,P0060,ローラーベアリング HD,産業機械部品,2019-10-30,17267,162,2797254,1450190,279725,139862,1869777,927477,33.16
2025-10-01,P0060,ローラーベアリング HD,産業機械部品,2019-10-30,17161,154,2642794,1575630,264279,132139,1972048,670746,25.38
2025-11-01,P0060,ローラーベアリング HD,産業機械部品,2019-10-30,16926,135,2285010,1362319,228501,114250,1705070,579940,25.38
2025-12-01,P0060,ローラーベアリング HD,産業機械部品,2019-10-30,16772,176,2951872,1759902,295187,147593,2202682,749190,25.38
2026-01-01,P0060,ローラーベアリング HD,産業機械部品,2019-10-30,16790,195,3274050,1951984,327405,163702,2443091,830959,25.38
2026-02-01,P0060,ローラーベアリング HD,産業機械部品,2019-10-30,16831,196,3298876,1966785,329887,164943,2461615,837261,25.38
2026-03-01,P0060,ローラーベアリング HD,産業機械部品,2019-10-30,17096,202,3453392,2058907,345339,172669,2576915,876477,25.38
2024-04-01,P0061,ボールネジ 小型,産業機械部品,2021-07-30,15780,145,2288100,1603859,228810,114405,1947074,341026,14.9
2024-05-01,P0061,ボールネジ 小型,産業機械部品,2021-07-30,16251,182,2957682,2073207,295768,147884,2516859,440823,14.9
2024-06-01,P0061,ボールネジ 小型,産業機械部品,2021-07-30,16017,169,2706873,1897401,270687,135343,2303431,403442,14.9
2024-07-01,P0061,ボールネジ 小型,産業機械部品,2021-07-30,16074,182,2925468,2050627,292546,146273,2489446,436022,14.9
2024-08-01,P0061,ボールネジ 小型,産業機械部品,2021-07-30,16034,189,3030426,2124198,303042,151521,2578761,451665,14.9
2024-09-01,P0061,ボールネジ 小型,産業機械部品,2021-07-30,16372,190,3110680,2180452,311068,155534,2647054,463626,14.9
2024-10-01,P0061,ボールネジ 小型,産業機械部品,2021-07-30,15739,165,2596935,1820339,259693,129846,2209878,387057,14.9
2024-11-01,P0061,ボールネジ 小型,産業機械部品,2021-07-30,16087,149,2396963,1680167,239696,119848,2039711,357252,14.9
2024-12-01,P0061,ボールネジ 小型,産業機械部品,2021-07-30,16335,164,2678940,1877821,267894,133947,2279662,399278,14.9
2025-01-01,P0061,ボールネジ 小型,産業機械部品,2021-07-30,16066,184,2956144,2072129,295614,147807,2515550,440594,14.9
2025-02-01,P0061,ボールネジ 小型,産業機械部品,2021-07-30,15897,196,3115812,2184050,311581,155790,2651421,464391,14.9
2025-03-01,P0061,ボールネジ 小型,産業機械部品,2021-07-30,15733,198,3115134,2183574,311513,155756,2650843,464291,14.9
2025-04-01,P0061,ボールネジ 小型,産業機械部品,2021-07-30,16332,184,3005088,2106437,300508,150254,2557199,447889,14.9
2025-05-01,P0061,ボールネジ 小型,産業機械部品,2021-07-30,16280,196,3190880,2236669,319088,159544,2715301,475579,14.9
2025-06-01,P0061,ボールネジ 小型,産業機械部品,2021-07-30,16261,168,2731848,1914907,273184,136592,2324683,407165,14.9
2025-07-01,P0061,ボールネジ 小型,産業機械部品,2021-07-30,16129,179,2887091,2023726,288709,144354,2456789,430302,14.9
2025-08-01,P0061,ボールネジ 小型,産業機械部品,2021-07-30,15861,144,2283984,1600974,228398,114199,1943571,340413,14.9
2025-09-01,P0061,ボールネジ 小型,産業機械部品,2021-07-30,15769,179,2822651,1978556,282265,141132,2401953,420698,14.9
2025-10-01,P0061,ボールネジ 小型,産業機械部品,2021-07-30,16271,192,3124032,2518283,312403,156201,2986887,137145,4.39
2025-11-01,P0061,ボールネジ 小型,産業機械部品,2021-07-30,15797,205,3238385,2610463,323838,161919,3096220,142165,4.39
2025-12-01,P0061,ボールネジ 小型,産業機械部品,2021-07-30,15775,206,3249650,2619544,324965,162482,3106991,142659,4.39
2026-01-01,P0061,ボールネジ 小型,産業機械部品,2021-07-30,16271,174,2831154,2282194,283115,141557,2706866,124288,4.39
2026-02-01,P0061,ボールネジ 小型,産業機械部品,2021-07-30,15743,145,2282735,1840113,228273,114136,2182522,100213,4.39
2026-03-01,P0061,ボールネジ 小型,産業機械部品,2021-07-30,16060,142,2280520,1838328,228052,114026,2180406,100114,4.39
2024-04-01,P0062,ボールネジ 中型,産業機械部品,2022-05-27,27286,1413,38555118,20748781,3855511,1927755,26532047,12023071,31.18
2024-05-01,P0062,ボールネジ 中型,産業機械部品,2022-05-27,27407,1706,46756342,25162343,4675634,2337817,32175794,14580548,31.18
2024-06-01,P0062,ボールネジ 中型,産業機械部品,2022-05-27,28200,1813,51126600,27514236,5112660,2556330,35183226,15943374,31.18
2024-07-01,P0062,ボールネジ 中型,産業機械部品,2022-05-27,28119,1837,51654603,27798385,5165460,2582730,35546575,16108028,31.18
2024-08-01,P0062,ボールネジ 中型,産業機械部品,2022-05-27,28070,1673,46961110,25272540,4696111,2348055,32316706,14644404,31.18
2024-09-01,P0062,ボールネジ 中型,産業機械部品,2022-05-27,27223,1450,39473350,21242935,3947335,1973667,27163937,12309413,31.18
2024-10-01,P0062,ボールネジ 中型,産業機械部品,2022-05-27,27205,1764,47989620,25826042,4798962,2399481,33024485,14965135,31.18
2024-11-01,P0062,ボールネジ 中型,産業機械部品,2022-05-27,27914,1921,53622794,28857585,5362279,2681139,36901003,16721791,31.18
2024-12-01,P0062,ボールネジ 中型,産業機械部品,2022-05-27,27495,1961,53917695,29016289,5391769,2695884,37103942,16813753,31.18
2025-01-01,P0062,ボールネジ 中型,産業機械部品,2022-05-27,27969,1651,46176819,24850467,4617681,2308840,31776988,14399831,31.18
2025-02-01,P0062,ボールネジ 中型,産業機械部品,2022-05-27,27748,1489,41316772,22234989,4131677,2065838,28432504,12884268,31.18
2025-03-01,P0062,ボールネジ 中型,産業機械部品,2022-05-27,28232,1766,49857712,26831373,4985771,2492885,34310029,15547683,31.18
2025-04-01,P0062,ボールネジ 中型,産業機械部品,2022-05-27,27278,1823,49727794,26761456,4972779,2486389,34220624,15507170,31.18
2025-05-01,P0062,ボールネジ 中型,産業機械部品,2022-05-27,27800,1644,45703200,24595585,4570320,2285160,31451065,14252135,31.18
2025-06-01,P0062,ボールネジ 中型,産業機械部品,2022-05-27,27626,1426,39394676,21200596,3939467,1969733,27109796,12284880,31.18
2025-07-01,P0062,ボールネジ 中型,産業機械部品,2022-05-27,27279,1517,41382243,22270223,4138224,2069112,28477559,12904684,31.18
2025-08-01,P0062,ボールネジ 中型,産業機械部品,2022-05-27,27331,1668,45588108,24533647,4558810,2279405,31371862,14216246,31.18
2025-09-01,P0062,ボールネジ 中型,産業機械部品,2022-05-27,27335,1721,47043535,25316898,4704353,2352176,32373427,14670108,31.18
2025-10-01,P0062,ボールネジ 中型,産業機械部品,2022-05-27,27364,1809,49501476,30635610,4950147,2475073,38060830,11440646,23.11
2025-11-01,P0062,ボールネジ 中型,産業機械部品,2022-05-27,27177,1924,52288548,32360481,5228854,2614427,40203762,12084786,23.11
2025-12-01,P0062,ボールネジ 中型,産業機械部品,2022-05-27,27502,1675,46065850,28509360,4606585,2303292,35419237,10646613,23.11
2026-01-01,P0062,ボールネジ 中型,産業機械部品,2022-05-27,27670,1478,40896260,25309990,4089626,2044813,31444429,9451831,23.11
2026-02-01,P0062,ボールネジ 中型,産業機械部品,2022-05-27,28162,1888,53169856,32905907,5316985,2658492,40881384,12288472,23.11
2026-03-01,P0062,ボールネジ 中型,産業機械部品,2022-05-27,27318,1530,41796540,25867158,4179654,2089827,32136639,9659901,23.11
2024-04-01,P0063,ボールネジ 大型,産業機械部品,2020-02-21,45818,386,17685748,8935140,1768574,884287,11588001,6097747,34.48
2024-05-01,P0063,ボールネジ 大型,産業機械部品,2020-02-21,46408,413,19166504,9683243,1916650,958325,12558218,6608286,34.48
2024-06-01,P0063,ボールネジ 大型,産業機械部品,2020-02-21,46112,397,18306464,9248736,1830646,915323,11994705,6311759,34.48
2024-07-01,P0063,ボールネジ 大型,産業機械部品,2020-02-21,45780,364,16663920,8418895,1666392,833196,10918483,5745437,34.48
2024-08-01,P0063,ボールネジ 大型,産業機械部品,2020-02-21,45736,412,18843232,9519921,1884323,942161,12346405,6496827,34.48
2024-09-01,P0063,ボールネジ 大型,産業機械部品,2020-02-21,46925,415,19473875,9838532,1947387,973693,12759612,6714263,34.48
2024-10-01,P0063,ボールネジ 大型,産業機械部品,2020-02-21,45481,410,18647210,9420887,1864721,932360,12217968,6429242,34.48
2024-11-01,P0063,ボールネジ 大型,産業機械部品,2020-02-21,46314,340,15746760,7955530,1574676,787338,10317544,5429216,34.48
2024-12-01,P0063,ボールネジ 大型,産業機械部品,2020-02-21,47150,388,18294200,9242540,1829420,914710,11986670,6307530,34.48
2025-01-01,P0063,ボールネジ 大型,産業機械部品,2020-02-21,47068,355,16709140,8441741,1670914,835457,10948112,5761028,34.48
2025-02-01,P0063,ボールネジ 大型,産業機械部品,2020-02-21,46134,323,14901282,7528381,1490128,745064,9763573,5137709,34.48
2025-03-01,P0063,ボールネジ 大型,産業機械部品,2020-02-21,46822,307,14374354,7262168,1437435,718717,9418320,4956034,34.48
2025-04-01,P0063,ボールネジ 大型,産業機械部品,2020-02-21,45922,321,14740962,7447384,1474096,737048,9658528,5082434,34.48
2025-05-01,P0063,ボールネジ 大型,産業機械部品,2020-02-21,46437,415,19271355,9736216,1927135,963567,12626918,6644437,34.48
2025-06-01,P0063,ボールネジ 大型,産業機械部品,2020-02-21,45449,301,13680149,6911443,1368014,684007,8963464,4716685,34.48
2025-07-01,P0063,ボールネジ 大型,産業機械部品,2020-02-21,46011,375,17254125,8717077,1725412,862706,11305195,5948930,34.48
2025-08-01,P0063,ボールネジ 大型,産業機械部品,2020-02-21,46583,326,15186058,7672254,1518605,759302,9950161,5235897,34.48
2025-09-01,P0063,ボールネジ 大型,産業機械部品,2020-02-21,46544,333,15499152,7830435,1549915,774957,10155307,5343845,34.48
2025-10-01,P0063,ボールネジ 大型,産業機械部品,2020-02-21,45791,355,16255805,9444615,1625580,812790,11882985,4372820,26.9
2025-11-01,P0063,ボールネジ 大型,産業機械部品,2020-02-21,45884,319,14636996,8504088,1463699,731849,10699636,3937360,26.9
2025-12-01,P0063,ボールネジ 大型,産業機械部品,2020-02-21,46017,303,13943151,8100964,1394315,697157,10192436,3750715,26.9
2026-01-01,P0063,ボールネジ 大型,産業機械部品,2020-02-21,46987,434,20392358,11847950,2039235,1019617,14906802,5485556,26.9
2026-02-01,P0063,ボールネジ 大型,産業機械部品,2020-02-21,46513,354,16465602,9566507,1646560,823280,12036347,4429255,26.9
2026-03-01,P0063,ボールネジ 大型,産業機械部品,2020-02-21,46982,384,18041088,10481864,1804108,902054,13188026,4853062,26.9
2024-04-01,P0064,ボールネジ 業務用,産業機械部品,2020-03-31,61546,143,8801078,6424360,880107,440053,7744520,1056558,12.0
2024-05-01,P0064,ボールネジ 業務用,産業機械部品,2020-03-31,61578,127,7820406,5708517,782040,391020,6881577,938829,12.0
2024-06-01,P0064,ボールネジ 業務用,産業機械部品,2020-03-31,63060,179,11287740,8239502,1128774,564387,9932663,1355077,12.0
2024-07-01,P0064,ボールネジ 業務用,産業機械部品,2020-03-31,61933,131,8113223,5922259,811322,405661,7139242,973981,12.0
2024-08-01,P0064,ボールネジ 業務用,産業機械部品,2020-03-31,62011,148,9177628,6699223,917762,458881,8075866,1101762,12.0
2024-09-01,P0064,ボールネジ 業務用,産業機械部品,2020-03-31,60847,159,9674673,7062041,967467,483733,8513241,1161432,12.0
2024-10-01,P0064,ボールネジ 業務用,産業機械部品,2020-03-31,63213,177,11188701,8167208,1118870,559435,9845513,1343188,12.0
2024-11-01,P0064,ボールネジ 業務用,産業機械部品,2020-03-31,62436,165,10301940,7519916,1030194,515097,9065207,1236733,12.0
2024-12-01,P0064,ボールネジ 業務用,産業機械部品,2020-03-31,61626,158,9736908,7107470,973690,486845,8568005,1168903,12.0
2025-01-01,P0064,ボールネジ 業務用,産業機械部品,2020-03-31,62246,134,8340964,6088499,834096,417048,7339643,1001321,12.0
2025-02-01,P0064,ボールネジ 業務用,産業機械部品,2020-03-31,62843,127,7981061,5825787,798106,399053,7022946,958115,12.0
2025-03-01,P0064,ボールネジ 業務用,産業機械部品,2020-03-31,61826,151,9335726,6814627,933572,466786,8214985,1120741,12.0
2025-04-01,P0064,ボールネジ 業務用,産業機械部品,2020-03-31,63202,145,9164290,6689487,916429,458214,8064130,1100160,12.0
2025-05-01,P0064,ボールネジ 業務用,産業機械部品,2020-03-31,61172,136,8319392,6072752,831939,415969,7320660,998732,12.0
2025-06-01,P0064,ボールネジ 業務用,産業機械部品,2020-03-31,62431,135,8428185,6152166,842818,421409,7416393,1011792,12.0
2025-07-01,P0064,ボールネジ 業務用,産業機械部品,2020-03-31,61381,187,11478247,8378563,1147824,573912,10100299,1377948,12.0
2025-08-01,P0064,ボールネジ 業務用,産業機械部品,2020-03-31,61488,181,11129328,8123869,1112932,556466,9793267,1336061,12.0
2025-09-01,P0064,ボールネジ 業務用,産業機械部品,2020-03-31,60897,165,10048005,7334556,1004800,502400,8841756,1206249,12.0
2025-10-01,P0064,ボールネジ 業務用,産業機械部品,2020-03-31,62421,156,9737676,8174235,973767,486883,9634885,102791,1.06
2025-11-01,P0064,ボールネジ 業務用,産業機械部品,2020-03-31,61387,158,9699146,8141891,969914,484957,9596762,102384,1.06
2025-12-01,P0064,ボールネジ 業務用,産業機械部品,2020-03-31,63204,176,11123904,9337896,1112390,556195,11006481,117423,1.06
2026-01-01,P0064,ボールネジ 業務用,産業機械部品,2020-03-31,62375,153,9543375,8011130,954337,477168,9442635,100740,1.06
2026-02-01,P0064,ボールネジ 業務用,産業機械部品,2020-03-31,61396,174,10682904,8967701,1068290,534145,10570136,112768,1.06
2026-03-01,P0064,ボールネジ 業務用,産業機械部品,2020-03-31,61492,179,11007068,9239819,1100706,550353,10890878,116190,1.06
2024-04-01,P0065,ボールネジ HD,産業機械部品,2021-01-07,83486,134,11187124,5730051,1118712,559356,7408119,3779005,33.78
2024-05-01,P0065,ボールネジ HD,産業機械部品,2021-01-07,84282,161,13569402,6950256,1356940,678470,8985666,4583736,33.78
2024-06-01,P0065,ボールネジ HD,産業機械部品,2021-01-07,85869,182,15628158,8004752,1562815,781407,10348974,5279184,33.78
2024-07-01,P0065,ボールネジ HD,産業機械部品,2021-01-07,83429,134,11179486,5726139,1117948,558974,7403061,3776425,33.78
2024-08-01,P0065,ボールネジ HD,産業機械部品,2021-01-07,84127,150,12619050,6463485,1261905,630952,8356342,4262708,33.78
2024-09-01,P0065,ボールネジ HD,産業機械部品,2021-01-07,85398,159,13578282,6954804,1357828,678914,8991546,4586736,33.78
2024-10-01,P0065,ボールネジ HD,産業機械部品,2021-01-07,82578,176,14533728,7444184,1453372,726686,9624242,4909486,33.78
2024-11-01,P0065,ボールネジ HD,産業機械部品,2021-01-07,84596,156,13196976,6759499,1319697,659848,8739044,4457932,33.78
2024-12-01,P0065,ボールネジ HD,産業機械部品,2021-01-07,82955,157,13023935,6670867,1302393,651196,8624456,4399479,33.78
2025-01-01,P0065,ボールネジ HD,産業機械部品,2021-01-07,83901,153,12836853,6575044,1283685,641842,8500571,4336282,33.78
2025-02-01,P0065,ボールネジ HD,産業機械部品,2021-01-07,85062,139,11823618,6056064,1182361,591180,7829605,3994013,33.78
2025-03-01,P0065,ボールネジ HD,産業機械部品,2021-01-07,84498,148,12505704,6405429,1250570,625285,8281284,4224420,33.78
2025-04-01,P0065,ボールネジ HD,産業機械部品,2021-01-07,85470,160,13675200,7004446,1367520,683760,9055726,4619474,33.78
2025-05-01,P0065,ボールネジ HD,産業機械部品,2021-01-07,82899,135,11191365,5732224,1119136,559568,7410928,3780437,33.78
2025-06-01,P0065,ボールネジ HD,産業機械部品,2021-01-07,83967,146,12259182,6279160,1225918,612959,8118037,4141145,33.78
2025-07-01,P0065,ボールネジ HD,産業機械部品,2021-01-07,85085,146,12422410,6362766,1242241,621120,8226127,4196283,33.78
2025-08-01,P0065,ボールネジ HD,産業機械部品,2021-01-07,82800,143,11840400,6064660,1184040,592020,7840720,3999680,33.78
2025-09-01,P0065,ボールネジ HD,産業機械部品,2021-01-07,85119,154,13108326,6714092,1310832,655416,8680340,4427986,33.78
2025-10-01,P0065,ボールネジ HD,産業機械部品,2021-01-07,84984,182,15467088,9110590,1546708,773354,11430652,4036436,26.1
2025-11-01,P0065,ボールネジ HD,産業機械部品,2021-01-07,84954,163,13847502,8156604,1384750,692375,10233729,3613773,26.1
2025-12-01,P0065,ボールネジ HD,産業機械部品,2021-01-07,83304,171,14244984,8390733,1424498,712249,10527480,3717504,26.1
2026-01-01,P0065,ボールネジ HD,産業機械部品,2021-01-07,85110,162,13787820,8121449,1378782,689391,10189622,3598198,26.1
2026-02-01,P0065,ボールネジ HD,産業機械部品,2021-01-07,84717,147,12453399,7335434,1245339,622669,9203442,3249957,26.1
2026-03-01,P0065,ボールネジ HD,産業機械部品,2021-01-07,84209,158,13305022,7837066,1330502,665251,9832819,3472203,26.1
2024-04-01,P0066,リニアガイド 小型,産業機械部品,2023-08-15,18699,965,18044535,10848897,1804453,902226,13555576,4488959,24.88
2024-05-01,P0066,リニアガイド 小型,産業機械部品,2023-08-15,18331,775,14206525,8541374,1420652,710326,10672352,3534173,24.88
2024-06-01,P0066,リニアガイド 小型,産業機械部品,2023-08-15,18083,741,13399503,8056169,1339950,669975,10066094,3333409,24.88
2024-07-01,P0066,リニアガイド 小型,産業機械部品,2023-08-15,18425,1082,19935850,11986011,1993585,996792,14976388,4959462,24.88
2024-08-01,P0066,リニアガイド 小型,産業機械部品,2023-08-15,18264,852,15560928,9355681,1556092,778046,11689819,3871109,24.88
2024-09-01,P0066,リニアガイド 小型,産業機械部品,2023-08-15,18247,1079,19688513,11837304,1968851,984425,14790580,4897933,24.88
2024-10-01,P0066,リニアガイド 小型,産業機械部品,2023-08-15,18270,986,18014220,10830671,1801422,900711,13532804,4481416,24.88
2024-11-01,P0066,リニアガイド 小型,産業機械部品,2023-08-15,18565,749,13905185,8360200,1390518,695259,10445977,3459208,24.88
2024-12-01,P0066,リニアガイド 小型,産業機械部品,2023-08-15,18559,724,13436716,8078543,1343671,671835,10094049,3342667,24.88
2025-01-01,P0066,リニアガイド 小型,産業機械部品,2023-08-15,18611,814,15149354,9108230,1514935,757467,11380632,3768722,24.88
2025-02-01,P0066,リニアガイド 小型,産業機械部品,2023-08-15,18595,1002,18632190,11202212,1863219,931609,13997040,4635150,24.88
2025-03-01,P0066,リニアガイド 小型,産業機械部品,2023-08-15,18580,733,13619140,8188221,1361914,680957,10231092,3388048,24.88
2025-04-01,P0066,リニアガイド 小型,産業機械部品,2023-08-15,18240,1082,19735680,11865663,1973568,986784,14826015,4909665,24.88
2025-05-01,P0066,リニアガイド 小型,産業機械部品,2023-08-15,18661,823,15358003,9233676,1535800,767900,11537376,3820627,24.88
2025-06-01,P0066,リニアガイド 小型,産業機械部品,2023-08-15,18548,782,14504536,8720547,1450453,725226,10896226,3608310,24.88
2025-07-01,P0066,リニアガイド 小型,産業機械部品,2023-08-15,18088,997,18033736,10842404,1803373,901686,13547463,4486273,24.88
2025-08-01,P0066,リニアガイド 小型,産業機械部品,2023-08-15,18485,924,17080140,10269075,1708014,854007,12831096,4249044,24.88
2025-09-01,P0066,リニアガイド 小型,産業機械部品,2023-08-15,18707,834,15601638,9380157,1560163,780081,11720401,3881237,24.88
2025-10-01,P0066,リニアガイド 小型,産業機械部品,2023-08-15,18329,783,14351607,9922892,1435160,717580,12075632,2275975,15.86
2025-11-01,P0066,リニアガイド 小型,産業機械部品,2023-08-15,18201,1031,18765231,12974531,1876523,938261,15789315,2975916,15.86
2025-12-01,P0066,リニアガイド 小型,産業機械部品,2023-08-15,18119,1021,18499499,12790800,1849949,924974,15565723,2933776,15.86
2026-01-01,P0066,リニアガイド 小型,産業機械部品,2023-08-15,18116,901,16322516,11285605,1632251,816125,13733981,2588535,15.86
2026-02-01,P0066,リニアガイド 小型,産業機械部品,2023-08-15,18644,969,18066036,12491098,1806603,903301,15201002,2865034,15.86
2026-03-01,P0066,リニアガイド 小型,産業機械部品,2023-08-15,18784,1031,19366304,13390120,1936630,968315,16295065,3071239,15.86
2024-04-01,P0067,リニアガイド 中型,産業機械部品,2022-09-10,32973,1561,51470853,30549871,5147085,2573542,38270498,13200355,25.65
2024-05-01,P0067,リニアガイド 中型,産業機械部品,2022-09-10,33155,1642,54440510,32312473,5444051,2722025,40478549,13961961,25.65
2024-06-01,P0067,リニアガイド 中型,産業機械部品,2022-09-10,32617,1625,53002625,31459035,5300262,2650131,39409428,13593197,25.65
2024-07-01,P0067,リニアガイド 中型,産業機械部品,2022-09-10,33269,1407,46809483,27783174,4680948,2340474,34804596,12004887,25.65
2024-08-01,P0067,リニアガイド 中型,産業機械部品,2022-09-10,32585,1242,40470570,24020793,4047057,2023528,30091378,10379192,25.65
2024-09-01,P0067,リニアガイド 中型,産業機械部品,2022-09-10,32879,1679,55203841,32765539,5520384,2760192,41046115,14157726,25.65
2024-10-01,P0067,リニアガイド 中型,産業機械部品,2022-09-10,32743,1230,40273890,23904056,4027389,2013694,29945139,10328751,25.65
2024-11-01,P0067,リニアガイド 中型,産業機械部品,2022-09-10,33128,1351,44755928,26564312,4475592,2237796,33277700,11478228,25.65
2024-12-01,P0067,リニアガイド 中型,産業機械部品,2022-09-10,33607,1648,55384336,32872669,5538433,2769216,41180318,14204018,25.65
2025-01-01,P0067,リニアガイド 中型,産業機械部品,2022-09-10,33229,1495,49677355,29485363,4967735,2483867,36936965,12740390,25.65
2025-02-01,P0067,リニアガイド 中型,産業機械部品,2022-09-10,33436,1309,43767724,25977776,4376772,2188386,32542934,11224790,25.65
2025-03-01,P0067,リニアガイド 中型,産業機械部品,2022-09-10,32446,1250,40557500,24072389,4055750,2027875,30156014,10401486,25.65
2025-04-01,P0067,リニアガイド 中型,産業機械部品,2022-09-10,33446,1676,56055496,33271028,5605549,2802774,41679351,14376145,25.65
2025-05-01,P0067,リニアガイド 中型,産業機械部品,2022-09-10,33196,1298,43088408,25574577,4308840,2154420,32037837,11050571,25.65
2025-06-01,P0067,リニアガイド 中型,産業機械部品,2022-09-10,32732,1391,45530212,27023879,4553021,2276510,33853410,11676802,25.65
2025-07-01,P0067,リニアガイド 中型,産業機械部品,2022-09-10,32486,1289,41874454,24854050,4187445,2093722,31135217,10739237,25.65
2025-08-01,P0067,リニアガイド 中型,産業機械部品,2022-09-10,32895,1437,47270115,28056576,4727011,2363505,35147092,12123023,25.65
2025-09-01,P0067,リニアガイド 中型,産業機械部品,2022-09-10,32590,1416,46147440,27390227,4614744,2307372,34312343,11835097,25.65
2025-10-01,P0067,リニアガイド 中型,産業機械部品,2022-09-10,33148,1656,54893088,37468259,5489308,2744654,45702221,9190867,16.74
2025-11-01,P0067,リニアガイド 中型,産業機械部品,2022-09-10,32450,1634,53023300,36192002,5302330,2651165,44145497,8877803,16.74
2025-12-01,P0067,リニアガイド 中型,産業機械部品,2022-09-10,33426,1478,49403628,33721330,4940362,2470181,41131873,8271755,16.74
2026-01-01,P0067,リニアガイド 中型,産業機械部品,2022-09-10,32564,1314,42789096,29206463,4278909,2139454,35624826,7164270,16.74
2026-02-01,P0067,リニアガイド 中型,産業機械部品,2022-09-10,32666,1277,41714482,28472966,4171448,2085724,34730138,6984344,16.74
2026-03-01,P0067,リニアガイド 中型,産業機械部品,2022-09-10,32736,1379,45142944,30813124,4514294,2257147,37584565,7558379,16.74
2024-04-01,P0068,リニアガイド 大型,産業機械部品,2019-09-03,50465,364,18369260,10318137,1836926,918463,13073526,5295734,28.83
2024-05-01,P0068,リニアガイド 大型,産業機械部品,2019-09-03,51774,322,16671228,9364341,1667122,833561,11865024,4806204,28.83
2024-06-01,P0068,リニアガイド 大型,産業機械部品,2019-09-03,50810,299,15192190,8533555,1519219,759609,10812383,4379807,28.83
2024-07-01,P0068,リニアガイド 大型,産業機械部品,2019-09-03,50358,302,15208116,8542501,1520811,760405,10823717,4384399,28.83
2024-08-01,P0068,リニアガイド 大型,産業機械部品,2019-09-03,50436,340,17148240,9632282,1714824,857412,12204518,4943722,28.83
2024-09-01,P0068,リニアガイド 大型,産業機械部品,2019-09-03,52400,312,16348800,9183231,1634880,817440,11635551,4713249,28.83
2024-10-01,P0068,リニアガイド 大型,産業機械部品,2019-09-03,50798,401,20369998,11441965,2036999,1018499,14497463,5872535,28.83
2024-11-01,P0068,リニアガイド 大型,産業機械部品,2019-09-03,51309,317,16264953,9136133,1626495,813247,11575875,4689078,28.83
2024-12-01,P0068,リニアガイド 大型,産業機械部品,2019-09-03,52006,391,20334346,11421939,2033434,1016717,14472090,5862256,28.83
2025-01-01,P0068,リニアガイド 大型,産業機械部品,2019-09-03,50612,292,14778704,8301297,1477870,738935,10518102,4260602,28.83
2025-02-01,P0068,リニアガイド 大型,産業機械部品,2019-09-03,52144,332,17311808,9724159,1731180,865590,12320929,4990879,28.83
2025-03-01,P0068,リニアガイド 大型,産業機械部品,2019-09-03,50576,396,20028096,11249916,2002809,1001404,14254129,5773967,28.83
2025-04-01,P0068,リニアガイド 大型,産業機械部品,2019-09-03,50676,354,17939304,10076628,1793930,896965,12767523,5171781,28.83
2025-05-01,P0068,リニアガイド 大型,産業機械部品,2019-09-03,52239,369,19276191,10827566,1927619,963809,13718994,5557197,28.83
2025-06-01,P0068,リニアガイド 大型,産業機械部品,2019-09-03,50527,337,17027599,9564517,1702759,851379,12118655,4908944,28.83
2025-07-01,P0068,リニアガイド 大型,産業機械部品,2019-09-03,51195,355,18174225,10208584,1817422,908711,12934717,5239508,28.83
2025-08-01,P0068,リニアガイド 大型,産業機械部品,2019-09-03,51055,386,19707230,11069684,1970723,985361,14025768,5681462,28.83
2025-09-01,P0068,リニアガイド 大型,産業機械部品,2019-09-03,50918,395,20112610,11297388,2011261,1005630,14314279,5798331,28.83
2025-10-01,P0068,リニアガイド 大型,産業機械部品,2019-09-03,50986,297,15142842,9781711,1514284,757142,12053137,3089705,20.4
2025-11-01,P0068,リニアガイド 大型,産業機械部品,2019-09-03,50934,280,14261520,9212410,1426152,713076,11351638,2909882,20.4
2025-12-01,P0068,リニアガイド 大型,産業機械部品,2019-09-03,50648,366,18537168,11974320,1853716,926858,14754894,3782274,20.4
2026-01-01,P0068,リニアガイド 大型,産業機械部品,2019-09-03,50628,290,14682120,9484102,1468212,734106,11686420,2995700,20.4
2026-02-01,P0068,リニアガイド 大型,産業機械部品,2019-09-03,52154,285,14863890,9601519,1486389,743194,11831102,3032788,20.4
2026-03-01,P0068,リニアガイド 大型,産業機械部品,2019-09-03,50452,405,20433060,13198995,2043306,1021653,16263954,4169106,20.4
2024-04-01,P0069,リニアガイド 業務用,産業機械部品,2021-03-02,70974,171,12136554,6999728,1213655,606827,8820210,3316344,27.33
2024-05-01,P0069,リニアガイド 業務用,産業機械部品,2021-03-02,68993,147,10141971,5849357,1014197,507098,7370652,2771319,27.33
2024-06-01,P0069,リニアガイド 業務用,産業機械部品,2021-03-02,70583,153,10799199,6228412,1079919,539959,7848290,2950909,27.33
2024-07-01,P0069,リニアガイド 業務用,産業機械部品,2021-03-02,69512,171,11886552,6855540,1188655,594327,8638522,3248030,27.33
2024-08-01,P0069,リニアガイド 業務用,産業機械部品,2021-03-02,70222,140,9831080,5670051,983108,491554,7144713,2686367,27.33
2024-09-01,P0069,リニアガイド 業務用,産業機械部品,2021-03-02,69312,179,12406848,7155619,1240684,620342,9016645,3390203,27.33
2024-10-01,P0069,リニアガイド 業務用,産業機械部品,2021-03-02,69313,167,11575271,6676009,1157527,578763,8412299,3162972,27.33
2024-11-01,P0069,リニアガイド 業務用,産業機械部品,2021-03-02,69660,155,10797300,6227316,1079730,539865,7846911,2950389,27.33
2024-12-01,P0069,リニアガイド 業務用,産業機械部品,2021-03-02,70920,174,12340080,7117111,1234008,617004,8968123,3371957,27.33
2025-01-01,P0069,リニアガイド 業務用,産業機械部品,2021-03-02,69152,153,10580256,6102137,1058025,529012,7689174,2891082,27.33
2025-02-01,P0069,リニアガイド 業務用,産業機械部品,2021-03-02,68571,148,10148508,5853127,1014850,507425,7375402,2773106,27.33
2025-03-01,P0069,リニアガイド 業務用,産業機械部品,2021-03-02,68439,144,9855216,5683972,985521,492760,7162253,2692963,27.33
2025-04-01,P0069,リニアガイド 業務用,産業機械部品,2021-03-02,68665,152,10437080,6019560,1043708,521854,7585122,2851958,27.33
2025-05-01,P0069,リニアガイド 業務用,産業機械部品,2021-03-02,70408,147,10349976,5969323,1034997,517498,7521818,2828158,27.33
2025-06-01,P0069,リニアガイド 業務用,産業機械部品,2021-03-02,69902,140,9786280,5644213,978628,489314,7112155,2674125,27.33
2025-07-01,P0069,リニアガイド 業務用,産業機械部品,2021-03-02,69777,181,12629637,7284112,1262963,631481,9178556,3451081,27.33
2025-08-01,P0069,リニアガイド 業務用,産業機械部品,2021-03-02,69158,137,9474646,5464479,947464,473732,6885675,2588971,27.33
2025-09-01,P0069,リニアガイド 業務用,産業機械部品,2021-03-02,69609,162,11276658,6503785,1127665,563832,8195282,3081376,27.33
2025-10-01,P0069,リニアガイド 業務用,産業機械部品,2021-03-02,69442,134,9305228,6171783,930522,465261,7567566,1737662,18.67
2025-11-01,P0069,リニアガイド 業務用,産業機械部品,2021-03-02,68943,159,10961937,7270611,1096193,548096,8914900,2047037,18.67
2025-12-01,P0069,リニアガイド 業務用,産業機械部品,2021-03-02,68394,163,11148222,7394166,1114822,557411,9066399,2081823,18.67
2026-01-01,P0069,リニアガイド 業務用,産業機械部品,2021-03-02,70437,146,10283802,6820831,1028380,514190,8363401,1920401,18.67
2026-02-01,P0069,リニアガイド 業務用,産業機械部品,2021-03-02,69883,141,9853503,6535431,985350,492675,8013456,1840047,18.67
2026-03-01,P0069,リニアガイド 業務用,産業機械部品,2021-03-02,69080,151,10431080,6918515,1043108,521554,8483177,1947903,18.67
2024-04-01,P0070,リニアガイド HD,産業機械部品,2021-05-22,94199,433,40788167,21532415,4078816,2039408,27650639,13137528,32.21
2024-05-01,P0070,リニアガイド HD,産業機械部品,2021-05-22,96138,537,51626106,27253854,5162610,2581305,34997769,16628337,32.21
2024-06-01,P0070,リニアガイド HD,産業機械部品,2021-05-22,93486,495,46275570,24429261,4627557,2313778,31370596,14904974,32.21
2024-07-01,P0070,リニアガイド HD,産業機械部品,2021-05-22,95728,394,37716832,19911032,3771683,1885841,25568556,12148276,32.21
2024-08-01,P0070,リニアガイド HD,産業機械部品,2021-05-22,94157,408,38416056,20280158,3841605,1920802,26042565,12373491,32.21
2024-09-01,P0070,リニアガイド HD,産業機械部品,2021-05-22,94386,513,48420018,25561333,4842001,2421000,32824334,15595684,32.21
2024-10-01,P0070,リニアガイド HD,産業機械部品,2021-05-22,93436,383,35785988,18891723,3578598,1789299,24259620,11526368,32.21
2024-11-01,P0070,リニアガイド HD,産業機械部品,2021-05-22,95648,451,43137248,22772515,4313724,2156862,29243101,13894147,32.21
2024-12-01,P0070,リニアガイド HD,産業機械部品,2021-05-22,93719,530,49671070,26221774,4967107,2483553,33672434,15998636,32.21
2025-01-01,P0070,リニアガイド HD,産業機械部品,2021-05-22,95315,406,38697890,20428940,3869789,1934894,26233623,12464267,32.21
2025-02-01,P0070,リニアガイド HD,産業機械部品,2021-05-22,95135,437,41573995,21947260,4157399,2078699,28183358,13390637,32.21
2025-03-01,P0070,リニアガイド HD,産業機械部品,2021-05-22,95372,540,51500880,27187746,5150088,2575044,34912878,16588002,32.21
2025-04-01,P0070,リニアガイド HD,産業機械部品,2021-05-22,97065,446,43290990,22853676,4329099,2164549,29347324,13943666,32.21
2025-05-01,P0070,リニアガイド HD,産業機械部品,2021-05-22,96847,381,36898707,19479137,3689870,1844935,25013942,11884765,32.21
2025-06-01,P0070,リニアガイド HD,産業機械部品,2021-05-22,95216,462,43989792,23222580,4398979,2199489,29821048,14168744,32.21
2025-07-01,P0070,リニアガイド HD,産業機械部品,2021-05-22,95229,540,51423660,27146981,5142366,2571183,34860530,16563130,32.21
2025-08-01,P0070,リニアガイド HD,産業機械部品,2021-05-22,94335,450,42450750,22410107,4245075,2122537,28777719,13673031,32.21
2025-09-01,P0070,リニアガイド HD,産業機械部品,2021-05-22,95467,491,46874297,24745334,4687429,2343714,31776477,15097820,32.21
2025-10-01,P0070,リニアガイド HD,産業機械部品,2021-05-22,95999,409,39263591,23836716,3926359,1963179,29726254,9537337,24.29
2025-11-01,P0070,リニアガイド HD,産業機械部品,2021-05-22,94811,488,46267768,28088914,4626776,2313388,35029078,11238690,24.29
2025-12-01,P0070,リニアガイド HD,産業機械部品,2021-05-22,94998,370,35149260,21338927,3514926,1757463,26611316,8537944,24.29
2026-01-01,P0070,リニアガイド HD,産業機械部品,2021-05-22,93583,370,34625710,21021083,3462571,1731285,26214939,8410771,24.29
2026-02-01,P0070,リニアガイド HD,産業機械部品,2021-05-22,93609,449,42030441,25516455,4203044,2101522,31821021,10209420,24.29
2026-03-01,P0070,リニアガイド HD,産業機械部品,2021-05-22,95794,420,40233480,24425530,4023348,2011674,30460552,9772928,24.29
2024-04-01,P0071,スパーギア 小型,産業機械部品,2022-12-17,5095,226,1151470,628167,115147,57573,800887,350583,30.45
2024-05-01,P0071,スパーギア 小型,産業機械部品,2022-12-17,5105,195,995475,543067,99547,49773,692387,303088,30.45
2024-06-01,P0071,スパーギア 小型,産業機械部品,2022-12-17,4975,216,1074600,586232,107460,53730,747422,327178,30.45
2024-07-01,P0071,スパーギア 小型,産業機械部品,2022-12-17,4939,207,1022373,557740,102237,51118,711095,311278,30.45
2024-08-01,P0071,スパーギア 小型,産業機械部品,2022-12-17,5010,202,1012020,552093,101202,50601,703896,308124,30.45
2024-09-01,P0071,スパーギア 小型,産業機械部品,2022-12-17,4966,152,754832,411787,75483,37741,525011,229821,30.45
2024-10-01,P0071,スパーギア 小型,産業機械部品,2022-12-17,4975,223,1109425,605230,110942,55471,771643,337782,30.45
2024-11-01,P0071,スパーギア 小型,産業機械部品,2022-12-17,4949,164,811636,442776,81163,40581,564520,247116,30.45
2024-12-01,P0071,スパーギア 小型,産業機械部品,2022-12-17,5080,187,949960,518237,94996,47498,660731,289229,30.45
2025-01-01,P0071,スパーギア 小型,産業機械部品,2022-12-17,4999,208,1039792,567243,103979,51989,723211,316581,30.45
2025-02-01,P0071,スパーギア 小型,産業機械部品,2022-12-17,4920,166,816720,445549,81672,40836,568057,248663,30.45
2025-03-01,P0071,スパーギア 小型,産業機械部品,2022-12-17,5075,186,943950,514958,94395,47197,656550,287400,30.45
2025-04-01,P0071,スパーギア 小型,産業機械部品,2022-12-17,4993,206,1028558,561115,102855,51427,715397,313161,30.45
2025-05-01,P0071,スパーギア 小型,産業機械部品,2022-12-17,4999,196,979804,534518,97980,48990,681488,298316,30.45
2025-06-01,P0071,スパーギア 小型,産業機械部品,2022-12-17,5015,194,972910,530757,97291,48645,676693,296217,30.45
2025-07-01,P0071,スパーギア 小型,産業機械部品,2022-12-17,5013,202,1012626,552423,101262,50631,704316,308310,30.45
2025-08-01,P0071,スパーギア 小型,産業機械部品,2022-12-17,4997,222,1109334,605181,110933,55466,771580,337754,30.45
2025-09-01,P0071,スパーギア 小型,産業機械部品,2022-12-17,4959,152,753768,411207,75376,37688,524271,229497,30.45
2025-10-01,P0071,スパーギア 小型,産業機械部品,2022-12-17,5020,188,943760,592082,94376,47188,733646,210114,22.26
2025-11-01,P0071,スパーギア 小型,産業機械部品,2022-12-17,5055,192,970560,608896,97056,48528,754480,216080,22.26
2025-12-01,P0071,スパーギア 小型,産業機械部品,2022-12-17,5045,171,862695,541225,86269,43134,670628,192067,22.26
2026-01-01,P0071,スパーギア 小型,産業機械部品,2022-12-17,4994,204,1018776,639145,101877,50938,791960,226816,22.26
2026-02-01,P0071,スパーギア 小型,産業機械部品,2022-12-17,4947,181,895407,561747,89540,44770,696057,199350,22.26
2026-03-01,P0071,スパーギア 小型,産業機械部品,2022-12-17,5069,182,922558,578781,92255,46127,717163,205395,22.26
2024-04-01,P0072,スパーギア 中型,産業機械部品,2023-09-28,8781,952,8359512,4662177,835951,417975,5916103,2443409,29.23
2024-05-01,P0072,スパーギア 中型,産業機械部品,2023-09-28,8938,985,8803930,4910033,880393,440196,6230622,2573308,29.23
2024-06-01,P0072,スパーギア 中型,産業機械部品,2023-09-28,8968,856,7676608,4281315,767660,383830,5432805,2243803,29.23
2024-07-01,P0072,スパーギア 中型,産業機械部品,2023-09-28,8679,761,6604719,3683512,660471,330235,4674218,1930501,29.23
2024-08-01,P0072,スパーギア 中型,産業機械部品,2023-09-28,8731,779,6801449,3793231,680144,340072,4813447,1988002,29.23
2024-09-01,P0072,スパーギア 中型,産業機械部品,2023-09-28,8826,1057,9329082,5202915,932908,466454,6602277,2726805,29.23
2024-10-01,P0072,スパーギア 中型,産業機械部品,2023-09-28,8827,835,7370545,4110621,737054,368527,5216202,2154343,29.23
2024-11-01,P0072,スパーギア 中型,産業機械部品,2023-09-28,8782,879,7719378,4305168,771937,385968,5463073,2256305,29.23
2024-12-01,P0072,スパーギア 中型,産業機械部品,2023-09-28,8908,785,6992780,3899938,699278,349639,4948855,2043925,29.23
2025-01-01,P0072,スパーギア 中型,産業機械部品,2023-09-28,8950,784,7016800,3913334,701680,350840,4965854,2050946,29.23
2025-02-01,P0072,スパーギア 中型,産業機械部品,2023-09-28,8934,808,7218672,4025920,721867,360933,5108720,2109952,29.23
2025-03-01,P0072,スパーギア 中型,産業機械部品,2023-09-28,8720,1030,8981600,5009121,898160,449080,6356361,2625239,29.23
2025-04-01,P0072,スパーギア 中型,産業機械部品,2023-09-28,9012,766,6903192,3849974,690319,345159,4885452,2017740,29.23
2025-05-01,P0072,スパーギア 中型,産業機械部品,2023-09-28,8899,904,8044696,4486601,804469,402234,5693304,2351392,29.23
2025-06-01,P0072,スパーギア 中型,産業機械部品,2023-09-28,8774,743,6519082,3635752,651908,325954,4613614,1905468,29.23
2025-07-01,P0072,スパーギア 中型,産業機械部品,2023-09-28,8989,920,8269880,4612188,826988,413494,5852670,2417210,29.23
2025-08-01,P0072,スパーギア 中型,産業機械部品,2023-09-28,8950,834,7464300,4162909,746430,373215,5282554,2181746,29.23
2025-09-01,P0072,スパーギア 中型,産業機械部品,2023-09-28,8716,977,8515532,4749190,851553,425776,6026519,2489013,29.23
2025-10-01,P0072,スパーギア 中型,産業機械部品,2023-09-28,8760,842,7375920,4730661,737592,368796,5837049,1538871,20.86
2025-11-01,P0072,スパーギア 中型,産業機械部品,2023-09-28,8900,896,7974400,5114506,797440,398720,6310666,1663734,20.86
2025-12-01,P0072,スパーギア 中型,産業機械部品,2023-09-28,8762,893,7824466,5018343,782446,391223,6192012,1632454,20.86
2026-01-01,P0072,スパーギア 中型,産業機械部品,2023-09-28,8882,990,8793180,5639643,879318,439659,6958620,1834560,20.86
2026-02-01,P0072,スパーギア 中型,産業機械部品,2023-09-28,8872,925,8206600,5263431,820660,410330,6494421,1712179,20.86
2026-03-01,P0072,スパーギア 中型,産業機械部品,2023-09-28,8916,815,7266540,4660509,726654,363327,5750490,1516050,20.86
2024-04-01,P0073,スパーギア 大型,産業機械部品,2022-10-30,13876,424,5883424,3402445,588342,294171,4284958,1598466,27.17
2024-05-01,P0073,スパーギア 大型,産業機械部品,2022-10-30,14131,466,6585046,3808201,658504,329252,4795957,1789089,27.17
2024-06-01,P0073,スパーギア 大型,産業機械部品,2022-10-30,14276,420,5995920,3467503,599592,299796,4366891,1629029,27.17
2024-07-01,P0073,スパーギア 大型,産業機械部品,2022-10-30,13853,510,7065030,4085780,706503,353251,5145534,1919496,27.17
2024-08-01,P0073,スパーギア 大型,産業機械部品,2022-10-30,14014,483,6768762,3914446,676876,338438,4929760,1839002,27.17
2024-09-01,P0073,スパーギア 大型,産業機械部品,2022-10-30,13919,538,7488422,4330632,748842,374421,5453895,2034527,27.17
2024-10-01,P0073,スパーギア 大型,産業機械部品,2022-10-30,14041,409,5742769,3321103,574276,287138,4182517,1560252,27.17
2024-11-01,P0073,スパーギア 大型,産業機械部品,2022-10-30,14182,407,5772074,3338050,577207,288603,4203860,1568214,27.17
2024-12-01,P0073,スパーギア 大型,産業機械部品,2022-10-30,13916,445,6192620,3581257,619262,309631,4510150,1682470,27.17
2025-01-01,P0073,スパーギア 大型,産業機械部品,2022-10-30,14292,449,6417108,3711080,641710,320855,4673645,1743463,27.17
2025-02-01,P0073,スパーギア 大型,産業機械部品,2022-10-30,14073,501,7050573,4077420,705057,352528,5135005,1915568,27.17
2025-03-01,P0073,スパーギア 大型,産業機械部品,2022-10-30,13893,410,5696130,3294131,569613,284806,4148550,1547580,27.17
2025-04-01,P0073,スパーギア 大型,産業機械部品,2022-10-30,14192,516,7323072,4235009,732307,366153,5333469,1989603,27.17
2025-05-01,P0073,スパーギア 大型,産業機械部品,2022-10-30,14287,461,6586307,3808930,658630,329315,4796875,1789432,27.17
2025-06-01,P0073,スパーギア 大型,産業機械部品,2022-10-30,14176,380,5386880,3115289,538688,269344,3923321,1463559,27.17
2025-07-01,P0073,スパーギア 大型,産業機械部品,2022-10-30,13860,397,5502420,3182107,550242,275121,4007470,1494950,27.17
2025-08-01,P0073,スパーギア 大型,産業機械部品,2022-10-30,14010,442,6192420,3581141,619242,309621,4510004,1682416,27.17
2025-09-01,P0073,スパーギア 大型,産業機械部品,2022-10-30,13974,527,7364298,4258850,736429,368214,5363493,2000805,27.17
2025-10-01,P0073,スパーギア 大型,産業機械部品,2022-10-30,14214,505,7178070,4773826,717807,358903,5850536,1327534,18.49
2025-11-01,P0073,スパーギア 大型,産業機械部品,2022-10-30,14310,478,6840180,4549109,684018,342009,5575136,1265044,18.49
2025-12-01,P0073,スパーギア 大型,産業機械部品,2022-10-30,14011,432,6052752,4025425,605275,302637,4933337,1119415,18.49
2026-01-01,P0073,スパーギア 大型,産業機械部品,2022-10-30,13947,387,5397489,3589638,539748,269874,4399260,998229,18.49
2026-02-01,P0073,スパーギア 大型,産業機械部品,2022-10-30,14059,516,7254444,4824619,725444,362722,5912785,1341659,18.49
2026-03-01,P0073,スパーギア 大型,産業機械部品,2022-10-30,13914,420,5843880,3886513,584388,292194,4763095,1080785,18.49
2024-04-01,P0074,スパーギア 業務用,産業機械部品,2022-03-01,18146,582,10560972,6211828,1056097,528048,7795973,2764999,26.18
2024-05-01,P0074,スパーギア 業務用,産業機械部品,2022-03-01,18398,591,10873218,6395487,1087321,543660,8026468,2846750,26.18
2024-06-01,P0074,スパーギア 業務用,産業機械部品,2022-03-01,18120,598,10835760,6373455,1083576,541788,7998819,2836941,26.18
2024-07-01,P0074,スパーギア 業務用,産業機械部品,2022-03-01,18049,564,10179636,5987531,1017963,508981,7514475,2665161,26.18
2024-08-01,P0074,スパーギア 業務用,産業機械部品,2022-03-01,18467,507,9362769,5507060,936276,468138,6911474,2451295,26.18
2024-09-01,P0074,スパーギア 業務用,産業機械部品,2022-03-01,18074,564,10193736,5995824,1019373,509686,7524883,2668853,26.18
2024-10-01,P0074,スパーギア 業務用,産業機械部品,2022-03-01,17975,613,11018675,6481043,1101867,550933,8133843,2884832,26.18
2024-11-01,P0074,スパーギア 業務用,産業機械部品,2022-03-01,18657,556,10373292,6101437,1037329,518664,7657430,2715862,26.18
2024-12-01,P0074,スパーギア 業務用,産業機械部品,2022-03-01,18523,543,10057989,5915980,1005798,502899,7424677,2633312,26.18
2025-01-01,P0074,スパーギア 業務用,産業機械部品,2022-03-01,18510,556,10291560,6053363,1029156,514578,7597097,2694463,26.18
2025-02-01,P0074,スパーギア 業務用,産業機械部品,2022-03-01,18442,569,10493498,6172140,1049349,524674,7746163,2747335,26.18
2025-03-01,P0074,スパーギア 業務用,産業機械部品,2022-03-01,18480,478,8833440,5195716,883344,441672,6520732,2312708,26.18
2025-04-01,P0074,スパーギア 業務用,産業機械部品,2022-03-01,18654,480,8953920,5266580,895392,447696,6609668,2344252,26.18
2025-05-01,P0074,スパーギア 業務用,産業機械部品,2022-03-01,18110,478,8656580,5091689,865658,432829,6390176,2266404,26.18
2025-06-01,P0074,スパーギア 業務用,産業機械部品,2022-03-01,18114,613,11103882,6531161,1110388,555194,8196743,2907139,26.18
2025-07-01,P0074,スパーギア 業務用,産業機械部品,2022-03-01,18460,506,9340760,5494115,934076,467038,6895229,2445531,26.18
2025-08-01,P0074,スパーギア 業務用,産業機械部品,2022-03-01,18053,463,8358539,4916385,835853,417926,6170164,2188375,26.18
2025-09-01,P0074,スパーギア 業務用,産業機械部品,2022-03-01,18115,533,9655295,5679120,965529,482764,7127413,2527882,26.18
2025-10-01,P0074,スパーギア 業務用,産業機械部品,2022-03-01,17943,479,8594697,5813584,859469,429734,7102787,1491910,17.36
2025-11-01,P0074,スパーギア 業務用,産業機械部品,2022-03-01,18169,508,9229852,6243212,922985,461492,7627689,1602163,17.36
2025-12-01,P0074,スパーギア 業務用,産業機械部品,2022-03-01,18391,435,8000085,5411379,800008,400004,6611391,1388694,17.36
2026-01-01,P0074,スパーギア 業務用,産業機械部品,2022-03-01,17988,563,10127244,6850222,1012724,506362,8369308,1757936,17.36
2026-02-01,P0074,スパーギア 業務用,産業機械部品,2022-03-01,18575,497,9231775,6244513,923177,461588,7629278,1602497,17.36
2026-03-01,P0074,スパーギア 業務用,産業機械部品,2022-03-01,18238,554,10103852,6834399,1010385,505192,8349976,1753876,17.36
2024-04-01,P0075,スパーギア HD,産業機械部品,2022-02-08,26748,91,2434068,1255619,243406,121703,1620728,813340,33.41
2024-05-01,P0075,スパーギア HD,産業機械部品,2022-02-08,26852,120,3222240,1662200,322224,161112,2145536,1076704,33.41
2024-06-01,P0075,スパーギア HD,産業機械部品,2022-02-08,26218,92,2412056,1244264,241205,120602,1606071,805985,33.41
2024-07-01,P0075,スパーギア HD,産業機械部品,2022-02-08,26215,89,2333135,1203553,233313,116656,1553522,779613,33.41
2024-08-01,P0075,スパーギア HD,産業機械部品,2022-02-08,26559,96,2549664,1315250,254966,127483,1697699,851965,33.41
2024-09-01,P0075,スパーギア HD,産業機械部品,2022-02-08,26862,90,2417580,1247114,241758,120879,1609751,807829,33.41
2024-10-01,P0075,スパーギア HD,産業機械部品,2022-02-08,25897,87,2253039,1162235,225303,112651,1500189,752850,33.41
2024-11-01,P0075,スパーギア HD,産業機械部品,2022-02-08,26634,118,3142812,1621226,314281,157140,2092647,1050165,33.41
2024-12-01,P0075,スパーギア HD,産業機械部品,2022-02-08,26519,97,2572343,1326949,257234,128617,1712800,859543,33.41
2025-01-01,P0075,スパーギア HD,産業機械部品,2022-02-08,26068,92,2398256,1237145,239825,119912,1596882,801374,33.41
2025-02-01,P0075,スパーギア HD,産業機械部品,2022-02-08,26263,102,2678826,1381878,267882,133941,1783701,895125,33.41
2025-03-01,P0075,スパーギア HD,産業機械部品,2022-02-08,26121,108,2821068,1455254,282106,141053,1878413,942655,33.41
2025-04-01,P0075,スパーギア HD,産業機械部品,2022-02-08,26701,110,2937110,1515115,293711,146855,1955681,981429,33.41
2025-05-01,P0075,スパーギア HD,産業機械部品,2022-02-08,25936,89,2308304,1190744,230830,115415,1536989,771315,33.41
2025-06-01,P0075,スパーギア HD,産業機械部品,2022-02-08,26708,101,2697508,1391515,269750,134875,1796140,901368,33.41
2025-07-01,P0075,スパーギア HD,産業機械部品,2022-02-08,26632,109,2902888,1497461,290288,145144,1932893,969995,33.41
2025-08-01,P0075,スパーギア HD,産業機械部品,2022-02-08,26138,99,2587662,1334851,258766,129383,1723000,864662,33.41
2025-09-01,P0075,スパーギア HD,産業機械部品,2022-02-08,26106,105,2741130,1414018,274113,137056,1825187,915943,33.41
2025-10-01,P0075,スパーギア HD,産業機械部品,2022-02-08,26098,113,2949074,1749479,294907,147453,2191839,757235,25.68
2025-11-01,P0075,スパーギア HD,産業機械部品,2022-02-08,26425,95,2510375,1489230,251037,125518,1865785,644590,25.68
2025-12-01,P0075,スパーギア HD,産業機械部品,2022-02-08,26525,103,2732075,1620749,273207,136603,2030559,701516,25.68
2026-01-01,P0075,スパーギア HD,産業機械部品,2022-02-08,26862,101,2713062,1609470,271306,135653,2016429,696633,25.68
2026-02-01,P0075,スパーギア HD,産業機械部品,2022-02-08,26819,117,3137823,1861451,313782,156891,2332124,805699,25.68
2026-03-01,P0075,スパーギア HD,産業機械部品,2022-02-08,26561,109,2895149,1717489,289514,144757,2151760,743389,25.68
2024-04-01,P0076,ヘリカルギア 小型,産業機械部品,2022-08-17,6850,3156,21618600,13237345,2161860,1080930,16480135,5138465,23.77
2024-05-01,P0076,ヘリカルギア 小型,産業機械部品,2022-08-17,6769,3360,22743840,13926343,2274384,1137192,17337919,5405921,23.77
2024-06-01,P0076,ヘリカルギア 小型,産業機械部品,2022-08-17,6997,2602,18206194,11147885,1820619,910309,13878813,4327381,23.77
2024-07-01,P0076,ヘリカルギア 小型,産業機械部品,2022-08-17,6906,2653,18321618,11218560,1832161,916080,13966801,4354817,23.77
2024-08-01,P0076,ヘリカルギア 小型,産業機械部品,2022-08-17,6816,3390,23106240,14148246,2310624,1155312,17614182,5492058,23.77
2024-09-01,P0076,ヘリカルギア 小型,産業機械部品,2022-08-17,6814,3754,25579756,15662811,2557975,1278987,19499773,6079983,23.77
2024-10-01,P0076,ヘリカルギア 小型,産業機械部品,2022-08-17,6972,3739,26068308,15961958,2606830,1303415,19872203,6196105,23.77
2024-11-01,P0076,ヘリカルギア 小型,産業機械部品,2022-08-17,6803,2905,19762715,12100962,1976271,988135,15065368,4697347,23.77
2024-12-01,P0076,ヘリカルギア 小型,産業機械部品,2022-08-17,6871,3003,20633613,12634224,2063361,1031680,15729265,4904348,23.77
2025-01-01,P0076,ヘリカルギア 小型,産業機械部品,2022-08-17,7037,2911,20484707,12543047,2048470,1024235,15615752,4868955,23.77
2025-02-01,P0076,ヘリカルギア 小型,産業機械部品,2022-08-17,6991,2890,20203990,12371161,2020399,1010199,15401759,4802231,23.77
2025-03-01,P0076,ヘリカルギア 小型,産業機械部品,2022-08-17,7032,2799,19682568,12051887,1968256,984128,15004271,4678297,23.77
2025-04-01,P0076,ヘリカルギア 小型,産業機械部品,2022-08-17,6878,2885,19843030,12150140,1984303,992151,15126594,4716436,23.77
2025-05-01,P0076,ヘリカルギア 小型,産業機械部品,2022-08-17,6795,3317,22539015,13800926,2253901,1126950,17181777,5357238,23.77
2025-06-01,P0076,ヘリカルギア 小型,産業機械部品,2022-08-17,6837,3652,24968724,15288668,2496872,1248436,19033976,5934748,23.77
2025-07-01,P0076,ヘリカルギア 小型,産業機械部品,2022-08-17,6913,3305,22847465,13989794,2284746,1142373,17416913,5430552,23.77
2025-08-01,P0076,ヘリカルギア 小型,産業機械部品,2022-08-17,6777,3374,22865598,14000897,2286559,1143279,17430735,5434863,23.77
2025-09-01,P0076,ヘリカルギア 小型,産業機械部品,2022-08-17,6806,2811,19131666,11714563,1913166,956583,14584312,4547354,23.77
2025-10-01,P0076,ヘリカルギア 小型,産業機械部品,2022-08-17,6801,2984,20294184,14290346,2029418,1014709,17334473,2959711,14.58
2025-11-01,P0076,ヘリカルギア 小型,産業機械部品,2022-08-17,6903,3788,26148564,18412764,2614856,1307428,22335048,3813516,14.58
2025-12-01,P0076,ヘリカルギア 小型,産業機械部品,2022-08-17,6860,3401,23330860,16428651,2333086,1166543,19928280,3402580,14.58
2026-01-01,P0076,ヘリカルギア 小型,産業機械部品,2022-08-17,6900,2951,20361900,14338029,2036190,1018095,17392314,2969586,14.58
2026-02-01,P0076,ヘリカルギア 小型,産業機械部品,2022-08-17,6856,2974,20389744,14357635,2038974,1019487,17416096,2973648,14.58
2026-03-01,P0076,ヘリカルギア 小型,産業機械部品,2022-08-17,6901,3180,21945180,15452911,2194518,1097259,18744688,3200492,14.58
2024-04-01,P0077,ヘリカルギア 中型,産業機械部品,2023-08-27,12355,1753,21658315,12372135,2165831,1082915,15620881,6037434,27.88
2024-05-01,P0077,ヘリカルギア 中型,産業機械部品,2023-08-27,12286,1695,20824770,11895979,2082477,1041238,15019694,5805076,27.88
2024-06-01,P0077,ヘリカルギア 中型,産業機械部品,2023-08-27,12200,2143,26144600,14934889,2614460,1307230,18856579,7288021,27.88
2024-07-01,P0077,ヘリカルギア 中型,産業機械部品,2023-08-27,12319,2035,25069165,14320555,2506916,1253458,18080929,6988236,27.88
2024-08-01,P0077,ヘリカルギア 中型,産業機械部品,2023-08-27,12575,1618,20346350,11622686,2034635,1017317,14674638,5671712,27.88
2024-09-01,P0077,ヘリカルギア 中型,産業機械部品,2023-08-27,12501,1903,23789403,13589502,2378940,1189470,17157912,6631491,27.88
2024-10-01,P0077,ヘリカルギア 中型,産業機械部品,2023-08-27,12577,1905,23959185,13686488,2395918,1197959,17280365,6678820,27.88
2024-11-01,P0077,ヘリカルギア 中型,産業機械部品,2023-08-27,12317,1806,22244502,12706990,2224450,1112225,16043665,6200837,27.88
2024-12-01,P0077,ヘリカルギア 中型,産業機械部品,2023-08-27,12283,2175,26715525,15261025,2671552,1335776,19268353,7447172,27.88
2025-01-01,P0077,ヘリカルギア 中型,産業機械部品,2023-08-27,12605,1864,23495720,13421738,2349572,1174786,16946096,6549624,27.88
2025-02-01,P0077,ヘリカルギア 中型,産業機械部品,2023-08-27,12454,2015,25094810,14335205,2509481,1254740,18099426,6995384,27.88
2025-03-01,P0077,ヘリカルギア 中型,産業機械部品,2023-08-27,12523,2084,26097932,14908230,2609793,1304896,18822919,7275013,27.88
2025-04-01,P0077,ヘリカルギア 中型,産業機械部品,2023-08-27,12392,2257,27968744,15976916,2796874,1398437,20172227,7796517,27.88
2025-05-01,P0077,ヘリカルギア 中型,産業機械部品,2023-08-27,12125,1809,21934125,12529689,2193412,1096706,15819807,6114318,27.88
2025-06-01,P0077,ヘリカルギア 中型,産業機械部品,2023-08-27,12521,2061,25805781,14741341,2580578,1290289,18612208,7193573,27.88
2025-07-01,P0077,ヘリカルギア 中型,産業機械部品,2023-08-27,12195,1932,23560740,13458880,2356074,1178037,16992991,6567749,27.88
2025-08-01,P0077,ヘリカルギア 中型,産業機械部品,2023-08-27,12365,1804,22306460,12742383,2230646,1115323,16088352,6218108,27.88
2025-09-01,P0077,ヘリカルギア 中型,産業機械部品,2023-08-27,12198,2237,27286926,15587433,2728692,1364346,19680471,7606455,27.88
2025-10-01,P0077,ヘリカルギア 中型,産業機械部品,2023-08-27,12486,2060,25721160,16896953,2572116,1286058,20755127,4966033,19.31
2025-11-01,P0077,ヘリカルギア 中型,産業機械部品,2023-08-27,12171,2315,28175865,18509517,2817586,1408793,22735896,5439969,19.31
2025-12-01,P0077,ヘリカルギア 中型,産業機械部品,2023-08-27,12411,2308,28644588,18817435,2864458,1432229,23114122,5530466,19.31
2026-01-01,P0077,ヘリカルギア 中型,産業機械部品,2023-08-27,12140,2182,26489480,17401684,2648948,1324474,21375106,5114374,19.31
2026-02-01,P0077,ヘリカルギア 中型,産業機械部品,2023-08-27,12421,1976,24543896,16123575,2454389,1227194,19805158,4738738,19.31
2026-03-01,P0077,ヘリカルギア 中型,産業機械部品,2023-08-27,12327,1819,22422813,14730176,2242281,1121140,18093597,4329216,19.31
2024-04-01,P0078,ヘリカルギア 大型,産業機械部品,2023-09-23,18382,611,11231402,8432638,1123140,561570,10117348,1114054,9.92
2024-05-01,P0078,ヘリカルギア 大型,産業機械部品,2023-09-23,18511,584,10810424,8116564,1081042,540521,9738127,1072297,9.92
2024-06-01,P0078,ヘリカルギア 大型,産業機械部品,2023-09-23,19082,698,13319236,10000203,1331923,665961,11998087,1321149,9.92
2024-07-01,P0078,ヘリカルギア 大型,産業機械部品,2023-09-23,18482,550,10165100,7632049,1016510,508255,9156814,1008286,9.92
2024-08-01,P0078,ヘリカルギア 大型,産業機械部品,2023-09-23,18709,531,9934479,7458897,993447,496723,8949067,985412,9.92
2024-09-01,P0078,ヘリカルギア 大型,産業機械部品,2023-09-23,18726,688,12883488,9673040,1288348,644174,11605562,1277926,9.92
2024-10-01,P0078,ヘリカルギア 大型,産業機械部品,2023-09-23,18381,492,9043452,6789906,904345,452172,8146423,897029,9.92
2024-11-01,P0078,ヘリカルギア 大型,産業機械部品,2023-09-23,18982,533,10117406,7596240,1011740,505870,9113850,1003556,9.92
2024-12-01,P0078,ヘリカルギア 大型,産業機械部品,2023-09-23,18773,627,11770671,8837526,1177067,588533,10603126,1167545,9.92
2025-01-01,P0078,ヘリカルギア 大型,産業機械部品,2023-09-23,19047,555,10571085,7936866,1057108,528554,9522528,1048557,9.92
2025-02-01,P0078,ヘリカルギア 大型,産業機械部品,2023-09-23,18976,558,10588608,7950023,1058860,529430,9538313,1050295,9.92
2025-03-01,P0078,ヘリカルギア 大型,産業機械部品,2023-09-23,18713,693,12968109,9736574,1296810,648405,11681789,1286320,9.92
2025-04-01,P0078,ヘリカルギア 大型,産業機械部品,2023-09-23,18558,693,12860694,9655926,1286069,643034,11585029,1275665,9.92
2025-05-01,P0078,ヘリカルギア 大型,産業機械部品,2023-09-23,18417,636,11713212,8794386,1171321,585660,10551367,1161845,9.92
2025-06-01,P0078,ヘリカルギア 大型,産業機械部品,2023-09-23,18514,592,10960288,8229084,1096028,548014,9873126,1087162,9.92
2025-07-01,P0078,ヘリカルギア 大型,産業機械部品,2023-09-23,18354,494,9066876,6807493,906687,453343,8167523,899353,9.92
2025-08-01,P0078,ヘリカルギア 大型,産業機械部品,2023-09-23,18793,556,10448908,7845135,1044890,522445,9412470,1036438,9.92
2025-09-01,P0078,ヘリカルギア 大型,産業機械部品,2023-09-23,18577,588,10923276,8201295,1092327,546163,9839785,1083491,9.92
2025-10-01,P0078,ヘリカルギア 大型,産業機械部品,2023-09-23,19055,716,13643380,11780110,1364338,682169,13826617,-183237,-1.34
2025-11-01,P0078,ヘリカルギア 大型,産業機械部品,2023-09-23,18662,509,9498958,8201689,949895,474947,9626531,-127573,-1.34
2025-12-01,P0078,ヘリカルギア 大型,産業機械部品,2023-09-23,18900,634,11982600,10346141,1198260,599130,12143531,-160931,-1.34
2026-01-01,P0078,ヘリカルギア 大型,産業機械部品,2023-09-23,18910,566,10703060,9241348,1070306,535153,10846807,-143747,-1.34
2026-02-01,P0078,ヘリカルギア 大型,産業機械部品,2023-09-23,18600,508,9448800,8158381,944880,472440,9575701,-126901,-1.34
2026-03-01,P0078,ヘリカルギア 大型,産業機械部品,2023-09-23,18820,650,12233000,10562344,1223300,611650,12397294,-164294,-1.34
2024-04-01,P0079,ヘリカルギア 業務用,産業機械部品,2022-05-24,25199,698,17588902,9986874,1758890,879445,12625209,4963693,28.22
2024-05-01,P0079,ヘリカルギア 業務用,産業機械部品,2022-05-24,25217,699,17626683,10008326,1762668,881334,12652328,4974355,28.22
2024-06-01,P0079,ヘリカルギア 業務用,産業機械部品,2022-05-24,25536,684,17466624,9917445,1746662,873331,12537438,4929186,28.22
2024-07-01,P0079,ヘリカルギア 業務用,産業機械部品,2022-05-24,25693,863,22173059,12589731,2217305,1108652,15915688,6257371,28.22
2024-08-01,P0079,ヘリカルギア 業務用,産業機械部品,2022-05-24,25024,814,20369536,11565701,2036953,1018476,14621130,5748406,28.22
2024-09-01,P0079,ヘリカルギア 業務用,産業機械部品,2022-05-24,25076,912,22869312,12985059,2286931,1143465,16415455,6453857,28.22
2024-10-01,P0079,ヘリカルギア 業務用,産業機械部品,2022-05-24,25044,978,24493032,13906998,2449303,1224651,17580952,6912080,28.22
2024-11-01,P0079,ヘリカルギア 業務用,産業機械部品,2022-05-24,25935,863,22381905,12708313,2238190,1119095,16065598,6316307,28.22
2024-12-01,P0079,ヘリカルギア 業務用,産業機械部品,2022-05-24,25642,878,22513676,12783131,2251367,1125683,16160181,6353495,28.22
2025-01-01,P0079,ヘリカルギア 業務用,産業機械部品,2022-05-24,25146,915,23008590,13064141,2300859,1150429,16515429,6493161,28.22
2025-02-01,P0079,ヘリカルギア 業務用,産業機械部品,2022-05-24,25920,913,23664960,13436824,2366496,1183248,16986568,6678392,28.22
2025-03-01,P0079,ヘリカルギア 業務用,産業機械部品,2022-05-24,25473,1015,25855095,14680369,2585509,1292754,18558632,7296463,28.22
2025-04-01,P0079,ヘリカルギア 業務用,産業機械部品,2022-05-24,25790,800,20632000,11714727,2063200,1031600,14809527,5822473,28.22
2025-05-01,P0079,ヘリカルギア 業務用,産業機械部品,2022-05-24,25284,868,21946512,12461099,2194651,1097325,15753075,6193437,28.22
2025-06-01,P0079,ヘリカルギア 業務用,産業機械部品,2022-05-24,25195,741,18669495,10600428,1866949,933474,13400851,5268644,28.22
2025-07-01,P0079,ヘリカルギア 業務用,産業機械部品,2022-05-24,25195,839,21138605,12002374,2113860,1056930,15173164,5965441,28.22
2025-08-01,P0079,ヘリカルギア 業務用,産業機械部品,2022-05-24,25074,689,17275986,9809202,1727598,863799,12400599,4875387,28.22
2025-09-01,P0079,ヘリカルギア 業務用,産業機械部品,2022-05-24,25095,1000,25095000,14248792,2509500,1254750,18013042,7081958,28.22
2025-10-01,P0079,ヘリカルギア 業務用,産業機械部品,2022-05-24,25482,707,18015774,11763637,1801577,900788,14466002,3549772,19.7
2025-11-01,P0079,ヘリカルギア 業務用,産業機械部品,2022-05-24,26004,766,19919064,13006415,1991906,995953,15994274,3924790,19.7
2025-12-01,P0079,ヘリカルギア 業務用,産業機械部品,2022-05-24,25434,993,25255962,16491213,2525596,1262798,20279607,4976355,19.7
2026-01-01,P0079,ヘリカルギア 業務用,産業機械部品,2022-05-24,25404,835,21212340,13850877,2121234,1060617,17032728,4179612,19.7
2026-02-01,P0079,ヘリカルギア 業務用,産業機械部品,2022-05-24,25320,695,17597400,11490454,1759740,879870,14130064,3467336,19.7
2026-03-01,P0079,ヘリカルギア 業務用,産業機械部品,2022-05-24,25125,724,18190500,11877726,1819050,909525,14606301,3584199,19.7
2024-04-01,P0080,ヘリカルギア HD,産業機械部品,2021-08-11,36363,507,18436041,10986209,1843604,921802,13751615,4684426,25.41
2024-05-01,P0080,ヘリカルギア HD,産業機械部品,2021-08-11,36864,600,22118400,13180561,2211840,1105920,16498321,5620079,25.41
2024-06-01,P0080,ヘリカルギア HD,産業機械部品,2021-08-11,36217,517,18724189,11157919,1872418,936209,13966546,4757643,25.41
2024-07-01,P0080,ヘリカルギア HD,産業機械部品,2021-08-11,36559,530,19376270,11546500,1937627,968813,14452940,4923330,25.41
2024-08-01,P0080,ヘリカルギア HD,産業機械部品,2021-08-11,37564,677,25430828,15154468,2543082,1271541,18969091,6461737,25.41
2024-09-01,P0080,ヘリカルギア HD,産業機械部品,2021-08-11,36809,582,21422838,12766069,2142283,1071141,15979493,5443345,25.41
2024-10-01,P0080,ヘリカルギア HD,産業機械部品,2021-08-11,37137,656,24361872,14517467,2436187,1218093,18171747,6190125,25.41
2024-11-01,P0080,ヘリカルギア HD,産業機械部品,2021-08-11,36370,528,19203360,11443462,1920336,960168,14323966,4879394,25.41
2024-12-01,P0080,ヘリカルギア HD,産業機械部品,2021-08-11,37045,589,21819505,13002447,2181950,1090975,16275372,5544133,25.41
2025-01-01,P0080,ヘリカルギア HD,産業機械部品,2021-08-11,36644,517,18944948,11289471,1894494,947247,14131212,4813736,25.41
2025-02-01,P0080,ヘリカルギア HD,産業機械部品,2021-08-11,36597,557,20384529,12147331,2038452,1019226,15205009,5179520,25.41
2025-03-01,P0080,ヘリカルギア HD,産業機械部品,2021-08-11,37176,595,22119720,13181348,2211972,1105986,16499306,5620414,25.41
2025-04-01,P0080,ヘリカルギア HD,産業機械部品,2021-08-11,36508,607,22160356,13205563,2216035,1108017,16529615,5630741,25.41
2025-05-01,P0080,ヘリカルギア HD,産業機械部品,2021-08-11,37425,508,19011900,11329369,1901190,950595,14181154,4830746,25.41
2025-06-01,P0080,ヘリカルギア HD,産業機械部品,2021-08-11,36302,599,21744898,12957988,2174489,1087244,16219721,5525177,25.41
2025-07-01,P0080,ヘリカルギア HD,産業機械部品,2021-08-11,37399,546,20419854,12168382,2041985,1020992,15231359,5188495,25.41
2025-08-01,P0080,ヘリカルギア HD,産業機械部品,2021-08-11,37505,665,24940825,14862471,2494082,1247041,18603594,6337231,25.41
2025-09-01,P0080,ヘリカルギア HD,産業機械部品,2021-08-11,36836,629,23169844,13807127,2316984,1158492,17282603,5887241,25.41
2025-10-01,P0080,ヘリカルギア HD,産業機械部品,2021-08-11,36497,587,21423739,14681597,2142373,1071186,17895156,3528583,16.47
2025-11-01,P0080,ヘリカルギア HD,産業機械部品,2021-08-11,37075,641,23765075,16286105,2376507,1188253,19850865,3914210,16.47
2025-12-01,P0080,ヘリカルギア HD,産業機械部品,2021-08-11,37520,521,19547920,13396106,1954792,977396,16328294,3219626,16.47
2026-01-01,P0080,ヘリカルギア HD,産業機械部品,2021-08-11,36284,572,20754448,14222935,2075444,1037722,17336101,3418347,16.47
2026-02-01,P0080,ヘリカルギア HD,産業機械部品,2021-08-11,37496,563,21110248,14466763,2111024,1055512,17633299,3476949,16.47
2026-03-01,P0080,ヘリカルギア HD,産業機械部品,2021-08-11,36935,705,26039175,17844536,2603917,1301958,21750411,4288764,16.47
2024-04-01,P0081,モーターシャフト 小型,産業機械部品,2021-06-09,9510,220,2092200,1076160,209220,104610,1389990,702210,33.56
2024-05-01,P0081,モーターシャフト 小型,産業機械部品,2021-06-09,9343,219,2046117,1052457,204611,102305,1359373,686744,33.56
2024-06-01,P0081,モーターシャフト 小型,産業機械部品,2021-06-09,9417,211,1986987,1022042,198698,99349,1320089,666898,33.56
2024-07-01,P0081,モーターシャフト 小型,産業機械部品,2021-06-09,9267,209,1936803,996229,193680,96840,1286749,650054,33.56
2024-08-01,P0081,モーターシャフト 小型,産業機械部品,2021-06-09,9559,209,1997831,1027620,199783,99891,1327294,670537,33.56
2024-09-01,P0081,モーターシャフト 小型,産業機械部品,2021-06-09,9570,176,1684320,866360,168432,84216,1119008,565312,33.56
2024-10-01,P0081,モーターシャフト 小型,産業機械部品,2021-06-09,9275,182,1688050,868278,168805,84402,1121485,566565,33.56
2024-11-01,P0081,モーターシャフト 小型,産業機械部品,2021-06-09,9495,162,1538190,791195,153819,76909,1021923,516267,33.56
2024-12-01,P0081,モーターシャフト 小型,産業機械部品,2021-06-09,9315,196,1825740,939102,182574,91287,1212963,612777,33.56
2025-01-01,P0081,モーターシャフト 小型,産業機械部品,2021-06-09,9324,200,1864800,959193,186480,93240,1238913,625887,33.56
2025-02-01,P0081,モーターシャフト 小型,産業機械部品,2021-06-09,9524,188,1790512,920982,179051,89525,1189558,600954,33.56
2025-03-01,P0081,モーターシャフト 小型,産業機械部品,2021-06-09,9486,205,1944630,1000255,194463,97231,1291949,652681,33.56
2025-04-01,P0081,モーターシャフト 小型,産業機械部品,2021-06-09,9572,198,1895256,974859,189525,94762,1259146,636110,33.56
2025-05-01,P0081,モーターシャフト 小型,産業機械部品,2021-06-09,9298,172,1599256,822606,159925,79962,1062493,536763,33.56
2025-06-01,P0081,モーターシャフト 小型,産業機械部品,2021-06-09,9408,160,1505280,774267,150528,75264,1000059,505221,33.56
2025-07-01,P0081,モーターシャフト 小型,産業機械部品,2021-06-09,9472,200,1894400,974418,189440,94720,1258578,635822,33.56
2025-08-01,P0081,モーターシャフト 小型,産業機械部品,2021-06-09,9204,179,1647516,847429,164751,82375,1094555,552961,33.56
2025-09-01,P0081,モーターシャフト 小型,産業機械部品,2021-06-09,9575,202,1934150,994864,193415,96707,1284986,649164,33.56
2025-10-01,P0081,モーターシャフト 小型,産業機械部品,2021-06-09,9269,176,1631344,964977,163134,81567,1209678,421666,25.85
2025-11-01,P0081,モーターシャフト 小型,産業機械部品,2021-06-09,9359,175,1637825,968811,163782,81891,1214484,423341,25.85
2025-12-01,P0081,モーターシャフト 小型,産業機械部品,2021-06-09,9330,172,1604760,949252,160476,80238,1189966,414794,25.85
2026-01-01,P0081,モーターシャフト 小型,産業機械部品,2021-06-09,9329,202,1884458,1114700,188445,94222,1397367,487091,25.85
2026-02-01,P0081,モーターシャフト 小型,産業機械部品,2021-06-09,9215,184,1695560,1002963,169556,84778,1257297,438263,25.85
2026-03-01,P0081,モーターシャフト 小型,産業機械部品,2021-06-09,9353,224,2095072,1239283,209507,104753,1553543,541529,25.85
2024-04-01,P0082,モーターシャフト 中型,産業機械部品,2022-04-15,14956,164,2452784,1454301,245278,122639,1822218,630566,25.71
2024-05-01,P0082,モーターシャフト 中型,産業機械部品,2022-04-15,14603,226,3300278,1956796,330027,165013,2451836,848442,25.71
2024-06-01,P0082,モーターシャフト 中型,産業機械部品,2022-04-15,14666,169,2478554,1469580,247855,123927,1841362,637192,25.71
2024-07-01,P0082,モーターシャフト 中型,産業機械部品,2022-04-15,15127,205,3101035,1838661,310103,155051,2303815,797220,25.71
2024-08-01,P0082,モーターシャフト 中型,産業機械部品,2022-04-15,14784,192,2838528,1683015,283852,141926,2108793,729735,25.71
2024-09-01,P0082,モーターシャフト 中型,産業機械部品,2022-04-15,15021,218,3274578,1941558,327457,163728,2432743,841835,25.71
2024-10-01,P0082,モーターシャフト 中型,産業機械部品,2022-04-15,14675,177,2597475,1540091,259747,129873,1929711,667764,25.71
2024-11-01,P0082,モーターシャフト 中型,産業機械部品,2022-04-15,15041,186,2797626,1658764,279762,139881,2078407,719219,25.71
2024-12-01,P0082,モーターシャフト 中型,産業機械部品,2022-04-15,14975,213,3189675,1891217,318967,159483,2369667,820008,25.71
2025-01-01,P0082,モーターシャフト 中型,産業機械部品,2022-04-15,14744,223,3287912,1949464,328791,164395,2442650,845262,25.71
2025-02-01,P0082,モーターシャフト 中型,産業機械部品,2022-04-15,14604,184,2687136,1593252,268713,134356,1996321,690815,25.71
2025-03-01,P0082,モーターシャフト 中型,産業機械部品,2022-04-15,14926,226,3373276,2000077,337327,168663,2506067,867209,25.71
2025-04-01,P0082,モーターシャフト 中型,産業機械部品,2022-04-15,14620,181,2646220,1568992,264622,132311,1965925,680295,25.71
2025-05-01,P0082,モーターシャフト 中型,産業機械部品,2022-04-15,15025,215,3230375,1915349,323037,161518,2399904,830471,25.71
2025-06-01,P0082,モーターシャフト 中型,産業機械部品,2022-04-15,14700,210,3087000,1830339,308700,154350,2293389,793611,25.71
2025-07-01,P0082,モーターシャフト 中型,産業機械部品,2022-04-15,15027,230,3456210,2049251,345621,172810,2567682,888528,25.71
2025-08-01,P0082,モーターシャフト 中型,産業機械部品,2022-04-15,14966,210,3142860,1863460,314286,157143,2334889,807971,25.71
2025-09-01,P0082,モーターシャフト 中型,産業機械部品,2022-04-15,15131,229,3464999,2054462,346499,173249,2574210,890789,25.71
2025-10-01,P0082,モーターシャフト 中型,産業機械部品,2022-04-15,14827,205,3039535,2072526,303953,151976,2528455,511080,16.81
2025-11-01,P0082,モーターシャフト 中型,産業機械部品,2022-04-15,15066,186,2802276,1910749,280227,140113,2331089,471187,16.81
2025-12-01,P0082,モーターシャフト 中型,産業機械部品,2022-04-15,14625,209,3056625,2084179,305662,152831,2542672,513953,16.81
2026-01-01,P0082,モーターシャフト 中型,産業機械部品,2022-04-15,15115,169,2554435,1741757,255443,127721,2124921,429514,16.81
2026-02-01,P0082,モーターシャフト 中型,産業機械部品,2022-04-15,15145,228,3453060,2354490,345306,172653,2872449,580611,16.81
2026-03-01,P0082,モーターシャフト 中型,産業機械部品,2022-04-15,15046,191,2873786,1959509,287378,143689,2390576,483210,16.81
2024-04-01,P0083,モーターシャフト 大型,産業機械部品,2021-08-29,24601,391,9618991,5689670,961899,480949,7132518,2486473,25.85
2024-05-01,P0083,モーターシャフト 大型,産業機械部品,2021-08-29,24487,506,12390422,7328982,1239042,619521,9187545,3202877,25.85
2024-06-01,P0083,モーターシャフト 大型,産業機械部品,2021-08-29,25105,439,11021095,6519020,1102109,551054,8172183,2848912,25.85
2024-07-01,P0083,モーターシャフト 大型,産業機械部品,2021-08-29,24712,453,11194536,6621611,1119453,559726,8300790,2893746,25.85
2024-08-01,P0083,モーターシャフト 大型,産業機械部品,2021-08-29,24672,460,11349120,6713048,1134912,567456,8415416,2933704,25.85
2024-09-01,P0083,モーターシャフト 大型,産業機械部品,2021-08-29,24675,478,11794650,6976580,1179465,589732,8745777,3048873,25.85
2024-10-01,P0083,モーターシャフト 大型,産業機械部品,2021-08-29,25238,455,11483290,6792410,1148329,574164,8514903,2968387,25.85
2024-11-01,P0083,モーターシャフト 大型,産業機械部品,2021-08-29,24694,370,9136780,5404440,913678,456839,6774957,2361823,25.85
2024-12-01,P0083,モーターシャフト 大型,産業機械部品,2021-08-29,24542,469,11510198,6808326,1151019,575509,8534854,2975344,25.85
2025-01-01,P0083,モーターシャフト 大型,産業機械部品,2021-08-29,24911,370,9217070,5451932,921707,460853,6834492,2382578,25.85
2025-02-01,P0083,モーターシャフト 大型,産業機械部品,2021-08-29,25017,495,12383415,7324837,1238341,619170,9182348,3201067,25.85
2025-03-01,P0083,モーターシャフト 大型,産業機械部品,2021-08-29,25433,403,10249499,6062618,1024949,512474,7600041,2649458,25.85
2025-04-01,P0083,モーターシャフト 大型,産業機械部品,2021-08-29,24889,416,10353824,6124326,1035382,517691,7677399,2676425,25.85
2025-05-01,P0083,モーターシャフト 大型,産業機械部品,2021-08-29,24768,407,10080576,5962699,1008057,504028,7474784,2605792,25.85
2025-06-01,P0083,モーターシャフト 大型,産業機械部品,2021-08-29,25143,393,9881199,5844767,988119,494059,7326945,2554254,25.85
2025-07-01,P0083,モーターシャフト 大型,産業機械部品,2021-08-29,25137,345,8672265,5129678,867226,433613,6430517,2241748,25.85
2025-08-01,P0083,モーターシャフト 大型,産業機械部品,2021-08-29,24840,372,9240480,5465779,924048,462024,6851851,2388629,25.85
2025-09-01,P0083,モーターシャフト 大型,産業機械部品,2021-08-29,25008,362,9052896,5354822,905289,452644,6712755,2340141,25.85
2025-10-01,P0083,モーターシャフト 大型,産業機械部品,2021-08-29,24810,461,11437410,7780062,1143741,571870,9495673,1941737,16.98
2025-11-01,P0083,モーターシャフト 大型,産業機械部品,2021-08-29,24682,365,9008930,6128139,900893,450446,7479478,1529452,16.98
2025-12-01,P0083,モーターシャフト 大型,産業機械部品,2021-08-29,24724,476,11768624,8005364,1176862,588431,9770657,1997967,16.98
2026-01-01,P0083,モーターシャフト 大型,産業機械部品,2021-08-29,24787,469,11625103,7907737,1162510,581255,9651502,1973601,16.98
2026-02-01,P0083,モーターシャフト 大型,産業機械部品,2021-08-29,25182,370,9317340,6337928,931734,465867,7735529,1581811,16.98
2026-03-01,P0083,モーターシャフト 大型,産業機械部品,2021-08-29,24488,417,10211496,6946160,1021149,510574,8477883,1733613,16.98
2024-04-01,P0084,モーターシャフト 業務用,産業機械部品,2020-07-27,31683,414,13116762,6790993,1311676,655838,8758507,4358255,33.23
2024-05-01,P0084,モーターシャフト 業務用,産業機械部品,2020-07-27,31856,459,14621904,7570256,1462190,731095,9763541,4858363,33.23
2024-06-01,P0084,モーターシャフト 業務用,産業機械部品,2020-07-27,31240,537,16775880,8685443,1677588,838794,11201825,5574055,33.23
2024-07-01,P0084,モーターシャフト 業務用,産業機械部品,2020-07-27,32056,565,18111640,9377011,1811164,905582,12093757,6017883,33.23
2024-08-01,P0084,モーターシャフト 業務用,産業機械部品,2020-07-27,32274,568,18331632,9490909,1833163,916581,12240653,6090979,33.23
2024-09-01,P0084,モーターシャフト 業務用,産業機械部品,2020-07-27,31998,564,18046872,9343479,1804687,902343,12050509,5996363,33.23
2024-10-01,P0084,モーターシャフト 業務用,産業機械部品,2020-07-27,31797,454,14435838,7473924,1443583,721791,9639298,4796540,33.23
2024-11-01,P0084,モーターシャフト 業務用,産業機械部品,2020-07-27,31776,512,16269312,8423176,1626931,813465,10863572,5405740,33.23
2024-12-01,P0084,モーターシャフト 業務用,産業機械部品,2020-07-27,31349,526,16489574,8537213,1648957,824478,11010648,5478926,33.23
2025-01-01,P0084,モーターシャフト 業務用,産業機械部品,2020-07-27,31492,545,17163140,8885941,1716314,858157,11460412,5702728,33.23
2025-02-01,P0084,モーターシャフト 業務用,産業機械部品,2020-07-27,31430,567,17820810,9226439,1782081,891040,11899560,5921250,33.23
2025-03-01,P0084,モーターシャフト 業務用,産業機械部品,2020-07-27,32267,410,13229470,6849346,1322947,661473,8833766,4395704,33.23
2025-04-01,P0084,モーターシャフト 業務用,産業機械部品,2020-07-27,32174,543,17470482,9045062,1747048,873524,11665634,5804848,33.23
2025-05-01,P0084,モーターシャフト 業務用,産業機械部品,2020-07-27,31577,570,17998890,9318637,1799889,899944,12018470,5980420,33.23
2025-06-01,P0084,モーターシャフト 業務用,産業機械部品,2020-07-27,31681,544,17234464,8922868,1723446,861723,11508037,5726427,33.23
2025-07-01,P0084,モーターシャフト 業務用,産業機械部品,2020-07-27,31800,489,15550200,8050867,1555020,777510,10383397,5166803,33.23
2025-08-01,P0084,モーターシャフト 業務用,産業機械部品,2020-07-27,31964,386,12338104,6387855,1233810,616905,8238570,4099534,33.23
2025-09-01,P0084,モーターシャフト 業務用,産業機械部品,2020-07-27,31455,529,16639695,8614935,1663969,831984,11110888,5528807,33.23
2025-10-01,P0084,モーターシャフト 業務用,産業機械部品,2020-07-27,31908,565,18028020,10733776,1802802,901401,13437979,4590041,25.46
2025-11-01,P0084,モーターシャフト 業務用,産業機械部品,2020-07-27,32056,419,13431464,7997014,1343146,671573,10011733,3419731,25.46
2025-12-01,P0084,モーターシャフト 業務用,産業機械部品,2020-07-27,31313,422,13214086,7867588,1321408,660704,9849700,3364386,25.46
2026-01-01,P0084,モーターシャフト 業務用,産業機械部品,2020-07-27,31373,517,16219841,9657197,1621984,810992,12090173,4129668,25.46
2026-02-01,P0084,モーターシャフト 業務用,産業機械部品,2020-07-27,32175,406,13063050,7777662,1306305,653152,9737119,3325931,25.46
2026-03-01,P0084,モーターシャフト 業務用,産業機械部品,2020-07-27,32264,396,12776544,7607078,1277654,638827,9523559,3252985,25.46
2024-04-01,P0085,モーターシャフト HD,産業機械部品,2020-10-20,44506,1398,62219388,36557765,6221938,3110969,45890672,16328716,26.24
2024-05-01,P0085,モーターシャフト HD,産業機械部品,2020-10-20,44709,1369,61206621,35962702,6120662,3060331,45143695,16062926,26.24
2024-06-01,P0085,モーターシャフト HD,産業機械部品,2020-10-20,45264,1347,60970608,35824029,6097060,3048530,44969619,16000989,26.24
2024-07-01,P0085,モーターシャフト HD,産業機械部品,2020-10-20,44799,1442,64600158,37956616,6460015,3230007,47646638,16953520,26.24
2024-08-01,P0085,モーターシャフト HD,産業機械部品,2020-10-20,43957,1390,61100230,35900190,6110023,3055011,45065224,16035006,26.24
2024-09-01,P0085,モーターシャフト HD,産業機械部品,2020-10-20,44604,1601,71411004,41958412,7141100,3570550,52670062,18740942,26.24
2024-10-01,P0085,モーターシャフト HD,産業機械部品,2020-10-20,43630,1958,85427540,50194000,8542754,4271377,63008131,22419409,26.24
2024-11-01,P0085,モーターシャフト HD,産業機械部品,2020-10-20,44207,1306,57734342,33922521,5773434,2886717,42582672,15151670,26.24
2024-12-01,P0085,モーターシャフト HD,産業機械部品,2020-10-20,45156,1545,69766020,40991882,6976602,3488301,51456785,18309235,26.24
2025-01-01,P0085,モーターシャフト HD,産業機械部品,2020-10-20,45150,1902,85875300,50457087,8587530,4293765,63338382,22536918,26.24
2025-02-01,P0085,モーターシャフト HD,産業機械部品,2020-10-20,44317,1399,61999483,36428557,6199948,3099974,45728479,16271004,26.24
2025-03-01,P0085,モーターシャフト HD,産業機械部品,2020-10-20,44140,1793,79143020,46501453,7914302,3957151,58372906,20770114,26.24
2025-04-01,P0085,モーターシャフト HD,産業機械部品,2020-10-20,44006,1739,76526434,44964046,7652643,3826321,56443010,20083424,26.24
2025-05-01,P0085,モーターシャフト HD,産業機械部品,2020-10-20,45115,1517,68439455,40212442,6843945,3421972,50478359,17961096,26.24
2025-06-01,P0085,モーターシャフト HD,産業機械部品,2020-10-20,45300,1470,66591000,39126360,6659100,3329550,49115010,17475990,26.24
2025-07-01,P0085,モーターシャフト HD,産業機械部品,2020-10-20,43626,1506,65700756,38603286,6570075,3285037,48458398,17242358,26.24
2025-08-01,P0085,モーターシャフト HD,産業機械部品,2020-10-20,43889,1472,64604608,37959231,6460460,3230230,47649921,16954687,26.24
2025-09-01,P0085,モーターシャフト HD,産業機械部品,2020-10-20,43785,1637,71676045,42114140,7167604,3583802,52865546,18810499,26.24
2025-10-01,P0085,モーターシャフト HD,産業機械部品,2020-10-20,45140,1715,77415100,52309122,7741510,3870755,63921387,13493713,17.43
2025-11-01,P0085,モーターシャフト HD,産業機械部品,2020-10-20,43884,1543,67713012,45753453,6771301,3385650,55910404,11802608,17.43
2025-12-01,P0085,モーターシャフト HD,産業機械部品,2020-10-20,44982,1567,70486794,47627689,7048679,3524339,58200707,12286087,17.43
2026-01-01,P0085,モーターシャフト HD,産業機械部品,2020-10-20,43764,1692,74048688,50034448,7404868,3702434,61141750,12906938,17.43
2026-02-01,P0085,モーターシャフト HD,産業機械部品,2020-10-20,44417,1657,73598969,49730575,7359896,3679948,60770419,12828550,17.43
2026-03-01,P0085,モーターシャフト HD,産業機械部品,2020-10-20,43780,1520,66545600,44964637,6654560,3327280,54946477,11599123,17.43
2024-04-01,P0086,カップリング 小型,産業機械部品,2022-11-25,3843,855,3285765,1791277,328576,164288,2284141,1001624,30.48
2024-05-01,P0086,カップリング 小型,産業機械部品,2022-11-25,3901,843,3288543,1792792,328854,164427,2286073,1002470,30.48
2024-06-01,P0086,カップリング 小型,産業機械部品,2022-11-25,3852,960,3697920,2015969,369792,184896,2570657,1127263,30.48
2024-07-01,P0086,カップリング 小型,産業機械部品,2022-11-25,3918,955,3741690,2039831,374169,187084,2601084,1140606,30.48
2024-08-01,P0086,カップリング 小型,産業機械部品,2022-11-25,3955,897,3547635,1934039,354763,177381,2466183,1081452,30.48
2024-09-01,P0086,カップリング 小型,産業機械部品,2022-11-25,3844,906,3482664,1898620,348266,174133,2421019,1061645,30.48
2024-10-01,P0086,カップリング 小型,産業機械部品,2022-11-25,3939,1161,4573179,2493128,457317,228658,3179103,1394076,30.48
2024-11-01,P0086,カップリング 小型,産業機械部品,2022-11-25,3944,921,3632424,1980263,363242,181621,2525126,1107298,30.48
2024-12-01,P0086,カップリング 小型,産業機械部品,2022-11-25,3867,990,3828330,2087064,382833,191416,2661313,1167017,30.48
2025-01-01,P0086,カップリング 小型,産業機械部品,2022-11-25,3930,1116,4385880,2391020,438588,219294,3048902,1336978,30.48
2025-02-01,P0086,カップリング 小型,産業機械部品,2022-11-25,3907,903,3528021,1923346,352802,176401,2452549,1075472,30.48
2025-03-01,P0086,カップリング 小型,産業機械部品,2022-11-25,3813,931,3549903,1935276,354990,177495,2467761,1082142,30.48
2025-04-01,P0086,カップリング 小型,産業機械部品,2022-11-25,3898,1164,4537272,2473553,453727,226863,3154143,1383129,30.48
2025-05-01,P0086,カップリング 小型,産業機械部品,2022-11-25,3906,1021,3988026,2174124,398802,199401,2772327,1215699,30.48
2025-06-01,P0086,カップリング 小型,産業機械部品,2022-11-25,3858,1002,3865716,2107445,386571,193285,2687301,1178415,30.48
2025-07-01,P0086,カップリング 小型,産業機械部品,2022-11-25,3909,1168,4565712,2489057,456571,228285,3173913,1391799,30.48
2025-08-01,P0086,カップリング 小型,産業機械部品,2022-11-25,3883,1050,4077150,2222711,407715,203857,2834283,1242867,30.48
2025-09-01,P0086,カップリング 小型,産業機械部品,2022-11-25,3823,899,3436877,1873658,343687,171843,2389188,1047689,30.48
2025-10-01,P0086,カップリング 小型,産業機械部品,2022-11-25,3840,924,3548160,2224474,354816,177408,2756698,791462,22.31
2025-11-01,P0086,カップリング 小型,産業機械部品,2022-11-25,3949,1046,4130654,2589662,413065,206532,3209259,921395,22.31
2025-12-01,P0086,カップリング 小型,産業機械部品,2022-11-25,3864,905,3496920,2192350,349692,174846,2716888,780032,22.31
2026-01-01,P0086,カップリング 小型,産業機械部品,2022-11-25,3836,1049,4023964,2522774,402396,201198,3126368,897596,22.31
2026-02-01,P0086,カップリング 小型,産業機械部品,2022-11-25,3869,1151,4453219,2791890,445321,222660,3459871,993348,22.31
2026-03-01,P0086,カップリング 小型,産業機械部品,2022-11-25,3840,826,3171840,1988545,317184,158592,2464321,707519,22.31
2024-04-01,P0087,カップリング 中型,産業機械部品,2019-08-13,6837,844,5770428,2967254,577042,288521,3832817,1937611,33.58
2024-05-01,P0087,カップリング 中型,産業機械部品,2019-08-13,6709,810,5434290,2794406,543429,271714,3609549,1824741,33.58
2024-06-01,P0087,カップリング 中型,産業機械部品,2019-08-13,6697,1081,7239457,3722654,723945,361972,4808571,2430886,33.58
2024-07-01,P0087,カップリング 中型,産業機械部品,2019-08-13,6793,758,5149094,2647753,514909,257454,3420116,1728978,33.58
2024-08-01,P0087,カップリング 中型,産業機械部品,2019-08-13,6745,1075,7250875,3728526,725087,362543,4816156,2434719,33.58
2024-09-01,P0087,カップリング 中型,産業機械部品,2019-08-13,6924,799,5532276,2844792,553227,276613,3674632,1857644,33.58
2024-10-01,P0087,カップリング 中型,産業機械部品,2019-08-13,6888,1005,6922440,3559639,692244,346122,4598005,2324435,33.58
2024-11-01,P0087,カップリング 中型,産業機械部品,2019-08-13,6846,1034,7078764,3640023,707876,353938,4701837,2376927,33.58
2024-12-01,P0087,カップリング 中型,産業機械部品,2019-08-13,6745,896,6043520,3107683,604352,302176,4014211,2029309,33.58
2025-01-01,P0087,カップリング 中型,産業機械部品,2019-08-13,6851,1021,6994871,3596884,699487,349743,4646114,2348757,33.58
2025-02-01,P0087,カップリング 中型,産業機械部品,2019-08-13,6811,1108,7546588,3880587,754658,377329,5012574,2534014,33.58
2025-03-01,P0087,カップリング 中型,産業機械部品,2019-08-13,6790,862,5852980,3009704,585298,292649,3887651,1965329,33.58
2025-04-01,P0087,カップリング 中型,産業機械部品,2019-08-13,6773,982,6651086,3420104,665108,332554,4417766,2233320,33.58
2025-05-01,P0087,カップリング 中型,産業機械部品,2019-08-13,6815,1048,7142120,3672602,714212,357106,4743920,2398200,33.58
2025-06-01,P0087,カップリング 中型,産業機械部品,2019-08-13,6811,755,5142305,2644262,514230,257115,3415607,1726698,33.58
2025-07-01,P0087,カップリング 中型,産業機械部品,2019-08-13,6905,989,6829045,3511613,682904,341452,4535969,2293076,33.58
2025-08-01,P0087,カップリング 中型,産業機械部品,2019-08-13,6813,907,6179391,3177550,617939,308969,4104458,2074933,33.58
2025-09-01,P0087,カップリング 中型,産業機械部品,2019-08-13,6801,930,6324930,3252389,632493,316246,4201128,2123802,33.58
2025-10-01,P0087,カップリング 中型,産業機械部品,2019-08-13,6900,776,5354400,3166324,535440,267720,3969484,1384916,25.87
2025-11-01,P0087,カップリング 中型,産業機械部品,2019-08-13,6806,1093,7438958,4399028,743895,371947,5514870,1924088,25.87
2025-12-01,P0087,カップリング 中型,産業機械部品,2019-08-13,6672,960,6405120,3787667,640512,320256,4748435,1656685,25.87
2026-01-01,P0087,カップリング 中型,産業機械部品,2019-08-13,6773,976,6610448,3909088,661044,330522,4900654,1709794,25.87
2026-02-01,P0087,カップリング 中型,産業機械部品,2019-08-13,6669,1018,6789042,4014700,678904,339452,5033056,1755986,25.87
2026-03-01,P0087,カップリング 中型,産業機械部品,2019-08-13,6735,1018,6856230,4054431,685623,342811,5082865,1773365,25.87
2024-04-01,P0088,カップリング 大型,産業機械部品,2019-08-11,10376,721,7481096,5703075,748109,374054,6825238,655858,8.77
2024-05-01,P0088,カップリング 大型,産業機械部品,2019-08-11,10631,670,7122770,5429912,712277,356138,6498327,624443,8.77
2024-06-01,P0088,カップリング 大型,産業機械部品,2019-08-11,10310,715,7371650,5619641,737165,368582,6725388,646262,8.77
2024-07-01,P0088,カップリング 大型,産業機械部品,2019-08-11,10412,670,6976040,5318055,697604,348802,6364461,611579,8.77
2024-08-01,P0088,カップリング 大型,産業機械部品,2019-08-11,10539,725,7640775,5824803,764077,382038,6970918,669857,8.77
2024-09-01,P0088,カップリング 大型,産業機械部品,2019-08-11,10536,552,5815872,4433622,581587,290793,5306002,509870,8.77
2024-10-01,P0088,カップリング 大型,産業機械部品,2019-08-11,10603,751,7962853,6070334,796285,398142,7264761,698092,8.77
2024-11-01,P0088,カップリング 大型,産業機械部品,2019-08-11,10408,565,5880520,4482906,588052,294026,5364984,515536,8.77
2024-12-01,P0088,カップリング 大型,産業機械部品,2019-08-11,10356,664,6876384,5242084,687638,343819,6273541,602843,8.77
2025-01-01,P0088,カップリング 大型,産業機械部品,2019-08-11,10311,664,6846504,5219306,684650,342325,6246281,600223,8.77
2025-02-01,P0088,カップリング 大型,産業機械部品,2019-08-11,10561,580,6125380,4669570,612538,306269,5588377,537003,8.77
2025-03-01,P0088,カップリング 大型,産業機械部品,2019-08-11,10579,621,6569559,5008182,656955,328477,5993614,575945,8.77
2025-04-01,P0088,カップリング 大型,産業機械部品,2019-08-11,10517,562,5910554,4505801,591055,295527,5392383,518171,8.77
2025-05-01,P0088,カップリング 大型,産業機械部品,2019-08-11,10615,656,6963440,5308450,696344,348172,6352966,610474,8.77
2025-06-01,P0088,カップリング 大型,産業機械部品,2019-08-11,10438,764,7974632,6079313,797463,398731,7275507,699125,8.77
2025-07-01,P0088,カップリング 大型,産業機械部品,2019-08-11,10376,720,7470720,5695165,747072,373536,6815773,654947,8.77
2025-08-01,P0088,カップリング 大型,産業機械部品,2019-08-11,10315,708,7303020,5567322,730302,365151,6662775,640245,8.77
2025-09-01,P0088,カップリング 大型,産業機械部品,2019-08-11,10357,668,6918476,5274172,691847,345923,6311942,606534,8.77
2025-10-01,P0088,カップリング 大型,産業機械部品,2019-08-11,10467,791,8279397,7258392,827939,413969,8500300,-220903,-2.67
2025-11-01,P0088,カップリング 大型,産業機械部品,2019-08-11,10432,711,7417152,6502478,741715,370857,7615050,-197898,-2.67
2025-12-01,P0088,カップリング 大型,産業機械部品,2019-08-11,10366,628,6509848,5707061,650984,325492,6683537,-173689,-2.67
2026-01-01,P0088,カップリング 大型,産業機械部品,2019-08-11,10616,799,8482184,7436172,848218,424109,8708499,-226315,-2.67
2026-02-01,P0088,カップリング 大型,産業機械部品,2019-08-11,10594,585,6197490,5433223,619749,309874,6362846,-165356,-2.67
2026-03-01,P0088,カップリング 大型,産業機械部品,2019-08-11,10287,664,6830568,5988231,683056,341528,7012815,-182247,-2.67
2024-04-01,P0089,カップリング 業務用,産業機械部品,2019-01-23,14593,245,3575285,1914361,357528,178764,2450653,1124632,31.46
2024-05-01,P0089,カップリング 業務用,産業機械部品,2019-01-23,14621,310,4532510,2426901,453251,226625,3106777,1425733,31.46
2024-06-01,P0089,カップリング 業務用,産業機械部品,2019-01-23,14857,332,4932524,2641085,493252,246626,3380963,1551561,31.46
2024-07-01,P0089,カップリング 業務用,産業機械部品,2019-01-23,14833,326,4835558,2589166,483555,241777,3314498,1521060,31.46
2024-08-01,P0089,カップリング 業務用,産業機械部品,2019-01-23,14683,330,4845390,2594430,484539,242269,3321238,1524152,31.46
2024-09-01,P0089,カップリング 業務用,産業機械部品,2019-01-23,14774,293,4328782,2317816,432878,216439,2967133,1361649,31.46
2024-10-01,P0089,カップリング 業務用,産業機械部品,2019-01-23,14567,334,4865378,2605132,486537,243268,3334937,1530441,31.46
2024-11-01,P0089,カップリング 業務用,産業機械部品,2019-01-23,14915,296,4414840,2363895,441484,220742,3026121,1388719,31.46
2024-12-01,P0089,カップリング 業務用,産業機械部品,2019-01-23,14982,272,4075104,2181986,407510,203755,2793251,1281853,31.46
2025-01-01,P0089,カップリング 業務用,産業機械部品,2019-01-23,14572,273,3978156,2130076,397815,198907,2726798,1251358,31.46
2025-02-01,P0089,カップリング 業務用,産業機械部品,2019-01-23,14718,297,4371246,2340553,437124,218562,2996239,1375007,31.46
2025-03-01,P0089,カップリング 業務用,産業機械部品,2019-01-23,14510,231,3351810,1794703,335181,167590,2297474,1054336,31.46
2025-04-01,P0089,カップリング 業務用,産業機械部品,2019-01-23,14924,252,3760848,2013720,376084,188042,2577846,1183002,31.46
2025-05-01,P0089,カップリング 業務用,産業機械部品,2019-01-23,14791,332,4910612,2629353,491061,245530,3365944,1544668,31.46
2025-06-01,P0089,カップリング 業務用,産業機械部品,2019-01-23,14785,242,3577970,1915799,357797,178898,2452494,1125476,31.46
2025-07-01,P0089,カップリング 業務用,産業機械部品,2019-01-23,14912,328,4891136,2618924,489113,244556,3352593,1538543,31.46
2025-08-01,P0089,カップリング 業務用,産業機械部品,2019-01-23,14542,263,3824546,2047826,382454,191227,2621507,1203039,31.46
2025-09-01,P0089,カップリング 業務用,産業機械部品,2019-01-23,14974,333,4986342,2669902,498634,249317,3417853,1568489,31.46
2025-10-01,P0089,カップリング 業務用,産業機械部品,2019-01-23,14956,236,3529616,2173394,352961,176480,2702835,826781,23.42
2025-11-01,P0089,カップリング 業務用,産業機械部品,2019-01-23,14507,241,3496187,2152810,349618,174809,2677237,818950,23.42
2025-12-01,P0089,カップリング 業務用,産業機械部品,2019-01-23,14786,317,4687162,2886164,468716,234358,3589238,1097924,23.42
2026-01-01,P0089,カップリング 業務用,産業機械部品,2019-01-23,15003,277,4155831,2558992,415583,207791,3182366,973465,23.42
2026-02-01,P0089,カップリング 業務用,産業機械部品,2019-01-23,14503,326,4727978,2911297,472797,236398,3620492,1107486,23.42
2026-03-01,P0089,カップリング 業務用,産業機械部品,2019-01-23,14925,301,4492425,2766253,449242,224621,3440116,1052309,23.42
2024-04-01,P0090,カップリング HD,産業機械部品,2020-07-05,20466,3552,72695232,43163178,7269523,3634761,54067462,18627770,25.62
2024-05-01,P0090,カップリング HD,産業機械部品,2020-07-05,20069,2505,50272845,29849767,5027284,2513642,37390693,12882152,25.62
2024-06-01,P0090,カップリング HD,産業機械部品,2020-07-05,20718,3365,69716070,41394284,6971607,3485803,51851694,17864376,25.62
2024-07-01,P0090,カップリング HD,産業機械部品,2020-07-05,19990,2498,49935020,29649181,4993502,2496751,37139434,12795586,25.62
2024-08-01,P0090,カップリング HD,産業機械部品,2020-07-05,19960,3290,65668400,38990959,6566840,3283420,48841219,16827181,25.62
2024-09-01,P0090,カップリング HD,産業機械部品,2020-07-05,20630,2463,50811690,30169709,5081169,2540584,37791462,13020228,25.62
2024-10-01,P0090,カップリング HD,産業機械部品,2020-07-05,20625,3335,68784375,40841086,6878437,3439218,51158741,17625634,25.62
2024-11-01,P0090,カップリング HD,産業機械部品,2020-07-05,20170,3156,63656520,37796395,6365652,3182826,47344873,16311647,25.62
2024-12-01,P0090,カップリング HD,産業機械部品,2020-07-05,20151,3461,69742611,41410043,6974261,3487130,51871434,17871177,25.62
2025-01-01,P0090,カップリング HD,産業機械部品,2020-07-05,20628,2709,55881252,33179788,5588125,2794062,41561975,14319277,25.62
2025-02-01,P0090,カップリング HD,産業機械部品,2020-07-05,20636,3192,65870112,39110727,6587011,3293505,48991243,16878869,25.62
2025-03-01,P0090,カップリング HD,産業機械部品,2020-07-05,20682,2567,53090694,31522880,5309069,2654534,39486483,13604211,25.62
2025-04-01,P0090,カップリング HD,産業機械部品,2020-07-05,20451,3111,63623061,37776528,6362306,3181153,47319987,16303074,25.62
2025-05-01,P0090,カップリング HD,産業機械部品,2020-07-05,20218,3470,70156460,41655768,7015646,3507823,52179237,17977223,25.62
2025-06-01,P0090,カップリング HD,産業機械部品,2020-07-05,20429,3238,66149102,39276378,6614910,3307455,49198743,16950359,25.62
2025-07-01,P0090,カップリング HD,産業機械部品,2020-07-05,20637,3319,68494203,40668794,6849420,3424710,50942924,17551279,25.62
2025-08-01,P0090,カップリング HD,産業機械部品,2020-07-05,19963,3191,63701933,37823359,6370193,3185096,47378648,16323285,25.62
2025-09-01,P0090,カップリング HD,産業機械部品,2020-07-05,20683,2599,53755117,31917384,5375511,2687755,39980650,13774467,25.62
2025-10-01,P0090,カップリング HD,産業機械部品,2020-07-05,20694,3535,73153290,49950425,7315329,3657664,60923418,12229872,16.72
2025-11-01,P0090,カップリング HD,産業機械部品,2020-07-05,20219,2425,49031075,33479328,4903107,2451553,40833988,8197087,16.72
2025-12-01,P0090,カップリング HD,産業機械部品,2020-07-05,20520,3286,67428720,46041582,6742872,3371436,56155890,11272830,16.72
2026-01-01,P0090,カップリング HD,産業機械部品,2020-07-05,20403,2484,50681052,34605963,5068105,2534052,42208120,8472932,16.72
2026-02-01,P0090,カップリング HD,産業機械部品,2020-07-05,20309,2551,51808259,35375641,5180825,2590412,43146878,8661381,16.72
2026-03-01,P0090,カップリング HD,産業機械部品,2020-07-05,19951,2667,53209317,36332310,5320931,2660465,44313706,8895611,16.72
2024-04-01,P0091,チェーン 小型,産業機械部品,2022-04-29,2640,40,105600,56397,10560,5280,72237,33363,31.59
2024-05-01,P0091,チェーン 小型,産業機械部品,2022-04-29,2611,40,104440,55778,10444,5222,71444,32996,31.59
2024-06-01,P0091,チェーン 小型,産業機械部品,2022-04-29,2600,33,85800,45823,8580,4290,58693,27107,31.59
2024-07-01,P0091,チェーン 小型,産業機械部品,2022-04-29,2599,36,93564,49969,9356,4678,64003,29561,31.59
2024-08-01,P0091,チェーン 小型,産業機械部品,2022-04-29,2646,37,97902,52286,9790,4895,66971,30931,31.59
2024-09-01,P0091,チェーン 小型,産業機械部品,2022-04-29,2588,39,100932,53904,10093,5046,69043,31889,31.59
2024-10-01,P0091,チェーン 小型,産業機械部品,2022-04-29,2586,34,87924,46957,8792,4396,60145,27779,31.59
2024-11-01,P0091,チェーン 小型,産業機械部品,2022-04-29,2636,28,73808,39418,7380,3690,50488,23320,31.6
2024-12-01,P0091,チェーン 小型,産業機械部品,2022-04-29,2638,35,92330,49310,9233,4616,63159,29171,31.59
2025-01-01,P0091,チェーン 小型,産業機械部品,2022-04-29,2666,28,74648,39867,7464,3732,51063,23585,31.59
2025-02-01,P0091,チェーン 小型,産業機械部品,2022-04-29,2611,41,107051,57172,10705,5352,73229,33822,31.59
2025-03-01,P0091,チェーン 小型,産業機械部品,2022-04-29,2588,39,100932,53904,10093,5046,69043,31889,31.59
2025-04-01,P0091,チェーン 小型,産業機械部品,2022-04-29,2654,37,98198,52444,9819,4909,67172,31026,31.6
2025-05-01,P0091,チェーン 小型,産業機械部品,2022-04-29,2647,38,100586,53719,10058,5029,68806,31780,31.59
2025-06-01,P0091,チェーン 小型,産業機械部品,2022-04-29,2648,33,87384,46669,8738,4369,59776,27608,31.59
2025-07-01,P0091,チェーン 小型,産業機械部品,2022-04-29,2576,37,95312,50903,9531,4765,65199,30113,31.59
2025-08-01,P0091,チェーン 小型,産業機械部品,2022-04-29,2643,29,76647,40934,7664,3832,52430,24217,31.6
2025-09-01,P0091,チェーン 小型,産業機械部品,2022-04-29,2617,36,94212,50315,9421,4710,64446,29766,31.59
2025-10-01,P0091,チェーン 小型,産業機械部品,2022-04-29,2631,40,105240,64636,10524,5262,80422,24818,23.58
2025-11-01,P0091,チェーン 小型,産業機械部品,2022-04-29,2605,32,83360,51197,8336,4168,63701,19659,23.58
2025-12-01,P0091,チェーン 小型,産業機械部品,2022-04-29,2642,35,92470,56793,9247,4623,70663,21807,23.58
2026-01-01,P0091,チェーン 小型,産業機械部品,2022-04-29,2615,35,91525,56212,9152,4576,69940,21585,23.58
2026-02-01,P0091,チェーン 小型,産業機械部品,2022-04-29,2636,37,97532,59902,9753,4876,74531,23001,23.58
2026-03-01,P0091,チェーン 小型,産業機械部品,2022-04-29,2569,38,97622,59957,9762,4881,74600,23022,23.58
2024-04-01,P0092,チェーン 中型,産業機械部品,2023-12-29,4196,1567,6575132,4984048,657513,328756,5970317,604815,9.2
2024-05-01,P0092,チェーン 中型,産業機械部品,2023-12-29,4305,1670,7189350,5449635,718935,359467,6528037,661313,9.2
2024-06-01,P0092,チェーン 中型,産業機械部品,2023-12-29,4319,1573,6793787,5149792,679378,339689,6168859,624928,9.2
2024-07-01,P0092,チェーン 中型,産業機械部品,2023-12-29,4218,1434,6048612,4584938,604861,302430,5492229,556383,9.2
2024-08-01,P0092,チェーン 中型,産業機械部品,2023-12-29,4253,1465,6230645,4722922,623064,311532,5657518,573127,9.2
2024-09-01,P0092,チェーン 中型,産業機械部品,2023-12-29,4328,1681,7275368,5514838,727536,363768,6606142,669226,9.2
2024-10-01,P0092,チェーン 中型,産業機械部品,2023-12-29,4213,1696,7145248,5416205,714524,357262,6487991,657257,9.2
2024-11-01,P0092,チェーン 中型,産業機械部品,2023-12-29,4210,1475,6209750,4707083,620975,310487,5638545,571205,9.2
2024-12-01,P0092,チェーン 中型,産業機械部品,2023-12-29,4225,1675,7076875,5364377,707687,353843,6425907,650968,9.2
2025-01-01,P0092,チェーン 中型,産業機械部品,2023-12-29,4318,1574,6796532,5151873,679653,339826,6171352,625180,9.2
2025-02-01,P0092,チェーン 中型,産業機械部品,2023-12-29,4234,1665,7049610,5343710,704961,352480,6401151,648459,9.2
2025-03-01,P0092,チェーン 中型,産業機械部品,2023-12-29,4295,1454,6244930,4733750,624493,312246,5670489,574441,9.2
2025-04-01,P0092,チェーン 中型,産業機械部品,2023-12-29,4200,1589,6673800,5058840,667380,333690,6059910,613890,9.2
2025-05-01,P0092,チェーン 中型,産業機械部品,2023-12-29,4271,1792,7653632,5801567,765363,382681,6949611,704021,9.2
2025-06-01,P0092,チェーン 中型,産業機械部品,2023-12-29,4217,1542,6502614,4929078,650261,325130,5904469,598145,9.2
2025-07-01,P0092,チェーン 中型,産業機械部品,2023-12-29,4240,1482,6283680,4763123,628368,314184,5705675,578005,9.2
2025-08-01,P0092,チェーン 中型,産業機械部品,2023-12-29,4280,1415,6056200,4590690,605620,302810,5499120,557080,9.2
2025-09-01,P0092,チェーン 中型,産業機械部品,2023-12-29,4335,1535,6654225,5044002,665422,332711,6042135,612090,9.2
2025-10-01,P0092,チェーン 中型,産業機械部品,2023-12-29,4221,1834,7741314,6748236,774131,387065,7909432,-168118,-2.17
2025-11-01,P0092,チェーン 中型,産業機械部品,2023-12-29,4317,1309,5650953,4926033,565095,282547,5773675,-122722,-2.17
2025-12-01,P0092,チェーン 中型,産業機械部品,2023-12-29,4331,1867,8085977,7048685,808597,404298,8261580,-175603,-2.17
2026-01-01,P0092,チェーン 中型,産業機械部品,2023-12-29,4226,1261,5328986,4645369,532898,266449,5444716,-115730,-2.17
2026-02-01,P0092,チェーン 中型,産業機械部品,2023-12-29,4323,1274,5507502,4800984,550750,275375,5627109,-119607,-2.17
2026-03-01,P0092,チェーン 中型,産業機械部品,2023-12-29,4271,1609,6872039,5990474,687203,343601,7021278,-149239,-2.17
2024-04-01,P0093,チェーン 大型,産業機械部品,2023-01-15,6429,1079,6936891,3668917,693689,346844,4709450,2227441,32.11
2024-05-01,P0093,チェーン 大型,産業機械部品,2023-01-15,6440,973,6266120,3314146,626612,313306,4254064,2012056,32.11
2024-06-01,P0093,チェーン 大型,産業機械部品,2023-01-15,6447,1310,8445570,4466856,844557,422278,5733691,2711879,32.11
2024-07-01,P0093,チェーン 大型,産業機械部品,2023-01-15,6486,1117,7244862,3831802,724486,362243,4918531,2326331,32.11
2024-08-01,P0093,チェーン 大型,産業機械部品,2023-01-15,6307,1301,8205407,4339834,820540,410270,5570644,2634763,32.11
2024-09-01,P0093,チェーン 大型,産業機械部品,2023-01-15,6438,1051,6766338,3578711,676633,338316,4593660,2172678,32.11
2024-10-01,P0093,チェーン 大型,産業機械部品,2023-01-15,6305,1097,6916585,3658177,691658,345829,4695664,2220921,32.11
2024-11-01,P0093,チェーン 大型,産業機械部品,2023-01-15,6317,1032,6519144,3447971,651914,325957,4425842,2093302,32.11
2024-12-01,P0093,チェーン 大型,産業機械部品,2023-01-15,6430,1187,7632410,4036776,763241,381620,5181637,2450773,32.11
2025-01-01,P0093,チェーン 大型,産業機械部品,2023-01-15,6457,1042,6728194,3558537,672819,336409,4567765,2160429,32.11
2025-02-01,P0093,チェーン 大型,産業機械部品,2023-01-15,6354,1093,6944922,3673164,694492,347246,4714902,2230020,32.11
2025-03-01,P0093,チェーン 大型,産業機械部品,2023-01-15,6476,1065,6896940,3647787,689694,344847,4682328,2214612,32.11
2025-04-01,P0093,チェーン 大型,産業機械部品,2023-01-15,6401,1418,9076618,4800617,907661,453830,6162108,2914510,32.11
2025-05-01,P0093,チェーン 大型,産業機械部品,2023-01-15,6341,978,6201498,3279968,620149,310074,4210191,1991307,32.11
2025-06-01,P0093,チェーン 大型,産業機械部品,2023-01-15,6490,1034,6710660,3549263,671066,335533,4555862,2154798,32.11
2025-07-01,P0093,チェーン 大型,産業機械部品,2023-01-15,6522,999,6515478,3446032,651547,325773,4423352,2092126,32.11
2025-08-01,P0093,チェーン 大型,産業機械部品,2023-01-15,6407,1240,7944680,4201936,794468,397234,5393638,2551042,32.11
2025-09-01,P0093,チェーン 大型,産業機械部品,2023-01-15,6281,1364,8567284,4531231,856728,428364,5816323,2750961,32.11
2025-10-01,P0093,チェーン 大型,産業機械部品,2023-01-15,6304,1330,8384320,5099630,838432,419216,6357278,2027042,24.18
2025-11-01,P0093,チェーン 大型,産業機械部品,2023-01-15,6410,1361,8724010,5306241,872401,436200,6614842,2109168,24.18
2025-12-01,P0093,チェーン 大型,産業機械部品,2023-01-15,6488,987,6403656,3894923,640365,320182,4855470,1548186,24.18
2026-01-01,P0093,チェーン 大型,産業機械部品,2023-01-15,6310,971,6127010,3726657,612701,306350,4645708,1481302,24.18
2026-02-01,P0093,チェーン 大型,産業機械部品,2023-01-15,6394,1340,8567960,5211326,856796,428398,6496520,2071440,24.18
2026-03-01,P0093,チェーン 大型,産業機械部品,2023-01-15,6437,1380,8883060,5402981,888306,444153,6735440,2147620,24.18
2024-04-01,P0094,チェーン 業務用,産業機械部品,2019-12-28,9478,121,1146838,870165,114683,57341,1042189,104649,9.13
2024-05-01,P0094,チェーン 業務用,産業機械部品,2019-12-28,9466,156,1476696,1120446,147669,73834,1341949,134747,9.12
2024-06-01,P0094,チェーン 業務用,産業機械部品,2019-12-28,9531,133,1267623,961811,126762,63381,1151954,115669,9.12
2024-07-01,P0094,チェーン 業務用,産業機械部品,2019-12-28,9655,119,1148945,871764,114894,57447,1044105,104840,9.12
2024-08-01,P0094,チェーン 業務用,産業機械部品,2019-12-28,9725,147,1429575,1084693,142957,71478,1299128,130447,9.12
2024-09-01,P0094,チェーン 業務用,産業機械部品,2019-12-28,9539,151,1440389,1092898,144038,72019,1308955,131434,9.12
2024-10-01,P0094,チェーン 業務用,産業機械部品,2019-12-28,9430,130,1225900,930154,122590,61295,1114039,111861,9.12
2024-11-01,P0094,チェーン 業務用,産業機械部品,2019-12-28,9542,145,1383590,1049802,138359,69179,1257340,126250,9.12
2024-12-01,P0094,チェーン 業務用,産業機械部品,2019-12-28,9491,135,1281285,972177,128128,64064,1164369,116916,9.12
2025-01-01,P0094,チェーン 業務用,産業機械部品,2019-12-28,9741,149,1451409,1101259,145140,72570,1318969,132440,9.12
2025-02-01,P0094,チェーン 業務用,産業機械部品,2019-12-28,9444,152,1435488,1089179,143548,71774,1304501,130987,9.12
2025-03-01,P0094,チェーン 業務用,産業機械部品,2019-12-28,9521,158,1504318,1141404,150431,75215,1367050,137268,9.12
2025-04-01,P0094,チェーン 業務用,産業機械部品,2019-12-28,9522,122,1161684,881430,116168,58084,1055682,106002,9.12
2025-05-01,P0094,チェーン 業務用,産業機械部品,2019-12-28,9639,119,1147041,870319,114704,57352,1042375,104666,9.12
2025-06-01,P0094,チェーン 業務用,産業機械部品,2019-12-28,9578,118,1130204,857544,113020,56510,1027074,103130,9.12
2025-07-01,P0094,チェーン 業務用,産業機械部品,2019-12-28,9748,140,1364720,1035484,136472,68236,1240192,124528,9.12
2025-08-01,P0094,チェーン 業務用,産業機械部品,2019-12-28,9655,142,1371010,1040256,137101,68550,1245907,125103,9.12
2025-09-01,P0094,チェーン 業務用,産業機械部品,2019-12-28,9740,113,1100620,835097,110062,55031,1000190,100430,9.12
2025-10-01,P0094,チェーン 業務用,産業機械部品,2019-12-28,9528,107,1019496,889576,101949,50974,1042499,-23003,-2.26
2025-11-01,P0094,チェーン 業務用,産業機械部品,2019-12-28,9683,108,1045764,912497,104576,52288,1069361,-23597,-2.26
2025-12-01,P0094,チェーン 業務用,産業機械部品,2019-12-28,9677,125,1209625,1055476,120962,60481,1236919,-27294,-2.26
2026-01-01,P0094,チェーン 業務用,産業機械部品,2019-12-28,9601,124,1190524,1038809,119052,59526,1217387,-26863,-2.26
2026-02-01,P0094,チェーン 業務用,産業機械部品,2019-12-28,9444,130,1227720,1071265,122772,61386,1255423,-27703,-2.26
2026-03-01,P0094,チェーン 業務用,産業機械部品,2019-12-28,9673,128,1238144,1080361,123814,61907,1266082,-27938,-2.26
2024-04-01,P0095,チェーン HD,産業機械部品,2020-06-09,12115,245,2968175,1699906,296817,148408,2145131,823044,27.73
2024-05-01,P0095,チェーン HD,産業機械部品,2020-06-09,11801,273,3221673,1845087,322167,161083,2328337,893336,27.73
2024-06-01,P0095,チェーン HD,産業機械部品,2020-06-09,12033,254,3056382,1750423,305638,152819,2208880,847502,27.73
2024-07-01,P0095,チェーン HD,産業機械部品,2020-06-09,12128,273,3310944,1896214,331094,165547,2392855,918089,27.73
2024-08-01,P0095,チェーン HD,産業機械部品,2020-06-09,12166,265,3223990,1846414,322399,161199,2330012,893978,27.73
2024-09-01,P0095,チェーン HD,産業機械部品,2020-06-09,12093,270,3265110,1869964,326511,163255,2359730,905380,27.73
2024-10-01,P0095,チェーン HD,産業機械部品,2020-06-09,11979,331,3965049,2270827,396504,198252,2865583,1099466,27.73
2024-11-01,P0095,チェーン HD,産業機械部品,2020-06-09,12052,242,2916584,1670359,291658,145829,2107846,808738,27.73
2024-12-01,P0095,チェーン HD,産業機械部品,2020-06-09,12260,354,4340040,2485588,434004,217002,3136594,1203446,27.73
2025-01-01,P0095,チェーン HD,産業機械部品,2020-06-09,12158,262,3185396,1824311,318539,159269,2302119,883277,27.73
2025-02-01,P0095,チェーン HD,産業機械部品,2020-06-09,11871,277,3288267,1883226,328826,164413,2376465,911802,27.73
2025-03-01,P0095,チェーン HD,産業機械部品,2020-06-09,12035,315,3791025,2171161,379102,189551,2739814,1051211,27.73
2025-04-01,P0095,チェーン HD,産業機械部品,2020-06-09,12192,300,3657600,2094747,365760,182880,2643387,1014213,27.73
2025-05-01,P0095,チェーン HD,産業機械部品,2020-06-09,12115,276,3343740,1914996,334374,167187,2416557,927183,27.73
2025-06-01,P0095,チェーン HD,産業機械部品,2020-06-09,11814,279,3296106,1887716,329610,164805,2382131,913975,27.73
2025-07-01,P0095,チェーン HD,産業機械部品,2020-06-09,12251,281,3442531,1971575,344253,172126,2487954,954577,27.73
2025-08-01,P0095,チェーン HD,産業機械部品,2020-06-09,11846,293,3470878,1987810,347087,173543,2508440,962438,27.73
2025-09-01,P0095,チェーン HD,産業機械部品,2020-06-09,12258,317,3885786,2225432,388578,194289,2808299,1077487,27.73
2025-10-01,P0095,チェーン HD,産業機械部品,2020-06-09,12069,343,4139667,2726457,413966,206983,3347406,792261,19.14
2025-11-01,P0095,チェーン HD,産業機械部品,2020-06-09,12073,281,3392513,2234369,339251,169625,2743245,649268,19.14
2025-12-01,P0095,チェーン HD,産業機械部品,2020-06-09,12208,333,4065264,2677454,406526,203263,3287243,778021,19.14
2026-01-01,P0095,チェーン HD,産業機械部品,2020-06-09,12013,333,4000329,2634687,400032,200016,3234735,765594,19.14
2026-02-01,P0095,チェーン HD,産業機械部品,2020-06-09,12068,250,3017000,1987049,301700,150850,2439599,577401,19.14
2026-03-01,P0095,チェーン HD,産業機械部品,2020-06-09,11823,255,3014865,1985643,301486,150743,2437872,576993,19.14
2024-04-01,P0096,スプロケット 小型,産業機械部品,2023-03-31,2209,1165,2573485,1534094,257348,128674,1920116,653369,25.39
2024-05-01,P0096,スプロケット 小型,産業機械部品,2023-03-31,2210,1221,2698410,1608564,269841,134920,2013325,685085,25.39
2024-06-01,P0096,スプロケット 小型,産業機械部品,2023-03-31,2196,1211,2659356,1585283,265935,132967,1984185,675171,25.39
2024-07-01,P0096,スプロケット 小型,産業機械部品,2023-03-31,2189,882,1930698,1150919,193069,96534,1440522,490176,25.39
2024-08-01,P0096,スプロケット 小型,産業機械部品,2023-03-31,2140,930,1990200,1186389,199020,99510,1484919,505281,25.39
2024-09-01,P0096,スプロケット 小型,産業機械部品,2023-03-31,2207,946,2087822,1244583,208782,104391,1557756,530066,25.39
2024-10-01,P0096,スプロケット 小型,産業機械部品,2023-03-31,2218,1204,2670472,1591910,267047,133523,1992480,677992,25.39
2024-11-01,P0096,スプロケット 小型,産業機械部品,2023-03-31,2213,1307,2892391,1724199,289239,144619,2158057,734334,25.39
2024-12-01,P0096,スプロケット 小型,産業機械部品,2023-03-31,2211,936,2069496,1233658,206949,103474,1544081,525415,25.39
2025-01-01,P0096,スプロケット 小型,産業機械部品,2023-03-31,2211,1246,2754906,1642242,275490,137745,2055477,699429,25.39
2025-02-01,P0096,スプロケット 小型,産業機械部品,2023-03-31,2145,944,2024880,1207062,202488,101244,1510794,514086,25.39
2025-03-01,P0096,スプロケット 小型,産業機械部品,2023-03-31,2150,1283,2758450,1644355,275845,137922,2058122,700328,25.39
2025-04-01,P0096,スプロケット 小型,産業機械部品,2023-03-31,2175,1039,2259825,1347117,225982,112991,1686090,573735,25.39
2025-05-01,P0096,スプロケット 小型,産業機械部品,2023-03-31,2137,932,1991684,1187274,199168,99584,1486026,505658,25.39
2025-06-01,P0096,スプロケット 小型,産業機械部品,2023-03-31,2211,1314,2905254,1731867,290525,145262,2167654,737600,25.39
2025-07-01,P0096,スプロケット 小型,産業機械部品,2023-03-31,2160,1278,2760480,1645565,276048,138024,2059637,700843,25.39
2025-08-01,P0096,スプロケット 小型,産業機械部品,2023-03-31,2172,974,2115528,1261099,211552,105776,1578427,537101,25.39
2025-09-01,P0096,スプロケット 小型,産業機械部品,2023-03-31,2135,1077,2299395,1370705,229939,114969,1715613,583782,25.39
2025-10-01,P0096,スプロケット 小型,産業機械部品,2023-03-31,2222,1220,2710840,1858370,271084,135542,2264996,445844,16.45
2025-11-01,P0096,スプロケット 小型,産業機械部品,2023-03-31,2169,1110,2407590,1650482,240759,120379,2011620,395970,16.45
2025-12-01,P0096,スプロケット 小型,産業機械部品,2023-03-31,2143,1050,2250150,1542552,225015,112507,1880074,370076,16.45
2026-01-01,P0096,スプロケット 小型,産業機械部品,2023-03-31,2179,994,2165926,1484813,216592,108296,1809701,356225,16.45
2026-02-01,P0096,スプロケット 小型,産業機械部品,2023-03-31,2182,1067,2328194,1596053,232819,116409,1945281,382913,16.45
2026-03-01,P0096,スプロケット 小型,産業機械部品,2023-03-31,2155,1250,2693750,1846654,269375,134687,2250716,443034,16.45
2024-04-01,P0097,スプロケット 中型,産業機械部品,2019-07-27,3818,50,190900,149008,19090,9545,177643,13257,6.94
2024-05-01,P0097,スプロケット 中型,産業機械部品,2019-07-27,3922,64,251008,195926,25100,12550,233576,17432,6.94
2024-06-01,P0097,スプロケット 中型,産業機械部品,2019-07-27,3895,72,280440,218899,28044,14022,260965,19475,6.94
2024-07-01,P0097,スプロケット 中型,産業機械部品,2019-07-27,3821,60,229260,178950,22926,11463,213339,15921,6.94
2024-08-01,P0097,スプロケット 中型,産業機械部品,2019-07-27,3849,59,227091,177257,22709,11354,211320,15771,6.94
2024-09-01,P0097,スプロケット 中型,産業機械部品,2019-07-27,3872,71,274912,214584,27491,13745,255820,19092,6.94
2024-10-01,P0097,スプロケット 中型,産業機械部品,2019-07-27,3842,55,211310,164939,21131,10565,196635,14675,6.94
2024-11-01,P0097,スプロケット 中型,産業機械部品,2019-07-27,3939,53,208767,162954,20876,10438,194268,14499,6.95
2024-12-01,P0097,スプロケット 中型,産業機械部品,2019-07-27,3799,51,193749,151232,19374,9687,180293,13456,6.95
2025-01-01,P0097,スプロケット 中型,産業機械部品,2019-07-27,3923,54,211842,165354,21184,10592,197130,14712,6.94
2025-02-01,P0097,スプロケット 中型,産業機械部品,2019-07-27,3894,63,245322,191487,24532,12266,228285,17037,6.94
2025-03-01,P0097,スプロケット 中型,産業機械部品,2019-07-27,3808,58,220864,172397,22086,11043,205526,15338,6.94
2025-04-01,P0097,スプロケット 中型,産業機械部品,2019-07-27,3827,71,271717,212090,27171,13585,252846,18871,6.95
2025-05-01,P0097,スプロケット 中型,産業機械部品,2019-07-27,3886,50,194300,151662,19430,9715,180807,13493,6.94
2025-06-01,P0097,スプロケット 中型,産業機械部品,2019-07-27,3812,52,198224,154725,19822,9911,184458,13766,6.94
2025-07-01,P0097,スプロケット 中型,産業機械部品,2019-07-27,3873,69,267237,208593,26723,13361,248677,18560,6.95
2025-08-01,P0097,スプロケット 中型,産業機械部品,2019-07-27,3851,55,211805,165326,21180,10590,197096,14709,6.94
2025-09-01,P0097,スプロケット 中型,産業機械部品,2019-07-27,3807,68,258876,202067,25887,12943,240897,17979,6.95
2025-10-01,P0097,スプロケット 中型,産業機械部品,2019-07-27,3893,52,202436,181714,20243,10121,212078,-9642,-4.76
2025-11-01,P0097,スプロケット 中型,産業機械部品,2019-07-27,3948,65,256620,230352,25662,12831,268845,-12225,-4.76
2025-12-01,P0097,スプロケット 中型,産業機械部品,2019-07-27,3807,59,224613,201621,22461,11230,235312,-10699,-4.76
2026-01-01,P0097,スプロケット 中型,産業機械部品,2019-07-27,3896,63,245448,220324,24544,12272,257140,-11692,-4.76
2026-02-01,P0097,スプロケット 中型,産業機械部品,2019-07-27,3883,53,205799,184733,20579,10289,215601,-9802,-4.76
2026-03-01,P0097,スプロケット 中型,産業機械部品,2019-07-27,3928,54,212112,190400,21211,10605,222216,-10104,-4.76
2024-04-01,P0098,スプロケット 大型,産業機械部品,2019-08-16,6195,1655,10252725,6043187,1025272,512636,7581095,2671630,26.06
2024-05-01,P0098,スプロケット 大型,産業機械部品,2019-08-16,5991,2030,12161730,7168398,1216173,608086,8992657,3169073,26.06
2024-06-01,P0098,スプロケット 大型,産業機械部品,2019-08-16,6106,1613,9848978,5805209,984897,492448,7282554,2566424,26.06
2024-07-01,P0098,スプロケット 大型,産業機械部品,2019-08-16,6053,1420,8595260,5066240,859526,429763,6355529,2239731,26.06
2024-08-01,P0098,スプロケット 大型,産業機械部品,2019-08-16,6191,1540,9534140,5619637,953414,476707,7049758,2484382,26.06
2024-09-01,P0098,スプロケット 大型,産業機械部品,2019-08-16,6145,1643,10096235,5950948,1009623,504811,7465382,2630853,26.06
2024-10-01,P0098,スプロケット 大型,産業機械部品,2019-08-16,5992,1626,9742992,5742739,974299,487149,7204187,2538805,26.06
2024-11-01,P0098,スプロケット 大型,産業機械部品,2019-08-16,5960,1950,11622000,6850269,1162200,581100,8593569,3028431,26.06
2024-12-01,P0098,スプロケット 大型,産業機械部品,2019-08-16,6049,1400,8468600,4991584,846860,423430,6261874,2206726,26.06
2025-01-01,P0098,スプロケット 大型,産業機械部品,2019-08-16,6043,1830,11058690,6518241,1105869,552934,8177044,2881646,26.06
2025-02-01,P0098,スプロケット 大型,産業機械部品,2019-08-16,6037,1407,8494059,5006590,849405,424702,6280697,2213362,26.06
2025-03-01,P0098,スプロケット 大型,産業機械部品,2019-08-16,5961,1529,9114369,5372214,911436,455718,6739368,2375001,26.06
2025-04-01,P0098,スプロケット 大型,産業機械部品,2019-08-16,5988,1727,10341276,6095381,1034127,517063,7646571,2694705,26.06
2025-05-01,P0098,スプロケット 大型,産業機械部品,2019-08-16,6116,1558,9528728,5616447,952872,476436,7045755,2482973,26.06
2025-06-01,P0098,スプロケット 大型,産業機械部品,2019-08-16,6024,1856,11180544,6590065,1118054,559027,8267146,2913398,26.06
2025-07-01,P0098,スプロケット 大型,産業機械部品,2019-08-16,6020,1586,9547720,5627641,954772,477386,7059799,2487921,26.06
2025-08-01,P0098,スプロケット 大型,産業機械部品,2019-08-16,6006,2014,12096084,7129704,1209608,604804,8944116,3151968,26.06
2025-09-01,P0098,スプロケット 大型,産業機械部品,2019-08-16,6068,1487,9023116,5318428,902311,451155,6671894,2351222,26.06
2025-10-01,P0098,スプロケット 大型,産業機械部品,2019-08-16,5998,1491,8943018,6061899,894301,447150,7403350,1539668,17.22
2025-11-01,P0098,スプロケット 大型,産業機械部品,2019-08-16,6116,1427,8727532,5915835,872753,436376,7224964,1502568,17.22
2025-12-01,P0098,スプロケット 大型,産業機械部品,2019-08-16,6118,1779,10883922,7377513,1088392,544196,9010101,1873821,17.22
2026-01-01,P0098,スプロケット 大型,産業機械部品,2019-08-16,6039,1889,11407671,7732529,1140767,570383,9443679,1963992,17.22
2026-02-01,P0098,スプロケット 大型,産業機械部品,2019-08-16,6138,1988,12202344,8271187,1220234,610117,10101538,2100806,17.22
2026-03-01,P0098,スプロケット 大型,産業機械部品,2019-08-16,6135,1910,11717850,7942780,1171785,585892,9700457,2017393,17.22
2024-04-01,P0099,スプロケット 業務用,産業機械部品,2019-07-02,8045,192,1544640,908487,154464,77232,1140183,404457,26.18
2024-05-01,P0099,スプロケット 業務用,産業機械部品,2019-07-02,8055,177,1425735,838552,142573,71286,1052411,373324,26.18
2024-06-01,P0099,スプロケット 業務用,産業機械部品,2019-07-02,7910,172,1360520,800196,136052,68026,1004274,356246,26.18
2024-07-01,P0099,スプロケット 業務用,産業機械部品,2019-07-02,8132,247,2008604,1181369,200860,100430,1482659,525945,26.18
2024-08-01,P0099,スプロケット 業務用,産業機械部品,2019-07-02,8019,216,1732104,1018744,173210,86605,1278559,453545,26.18
2024-09-01,P0099,スプロケット 業務用,産業機械部品,2019-07-02,8197,217,1778749,1046179,177874,88937,1312990,465759,26.18
2024-10-01,P0099,スプロケット 業務用,産業機械部品,2019-07-02,8104,224,1815296,1067674,181529,90764,1339967,475329,26.18
2024-11-01,P0099,スプロケット 業務用,産業機械部品,2019-07-02,8021,207,1660347,976540,166034,83017,1225591,434756,26.18
2024-12-01,P0099,スプロケット 業務用,産業機械部品,2019-07-02,8226,228,1875528,1103100,187552,93776,1384428,491100,26.18
2025-01-01,P0099,スプロケット 業務用,産業機械部品,2019-07-02,8036,204,1639344,964187,163934,81967,1210088,429256,26.18
2025-02-01,P0099,スプロケット 業務用,産業機械部品,2019-07-02,8046,205,1649430,970119,164943,82471,1217533,431897,26.18
2025-03-01,P0099,スプロケット 業務用,産業機械部品,2019-07-02,8137,252,2050524,1206024,205052,102526,1513602,536922,26.18
2025-04-01,P0099,スプロケット 業務用,産業機械部品,2019-07-02,8029,199,1597771,939736,159777,79888,1179401,418370,26.18
2025-05-01,P0099,スプロケット 業務用,産業機械部品,2019-07-02,7921,205,1623805,955048,162380,81190,1198618,425187,26.18
2025-06-01,P0099,スプロケット 業務用,産業機械部品,2019-07-02,8171,213,1740423,1023637,174042,87021,1284700,455723,26.18
2025-07-01,P0099,スプロケット 業務用,産業機械部品,2019-07-02,7973,224,1785952,1050415,178595,89297,1318307,467645,26.18
2025-08-01,P0099,スプロケット 業務用,産業機械部品,2019-07-02,8141,230,1872430,1101278,187243,93621,1382142,490288,26.18
2025-09-01,P0099,スプロケット 業務用,産業機械部品,2019-07-02,8110,191,1549010,911057,154901,77450,1143408,405602,26.18
2025-10-01,P0099,スプロケット 業務用,産業機械部品,2019-07-02,8180,220,1799600,1217209,179960,89980,1487149,312451,17.36
2025-11-01,P0099,スプロケット 業務用,産業機械部品,2019-07-02,7972,180,1434960,970574,143496,71748,1185818,249142,17.36
2025-12-01,P0099,スプロケット 業務用,産業機械部品,2019-07-02,7923,210,1663830,1125377,166383,83191,1374951,288879,17.36
2026-01-01,P0099,スプロケット 業務用,産業機械部品,2019-07-02,8164,204,1665456,1126477,166545,83272,1376294,289162,17.36
2026-02-01,P0099,スプロケット 業務用,産業機械部品,2019-07-02,8058,181,1458498,986495,145849,72924,1205268,253230,17.36
2026-03-01,P0099,スプロケット 業務用,産業機械部品,2019-07-02,8072,252,2034144,1375849,203414,101707,1680970,353174,17.36
2024-04-01,P0100,スプロケット HD,産業機械部品,2022-07-19,11796,561,6617556,4985568,661755,330877,5978200,639356,9.66
2024-05-01,P0100,スプロケット HD,産業機械部品,2022-07-19,12031,471,5666601,4269133,566660,283330,5119123,547478,9.66
2024-06-01,P0100,スプロケット HD,産業機械部品,2022-07-19,11846,525,6219150,4685415,621915,310957,5618287,600863,9.66
2024-07-01,P0100,スプロケット HD,産業機械部品,2022-07-19,12112,445,5389840,4060625,538984,269492,4869101,520739,9.66
2024-08-01,P0100,スプロケット HD,産業機械部品,2022-07-19,12066,445,5369370,4045204,536937,268468,4850609,518761,9.66
2024-09-01,P0100,スプロケット HD,産業機械部品,2022-07-19,11994,522,6260868,4716845,626086,313043,5655974,604894,9.66
2024-10-01,P0100,スプロケット HD,産業機械部品,2022-07-19,11782,493,5808526,4376057,580852,290426,5247335,561191,9.66
2024-11-01,P0100,スプロケット HD,産業機械部品,2022-07-19,12040,555,6682200,5034270,668220,334110,6036600,645600,9.66
2024-12-01,P0100,スプロケット HD,産業機械部品,2022-07-19,11916,481,5731596,4318099,573159,286579,5177837,553759,9.66
2025-01-01,P0100,スプロケット HD,産業機械部品,2022-07-19,11811,536,6330696,4769452,633069,316534,5719055,611641,9.66
2025-02-01,P0100,スプロケット HD,産業機械部品,2022-07-19,11777,562,6618674,4986411,661867,330933,5979211,639463,9.66
2025-03-01,P0100,スプロケット HD,産業機械部品,2022-07-19,11762,550,6469100,4873724,646910,323455,5844089,625011,9.66
2025-04-01,P0100,スプロケット HD,産業機械部品,2022-07-19,11856,545,6461520,4868013,646152,323076,5837241,624279,9.66
2025-05-01,P0100,スプロケット HD,産業機械部品,2022-07-19,11915,538,6410270,4829402,641027,320513,5790942,619328,9.66
2025-06-01,P0100,スプロケット HD,産業機械部品,2022-07-19,11942,637,7607054,5731042,760705,380352,6872099,734955,9.66
2025-07-01,P0100,スプロケット HD,産業機械部品,2022-07-19,11815,618,7301670,5500970,730167,365083,6596220,705450,9.66
2025-08-01,P0100,スプロケット HD,産業機械部品,2022-07-19,11743,516,6059388,4565053,605938,302969,5473960,585428,9.66
2025-09-01,P0100,スプロケット HD,産業機械部品,2022-07-19,12027,531,6386337,4811371,638633,319316,5769320,617017,9.66
2025-10-01,P0100,スプロケット HD,産業機械部品,2022-07-19,11978,622,7450316,6454901,745031,372515,7572447,-122131,-1.64
2025-11-01,P0100,スプロケット HD,産業機械部品,2022-07-19,11792,579,6827568,5915357,682756,341378,6939491,-111923,-1.64
2025-12-01,P0100,スプロケット HD,産業機械部品,2022-07-19,12086,446,5390356,4670166,539035,269517,5478718,-88362,-1.64
2026-01-01,P0100,スプロケット HD,産業機械部品,2022-07-19,11751,475,5581725,4835967,558172,279086,5673225,-91500,-1.64
2026-02-01,P0100,スプロケット HD,産業機械部品,2022-07-19,12168,644,7836192,6789222,783619,391809,7964650,-128458,-1.64
2026-03-01,P0100,スプロケット HD,産業機械部品,2022-07-19,11889,573,6812397,5902213,681239,340619,6924071,-111674,-1.64
2024-04-01,P0101,コネクタ 小型,電子部品,2020-11-08,256,787,201472,113819,20147,10073,144039,57433,28.51
2024-05-01,P0101,コネクタ 小型,電子部品,2020-11-08,261,801,209061,118106,20906,10453,149465,59596,28.51
2024-06-01,P0101,コネクタ 小型,電子部品,2020-11-08,258,942,243036,137300,24303,12151,173754,69282,28.51
2024-07-01,P0101,コネクタ 小型,電子部品,2020-11-08,256,681,174336,98489,17433,8716,124638,49698,28.51
2024-08-01,P0101,コネクタ 小型,電子部品,2020-11-08,260,687,178620,100909,17862,8931,127702,50918,28.51
2024-09-01,P0101,コネクタ 小型,電子部品,2020-11-08,252,799,201348,113749,20134,10067,143950,57398,28.51
2024-10-01,P0101,コネクタ 小型,電子部品,2020-11-08,256,1011,258816,146215,25881,12940,185036,73780,28.51
2024-11-01,P0101,コネクタ 小型,電子部品,2020-11-08,252,1013,255276,144215,25527,12763,182505,72771,28.51
2024-12-01,P0101,コネクタ 小型,電子部品,2020-11-08,252,952,239904,135531,23990,11995,171516,68388,28.51
2025-01-01,P0101,コネクタ 小型,電子部品,2020-11-08,256,655,167680,94728,16768,8384,119880,47800,28.51
2025-02-01,P0101,コネクタ 小型,電子部品,2020-11-08,257,717,184269,104100,18426,9213,131739,52530,28.51
2025-03-01,P0101,コネクタ 小型,電子部品,2020-11-08,252,757,190764,107770,19076,9538,136384,54380,28.51
2025-04-01,P0101,コネクタ 小型,電子部品,2020-11-08,254,973,247142,139620,24714,12357,176691,70451,28.51
2025-05-01,P0101,コネクタ 小型,電子部品,2020-11-08,259,903,233877,132126,23387,11693,167206,66671,28.51
2025-06-01,P0101,コネクタ 小型,電子部品,2020-11-08,259,665,172235,97302,17223,8611,123136,49099,28.51
2025-07-01,P0101,コネクタ 小型,電子部品,2020-11-08,255,732,186660,105451,18666,9333,133450,53210,28.51
2025-08-01,P0101,コネクタ 小型,電子部品,2020-11-08,260,638,165880,93712,16588,8294,118594,47286,28.51
2025-09-01,P0101,コネクタ 小型,電子部品,2020-11-08,257,957,245949,138946,24594,12297,175837,70112,28.51
2025-10-01,P0101,コネクタ 小型,電子部品,2020-11-08,255,1110,283050,159905,28305,14152,202362,80688,28.51
2025-11-01,P0101,コネクタ 小型,電子部品,2020-11-08,259,1031,267029,150855,26702,13351,190908,76121,28.51
2025-12-01,P0101,コネクタ 小型,電子部品,2020-11-08,261,995,259695,146711,25969,12984,185664,74031,28.51
2026-01-01,P0101,コネクタ 小型,電子部品,2020-11-08,253,966,244398,138069,24439,12219,174727,69671,28.51
2026-02-01,P0101,コネクタ 小型,電子部品,2020-11-08,260,903,234780,132636,23478,11739,167853,66927,28.51
2026-03-01,P0101,コネクタ 小型,電子部品,2020-11-08,254,988,250952,141772,25095,12547,179414,71538,28.51
2024-04-01,P0102,コネクタ 中型,電子部品,2019-06-17,434,3587,1556758,898877,155675,77837,1132389,424369,27.26
2024-05-01,P0102,コネクタ 中型,電子部品,2019-06-17,429,3907,1676103,967787,167610,83805,1219202,456901,27.26
2024-06-01,P0102,コネクタ 中型,電子部品,2019-06-17,427,4008,1711416,988177,171141,85570,1244888,466528,27.26
2024-07-01,P0102,コネクタ 中型,電子部品,2019-06-17,441,3965,1748565,1009627,174856,87428,1271911,476654,27.26
2024-08-01,P0102,コネクタ 中型,電子部品,2019-06-17,438,3277,1435326,828762,143532,71766,1044060,391266,27.26
2024-09-01,P0102,コネクタ 中型,電子部品,2019-06-17,441,3676,1621116,936038,162111,81055,1179204,441912,27.26
2024-10-01,P0102,コネクタ 中型,電子部品,2019-06-17,428,5032,2153696,1243551,215369,107684,1566604,587092,27.26
2024-11-01,P0102,コネクタ 中型,電子部品,2019-06-17,435,4380,1905300,1100126,190530,95265,1385921,519379,27.26
2024-12-01,P0102,コネクタ 中型,電子部品,2019-06-17,438,3923,1718274,992137,171827,85913,1249877,468397,27.26
2025-01-01,P0102,コネクタ 中型,電子部品,2019-06-17,436,3664,1597504,922404,159750,79875,1162029,435475,27.26
2025-02-01,P0102,コネクタ 中型,電子部品,2019-06-17,432,3284,1418688,819155,141868,70934,1031957,386731,27.26
2025-03-01,P0102,コネクタ 中型,電子部品,2019-06-17,428,4884,2090352,1206976,209035,104517,1520528,569824,27.26
2025-04-01,P0102,コネクタ 中型,電子部品,2019-06-17,429,4227,1813383,1047053,181338,90669,1319060,494323,27.26
2025-05-01,P0102,コネクタ 中型,電子部品,2019-06-17,436,4411,1923196,1110460,192319,96159,1398938,524258,27.26
2025-06-01,P0102,コネクタ 中型,電子部品,2019-06-17,430,3538,1521340,878427,152134,76067,1106628,414712,27.26
2025-07-01,P0102,コネクタ 中型,電子部品,2019-06-17,442,3587,1585454,915446,158545,79272,1153263,432191,27.26
2025-08-01,P0102,コネクタ 中型,電子部品,2019-06-17,434,3499,1518566,876825,151856,75928,1104609,413957,27.26
2025-09-01,P0102,コネクタ 中型,電子部品,2019-06-17,432,4681,2022192,1167620,202219,101109,1470948,551244,27.26
2025-10-01,P0102,コネクタ 中型,電子部品,2019-06-17,432,4138,1787616,1032175,178761,89380,1300316,487300,27.26
2025-11-01,P0102,コネクタ 中型,電子部品,2019-06-17,438,3500,1533000,885159,153300,76650,1115109,417891,27.26
2025-12-01,P0102,コネクタ 中型,電子部品,2019-06-17,442,4452,1967784,1136205,196778,98389,1431372,536412,27.26
2026-01-01,P0102,コネクタ 中型,電子部品,2019-06-17,434,4241,1840594,1062765,184059,92029,1338853,501741,27.26
2026-02-01,P0102,コネクタ 中型,電子部品,2019-06-17,437,3362,1469194,848317,146919,73459,1068695,400499,27.26
2026-03-01,P0102,コネクタ 中型,電子部品,2019-06-17,438,5037,2206206,1273871,220620,110310,1604801,601405,27.26
2024-04-01,P0103,コネクタ 大型,電子部品,2021-09-14,736,2463,1812768,950640,181276,90638,1222554,590214,32.56
2024-05-01,P0103,コネクタ 大型,電子部品,2021-09-14,736,2547,1874592,983061,187459,93729,1264249,610343,32.56
2024-06-01,P0103,コネクタ 大型,電子部品,2021-09-14,722,2017,1456274,763690,145627,72813,982130,474144,32.56
2024-07-01,P0103,コネクタ 大型,電子部品,2021-09-14,723,2072,1498056,785601,149805,74902,1010308,487748,32.56
2024-08-01,P0103,コネクタ 大型,電子部品,2021-09-14,729,2311,1684719,883489,168471,84235,1136195,548524,32.56
2024-09-01,P0103,コネクタ 大型,電子部品,2021-09-14,724,2372,1717328,900590,171732,85866,1158188,559140,32.56
2024-10-01,P0103,コネクタ 大型,電子部品,2021-09-14,729,2533,1846557,968359,184655,92327,1245341,601216,32.56
2024-11-01,P0103,コネクタ 大型,電子部品,2021-09-14,739,1950,1441050,755706,144105,72052,971863,469187,32.56
2024-12-01,P0103,コネクタ 大型,電子部品,2021-09-14,727,2058,1496166,784609,149616,74808,1009033,487133,32.56
2025-01-01,P0103,コネクタ 大型,電子部品,2021-09-14,730,1828,1334440,699798,133444,66722,899964,434476,32.56
2025-02-01,P0103,コネクタ 大型,電子部品,2021-09-14,740,2239,1656860,868880,165686,82843,1117409,539451,32.56
2025-03-01,P0103,コネクタ 大型,電子部品,2021-09-14,742,1969,1460998,766167,146099,73049,985315,475683,32.56
2025-04-01,P0103,コネクタ 大型,電子部品,2021-09-14,722,2477,1788394,937858,178839,89419,1206116,582278,32.56
2025-05-01,P0103,コネクタ 大型,電子部品,2021-09-14,723,1923,1390329,729107,139032,69516,937655,452674,32.56
2025-06-01,P0103,コネクタ 大型,電子部品,2021-09-14,722,2383,1720526,902267,172052,86026,1160345,560181,32.56
2025-07-01,P0103,コネクタ 大型,電子部品,2021-09-14,734,2041,1498094,785621,149809,74904,1010334,487760,32.56
2025-08-01,P0103,コネクタ 大型,電子部品,2021-09-14,733,2255,1652915,866811,165291,82645,1114747,538168,32.56
2025-09-01,P0103,コネクタ 大型,電子部品,2021-09-14,719,2642,1899598,996175,189959,94979,1281113,618485,32.56
2025-10-01,P0103,コネクタ 大型,電子部品,2021-09-14,722,2761,1993442,1045388,199344,99672,1344404,649038,32.56
2025-11-01,P0103,コネクタ 大型,電子部品,2021-09-14,742,1950,1446900,758774,144690,72345,975809,471091,32.56
2025-12-01,P0103,コネクタ 大型,電子部品,2021-09-14,718,1921,1379278,723312,137927,68963,930202,449076,32.56
2026-01-01,P0103,コネクタ 大型,電子部品,2021-09-14,723,2176,1573248,825032,157324,78662,1061018,512230,32.56
2026-02-01,P0103,コネクタ 大型,電子部品,2021-09-14,731,1768,1292408,677756,129240,64620,871616,420792,32.56
2026-03-01,P0103,コネクタ 大型,電子部品,2021-09-14,737,2648,1951576,1023433,195157,97578,1316168,635408,32.56
2024-04-01,P0104,コネクタ 業務用,電子部品,2020-07-03,1009,1030,1039270,562214,103927,51963,718104,321166,30.9
2024-05-01,P0104,コネクタ 業務用,電子部品,2020-07-03,985,829,816565,441737,81656,40828,564221,252344,30.9
2024-06-01,P0104,コネクタ 業務用,電子部品,2020-07-03,997,730,727810,393724,72781,36390,502895,224915,30.9
2024-07-01,P0104,コネクタ 業務用,電子部品,2020-07-03,1005,800,804000,434940,80400,40200,555540,248460,30.9
2024-08-01,P0104,コネクタ 業務用,電子部品,2020-07-03,985,1023,1007655,545112,100765,50382,696259,311396,30.9
2024-09-01,P0104,コネクタ 業務用,電子部品,2020-07-03,985,1118,1101230,595733,110123,55061,760917,340313,30.9
2024-10-01,P0104,コネクタ 業務用,電子部品,2020-07-03,1007,852,857964,464133,85796,42898,592827,265137,30.9
2024-11-01,P0104,コネクタ 業務用,電子部品,2020-07-03,1014,981,994734,538122,99473,49736,687331,307403,30.9
2024-12-01,P0104,コネクタ 業務用,電子部品,2020-07-03,983,973,956459,517416,95645,47822,660883,295576,30.9
2025-01-01,P0104,コネクタ 業務用,電子部品,2020-07-03,985,893,879605,475840,87960,43980,607780,271825,30.9
2025-02-01,P0104,コネクタ 業務用,電子部品,2020-07-03,1004,1049,1053196,569748,105319,52659,727726,325470,30.9
2025-03-01,P0104,コネクタ 業務用,電子部品,2020-07-03,998,988,986024,533410,98602,49301,681313,304711,30.9
2025-04-01,P0104,コネクタ 業務用,電子部品,2020-07-03,1008,1076,1084608,586741,108460,54230,749431,335177,30.9
2025-05-01,P0104,コネクタ 業務用,電子部品,2020-07-03,977,798,779646,421765,77964,38982,538711,240935,30.9
2025-06-01,P0104,コネクタ 業務用,電子部品,2020-07-03,992,771,764832,413751,76483,38241,528475,236357,30.9
2025-07-01,P0104,コネクタ 業務用,電子部品,2020-07-03,982,899,882818,477578,88281,44140,609999,272819,30.9
2025-08-01,P0104,コネクタ 業務用,電子部品,2020-07-03,994,833,828002,447924,82800,41400,572124,255878,30.9
2025-09-01,P0104,コネクタ 業務用,電子部品,2020-07-03,1013,890,901570,487723,90157,45078,622958,278612,30.9
2025-10-01,P0104,コネクタ 業務用,電子部品,2020-07-03,992,1097,1088224,588697,108822,54411,751930,336294,30.9
2025-11-01,P0104,コネクタ 業務用,電子部品,2020-07-03,989,1010,998890,540370,99889,49944,690203,308687,30.9
2025-12-01,P0104,コネクタ 業務用,電子部品,2020-07-03,999,1095,1093905,591770,109390,54695,755855,338050,30.9
2026-01-01,P0104,コネクタ 業務用,電子部品,2020-07-03,1013,909,920817,498135,92081,46040,636256,284561,30.9
2026-02-01,P0104,コネクタ 業務用,電子部品,2020-07-03,1009,1035,1044315,564943,104431,52215,721589,322726,30.9
2026-03-01,P0104,コネクタ 業務用,電子部品,2020-07-03,983,939,923037,499336,92303,46151,637790,285247,30.9
2024-04-01,P0105,コネクタ HD,電子部品,2019-08-25,1311,1495,1959945,1011499,195994,97997,1305490,654455,33.39
2024-05-01,P0105,コネクタ HD,電子部品,2019-08-25,1291,1592,2055272,1060696,205527,102763,1368986,686286,33.39
2024-06-01,P0105,コネクタ HD,電子部品,2019-08-25,1301,1252,1628852,840627,162885,81442,1084954,543898,33.39
2024-07-01,P0105,コネクタ HD,電子部品,2019-08-25,1310,1245,1630950,841710,163095,81547,1086352,544598,33.39
2024-08-01,P0105,コネクタ HD,電子部品,2019-08-25,1300,1426,1853800,956719,185380,92690,1234789,619011,33.39
2024-09-01,P0105,コネクタ HD,電子部品,2019-08-25,1302,1728,2249856,1161118,224985,112492,1498595,751261,33.39
2024-10-01,P0105,コネクタ HD,電子部品,2019-08-25,1287,1721,2214927,1143092,221492,110746,1475330,739597,33.39
2024-11-01,P0105,コネクタ HD,電子部品,2019-08-25,1313,1658,2176954,1123495,217695,108847,1450037,726917,33.39
2024-12-01,P0105,コネクタ HD,電子部品,2019-08-25,1304,1307,1704328,879579,170432,85216,1135227,569101,33.39
2025-01-01,P0105,コネクタ HD,電子部品,2019-08-25,1288,1564,2014432,1039619,201443,100721,1341783,672649,33.39
2025-02-01,P0105,コネクタ HD,電子部品,2019-08-25,1325,1499,1986175,1025036,198617,99308,1322961,663214,33.39
2025-03-01,P0105,コネクタ HD,電子部品,2019-08-25,1296,1818,2356128,1215964,235612,117806,1569382,786746,33.39
2025-04-01,P0105,コネクタ HD,電子部品,2019-08-25,1327,1579,2095333,1081371,209533,104766,1395670,699663,33.39
2025-05-01,P0105,コネクタ HD,電子部品,2019-08-25,1281,1481,1897161,979097,189716,94858,1263671,633490,33.39
2025-06-01,P0105,コネクタ HD,電子部品,2019-08-25,1317,1120,1475040,761247,147504,73752,982503,492537,33.39
2025-07-01,P0105,コネクタ HD,電子部品,2019-08-25,1288,1328,1710464,882746,171046,85523,1139315,571149,33.39
2025-08-01,P0105,コネクタ HD,電子部品,2019-08-25,1315,1218,1601670,826599,160167,80083,1066849,534821,33.39
2025-09-01,P0105,コネクタ HD,電子部品,2019-08-25,1321,1564,2066044,1066256,206604,103302,1376162,689882,33.39
2025-10-01,P0105,コネクタ HD,電子部品,2019-08-25,1326,1735,2300610,1187312,230061,115030,1532403,768207,33.39
2025-11-01,P0105,コネクタ HD,電子部品,2019-08-25,1289,1749,2254461,1163495,225446,112723,1501664,752797,33.39
2025-12-01,P0105,コネクタ HD,電子部品,2019-08-25,1277,1533,1957641,1010310,195764,97882,1303956,653685,33.39
2026-01-01,P0105,コネクタ HD,電子部品,2019-08-25,1289,1639,2112671,1090319,211267,105633,1407219,705452,33.39
2026-02-01,P0105,コネクタ HD,電子部品,2019-08-25,1320,1460,1927200,994600,192720,96360,1283680,643520,33.39
2026-03-01,P0105,コネクタ HD,電子部品,2019-08-25,1320,1370,1808400,933289,180840,90420,1204549,603851,33.39
2024-04-01,P0106,プリント基板 小型,電子部品,2019-08-06,4907,113,554491,269565,55449,27724,352738,201753,36.39
2024-05-01,P0106,プリント基板 小型,電子部品,2019-08-06,4929,105,517545,251604,51754,25877,329235,188310,36.39
2024-06-01,P0106,プリント基板 小型,電子部品,2019-08-06,4878,122,595116,289315,59511,29755,378581,216535,36.39
2024-07-01,P0106,プリント基板 小型,電子部品,2019-08-06,4987,108,538596,261838,53859,26929,342626,195970,36.39
2024-08-01,P0106,プリント基板 小型,電子部品,2019-08-06,4822,110,530420,257863,53042,26521,337426,192994,36.39
2024-09-01,P0106,プリント基板 小型,電子部品,2019-08-06,4823,143,689689,335292,68968,34484,438744,250945,36.39
2024-10-01,P0106,プリント基板 小型,電子部品,2019-08-06,4927,126,620802,301802,62080,31040,394922,225880,36.39
2024-11-01,P0106,プリント基板 小型,電子部品,2019-08-06,4843,129,624747,303720,62474,31237,397431,227316,36.39
2024-12-01,P0106,プリント基板 小型,電子部品,2019-08-06,4962,96,476352,231578,47635,23817,303030,173322,36.39
2025-01-01,P0106,プリント基板 小型,電子部品,2019-08-06,4906,90,441540,214654,44154,22077,280885,160655,36.39
2025-02-01,P0106,プリント基板 小型,電子部品,2019-08-06,4942,115,568330,276293,56833,28416,361542,206788,36.39
2025-03-01,P0106,プリント基板 小型,電子部品,2019-08-06,4874,107,521518,253535,52151,26075,331761,189757,36.39
2025-04-01,P0106,プリント基板 小型,電子部品,2019-08-06,4902,138,676476,328868,67647,33823,430338,246138,36.39
2025-05-01,P0106,プリント基板 小型,電子部品,2019-08-06,4857,90,437130,212510,43713,21856,278079,159051,36.39
2025-06-01,P0106,プリント基板 小型,電子部品,2019-08-06,5011,98,491078,238737,49107,24553,312397,178681,36.39
2025-07-01,P0106,プリント基板 小型,電子部品,2019-08-06,4819,97,467443,227247,46744,23372,297363,170080,36.39
2025-08-01,P0106,プリント基板 小型,電子部品,2019-08-06,4831,100,483100,234858,48310,24155,307323,175777,36.39
2025-09-01,P0106,プリント基板 小型,電子部品,2019-08-06,5009,111,555999,270298,55599,27799,353696,202303,36.39
2025-10-01,P0106,プリント基板 小型,電子部品,2019-08-06,4824,132,636768,309564,63676,31838,405078,231690,36.39
2025-11-01,P0106,プリント基板 小型,電子部品,2019-08-06,4848,114,552672,268681,55267,27633,351581,201091,36.39
2025-12-01,P0106,プリント基板 小型,電子部品,2019-08-06,4930,94,463420,225291,46342,23171,294804,168616,36.39
2026-01-01,P0106,プリント基板 小型,電子部品,2019-08-06,4960,105,520800,253186,52080,26040,331306,189494,36.39
2026-02-01,P0106,プリント基板 小型,電子部品,2019-08-06,4863,122,593286,288425,59328,29664,377417,215869,36.39
2026-03-01,P0106,プリント基板 小型,電子部品,2019-08-06,4916,142,698072,339367,69807,34903,444077,253995,36.39
2024-04-01,P0107,プリント基板 中型,電子部品,2023-03-14,8434,397,3348298,1782974,334829,167414,2285217,1063081,31.75
2024-05-01,P0107,プリント基板 中型,電子部品,2023-03-14,8670,340,2947800,1569708,294780,147390,2011878,935922,31.75
2024-06-01,P0107,プリント基板 中型,電子部品,2023-03-14,8718,288,2510784,1336996,251078,125539,1713613,797171,31.75
2024-07-01,P0107,プリント基板 中型,電子部品,2023-03-14,8710,283,2464930,1312579,246493,123246,1682318,782612,31.75
2024-08-01,P0107,プリント基板 中型,電子部品,2023-03-14,8477,249,2110773,1123990,211077,105538,1440605,670168,31.75
2024-09-01,P0107,プリント基板 中型,電子部品,2023-03-14,8715,348,3032820,1614982,303282,151641,2069905,962915,31.75
2024-10-01,P0107,プリント基板 中型,電子部品,2023-03-14,8723,314,2739022,1458534,273902,136951,1869387,869635,31.75
2024-11-01,P0107,プリント基板 中型,電子部品,2023-03-14,8577,311,2667447,1420420,266744,133372,1820536,846911,31.75
2024-12-01,P0107,プリント基板 中型,電子部品,2023-03-14,8462,313,2648606,1410387,264860,132430,1807677,840929,31.75
2025-01-01,P0107,プリント基板 中型,電子部品,2023-03-14,8572,372,3188784,1698033,318878,159439,2176350,1012434,31.75
2025-02-01,P0107,プリント基板 中型,電子部品,2023-03-14,8619,340,2930460,1560475,293046,146523,2000044,930416,31.75
2025-03-01,P0107,プリント基板 中型,電子部品,2023-03-14,8634,366,3160044,1682729,316004,158002,2156735,1003309,31.75
2025-04-01,P0107,プリント基板 中型,電子部品,2023-03-14,8662,405,3508110,1868074,350811,175405,2394290,1113820,31.75
2025-05-01,P0107,プリント基板 中型,電子部品,2023-03-14,8643,337,2912691,1551013,291269,145634,1987916,924775,31.75
2025-06-01,P0107,プリント基板 中型,電子部品,2023-03-14,8571,329,2819859,1501579,281985,140992,1924556,895303,31.75
2025-07-01,P0107,プリント基板 中型,電子部品,2023-03-14,8574,332,2846568,1515802,284656,142328,1942786,903782,31.75
2025-08-01,P0107,プリント基板 中型,電子部品,2023-03-14,8755,330,2889150,1538477,288915,144457,1971849,917301,31.75
2025-09-01,P0107,プリント基板 中型,電子部品,2023-03-14,8704,433,3768832,2006909,376883,188441,2572233,1196599,31.75
2025-10-01,P0107,プリント基板 中型,電子部品,2023-03-14,8679,381,3306699,1760823,330669,165334,2256826,1049873,31.75
2025-11-01,P0107,プリント基板 中型,電子部品,2023-03-14,8586,304,2610144,1389906,261014,130507,1781427,828717,31.75
2025-12-01,P0107,プリント基板 中型,電子部品,2023-03-14,8423,300,2526900,1345578,252690,126345,1724613,802287,31.75
2026-01-01,P0107,プリント基板 中型,電子部品,2023-03-14,8719,375,3269625,1741081,326962,163481,2231524,1038101,31.75
2026-02-01,P0107,プリント基板 中型,電子部品,2023-03-14,8509,318,2705862,1440876,270586,135293,1846755,859107,31.75
2026-03-01,P0107,プリント基板 中型,電子部品,2023-03-14,8571,394,3376974,1798244,337697,168848,2304789,1072185,31.75
2024-04-01,P0108,プリント基板 大型,電子部品,2020-02-02,13637,1036,14127932,9482884,1412793,706396,11602073,2525859,17.88
2024-05-01,P0108,プリント基板 大型,電子部品,2020-02-02,13592,738,10030896,6732891,1003089,501544,8237524,1793372,17.88
2024-06-01,P0108,プリント基板 大型,電子部品,2020-02-02,13661,654,8934294,5996834,893429,446714,7336977,1597317,17.88
2024-07-01,P0108,プリント基板 大型,電子部品,2020-02-02,13508,630,8510040,5712069,851004,425502,6988575,1521465,17.88
2024-08-01,P0108,プリント基板 大型,電子部品,2020-02-02,13533,673,9107709,6113233,910770,455385,7479388,1628321,17.88
2024-09-01,P0108,プリント基板 大型,電子部品,2020-02-02,13503,989,13354467,8963722,1335446,667723,10966891,2387576,17.88
2024-10-01,P0108,プリント基板 大型,電子部品,2020-02-02,13566,1037,14067942,9442618,1406794,703397,11552809,2515133,17.88
2024-11-01,P0108,プリント基板 大型,電子部品,2020-02-02,13451,728,9792328,6572760,979232,489616,8041608,1750720,17.88
2024-12-01,P0108,プリント基板 大型,電子部品,2020-02-02,13586,893,12132298,8143384,1213229,606614,9963227,2169071,17.88
2025-01-01,P0108,プリント基板 大型,電子部品,2020-02-02,13506,784,10588704,7107300,1058870,529435,8695605,1893099,17.88
2025-02-01,P0108,プリント基板 大型,電子部品,2020-02-02,13514,933,12608562,8463059,1260856,630428,10354343,2254219,17.88
2025-03-01,P0108,プリント基板 大型,電子部品,2020-02-02,13912,873,12145176,8152028,1214517,607258,9973803,2171373,17.88
2025-04-01,P0108,プリント基板 大型,電子部品,2020-02-02,13592,775,10533800,7070447,1053380,526690,8650517,1883283,17.88
2025-05-01,P0108,プリント基板 大型,電子部品,2020-02-02,13595,924,12561780,8431659,1256178,628089,10315926,2245854,17.88
2025-06-01,P0108,プリント基板 大型,電子部品,2020-02-02,13680,626,8563680,5748073,856368,428184,7032625,1531055,17.88
2025-07-01,P0108,プリント基板 大型,電子部品,2020-02-02,13944,629,8770776,5887079,877077,438538,7202694,1568082,17.88
2025-08-01,P0108,プリント基板 大型,電子部品,2020-02-02,13765,782,10764230,7225116,1076423,538211,8839750,1924480,17.88
2025-09-01,P0108,プリント基板 大型,電子部品,2020-02-02,13829,797,11021713,7397942,1102171,551085,9051198,1970515,17.88
2025-10-01,P0108,プリント基板 大型,電子部品,2020-02-02,13478,969,13060182,8766194,1306018,653009,10725221,2334961,17.88
2025-11-01,P0108,プリント基板 大型,電子部品,2020-02-02,13763,995,13694185,9191746,1369418,684709,11245873,2448312,17.88
2025-12-01,P0108,プリント基板 大型,電子部品,2020-02-02,13589,919,12488291,8382332,1248829,624414,10255575,2232716,17.88
2026-01-01,P0108,プリント基板 大型,電子部品,2020-02-02,13831,663,9169953,6155012,916995,458497,7530504,1639449,17.88
2026-02-01,P0108,プリント基板 大型,電子部品,2020-02-02,13657,873,11922561,8002605,1192256,596128,9790989,2131572,17.88
2026-03-01,P0108,プリント基板 大型,電子部品,2020-02-02,13894,732,10170408,6826533,1017040,508520,8352093,1818315,17.88
2024-04-01,P0109,プリント基板 業務用,電子部品,2021-12-12,18746,560,10497760,5031860,1049776,524888,6606524,3891236,37.07
2024-05-01,P0109,プリント基板 業務用,電子部品,2021-12-12,18331,479,8780549,4208754,878054,439027,5525835,3254714,37.07
2024-06-01,P0109,プリント基板 業務用,電子部品,2021-12-12,18961,439,8323879,3989860,832387,416193,5238440,3085439,37.07
2024-07-01,P0109,プリント基板 業務用,電子部品,2021-12-12,18770,501,9403770,4507481,940377,470188,5918046,3485724,37.07
2024-08-01,P0109,プリント基板 業務用,電子部品,2021-12-12,18777,614,11529078,5526199,1152907,576453,7255559,4273519,37.07
2024-09-01,P0109,プリント基板 業務用,電子部品,2021-12-12,18666,634,11834244,5672473,1183424,591712,7447609,4386635,37.07
2024-10-01,P0109,プリント基板 業務用,電子部品,2021-12-12,18725,597,11178825,5358313,1117882,558941,7035136,4143689,37.07
2024-11-01,P0109,プリント基板 業務用,電子部品,2021-12-12,18865,709,13375285,6411136,1337528,668764,8417428,4957857,37.07
2024-12-01,P0109,プリント基板 業務用,電子部品,2021-12-12,18525,553,10244325,4910382,1024432,512216,6447030,3797295,37.07
2025-01-01,P0109,プリント基板 業務用,電子部品,2021-12-12,18379,625,11486875,5505970,1148687,574343,7229000,4257875,37.07
2025-02-01,P0109,プリント基板 業務用,電子部品,2021-12-12,18468,618,11413224,5470667,1141322,570661,7182650,4230574,37.07
2025-03-01,P0109,プリント基板 業務用,電子部品,2021-12-12,18879,682,12875478,6171565,1287547,643773,8102885,4772593,37.07
2025-04-01,P0109,プリント基板 業務用,電子部品,2021-12-12,18421,594,10942074,5244832,1094207,547103,6886142,4055932,37.07
2025-05-01,P0109,プリント基板 業務用,電子部品,2021-12-12,18552,649,12040248,5771216,1204024,602012,7577252,4462996,37.07
2025-06-01,P0109,プリント基板 業務用,電子部品,2021-12-12,18658,503,9384974,4498472,938497,469248,5906217,3478757,37.07
2025-07-01,P0109,プリント基板 業務用,電子部品,2021-12-12,18787,528,9919536,4754702,991953,495976,6242631,3676905,37.07
2025-08-01,P0109,プリント基板 業務用,電子部品,2021-12-12,18603,439,8166717,3914528,816671,408335,5139534,3027183,37.07
2025-09-01,P0109,プリント基板 業務用,電子部品,2021-12-12,18304,726,13288704,6369635,1328870,664435,8362940,4925764,37.07
2025-10-01,P0109,プリント基板 業務用,電子部品,2021-12-12,18770,617,11581090,5551129,1158109,579054,7288292,4292798,37.07
2025-11-01,P0109,プリント基板 業務用,電子部品,2021-12-12,18720,692,12954240,6209317,1295424,647712,8152453,4801787,37.07
2025-12-01,P0109,プリント基板 業務用,電子部品,2021-12-12,18444,645,11896380,5702257,1189638,594819,7486714,4409666,37.07
2026-01-01,P0109,プリント基板 業務用,電子部品,2021-12-12,18980,510,9679800,4639790,967980,483990,6091760,3588040,37.07
2026-02-01,P0109,プリント基板 業務用,電子部品,2021-12-12,18694,626,11702444,5609298,1170244,585122,7364664,4337780,37.07
2026-03-01,P0109,プリント基板 業務用,電子部品,2021-12-12,18614,621,11559294,5540682,1155929,577964,7274575,4284719,37.07
2024-04-01,P0110,プリント基板 HD,電子部品,2022-07-05,26206,743,19471058,10413439,1947105,973552,13334096,6136962,31.52
2024-05-01,P0110,プリント基板 HD,電子部品,2022-07-05,25648,600,15388800,8230181,1538880,769440,10538501,4850299,31.52
2024-06-01,P0110,プリント基板 HD,電子部品,2022-07-05,25486,544,13864384,7414898,1386438,693219,9494555,4369829,31.52
2024-07-01,P0110,プリント基板 HD,電子部品,2022-07-05,25935,632,16390920,8766131,1639092,819546,11224769,5166151,31.52
2024-08-01,P0110,プリント基板 HD,電子部品,2022-07-05,26004,491,12767964,6828515,1276796,638398,8743709,4024255,31.52
2024-09-01,P0110,プリント基板 HD,電子部品,2022-07-05,25486,801,20414286,10917892,2041428,1020714,13980034,6434252,31.52
2024-10-01,P0110,プリント基板 HD,電子部品,2022-07-05,25870,661,17100070,9145396,1710007,855003,11710406,5389664,31.52
2024-11-01,P0110,プリント基板 HD,電子部品,2022-07-05,25909,556,14405404,7704244,1440540,720270,9865054,4540350,31.52
2024-12-01,P0110,プリント基板 HD,電子部品,2022-07-05,25522,637,16257514,8694783,1625751,812875,11133409,5124105,31.52
2025-01-01,P0110,プリント基板 HD,電子部品,2022-07-05,26245,500,13122500,7018126,1312250,656125,8986501,4135999,31.52
2025-02-01,P0110,プリント基板 HD,電子部品,2022-07-05,26011,537,13967907,7470264,1396790,698395,9565449,4402458,31.52
2025-03-01,P0110,プリント基板 HD,電子部品,2022-07-05,26228,706,18516968,9903176,1851696,925848,12680720,5836248,31.52
2025-04-01,P0110,プリント基板 HD,電子部品,2022-07-05,26229,703,18438987,9861470,1843898,921949,12627317,5811670,31.52
2025-05-01,P0110,プリント基板 HD,電子部品,2022-07-05,25824,642,16579008,8866723,1657900,828950,11353573,5225435,31.52
2025-06-01,P0110,プリント基板 HD,電子部品,2022-07-05,25751,556,14317556,7657262,1431755,715877,9804894,4512662,31.52
2025-07-01,P0110,プリント基板 HD,電子部品,2022-07-05,25493,562,14327066,7662348,1432706,716353,9811407,4515659,31.52
2025-08-01,P0110,プリント基板 HD,電子部品,2022-07-05,25762,533,13731146,7343640,1373114,686557,9403311,4327835,31.52
2025-09-01,P0110,プリント基板 HD,電子部品,2022-07-05,25644,547,14027268,7502011,1402726,701363,9606100,4421168,31.52
2025-10-01,P0110,プリント基板 HD,電子部品,2022-07-05,25957,740,19208180,10272847,1920818,960409,13154074,6054106,31.52
2025-11-01,P0110,プリント基板 HD,電子部品,2022-07-05,25921,720,18663120,9981340,1866312,933156,12780808,5882312,31.52
2025-12-01,P0110,プリント基板 HD,電子部品,2022-07-05,26183,698,18275734,9774160,1827573,913786,12515519,5760215,31.52
2026-01-01,P0110,プリント基板 HD,電子部品,2022-07-05,26370,487,12842190,6868212,1284219,642109,8794540,4047650,31.52
2026-02-01,P0110,プリント基板 HD,電子部品,2022-07-05,25977,468,12157236,6501887,1215723,607861,8325471,3831765,31.52
2026-03-01,P0110,プリント基板 HD,電子部品,2022-07-05,25702,751,19302202,10323132,1930220,965110,13218462,6083740,31.52
2024-04-01,P0111,温度センサー 小型,電子部品,2023-10-22,1658,633,1049514,531142,104951,52475,688568,360946,34.39
2024-05-01,P0111,温度センサー 小型,電子部品,2023-10-22,1660,513,851580,430971,85158,42579,558708,292872,34.39
2024-06-01,P0111,温度センサー 小型,電子部品,2023-10-22,1695,509,862755,436626,86275,43137,566038,296717,34.39
2024-07-01,P0111,温度センサー 小型,電子部品,2023-10-22,1684,613,1032292,522426,103229,51614,677269,355023,34.39
2024-08-01,P0111,温度センサー 小型,電子部品,2023-10-22,1655,618,1022790,517618,102279,51139,671036,351754,34.39
2024-09-01,P0111,温度センサー 小型,電子部品,2023-10-22,1706,638,1088428,550836,108842,54421,714099,374329,34.39
2024-10-01,P0111,温度センサー 小型,電子部品,2023-10-22,1683,817,1375011,695871,137501,68750,902122,472889,34.39
2024-11-01,P0111,温度センサー 小型,電子部品,2023-10-22,1708,558,953064,482330,95306,47653,625289,327775,34.39
2024-12-01,P0111,温度センサー 小型,電子部品,2023-10-22,1682,737,1239634,627359,123963,61981,813303,426331,34.39
2025-01-01,P0111,温度センサー 小型,電子部品,2023-10-22,1657,544,901408,456188,90140,45070,591398,310010,34.39
2025-02-01,P0111,温度センサー 小型,電子部品,2023-10-22,1715,628,1077020,545062,107702,53851,706615,370405,34.39
2025-03-01,P0111,温度センサー 小型,電子部品,2023-10-22,1675,752,1259600,637463,125960,62980,826403,433197,34.39
2025-04-01,P0111,温度センサー 小型,電子部品,2023-10-22,1710,708,1210680,612706,121068,60534,794308,416372,34.39
2025-05-01,P0111,温度センサー 小型,電子部品,2023-10-22,1709,632,1080088,546615,108008,54004,708627,371461,34.39
2025-06-01,P0111,温度センサー 小型,電子部品,2023-10-22,1677,580,972660,492248,97266,48633,638147,334513,34.39
2025-07-01,P0111,温度センサー 小型,電子部品,2023-10-22,1685,626,1054810,533822,105481,52740,692043,362767,34.39
2025-08-01,P0111,温度センサー 小型,電子部品,2023-10-22,1689,684,1155276,584667,115527,57763,757957,397319,34.39
2025-09-01,P0111,温度センサー 小型,電子部品,2023-10-22,1680,670,1125600,569648,112560,56280,738488,387112,34.39
2025-10-01,P0111,温度センサー 小型,電子部品,2023-10-22,1678,716,1201448,608034,120144,60072,788250,413198,34.39
2025-11-01,P0111,温度センサー 小型,電子部品,2023-10-22,1679,730,1225670,620292,122567,61283,804142,421528,34.39
2025-12-01,P0111,温度センサー 小型,電子部品,2023-10-22,1695,609,1032255,522408,103225,51612,677245,355010,34.39
2026-01-01,P0111,温度センサー 小型,電子部品,2023-10-22,1698,500,849000,429665,84900,42450,557015,291985,34.39
2026-02-01,P0111,温度センサー 小型,電子部品,2023-10-22,1684,607,1022188,517313,102218,51109,670640,351548,34.39
2026-03-01,P0111,温度センサー 小型,電子部品,2023-10-22,1705,764,1302620,659235,130262,65131,854628,447992,34.39
2024-04-01,P0112,温度センサー 中型,電子部品,2021-07-24,2846,1718,4889428,2763663,488942,244471,3497076,1392352,28.48
2024-05-01,P0112,温度センサー 中型,電子部品,2021-07-24,2875,1871,5379125,3040455,537912,268956,3847323,1531802,28.48
2024-06-01,P0112,温度センサー 中型,電子部品,2021-07-24,2872,1723,4948456,2797027,494845,247422,3539294,1409162,28.48
2024-07-01,P0112,温度センサー 中型,電子部品,2021-07-24,2830,1815,5136450,2903287,513645,256822,3673754,1462696,28.48
2024-08-01,P0112,温度センサー 中型,電子部品,2021-07-24,2826,1585,4479210,2531794,447921,223960,3203675,1275535,28.48
2024-09-01,P0112,温度センサー 中型,電子部品,2021-07-24,2884,1825,5263300,2974987,526330,263165,3764482,1498818,28.48
2024-10-01,P0112,温度センサー 中型,電子部品,2021-07-24,2852,1890,5390280,3046760,539028,269514,3855302,1534978,28.48
2024-11-01,P0112,温度センサー 中型,電子部品,2021-07-24,2897,2088,6048936,3419054,604893,302446,4326393,1722543,28.48
2024-12-01,P0112,温度センサー 中型,電子部品,2021-07-24,2917,1741,5078497,2870530,507849,253924,3632303,1446194,28.48
2025-01-01,P0112,温度センサー 中型,電子部品,2021-07-24,2899,1587,4600713,2600471,460071,230035,3290577,1310136,28.48
2025-02-01,P0112,温度センサー 中型,電子部品,2021-07-24,2841,1419,4031379,2278665,403137,201568,2883370,1148009,28.48
2025-03-01,P0112,温度センサー 中型,電子部品,2021-07-24,2820,1772,4997040,2824488,499704,249852,3574044,1422996,28.48
2025-04-01,P0112,温度センサー 中型,電子部品,2021-07-24,2830,1810,5122300,2895289,512230,256115,3663634,1458666,28.48
2025-05-01,P0112,温度センサー 中型,電子部品,2021-07-24,2830,1815,5136450,2903287,513645,256822,3673754,1462696,28.48
2025-06-01,P0112,温度センサー 中型,電子部品,2021-07-24,2919,1390,4057410,2293379,405741,202870,2901990,1155420,28.48
2025-07-01,P0112,温度センサー 中型,電子部品,2021-07-24,2916,1740,5073840,2867898,507384,253692,3628974,1444866,28.48
2025-08-01,P0112,温度センサー 中型,電子部品,2021-07-24,2812,1544,4341728,2454085,434172,217086,3105343,1236385,28.48
2025-09-01,P0112,温度センサー 中型,電子部品,2021-07-24,2872,1951,5603272,3167150,560327,280163,4007640,1595632,28.48
2025-10-01,P0112,温度センサー 中型,電子部品,2021-07-24,2907,1527,4438989,2509060,443898,221949,3174907,1264082,28.48
2025-11-01,P0112,温度センサー 中型,電子部品,2021-07-24,2894,1896,5487024,3101443,548702,274351,3924496,1562528,28.48
2025-12-01,P0112,温度センサー 中型,電子部品,2021-07-24,2879,1719,4949001,2797335,494900,247450,3539685,1409316,28.48
2026-01-01,P0112,温度センサー 中型,電子部品,2021-07-24,2920,1478,4315760,2439407,431576,215788,3086771,1228989,28.48
2026-02-01,P0112,温度センサー 中型,電子部品,2021-07-24,2827,1572,4444044,2511917,444404,222202,3178523,1265521,28.48
2026-03-01,P0112,温度センサー 中型,電子部品,2021-07-24,2881,1558,4488598,2537100,448859,224429,3210388,1278210,28.48
2024-04-01,P0113,温度センサー 大型,電子部品,2020-12-01,4525,4792,21683800,12012459,2168380,1084190,15265029,6418771,29.6
2024-05-01,P0113,温度センサー 大型,電子部品,2020-12-01,4529,4713,21345177,11824868,2134517,1067258,15026643,6318534,29.6
2024-06-01,P0113,温度センサー 大型,電子部品,2020-12-01,4507,3502,15783514,8743800,1578351,789175,11111326,4672188,29.6
2024-07-01,P0113,温度センサー 大型,電子部品,2020-12-01,4439,3113,13818607,7655275,1381860,690930,9728065,4090542,29.6
2024-08-01,P0113,温度センサー 大型,電子部品,2020-12-01,4435,3429,15207615,8424762,1520761,760380,10705903,4501712,29.6
2024-09-01,P0113,温度センサー 大型,電子部品,2020-12-01,4577,5120,23434240,12982174,2343424,1171712,16497310,6936930,29.6
2024-10-01,P0113,温度センサー 大型,電子部品,2020-12-01,4526,4110,18601860,10305117,1860186,930093,13095396,5506464,29.6
2024-11-01,P0113,温度センサー 大型,電子部品,2020-12-01,4424,3984,17625216,9764072,1762521,881260,12407853,5217363,29.6
2024-12-01,P0113,温度センサー 大型,電子部品,2020-12-01,4441,3683,16356203,9061060,1635620,817810,11514490,4841713,29.6
2025-01-01,P0113,温度センサー 大型,電子部品,2020-12-01,4437,3485,15462945,8566211,1546294,773147,10885652,4577293,29.6
2025-02-01,P0113,温度センサー 大型,電子部品,2020-12-01,4438,3162,14032956,7774021,1403295,701647,9878963,4153993,29.6
2025-03-01,P0113,温度センサー 大型,電子部品,2020-12-01,4414,5037,22233318,12316883,2223331,1111665,15651879,6581439,29.6
2025-04-01,P0113,温度センサー 大型,電子部品,2020-12-01,4494,3847,17288418,9577492,1728841,864420,12170753,5117665,29.6
2025-05-01,P0113,温度センサー 大型,電子部品,2020-12-01,4492,3710,16665320,9232306,1666532,833266,11732104,4933216,29.6
2025-06-01,P0113,温度センサー 大型,電子部品,2020-12-01,4515,3059,13811385,7651274,1381138,690569,9722981,4088404,29.6
2025-07-01,P0113,温度センサー 大型,電子部品,2020-12-01,4521,3838,17351598,9612492,1735159,867579,12215230,5136368,29.6
2025-08-01,P0113,温度センサー 大型,電子部品,2020-12-01,4477,3641,16300757,9030344,1630075,815037,11475456,4825301,29.6
2025-09-01,P0113,温度センサー 大型,電子部品,2020-12-01,4439,4074,18084486,10018500,1808448,904224,12731172,5353314,29.6
2025-10-01,P0113,温度センサー 大型,電子部品,2020-12-01,4403,4334,19082602,10571440,1908260,954130,13433830,5648772,29.6
2025-11-01,P0113,温度センサー 大型,電子部品,2020-12-01,4520,3852,17411040,9645422,1741104,870552,12257078,5153962,29.6
2025-12-01,P0113,温度センサー 大型,電子部品,2020-12-01,4410,3323,14654430,8118307,1465443,732721,10316471,4337959,29.6
2026-01-01,P0113,温度センサー 大型,電子部品,2020-12-01,4470,3971,17750370,9833405,1775037,887518,12495960,5254410,29.6
2026-02-01,P0113,温度センサー 大型,電子部品,2020-12-01,4567,4195,19158565,10613522,1915856,957928,13487306,5671259,29.6
2026-03-01,P0113,温度センサー 大型,電子部品,2020-12-01,4475,5126,22938850,12707736,2293885,1146942,16148563,6790287,29.6
2024-04-01,P0114,温度センサー 業務用,電子部品,2021-06-20,5953,148,881044,404723,88104,44052,536879,344165,39.06
2024-05-01,P0114,温度センサー 業務用,電子部品,2021-06-20,5880,141,829080,380852,82908,41454,505214,323866,39.06
2024-06-01,P0114,温度センサー 業務用,電子部品,2021-06-20,5854,105,614670,282359,61467,30733,374559,240111,39.06
2024-07-01,P0114,温度センサー 業務用,電子部品,2021-06-20,5833,110,641630,294744,64163,32081,390988,250642,39.06
2024-08-01,P0114,温度センサー 業務用,電子部品,2021-06-20,5807,142,824594,378791,82459,41229,502479,322115,39.06
2024-09-01,P0114,温度センサー 業務用,電子部品,2021-06-20,6029,154,928466,426507,92846,46423,565776,362690,39.06
2024-10-01,P0114,温度センサー 業務用,電子部品,2021-06-20,5929,140,830060,381302,83006,41503,505811,324249,39.06
2024-11-01,P0114,温度センサー 業務用,電子部品,2021-06-20,5879,153,899487,413195,89948,44974,548117,351370,39.06
2024-12-01,P0114,温度センサー 業務用,電子部品,2021-06-20,5998,133,797734,366453,79773,39886,486112,311622,39.06
2025-01-01,P0114,温度センサー 業務用,電子部品,2021-06-20,5996,141,845436,388365,84543,42271,515179,330257,39.06
2025-02-01,P0114,温度センサー 業務用,電子部品,2021-06-20,5892,153,901476,414108,90147,45073,549328,352148,39.06
2025-03-01,P0114,温度センサー 業務用,電子部品,2021-06-20,5947,163,969361,445293,96936,48468,590697,378664,39.06
2025-04-01,P0114,温度センサー 業務用,電子部品,2021-06-20,5979,151,902829,414730,90282,45141,550153,352676,39.06
2025-05-01,P0114,温度センサー 業務用,電子部品,2021-06-20,6014,148,890072,408870,89007,44503,542380,347692,39.06
2025-06-01,P0114,温度センサー 業務用,電子部品,2021-06-20,5959,120,715080,328484,71508,35754,435746,279334,39.06
2025-07-01,P0114,温度センサー 業務用,電子部品,2021-06-20,5945,117,695565,319520,69556,34778,423854,271711,39.06
2025-08-01,P0114,温度センサー 業務用,電子部品,2021-06-20,5991,133,796803,366025,79680,39840,485545,311258,39.06
2025-09-01,P0114,温度センサー 業務用,電子部品,2021-06-20,5925,143,847275,389210,84727,42363,516300,330975,39.06
2025-10-01,P0114,温度センサー 業務用,電子部品,2021-06-20,5844,138,806472,370467,80647,40323,491437,315035,39.06
2025-11-01,P0114,温度センサー 業務用,電子部品,2021-06-20,6020,128,770560,353970,77056,38528,469554,301006,39.06
2025-12-01,P0114,温度センサー 業務用,電子部品,2021-06-20,6035,124,748340,343763,74834,37417,456014,292326,39.06
2026-01-01,P0114,温度センサー 業務用,電子部品,2021-06-20,5975,115,687125,315643,68712,34356,418711,268414,39.06
2026-02-01,P0114,温度センサー 業務用,電子部品,2021-06-20,5969,132,787908,361939,78790,39395,480124,307784,39.06
2026-03-01,P0114,温度センサー 業務用,電子部品,2021-06-20,5971,157,937447,430632,93744,46872,571248,366199,39.06
2024-04-01,P0115,温度センサー HD,電子部品,2019-05-02,8072,985,7950920,3923277,795092,397546,5115915,2835005,35.66
2024-05-01,P0115,温度センサー HD,電子部品,2019-05-02,8283,831,6883173,3396411,688317,344158,4428886,2454287,35.66
2024-06-01,P0115,温度センサー HD,電子部品,2019-05-02,8230,867,7135410,3520874,713541,356770,4591185,2544225,35.66
2024-07-01,P0115,温度センサー HD,電子部品,2019-05-02,8176,902,7374752,3638974,737475,368737,4745186,2629566,35.66
2024-08-01,P0115,温度センサー HD,電子部品,2019-05-02,8288,913,7566944,3733809,756694,378347,4868850,2698094,35.66
2024-09-01,P0115,温度センサー HD,電子部品,2019-05-02,8285,1092,9047220,4464232,904722,452361,5821315,3225905,35.66
2024-10-01,P0115,温度センサー HD,電子部品,2019-05-02,8246,1163,9590098,4732108,959009,479504,6170621,3419477,35.66
2024-11-01,P0115,温度センサー HD,電子部品,2019-05-02,8089,1140,9221460,4550208,922146,461073,5933427,3288033,35.66
2024-12-01,P0115,温度センサー HD,電子部品,2019-05-02,8286,963,7979418,3937339,797941,398970,5134250,2845168,35.66
2025-01-01,P0115,温度センサー HD,電子部品,2019-05-02,8145,861,7012845,3460396,701284,350642,4512322,2500523,35.66
2025-02-01,P0115,温度センサー HD,電子部品,2019-05-02,8170,886,7238620,3571802,723862,361931,4657595,2581025,35.66
2025-03-01,P0115,温度センサー HD,電子部品,2019-05-02,8167,1171,9563557,4719011,956355,478177,6153543,3410014,35.66
2025-04-01,P0115,温度センサー HD,電子部品,2019-05-02,8240,836,6888640,3399109,688864,344432,4432405,2456235,35.66
2025-05-01,P0115,温度センサー HD,電子部品,2019-05-02,8082,876,7079832,3493450,707983,353991,4555424,2524408,35.66
2025-06-01,P0115,温度センサー HD,電子部品,2019-05-02,8227,891,7330257,3617019,733025,366512,4716556,2613701,35.66
2025-07-01,P0115,温度センサー HD,電子部品,2019-05-02,8247,755,6226485,3072377,622648,311324,4006349,2220136,35.66
2025-08-01,P0115,温度センサー HD,電子部品,2019-05-02,8304,845,7016880,3462387,701688,350844,4514919,2501961,35.66
2025-09-01,P0115,温度センサー HD,電子部品,2019-05-02,8132,950,7725400,3811997,772540,386270,4970807,2754593,35.66
2025-10-01,P0115,温度センサー HD,電子部品,2019-05-02,8235,1188,9783180,4827382,978318,489159,6294859,3488321,35.66
2025-11-01,P0115,温度センサー HD,電子部品,2019-05-02,8320,779,6481280,3198102,648128,324064,4170294,2310986,35.66
2025-12-01,P0115,温度センサー HD,電子部品,2019-05-02,8308,804,6679632,3295976,667963,333981,4297920,2381712,35.66
2026-01-01,P0115,温度センサー HD,電子部品,2019-05-02,8369,940,7866860,3881799,786686,393343,5061828,2805032,35.66
2026-02-01,P0115,温度センサー HD,電子部品,2019-05-02,8140,1031,8392340,4141090,839234,419617,5399941,2992399,35.66
2026-03-01,P0115,温度センサー HD,電子部品,2019-05-02,8154,1113,9075402,4478138,907540,453770,5839448,3235954,35.66
2024-04-01,P0116,圧力センサー 小型,電子部品,2022-09-17,2354,726,1709004,952825,170900,85450,1209175,499829,29.25
2024-05-01,P0116,圧力センサー 小型,電子部品,2022-09-17,2354,534,1257036,700838,125703,62851,889392,367644,29.25
2024-06-01,P0116,圧力センサー 小型,電子部品,2022-09-17,2373,538,1276674,711787,127667,63833,903287,373387,29.25
2024-07-01,P0116,圧力センサー 小型,電子部品,2022-09-17,2398,735,1762530,982667,176253,88126,1247046,515484,29.25
2024-08-01,P0116,圧力センサー 小型,電子部品,2022-09-17,2429,670,1627430,907345,162743,81371,1151459,475971,29.25
2024-09-01,P0116,圧力センサー 小型,電子部品,2022-09-17,2386,801,1911186,1065548,191118,95559,1352225,558961,29.25
2024-10-01,P0116,圧力センサー 小型,電子部品,2022-09-17,2420,839,2030380,1132002,203038,101519,1436559,593821,29.25
2024-11-01,P0116,圧力センサー 小型,電子部品,2022-09-17,2435,767,1867645,1041272,186764,93382,1321418,546227,29.25
2024-12-01,P0116,圧力センサー 小型,電子部品,2022-09-17,2399,692,1660108,925564,166010,83005,1174579,485529,29.25
2025-01-01,P0116,圧力センサー 小型,電子部品,2022-09-17,2392,731,1748552,974874,174855,87427,1237156,511396,29.25
2025-02-01,P0116,圧力センサー 小型,電子部品,2022-09-17,2354,711,1673694,933138,167369,83684,1184191,489503,29.25
2025-03-01,P0116,圧力センサー 小型,電子部品,2022-09-17,2399,586,1405814,783787,140581,70290,994658,411156,29.25
2025-04-01,P0116,圧力センサー 小型,電子部品,2022-09-17,2442,580,1416360,789666,141636,70818,1002120,414240,29.25
2025-05-01,P0116,圧力センサー 小型,電子部品,2022-09-17,2417,534,1290678,719594,129067,64533,913194,377484,29.25
2025-06-01,P0116,圧力センサー 小型,電子部品,2022-09-17,2441,567,1384047,771651,138404,69202,979257,404790,29.25
2025-07-01,P0116,圧力センサー 小型,電子部品,2022-09-17,2351,602,1415302,789076,141530,70765,1001371,413931,29.25
2025-08-01,P0116,圧力センサー 小型,電子部品,2022-09-17,2402,486,1167372,650847,116737,58368,825952,341420,29.25
2025-09-01,P0116,圧力センサー 小型,電子部品,2022-09-17,2443,875,2137625,1191795,213762,106881,1512438,625187,29.25
2025-10-01,P0116,圧力センサー 小型,電子部品,2022-09-17,2395,685,1640575,914673,164057,82028,1160758,479817,29.25
2025-11-01,P0116,圧力センサー 小型,電子部品,2022-09-17,2399,587,1408213,785124,140821,70410,996355,411858,29.25
2025-12-01,P0116,圧力センサー 小型,電子部品,2022-09-17,2373,692,1642116,915533,164211,82105,1161849,480267,29.25
2026-01-01,P0116,圧力センサー 小型,電子部品,2022-09-17,2435,661,1609535,897368,160953,80476,1138797,470738,29.25
2026-02-01,P0116,圧力センサー 小型,電子部品,2022-09-17,2371,506,1199726,668886,119972,59986,848844,350882,29.25
2026-03-01,P0116,圧力センサー 小型,電子部品,2022-09-17,2360,647,1526920,851307,152692,76346,1080345,446575,29.25
2024-04-01,P0117,圧力センサー 中型,電子部品,2021-07-04,3989,275,1096975,579322,109697,54848,743867,353108,32.19
2024-05-01,P0117,圧力センサー 中型,電子部品,2021-07-04,4116,273,1123668,593419,112366,56183,761968,361700,32.19
2024-06-01,P0117,圧力センサー 中型,電子部品,2021-07-04,4079,277,1129883,596701,112988,56494,766183,363700,32.19
2024-07-01,P0117,圧力センサー 中型,電子部品,2021-07-04,3986,208,829088,437849,82908,41454,562211,266877,32.19
2024-08-01,P0117,圧力センサー 中型,電子部品,2021-07-04,4128,200,825600,436006,82560,41280,559846,265754,32.19
2024-09-01,P0117,圧力センサー 中型,電子部品,2021-07-04,4034,325,1311050,692377,131105,65552,889034,422016,32.19
2024-10-01,P0117,圧力センサー 中型,電子部品,2021-07-04,4055,255,1034025,546078,103402,51701,701181,332844,32.19
2024-11-01,P0117,圧力センサー 中型,電子部品,2021-07-04,4131,240,991440,523588,99144,49572,672304,319136,32.19
2024-12-01,P0117,圧力センサー 中型,電子部品,2021-07-04,4032,221,891072,470583,89107,44553,604243,286829,32.19
2025-01-01,P0117,圧力センサー 中型,電子部品,2021-07-04,3993,230,918390,485010,91839,45919,622768,295622,32.19
2025-02-01,P0117,圧力センサー 中型,電子部品,2021-07-04,4111,225,924975,488487,92497,46248,627232,297743,32.19
2025-03-01,P0117,圧力センサー 中型,電子部品,2021-07-04,4067,234,951678,502589,95167,47583,645339,306339,32.19
2025-04-01,P0117,圧力センサー 中型,電子部品,2021-07-04,4000,252,1008000,532334,100800,50400,683534,324466,32.19
2025-05-01,P0117,圧力センサー 中型,電子部品,2021-07-04,4017,200,803400,424282,80340,40170,544792,258608,32.19
2025-06-01,P0117,圧力センサー 中型,電子部品,2021-07-04,4034,195,786630,415426,78663,39331,533420,253210,32.19
2025-07-01,P0117,圧力センサー 中型,電子部品,2021-07-04,4089,266,1087674,574410,108767,54383,737560,350114,32.19
2025-08-01,P0117,圧力センサー 中型,電子部品,2021-07-04,4042,264,1067088,563539,106708,53354,723601,343487,32.19
2025-09-01,P0117,圧力センサー 中型,電子部品,2021-07-04,4080,297,1211760,639941,121176,60588,821705,390055,32.19
2025-10-01,P0117,圧力センサー 中型,電子部品,2021-07-04,4022,243,977346,516145,97734,48867,662746,314600,32.19
2025-11-01,P0117,圧力センサー 中型,電子部品,2021-07-04,4102,265,1087030,574070,108703,54351,737124,349906,32.19
2025-12-01,P0117,圧力センサー 中型,電子部品,2021-07-04,4009,245,982205,518711,98220,49110,666041,316164,32.19
2026-01-01,P0117,圧力センサー 中型,電子部品,2021-07-04,3991,283,1129453,596474,112945,56472,765891,363562,32.19
2026-02-01,P0117,圧力センサー 中型,電子部品,2021-07-04,4104,280,1149120,606860,114912,57456,779228,369892,32.19
2026-03-01,P0117,圧力センサー 中型,電子部品,2021-07-04,4101,311,1275411,673556,127541,63770,864867,410544,32.19
2024-04-01,P0118,圧力センサー 大型,電子部品,2023-10-16,7124,635,4523740,2489747,452374,226187,3168308,1355432,29.96
2024-05-01,P0118,圧力センサー 大型,電子部品,2023-10-16,6987,631,4408797,2426485,440879,220439,3087803,1320994,29.96
2024-06-01,P0118,圧力センサー 大型,電子部品,2023-10-16,7003,476,3333428,1834630,333342,166671,2334643,998785,29.96
2024-07-01,P0118,圧力センサー 大型,電子部品,2023-10-16,7072,541,3825952,2105703,382595,191297,2679595,1146357,29.96
2024-08-01,P0118,圧力センサー 大型,電子部品,2023-10-16,7127,586,4176422,2298592,417642,208821,2925055,1251367,29.96
2024-09-01,P0118,圧力センサー 大型,電子部品,2023-10-16,6985,676,4721860,2598787,472186,236093,3307066,1414794,29.96
2024-10-01,P0118,圧力センサー 大型,電子部品,2023-10-16,7005,626,4385130,2413459,438513,219256,3071228,1313902,29.96
2024-11-01,P0118,圧力センサー 大型,電子部品,2023-10-16,6913,539,3726107,2050751,372610,186305,2609666,1116441,29.96
2024-12-01,P0118,圧力センサー 大型,電子部品,2023-10-16,6983,537,3749871,2063830,374987,187493,2626310,1123561,29.96
2025-01-01,P0118,圧力センサー 大型,電子部品,2023-10-16,6928,561,3886608,2139086,388660,194330,2722076,1164532,29.96
2025-02-01,P0118,圧力センサー 大型,電子部品,2023-10-16,6923,495,3426885,1886067,342688,171344,2400099,1026786,29.96
2025-03-01,P0118,圧力センサー 大型,電子部品,2023-10-16,7071,667,4716357,2595758,471635,235817,3303210,1413147,29.96
2025-04-01,P0118,圧力センサー 大型,電子部品,2023-10-16,6952,564,3920928,2157975,392092,196046,2746113,1174815,29.96
2025-05-01,P0118,圧力センサー 大型,電子部品,2023-10-16,7075,679,4803925,2643953,480392,240196,3364541,1439384,29.96
2025-06-01,P0118,圧力センサー 大型,電子部品,2023-10-16,7060,585,4130100,2273098,413010,206505,2892613,1237487,29.96
2025-07-01,P0118,圧力センサー 大型,電子部品,2023-10-16,7163,612,4383756,2412703,438375,219187,3070265,1313491,29.96
2025-08-01,P0118,圧力センサー 大型,電子部品,2023-10-16,7105,492,3495660,1923919,349566,174783,2448268,1047392,29.96
2025-09-01,P0118,圧力センサー 大型,電子部品,2023-10-16,7094,563,3993922,2198149,399392,199696,2797237,1196685,29.96
2025-10-01,P0118,圧力センサー 大型,電子部品,2023-10-16,6912,606,4188672,2305334,418867,209433,2933634,1255038,29.96
2025-11-01,P0118,圧力センサー 大型,電子部品,2023-10-16,7155,713,5101515,2807739,510151,255075,3572965,1528550,29.96
2025-12-01,P0118,圧力センサー 大型,電子部品,2023-10-16,7192,526,3782992,2082059,378299,189149,2649507,1133485,29.96
2026-01-01,P0118,圧力センサー 大型,電子部品,2023-10-16,7040,506,3562240,1960562,356224,178112,2494898,1067342,29.96
2026-02-01,P0118,圧力センサー 大型,電子部品,2023-10-16,6996,622,4351512,2394957,435151,217575,3047683,1303829,29.96
2026-03-01,P0118,圧力センサー 大型,電子部品,2023-10-16,7098,619,4393662,2418155,439366,219683,3077204,1316458,29.96
2024-04-01,P0119,圧力センサー 業務用,電子部品,2022-05-16,9357,88,823416,412053,82341,41170,535564,287852,34.96
2024-05-01,P0119,圧力センサー 業務用,電子部品,2022-05-16,9291,93,864063,432393,86406,43203,562002,302061,34.96
2024-06-01,P0119,圧力センサー 業務用,電子部品,2022-05-16,9508,73,694084,347333,69408,34704,451445,242639,34.96
2024-07-01,P0119,圧力センサー 業務用,電子部品,2022-05-16,9399,71,667329,333944,66732,33366,434042,233287,34.96
2024-08-01,P0119,圧力センサー 業務用,電子部品,2022-05-16,9529,84,800436,400553,80043,40021,520617,279819,34.96
2024-09-01,P0119,圧力センサー 業務用,電子部品,2022-05-16,9561,80,764880,382760,76488,38244,497492,267388,34.96
2024-10-01,P0119,圧力センサー 業務用,電子部品,2022-05-16,9368,104,974272,487544,97427,48713,633684,340588,34.96
2024-11-01,P0119,圧力センサー 業務用,電子部品,2022-05-16,9515,100,951500,476149,95150,47575,618874,332626,34.96
2024-12-01,P0119,圧力センサー 業務用,電子部品,2022-05-16,9451,90,850590,425651,85059,42529,553239,297351,34.96
2025-01-01,P0119,圧力センサー 業務用,電子部品,2022-05-16,9617,90,865530,433128,86553,43276,562957,302573,34.96
2025-02-01,P0119,圧力センサー 業務用,電子部品,2022-05-16,9545,85,811325,406002,81132,40566,527700,283625,34.96
2025-03-01,P0119,圧力センサー 業務用,電子部品,2022-05-16,9563,105,1004115,502478,100411,50205,653094,351021,34.96
2025-04-01,P0119,圧力センサー 業務用,電子部品,2022-05-16,9313,107,996491,498663,99649,49824,648136,348355,34.96
2025-05-01,P0119,圧力センサー 業務用,電子部品,2022-05-16,9461,75,709575,355085,70957,35478,461520,248055,34.96
2025-06-01,P0119,圧力センサー 業務用,電子部品,2022-05-16,9455,80,756400,378517,75640,37820,491977,264423,34.96
2025-07-01,P0119,圧力センサー 業務用,電子部品,2022-05-16,9591,92,882372,441556,88237,44118,573911,308461,34.96
2025-08-01,P0119,圧力センサー 業務用,電子部品,2022-05-16,9511,75,713325,356961,71332,35666,463959,249366,34.96
2025-09-01,P0119,圧力センサー 業務用,電子部品,2022-05-16,9442,84,793128,396896,79312,39656,515864,277264,34.96
2025-10-01,P0119,圧力センサー 業務用,電子部品,2022-05-16,9430,77,726110,363359,72611,36305,472275,253835,34.96
2025-11-01,P0119,圧力センサー 業務用,電子部品,2022-05-16,9517,92,875564,438149,87556,43778,569483,306081,34.96
2025-12-01,P0119,圧力センサー 業務用,電子部品,2022-05-16,9375,92,862500,431611,86250,43125,560986,301514,34.96
2026-01-01,P0119,圧力センサー 業務用,電子部品,2022-05-16,9283,66,612678,306595,61267,30633,398495,214183,34.96
2026-02-01,P0119,圧力センサー 業務用,電子部品,2022-05-16,9588,98,939624,470206,93962,46981,611149,328475,34.96
2026-03-01,P0119,圧力センサー 業務用,電子部品,2022-05-16,9338,88,821744,411216,82174,41087,534477,287267,34.96
2024-04-01,P0120,圧力センサー HD,電子部品,2020-01-17,12558,2226,27954108,13174426,2795410,1397705,17367541,10586567,37.87
2024-05-01,P0120,圧力センサー HD,電子部品,2020-01-17,12581,1629,20494449,9658781,2049444,1024722,12732947,7761502,37.87
2024-06-01,P0120,圧力センサー HD,電子部品,2020-01-17,12542,1693,21233606,10007136,2123360,1061680,13192176,8041430,37.87
2024-07-01,P0120,圧力センサー HD,電子部品,2020-01-17,12711,1620,20591820,9704670,2059182,1029591,12793443,7798377,37.87
2024-08-01,P0120,圧力センサー HD,電子部品,2020-01-17,12515,1792,22426880,10569512,2242688,1121344,13933544,8493336,37.87
2024-09-01,P0120,圧力センサー HD,電子部品,2020-01-17,12627,2214,27956178,13175401,2795617,1397808,17368826,10587352,37.87
2024-10-01,P0120,圧力センサー HD,電子部品,2020-01-17,12861,2424,31175064,14692423,3117506,1558753,19368682,11806382,37.87
2024-11-01,P0120,圧力センサー HD,電子部品,2020-01-17,12824,1763,22608712,10655207,2260871,1130435,14046513,8562199,37.87
2024-12-01,P0120,圧力センサー HD,電子部品,2020-01-17,12728,2132,27136096,12788907,2713609,1356804,16859320,10276776,37.87
2025-01-01,P0120,圧力センサー HD,電子部品,2020-01-17,12552,1778,22317456,10517941,2231745,1115872,13865558,8451898,37.87
2025-02-01,P0120,圧力センサー HD,電子部品,2020-01-17,12874,1502,19336748,9113170,1933674,966837,12013681,7323067,37.87
2025-03-01,P0120,圧力センサー HD,電子部品,2020-01-17,12581,2260,28433060,13400150,2843306,1421653,17665109,10767951,37.87
2025-04-01,P0120,圧力センサー HD,電子部品,2020-01-17,12398,2105,26097790,12299566,2609779,1304889,16214234,9883556,37.87
2025-05-01,P0120,圧力センサー HD,電子部品,2020-01-17,12693,1713,21743109,10247259,2174310,1087155,13508724,8234385,37.87
2025-06-01,P0120,圧力センサー HD,電子部品,2020-01-17,12776,1883,24057208,11337865,2405720,1202860,14946445,9110763,37.87
2025-07-01,P0120,圧力センサー HD,電子部品,2020-01-17,12682,1991,25249862,11899948,2524986,1262493,15687427,9562435,37.87
2025-08-01,P0120,圧力センサー HD,電子部品,2020-01-17,12412,1997,24786764,11681696,2478676,1239338,15399710,9387054,37.87
2025-09-01,P0120,圧力センサー HD,電子部品,2020-01-17,12739,2333,29720087,14006710,2972008,1486004,18464722,11255365,37.87
2025-10-01,P0120,圧力センサー HD,電子部品,2020-01-17,12477,1973,24617121,11601745,2461712,1230856,15294313,9322808,37.87
2025-11-01,P0120,圧力センサー HD,電子部品,2020-01-17,12478,1832,22859696,10773492,2285969,1142984,14202445,8657251,37.87
2025-12-01,P0120,圧力センサー HD,電子部品,2020-01-17,12446,1989,24755094,11666770,2475509,1237754,15380033,9375061,37.87
2026-01-01,P0120,圧力センサー HD,電子部品,2020-01-17,12431,1991,24750121,11664426,2475012,1237506,15376944,9373177,37.87
2026-02-01,P0120,圧力センサー HD,電子部品,2020-01-17,12539,1518,19034202,8970584,1903420,951710,11825714,7208488,37.87
2026-03-01,P0120,圧力センサー HD,電子部品,2020-01-17,12877,1900,24466300,11530665,2446630,1223315,15200610,9265690,37.87
2024-04-01,P0121,位置センサー 小型,電子部品,2022-04-02,2175,3478,7564650,3950835,756465,378232,5085532,2479118,32.77
2024-05-01,P0121,位置センサー 小型,電子部品,2022-04-02,2211,3538,7822518,4085513,782251,391125,5258889,2563629,32.77
2024-06-01,P0121,位置センサー 小型,電子部品,2022-04-02,2190,3939,8626410,4505367,862641,431320,5799328,2827082,32.77
2024-07-01,P0121,位置センサー 小型,電子部品,2022-04-02,2200,3719,8181800,4273157,818180,409090,5500427,2681373,32.77
2024-08-01,P0121,位置センサー 小型,電子部品,2022-04-02,2208,3819,8432352,4404015,843235,421617,5668867,2763485,32.77
2024-09-01,P0121,位置センサー 小型,電子部品,2022-04-02,2219,3755,8332345,4351784,833234,416617,5601635,2730710,32.77
2024-10-01,P0121,位置センサー 小型,電子部品,2022-04-02,2198,4624,10163552,5308179,1016355,508177,6832711,3330841,32.77
2024-11-01,P0121,位置センサー 小型,電子部品,2022-04-02,2235,4675,10448625,5457066,1044862,522431,7024359,3424266,32.77
2024-12-01,P0121,位置センサー 小型,電子部品,2022-04-02,2227,3275,7293425,3809181,729342,364671,4903194,2390231,32.77
2025-01-01,P0121,位置センサー 小型,電子部品,2022-04-02,2205,3683,8121015,4241411,812101,406050,5459562,2661453,32.77
2025-02-01,P0121,位置センサー 小型,電子部品,2022-04-02,2233,3560,7949480,4151822,794948,397474,5344244,2605236,32.77
2025-03-01,P0121,位置センサー 小型,電子部品,2022-04-02,2205,4281,9439605,4930079,943960,471980,6346019,3093586,32.77
2025-04-01,P0121,位置センサー 小型,電子部品,2022-04-02,2197,3207,7045779,3679841,704577,352288,4736706,2309073,32.77
2025-05-01,P0121,位置センサー 小型,電子部品,2022-04-02,2220,4335,9623700,5026227,962370,481185,6469782,3153918,32.77
2025-06-01,P0121,位置センサー 小型,電子部品,2022-04-02,2235,2904,6490440,3389801,649044,324522,4363367,2127073,32.77
2025-07-01,P0121,位置センサー 小型,電子部品,2022-04-02,2206,4003,8830618,4612020,883061,441530,5936611,2894007,32.77
2025-08-01,P0121,位置センサー 小型,電子部品,2022-04-02,2207,2713,5987591,3127175,598759,299379,4025313,1962278,32.77
2025-09-01,P0121,位置センサー 小型,電子部品,2022-04-02,2186,3369,7364634,3846371,736463,368231,4951065,2413569,32.77
2025-10-01,P0121,位置センサー 小型,電子部品,2022-04-02,2238,4311,9648018,5038928,964801,482400,6486129,3161889,32.77
2025-11-01,P0121,位置センサー 小型,電子部品,2022-04-02,2233,3690,8239770,4303434,823977,411988,5539399,2700371,32.77
2025-12-01,P0121,位置センサー 小型,電子部品,2022-04-02,2159,4350,9391650,4905033,939165,469582,6313780,3077870,32.77
2026-01-01,P0121,位置センサー 小型,電子部品,2022-04-02,2220,3171,7039620,3676624,703962,351981,4732567,2307053,32.77
2026-02-01,P0121,位置センサー 小型,電子部品,2022-04-02,2192,3904,8557568,4469412,855756,427878,5753046,2804522,32.77
2026-03-01,P0121,位置センサー 小型,電子部品,2022-04-02,2211,4356,9631116,5030100,963111,481555,6474766,3156350,32.77
2024-04-01,P0122,位置センサー 中型,電子部品,2019-09-16,3423,3497,11970231,8152139,1197023,598511,9947673,2022558,16.9
2024-05-01,P0122,位置センサー 中型,電子部品,2019-09-16,3429,2644,9066276,6174446,906627,453313,7534386,1531890,16.9
2024-06-01,P0122,位置センサー 中型,電子部品,2019-09-16,3538,3413,12075194,8223623,1207519,603759,10034901,2040293,16.9
2024-07-01,P0122,位置センサー 中型,電子部品,2019-09-16,3427,3256,11158312,7599194,1115831,557915,9272940,1885372,16.9
2024-08-01,P0122,位置センサー 中型,電子部品,2019-09-16,3437,2838,9754206,6642950,975420,487710,8106080,1648126,16.9
2024-09-01,P0122,位置センサー 中型,電子部品,2019-09-16,3448,3192,11006016,7495476,1100601,550300,9146377,1859639,16.9
2024-10-01,P0122,位置センサー 中型,電子部品,2019-09-16,3431,3812,13078972,8907230,1307897,653948,10869075,2209897,16.9
2024-11-01,P0122,位置センサー 中型,電子部品,2019-09-16,3548,3404,12077392,8225120,1207739,603869,10036728,2040664,16.9
2024-12-01,P0122,位置センサー 中型,電子部品,2019-09-16,3422,3292,11265224,7672005,1126522,563261,9361788,1903436,16.9
2025-01-01,P0122,位置センサー 中型,電子部品,2019-09-16,3500,3384,11844000,8066172,1184400,592200,9842772,2001228,16.9
2025-02-01,P0122,位置センサー 中型,電子部品,2019-09-16,3503,2859,10015077,6820612,1001507,500753,8322872,1692205,16.9
2025-03-01,P0122,位置センサー 中型,電子部品,2019-09-16,3477,3880,13490760,9187672,1349076,674538,11211286,2279474,16.9
2025-04-01,P0122,位置センサー 中型,電子部品,2019-09-16,3474,3256,11311344,7703414,1131134,565567,9400115,1911229,16.9
2025-05-01,P0122,位置センサー 中型,電子部品,2019-09-16,3520,2539,8937280,6086595,893728,446864,7427187,1510093,16.9
2025-06-01,P0122,位置センサー 中型,電子部品,2019-09-16,3466,2475,8578350,5842151,857835,428917,7128903,1449447,16.9
2025-07-01,P0122,位置センサー 中型,電子部品,2019-09-16,3450,2778,9584100,6527102,958410,479205,7964717,1619383,16.9
2025-08-01,P0122,位置センサー 中型,電子部品,2019-09-16,3497,2649,9263553,6308798,926355,463177,7698330,1565223,16.9
2025-09-01,P0122,位置センサー 中型,電子部品,2019-09-16,3435,3115,10700025,7287085,1070002,535001,8892088,1807937,16.9
2025-10-01,P0122,位置センサー 中型,電子部品,2019-09-16,3546,3867,13712382,9338604,1371238,685619,11395461,2316921,16.9
2025-11-01,P0122,位置センサー 中型,電子部品,2019-09-16,3456,3163,10931328,7444610,1093132,546566,9084308,1847020,16.9
2025-12-01,P0122,位置センサー 中型,電子部品,2019-09-16,3416,2508,8567328,5834645,856732,428366,7119743,1447585,16.9
2026-01-01,P0122,位置センサー 中型,電子部品,2019-09-16,3540,2785,9858900,6714250,985890,492945,8193085,1665815,16.9
2026-02-01,P0122,位置センサー 中型,電子部品,2019-09-16,3460,3178,10995880,7488573,1099588,549794,9137955,1857925,16.9
2026-03-01,P0122,位置センサー 中型,電子部品,2019-09-16,3471,4000,13884000,9455482,1388400,694200,11538082,2345918,16.9
2024-04-01,P0123,位置センサー 大型,電子部品,2020-03-21,5497,355,1951435,997207,195143,97571,1289921,661514,33.9
2024-05-01,P0123,位置センサー 大型,電子部品,2020-03-21,5531,402,2223462,1136216,222346,111173,1469735,753727,33.9
2024-06-01,P0123,位置センサー 大型,電子部品,2020-03-21,5537,352,1949024,995975,194902,97451,1288328,660696,33.9
2024-07-01,P0123,位置センサー 大型,電子部品,2020-03-21,5593,384,2147712,1097507,214771,107385,1419663,728049,33.9
2024-08-01,P0123,位置センサー 大型,電子部品,2020-03-21,5480,312,1709760,873708,170976,85488,1130172,579588,33.9
2024-09-01,P0123,位置センサー 大型,電子部品,2020-03-21,5572,445,2479540,1267075,247954,123977,1639006,840534,33.9
2024-10-01,P0123,位置センサー 大型,電子部品,2020-03-21,5646,351,1981746,1012696,198174,99087,1309957,671789,33.9
2024-11-01,P0123,位置センサー 大型,電子部品,2020-03-21,5520,301,1661520,849057,166152,83076,1098285,563235,33.9
2024-12-01,P0123,位置センサー 大型,電子部品,2020-03-21,5526,354,1956204,999644,195620,97810,1293074,663130,33.9
2025-01-01,P0123,位置センサー 大型,電子部品,2020-03-21,5509,328,1806952,923375,180695,90347,1194417,612535,33.9
2025-02-01,P0123,位置センサー 大型,電子部品,2020-03-21,5458,282,1539156,786527,153915,76957,1017399,521757,33.9
2025-03-01,P0123,位置センサー 大型,電子部品,2020-03-21,5662,331,1874122,957699,187412,93706,1238817,635305,33.9
2025-04-01,P0123,位置センサー 大型,電子部品,2020-03-21,5559,377,2095743,1070950,209574,104787,1385311,710432,33.9
2025-05-01,P0123,位置センサー 大型,電子部品,2020-03-21,5608,332,1861856,951431,186185,93092,1230708,631148,33.9
2025-06-01,P0123,位置センサー 大型,電子部品,2020-03-21,5512,284,1565408,799943,156540,78270,1034753,530655,33.9
2025-07-01,P0123,位置センサー 大型,電子部品,2020-03-21,5557,352,1956064,999573,195606,97803,1292982,663082,33.9
2025-08-01,P0123,位置センサー 大型,電子部品,2020-03-21,5650,348,1966200,1004752,196620,98310,1299682,666518,33.9
2025-09-01,P0123,位置センサー 大型,電子部品,2020-03-21,5491,433,2377603,1214984,237760,118880,1571624,805979,33.9
2025-10-01,P0123,位置センサー 大型,電子部品,2020-03-21,5488,321,1761648,900224,176164,88082,1164470,597178,33.9
2025-11-01,P0123,位置センサー 大型,電子部品,2020-03-21,5654,408,2306832,1178819,230683,115341,1524843,781989,33.9
2025-12-01,P0123,位置センサー 大型,電子部品,2020-03-21,5517,408,2250936,1150256,225093,112546,1487895,763041,33.9
2026-01-01,P0123,位置センサー 大型,電子部品,2020-03-21,5570,376,2094320,1070223,209432,104716,1384371,709949,33.9
2026-02-01,P0123,位置センサー 大型,電子部品,2020-03-21,5572,374,2083928,1064913,208392,104196,1377501,706427,33.9
2026-03-01,P0123,位置センサー 大型,電子部品,2020-03-21,5468,329,1798972,919297,179897,89948,1189142,609830,33.9
2024-04-01,P0124,位置センサー 業務用,電子部品,2023-07-14,7305,1959,14310495,6872912,1431049,715524,9019485,5291010,36.97
2024-05-01,P0124,位置センサー 業務用,電子部品,2023-07-14,7313,1812,13251156,6364143,1325115,662557,8351815,4899341,36.97
2024-06-01,P0124,位置センサー 業務用,電子部品,2023-07-14,7220,2152,15537440,7462178,1553744,776872,9792794,5744646,36.97
2024-07-01,P0124,位置センサー 業務用,電子部品,2023-07-14,7434,1548,11507832,5526875,1150783,575391,7253049,4254783,36.97
2024-08-01,P0124,位置センサー 業務用,電子部品,2023-07-14,7239,1764,12769596,6132864,1276959,638479,8048302,4721294,36.97
2024-09-01,P0124,位置センサー 業務用,電子部品,2023-07-14,7267,1721,12506507,6006510,1250650,625325,7882485,4624022,36.97
2024-10-01,P0124,位置センサー 業務用,電子部品,2023-07-14,7206,1912,13777872,6617109,1377787,688893,8683789,5094083,36.97
2024-11-01,P0124,位置センサー 業務用,電子部品,2023-07-14,7419,1789,13272591,6374437,1327259,663629,8365325,4907266,36.97
2024-12-01,P0124,位置センサー 業務用,電子部品,2023-07-14,7466,2196,16395336,7874201,1639533,819766,10333500,6061836,36.97
2025-01-01,P0124,位置センサー 業務用,電子部品,2023-07-14,7295,1746,12737070,6117242,1273707,636853,8027802,4709268,36.97
2025-02-01,P0124,位置センサー 業務用,電子部品,2023-07-14,7428,2192,16282176,7819853,1628217,814108,10262178,6019998,36.97
2025-03-01,P0124,位置センサー 業務用,電子部品,2023-07-14,7276,2146,15614296,7499090,1561429,780714,9841233,5773063,36.97
2025-04-01,P0124,位置センサー 業務用,電子部品,2023-07-14,7353,1874,13779522,6617902,1377952,688976,8684830,5094692,36.97
2025-05-01,P0124,位置センサー 業務用,電子部品,2023-07-14,7206,1955,14087730,6765925,1408773,704386,8879084,5208646,36.97
2025-06-01,P0124,位置センサー 業務用,電子部品,2023-07-14,7371,2162,15936102,7653644,1593610,796805,10044059,5892043,36.97
2025-07-01,P0124,位置センサー 業務用,電子部品,2023-07-14,7264,1891,13736224,6597107,1373622,686811,8657540,5078684,36.97
2025-08-01,P0124,位置センサー 業務用,電子部品,2023-07-14,7418,1914,14198052,6818909,1419805,709902,8948616,5249436,36.97
2025-09-01,P0124,位置センサー 業務用,電子部品,2023-07-14,7376,1772,13070272,6277269,1307027,653513,8237809,4832463,36.97
2025-10-01,P0124,位置センサー 業務用,電子部品,2023-07-14,7447,2249,16748303,8043720,1674830,837415,10555965,6192338,36.97
2025-11-01,P0124,位置センサー 業務用,電子部品,2023-07-14,7460,1781,13286260,6381002,1328626,664313,8373941,4912319,36.97
2025-12-01,P0124,位置センサー 業務用,電子部品,2023-07-14,7230,1893,13686390,6573173,1368639,684319,8626131,5060259,36.97
2026-01-01,P0124,位置センサー 業務用,電子部品,2023-07-14,7260,1538,11165880,5362646,1116588,558294,7037528,4128352,36.97
2026-02-01,P0124,位置センサー 業務用,電子部品,2023-07-14,7347,1668,12254796,5885620,1225479,612739,7723838,4530958,36.97
2026-03-01,P0124,位置センサー 業務用,電子部品,2023-07-14,7256,2325,16870200,8102264,1687020,843510,10632794,6237406,36.97
2024-04-01,P0125,位置センサー HD,電子部品,2023-03-15,10632,901,9579432,6649349,957943,478971,8086263,1493169,15.59
2024-05-01,P0125,位置センサー HD,電子部品,2023-03-15,10730,1163,12478990,8662012,1247899,623949,10533860,1945130,15.59
2024-06-01,P0125,位置センサー HD,電子部品,2023-03-15,10681,999,10670319,7406563,1067031,533515,9007109,1663210,15.59
2024-07-01,P0125,位置センサー HD,電子部品,2023-03-15,10382,805,8357510,5801179,835751,417875,7054805,1302705,15.59
2024-08-01,P0125,位置センサー HD,電子部品,2023-03-15,10416,870,9061920,6290129,906192,453096,7649417,1412503,15.59
2024-09-01,P0125,位置センサー HD,電子部品,2023-03-15,10472,1030,10786160,7486972,1078616,539308,9104896,1681264,15.59
2024-10-01,P0125,位置センサー HD,電子部品,2023-03-15,10750,1274,13695500,9506425,1369550,684775,11560750,2134750,15.59
2024-11-01,P0125,位置センサー HD,電子部品,2023-03-15,10680,1176,12559680,8718021,1255968,627984,10601973,1957707,15.59
2024-12-01,P0125,位置センサー HD,電子部品,2023-03-15,10398,855,8890290,6170996,889029,444514,7504539,1385751,15.59
2025-01-01,P0125,位置センサー HD,電子部品,2023-03-15,10650,1001,10660650,7399852,1066065,533032,8998949,1661701,15.59
2025-02-01,P0125,位置センサー HD,電子部品,2023-03-15,10578,894,9456732,6564179,945673,472836,7982688,1474044,15.59
2025-03-01,P0125,位置センサー HD,電子部品,2023-03-15,10479,1087,11390673,7906581,1139067,569533,9615181,1775492,15.59
2025-04-01,P0125,位置センサー HD,電子部品,2023-03-15,10555,965,10185575,7070089,1018557,509278,8597924,1587651,15.59
2025-05-01,P0125,位置センサー HD,電子部品,2023-03-15,10783,1034,11149622,7739261,1114962,557481,9411704,1737918,15.59
2025-06-01,P0125,位置センサー HD,電子部品,2023-03-15,10687,958,10238146,7106580,1023814,511907,8642301,1595845,15.59
2025-07-01,P0125,位置センサー HD,電子部品,2023-03-15,10426,1059,11041134,7663956,1104113,552056,9320125,1721009,15.59
2025-08-01,P0125,位置センサー HD,電子部品,2023-03-15,10582,948,10031736,6963305,1003173,501586,8468064,1563672,15.59
2025-09-01,P0125,位置センサー HD,電子部品,2023-03-15,10394,1124,11682856,8109393,1168285,584142,9861820,1821036,15.59
2025-10-01,P0125,位置センサー HD,電子部品,2023-03-15,10781,1270,13691870,9503906,1369187,684593,11557686,2134184,15.59
2025-11-01,P0125,位置センサー HD,電子部品,2023-03-15,10468,835,8740780,6067217,874078,437039,7378334,1362446,15.59
2025-12-01,P0125,位置センサー HD,電子部品,2023-03-15,10709,866,9273994,6437336,927399,463699,7828434,1445560,15.59
2026-01-01,P0125,位置センサー HD,電子部品,2023-03-15,10453,980,10243940,7110602,1024394,512197,8647193,1596747,15.59
2026-02-01,P0125,位置センサー HD,電子部品,2023-03-15,10527,1062,11179674,7760121,1117967,558983,9437071,1742603,15.59
2026-03-01,P0125,位置センサー HD,電子部品,2023-03-15,10542,1075,11332650,7866306,1133265,566632,9566203,1766447,15.59
2024-04-01,P0126,モータードライバ 小型,電子部品,2023-03-20,7233,2371,17149443,9164480,1714944,857472,11736896,5412547,31.56
2024-05-01,P0126,モータードライバ 小型,電子部品,2023-03-20,7418,2208,16378944,8752733,1637894,818947,11209574,5169370,31.56
2024-06-01,P0126,モータードライバ 小型,電子部品,2023-03-20,7420,2165,16064300,8584591,1606430,803215,10994236,5070064,31.56
2024-07-01,P0126,モータードライバ 小型,電子部品,2023-03-20,7377,2206,16273662,8696472,1627366,813683,11137521,5136141,31.56
2024-08-01,P0126,モータードライバ 小型,電子部品,2023-03-20,7383,1880,13880040,7417345,1388004,694002,9499351,4380689,31.56
2024-09-01,P0126,モータードライバ 小型,電子部品,2023-03-20,7158,2268,16234344,8675460,1623434,811717,11110611,5123733,31.56
2024-10-01,P0126,モータードライバ 小型,電子部品,2023-03-20,7159,2164,15492076,8278800,1549207,774603,10602610,4889466,31.56
2024-11-01,P0126,モータードライバ 小型,電子部品,2023-03-20,7444,2818,20977192,11209988,2097719,1048859,14356566,6620626,31.56
2024-12-01,P0126,モータードライバ 小型,電子部品,2023-03-20,7184,2515,18067760,9655219,1806776,903388,12365383,5702377,31.56
2025-01-01,P0126,モータードライバ 小型,電子部品,2023-03-20,7370,2508,18483960,9877631,1848396,924198,12650225,5833735,31.56
2025-02-01,P0126,モータードライバ 小型,電子部品,2023-03-20,7299,2017,14722083,7867324,1472208,736104,10075636,4646447,31.56
2025-03-01,P0126,モータードライバ 小型,電子部品,2023-03-20,7160,2666,19088560,10200723,1908856,954428,13064007,6024553,31.56
2025-04-01,P0126,モータードライバ 小型,電子部品,2023-03-20,7366,2392,17619472,9415658,1761947,880973,12058578,5560894,31.56
2025-05-01,P0126,モータードライバ 小型,電子部品,2023-03-20,7282,1993,14513026,7755606,1451302,725651,9932559,4580467,31.56
2025-06-01,P0126,モータードライバ 小型,電子部品,2023-03-20,7367,2191,16141097,8625630,1614109,807054,11046793,5094304,31.56
2025-07-01,P0126,モータードライバ 小型,電子部品,2023-03-20,7400,2564,18973600,10139290,1897360,948680,12985330,5988270,31.56
2025-08-01,P0126,モータードライバ 小型,電子部品,2023-03-20,7323,2148,15729804,8405840,1572980,786490,10765310,4964494,31.56
2025-09-01,P0126,モータードライバ 小型,電子部品,2023-03-20,7312,2608,19069696,10190642,1906969,953484,13051095,6018601,31.56
2025-10-01,P0126,モータードライバ 小型,電子部品,2023-03-20,7356,2063,15175428,8109587,1517542,758771,10385900,4789528,31.56
2025-11-01,P0126,モータードライバ 小型,電子部品,2023-03-20,7302,2597,18963294,10133782,1896329,948164,12978275,5985019,31.56
2025-12-01,P0126,モータードライバ 小型,電子部品,2023-03-20,7349,2614,19210286,10265772,1921028,960514,13147314,6062972,31.56
2026-01-01,P0126,モータードライバ 小型,電子部品,2023-03-20,7158,2044,14630952,7818625,1463095,731547,10013267,4617685,31.56
2026-02-01,P0126,モータードライバ 小型,電子部品,2023-03-20,7255,1781,12921155,6904927,1292115,646057,8843099,4078056,31.56
2026-03-01,P0126,モータードライバ 小型,電子部品,2023-03-20,7201,2466,17757666,9489508,1775766,887883,12153157,5604509,31.56
2024-04-01,P0127,モータードライバ 中型,電子部品,2023-08-27,11597,253,2934041,1460152,293404,146702,1900258,1033783,35.23
2024-05-01,P0127,モータードライバ 中型,電子部品,2023-08-27,11415,299,3413085,1698552,341308,170654,2210514,1202571,35.23
2024-06-01,P0127,モータードライバ 中型,電子部品,2023-08-27,11290,223,2517670,1252941,251767,125883,1630591,887079,35.23
2024-07-01,P0127,モータードライバ 中型,電子部品,2023-08-27,11419,214,2443666,1216112,244366,122183,1582661,861005,35.23
2024-08-01,P0127,モータードライバ 中型,電子部品,2023-08-27,11392,199,2267008,1128197,226700,113350,1468247,798761,35.23
2024-09-01,P0127,モータードライバ 中型,電子部品,2023-08-27,11472,352,4038144,2009619,403814,201907,2615340,1422804,35.23
2024-10-01,P0127,モータードライバ 中型,電子部品,2023-08-27,11298,335,3784830,1883555,378483,189241,2451279,1333551,35.23
2024-11-01,P0127,モータードライバ 中型,電子部品,2023-08-27,11673,257,2999961,1492957,299996,149998,1942951,1057010,35.23
2024-12-01,P0127,モータードライバ 中型,電子部品,2023-08-27,11537,257,2965009,1475563,296500,148250,1920313,1044696,35.23
2025-01-01,P0127,モータードライバ 中型,電子部品,2023-08-27,11492,305,3505060,1744324,350506,175253,2270083,1234977,35.23
2025-02-01,P0127,モータードライバ 中型,電子部品,2023-08-27,11483,236,2709988,1348650,270998,135499,1755147,954841,35.23
2025-03-01,P0127,モータードライバ 中型,電子部品,2023-08-27,11291,244,2755004,1371052,275500,137750,1784302,970702,35.23
2025-04-01,P0127,モータードライバ 中型,電子部品,2023-08-27,11645,227,2643415,1315519,264341,132170,1712030,931385,35.23
2025-05-01,P0127,モータードライバ 中型,電子部品,2023-08-27,11376,288,3276288,1630474,327628,163814,2121916,1154372,35.23
2025-06-01,P0127,モータードライバ 中型,電子部品,2023-08-27,11552,228,2633856,1310762,263385,131692,1705839,928017,35.23
2025-07-01,P0127,モータードライバ 中型,電子部品,2023-08-27,11376,299,3401424,1692749,340142,170071,2202962,1198462,35.23
2025-08-01,P0127,モータードライバ 中型,電子部品,2023-08-27,11631,225,2616975,1302361,261697,130848,1694906,922069,35.23
2025-09-01,P0127,モータードライバ 中型,電子部品,2023-08-27,11658,344,4010352,1995788,401035,200517,2597340,1413012,35.23
2025-10-01,P0127,モータードライバ 中型,電子部品,2023-08-27,11294,272,3071968,1528792,307196,153598,1989586,1082382,35.23
2025-11-01,P0127,モータードライバ 中型,電子部品,2023-08-27,11375,277,3150875,1568061,315087,157543,2040691,1110184,35.23
2025-12-01,P0127,モータードライバ 中型,電子部品,2023-08-27,11256,311,3500616,1742113,350061,175030,2267204,1233412,35.23
2026-01-01,P0127,モータードライバ 中型,電子部品,2023-08-27,11655,270,3146850,1566058,314685,157342,2038085,1108765,35.23
2026-02-01,P0127,モータードライバ 中型,電子部品,2023-08-27,11537,305,3518785,1751155,351878,175939,2278972,1239813,35.23
2026-03-01,P0127,モータードライバ 中型,電子部品,2023-08-27,11274,350,3945900,1963713,394590,197295,2555598,1390302,35.23
2024-04-01,P0128,モータードライバ 大型,電子部品,2023-03-22,19534,714,13947276,7669908,1394727,697363,9761998,4185278,30.01
2024-05-01,P0128,モータードライバ 大型,電子部品,2023-03-22,18804,983,18484332,10164933,1848433,924216,12937582,5546750,30.01
2024-06-01,P0128,モータードライバ 大型,電子部品,2023-03-22,19064,649,12372536,6803924,1237253,618626,8659803,3712733,30.01
2024-07-01,P0128,モータードライバ 大型,電子部品,2023-03-22,19431,726,14106906,7757692,1410690,705345,9873727,4233179,30.01
2024-08-01,P0128,モータードライバ 大型,電子部品,2023-03-22,19388,658,12757304,7015516,1275730,637865,8929111,3828193,30.01
2024-09-01,P0128,モータードライバ 大型,電子部品,2023-03-22,19072,951,18137472,9974187,1813747,906873,12694807,5442665,30.01
2024-10-01,P0128,モータードライバ 大型,電子部品,2023-03-22,19547,799,15618053,8588704,1561805,780902,10931411,4686642,30.01
2024-11-01,P0128,モータードライバ 大型,電子部品,2023-03-22,19119,930,17780670,9777974,1778067,889033,12445074,5335596,30.01
2024-12-01,P0128,モータードライバ 大型,電子部品,2023-03-22,19477,803,15640031,8600790,1564003,782001,10946794,4693237,30.01
2025-01-01,P0128,モータードライバ 大型,電子部品,2023-03-22,19404,907,17599428,9678305,1759942,879971,12318218,5281210,30.01
2025-02-01,P0128,モータードライバ 大型,電子部品,2023-03-22,19463,841,16368383,9001327,1636838,818419,11456584,4911799,30.01
2025-03-01,P0128,モータードライバ 大型,電子部品,2023-03-22,19322,856,16539632,9095500,1653963,826981,11576444,4963188,30.01
2025-04-01,P0128,モータードライバ 大型,電子部品,2023-03-22,19242,855,16451910,9047260,1645191,822595,11515046,4936864,30.01
2025-05-01,P0128,モータードライバ 大型,電子部品,2023-03-22,19537,1015,19830055,10904975,1983005,991502,13879482,5950573,30.01
2025-06-01,P0128,モータードライバ 大型,電子部品,2023-03-22,19222,808,15531376,8541038,1553137,776568,10870743,4660633,30.01
2025-07-01,P0128,モータードライバ 大型,電子部品,2023-03-22,19538,932,18209416,10013750,1820941,910470,12745161,5464255,30.01
2025-08-01,P0128,モータードライバ 大型,電子部品,2023-03-22,18832,846,15931872,8761280,1593187,796593,11151060,4780812,30.01
2025-09-01,P0128,モータードライバ 大型,電子部品,2023-03-22,19470,865,16841550,9261531,1684155,842077,11787763,5053787,30.01
2025-10-01,P0128,モータードライバ 大型,電子部品,2023-03-22,19351,1031,19950881,10971420,1995088,997544,13964052,5986829,30.01
2025-11-01,P0128,モータードライバ 大型,電子部品,2023-03-22,19101,948,18107748,9957841,1810774,905387,12674002,5433746,30.01
2025-12-01,P0128,モータードライバ 大型,電子部品,2023-03-22,19402,813,15773826,8674367,1577382,788691,11040440,4733386,30.01
2026-01-01,P0128,モータードライバ 大型,電子部品,2023-03-22,19307,738,14248566,7835594,1424856,712428,9972878,4275688,30.01
2026-02-01,P0128,モータードライバ 大型,電子部品,2023-03-22,19430,877,17040110,9370724,1704011,852005,11926740,5113370,30.01
2026-03-01,P0128,モータードライバ 大型,電子部品,2023-03-22,19351,864,16719264,9194284,1671926,835963,11702173,5017091,30.01
2024-04-01,P0129,モータードライバ 業務用,電子部品,2021-11-29,27390,175,4793250,2522812,479325,239662,3241799,1551451,32.37
2024-05-01,P0129,モータードライバ 業務用,電子部品,2021-11-29,27973,160,4475680,2355667,447568,223784,3027019,1448661,32.37
2024-06-01,P0129,モータードライバ 業務用,電子部品,2021-11-29,26985,215,5801775,3053625,580177,290088,3923890,1877885,32.37
2024-07-01,P0129,モータードライバ 業務用,電子部品,2021-11-29,27490,211,5800390,3052896,580039,290019,3922954,1877436,32.37
2024-08-01,P0129,モータードライバ 業務用,電子部品,2021-11-29,27906,190,5302140,2790654,530214,265107,3585975,1716165,32.37
2024-09-01,P0129,モータードライバ 業務用,電子部品,2021-11-29,27059,222,6007098,3161692,600709,300354,4062755,1944343,32.37
2024-10-01,P0129,モータードライバ 業務用,電子部品,2021-11-29,27477,172,4726044,2487440,472604,236302,3196346,1529698,32.37
2024-11-01,P0129,モータードライバ 業務用,電子部品,2021-11-29,27560,242,6669520,3510342,666952,333476,4510770,2158750,32.37
2024-12-01,P0129,モータードライバ 業務用,電子部品,2021-11-29,26965,185,4988525,2625590,498852,249426,3373868,1614657,32.37
2025-01-01,P0129,モータードライバ 業務用,電子部品,2021-11-29,27291,216,5894856,3102616,589485,294742,3986843,1908013,32.37
2025-02-01,P0129,モータードライバ 業務用,電子部品,2021-11-29,27694,201,5566494,2929791,556649,278324,3764764,1801730,32.37
2025-03-01,P0129,モータードライバ 業務用,電子部品,2021-11-29,27001,194,5238194,2756998,523819,261909,3542726,1695468,32.37
2025-04-01,P0129,モータードライバ 業務用,電子部品,2021-11-29,27279,196,5346684,2814099,534668,267334,3616101,1730583,32.37
2025-05-01,P0129,モータードライバ 業務用,電子部品,2021-11-29,27832,211,5872552,3090877,587255,293627,3971759,1900793,32.37
2025-06-01,P0129,モータードライバ 業務用,電子部品,2021-11-29,27512,165,4539480,2389246,453948,226974,3070168,1469312,32.37
2025-07-01,P0129,モータードライバ 業務用,電子部品,2021-11-29,27166,151,4102066,2159024,410206,205103,2774333,1327733,32.37
2025-08-01,P0129,モータードライバ 業務用,電子部品,2021-11-29,27803,194,5393782,2838888,539378,269689,3647955,1745827,32.37
2025-09-01,P0129,モータードライバ 業務用,電子部品,2021-11-29,27087,239,6473793,3407326,647379,323689,4378394,2095399,32.37
2025-10-01,P0129,モータードライバ 業務用,電子部品,2021-11-29,27396,219,5999724,3157811,599972,299986,4057769,1941955,32.37
2025-11-01,P0129,モータードライバ 業務用,電子部品,2021-11-29,27650,246,6801900,3580017,680190,340095,4600302,2201598,32.37
2025-12-01,P0129,モータードライバ 業務用,電子部品,2021-11-29,27091,229,6203839,3265242,620383,310191,4195816,2008023,32.37
2026-01-01,P0129,モータードライバ 業務用,電子部品,2021-11-29,27779,182,5055778,2660987,505577,252788,3419352,1636426,32.37
2026-02-01,P0129,モータードライバ 業務用,電子部品,2021-11-29,27626,176,4862176,2559090,486217,243108,3288415,1573761,32.37
2026-03-01,P0129,モータードライバ 業務用,電子部品,2021-11-29,28021,216,6052536,3185607,605253,302626,4093486,1959050,32.37
2024-04-01,P0130,モータードライバ HD,電子部品,2021-06-29,35970,1264,45466080,21080228,4546608,2273304,27900140,17565940,38.64
2024-05-01,P0130,モータードライバ HD,電子部品,2021-06-29,36154,1012,36587848,16963859,3658784,1829392,22452035,14135813,38.64
2024-06-01,P0130,モータードライバ HD,電子部品,2021-06-29,36782,883,32478506,15058573,3247850,1623925,19930348,12548158,38.64
2024-07-01,P0130,モータードライバ HD,電子部品,2021-06-29,36796,1135,41763460,19363518,4176346,2088173,25628037,16135423,38.64
2024-08-01,P0130,モータードライバ HD,電子部品,2021-06-29,36358,1106,40211948,18644163,4021194,2010597,24675954,15535994,38.64
2024-09-01,P0130,モータードライバ HD,電子部品,2021-06-29,36619,1106,40500614,18778002,4050061,2025030,24853093,15647521,38.64
2024-10-01,P0130,モータードライバ HD,電子部品,2021-06-29,36596,913,33412148,15491454,3341214,1670607,20503275,12908873,38.64
2024-11-01,P0130,モータードライバ HD,電子部品,2021-06-29,36363,1076,39126588,18140939,3912658,1956329,24009926,15116662,38.64
2024-12-01,P0130,モータードライバ HD,電子部品,2021-06-29,35923,974,34989002,16222558,3498900,1749450,21470908,13518094,38.64
2025-01-01,P0130,モータードライバ HD,電子部品,2021-06-29,36002,792,28513584,13220248,2851358,1425679,17497285,11016299,38.64
2025-02-01,P0130,モータードライバ HD,電子部品,2021-06-29,35715,938,33500670,15532497,3350067,1675033,20557597,12943073,38.64
2025-03-01,P0130,モータードライバ HD,電子部品,2021-06-29,36234,1014,36741276,17034995,3674127,1837063,22546185,14195091,38.64
2025-04-01,P0130,モータードライバ HD,電子部品,2021-06-29,36590,998,36516820,16930927,3651682,1825841,22408450,14108370,38.64
2025-05-01,P0130,モータードライバ HD,電子部品,2021-06-29,36225,866,31370850,14545011,3137085,1568542,19250638,12120212,38.64
2025-06-01,P0130,モータードライバ HD,電子部品,2021-06-29,36153,842,30440826,14113808,3044082,1522041,18679931,11760895,38.64
2025-07-01,P0130,モータードライバ HD,電子部品,2021-06-29,36318,995,36136410,16754551,3613641,1806820,22175012,13961398,38.64
2025-08-01,P0130,モータードライバ HD,電子部品,2021-06-29,36126,896,32368896,15007753,3236889,1618444,19863086,12505810,38.64
2025-09-01,P0130,モータードライバ HD,電子部品,2021-06-29,36059,984,35482056,16451161,3548205,1774102,21773468,13708588,38.64
2025-10-01,P0130,モータードライバ HD,電子部品,2021-06-29,36352,1071,38932992,18051179,3893299,1946649,23891127,15041865,38.64
2025-11-01,P0130,モータードライバ HD,電子部品,2021-06-29,36516,1049,38305284,17760143,3830528,1915264,23505935,14799349,38.64
2025-12-01,P0130,モータードライバ HD,電子部品,2021-06-29,35731,995,35552345,16483751,3555234,1777617,21816602,13735743,38.64
2026-01-01,P0130,モータードライバ HD,電子部品,2021-06-29,35456,886,31414016,14565025,3141401,1570700,19277126,12136890,38.64
2026-02-01,P0130,モータードライバ HD,電子部品,2021-06-29,36590,990,36224100,16795208,3622410,1811205,22228823,13995277,38.64
2026-03-01,P0130,モータードライバ HD,電子部品,2021-06-29,36023,1250,45028750,20877461,4502875,2251437,27631773,17396977,38.64
2024-04-01,P0131,パワーモジュール 小型,電子部品,2020-04-17,10747,332,3568004,1687936,356800,178400,2223136,1344868,37.69
2024-05-01,P0131,パワーモジュール 小型,電子部品,2020-04-17,11097,265,2940705,1391176,294070,147035,1832281,1108424,37.69
2024-06-01,P0131,パワーモジュール 小型,電子部品,2020-04-17,10773,251,2704023,1279207,270402,135201,1684810,1019213,37.69
2024-07-01,P0131,パワーモジュール 小型,電子部品,2020-04-17,10984,238,2614192,1236711,261419,130709,1628839,985353,37.69
2024-08-01,P0131,パワーモジュール 小型,電子部品,2020-04-17,11008,214,2355712,1114430,235571,117785,1467786,887926,37.69
2024-09-01,P0131,パワーモジュール 小型,電子部品,2020-04-17,10868,296,3216928,1521850,321692,160846,2004388,1212540,37.69
2024-10-01,P0131,パワーモジュール 小型,電子部品,2020-04-17,11082,272,3014304,1425994,301430,150715,1878139,1136165,37.69
2024-11-01,P0131,パワーモジュール 小型,電子部品,2020-04-17,11045,278,3070510,1452584,307051,153525,1913160,1157350,37.69
2024-12-01,P0131,パワーモジュール 小型,電子部品,2020-04-17,10762,269,2894978,1369544,289497,144748,1803789,1091189,37.69
2025-01-01,P0131,パワーモジュール 小型,電子部品,2020-04-17,10944,256,2801664,1325399,280166,140083,1745648,1056016,37.69
2025-02-01,P0131,パワーモジュール 小型,電子部品,2020-04-17,11079,258,2858382,1352231,285838,142919,1780988,1077394,37.69
2025-03-01,P0131,パワーモジュール 小型,電子部品,2020-04-17,11066,354,3917364,1853210,391736,195868,2440814,1476550,37.69
2025-04-01,P0131,パワーモジュール 小型,電子部品,2020-04-17,10959,299,3276741,1550147,327674,163837,2041658,1235083,37.69
2025-05-01,P0131,パワーモジュール 小型,電子部品,2020-04-17,10848,292,3167616,1498522,316761,158380,1973663,1193953,37.69
2025-06-01,P0131,パワーモジュール 小型,電子部品,2020-04-17,11097,295,3273615,1548668,327361,163680,2039709,1233906,37.69
2025-07-01,P0131,パワーモジュール 小型,電子部品,2020-04-17,11117,238,2645846,1251685,264584,132292,1648561,997285,37.69
2025-08-01,P0131,パワーモジュール 小型,電子部品,2020-04-17,10907,283,3086681,1460234,308668,154334,1923236,1163445,37.69
2025-09-01,P0131,パワーモジュール 小型,電子部品,2020-04-17,10774,353,3803222,1799212,380322,190161,2369695,1433527,37.69
2025-10-01,P0131,パワーモジュール 小型,電子部品,2020-04-17,10874,246,2675004,1265479,267500,133750,1666729,1008275,37.69
2025-11-01,P0131,パワーモジュール 小型,電子部品,2020-04-17,10875,297,3229875,1527975,322987,161493,2012455,1217420,37.69
2025-12-01,P0131,パワーモジュール 小型,電子部品,2020-04-17,10833,325,3520725,1665569,352072,176036,2193677,1327048,37.69
2026-01-01,P0131,パワーモジュール 小型,電子部品,2020-04-17,11000,239,2629000,1243716,262900,131450,1638066,990934,37.69
2026-02-01,P0131,パワーモジュール 小型,電子部品,2020-04-17,11040,210,2318400,1096779,231840,115920,1444539,873861,37.69
2026-03-01,P0131,パワーモジュール 小型,電子部品,2020-04-17,11150,289,3222350,1524415,322235,161117,2007767,1214583,37.69
2024-04-01,P0132,パワーモジュール 中型,電子部品,2019-02-15,18463,1245,22986435,11683245,2298643,1149321,15131209,7855226,34.17
2024-05-01,P0132,パワーモジュール 中型,電子部品,2019-02-15,19108,1206,23044248,11712629,2304424,1152212,15169265,7874983,34.17
2024-06-01,P0132,パワーモジュール 中型,電子部品,2019-02-15,18714,1473,27565722,14010745,2756572,1378286,18145603,9420119,34.17
2024-07-01,P0132,パワーモジュール 中型,電子部品,2019-02-15,19049,1207,22992143,11686146,2299214,1149607,15134967,7857176,34.17
2024-08-01,P0132,パワーモジュール 中型,電子部品,2019-02-15,18924,1144,21649056,11003499,2164905,1082452,14250856,7398200,34.17
2024-09-01,P0132,パワーモジュール 中型,電子部品,2019-02-15,18614,1756,32686184,16613307,3268618,1634309,21516234,11169950,34.17
2024-10-01,P0132,パワーモジュール 中型,電子部品,2019-02-15,18561,1592,29549112,15018837,2954911,1477455,19451203,10097909,34.17
2024-11-01,P0132,パワーモジュール 中型,電子部品,2019-02-15,19118,1443,27587274,14021699,2758727,1379363,18159789,9427485,34.17
2024-12-01,P0132,パワーモジュール 中型,電子部品,2019-02-15,19029,1556,29609124,15049339,2960912,1480456,19490707,10118417,34.17
2025-01-01,P0132,パワーモジュール 中型,電子部品,2019-02-15,18573,1394,25890762,13159418,2589076,1294538,17043032,8847730,34.17
2025-02-01,P0132,パワーモジュール 中型,電子部品,2019-02-15,18769,1489,27947041,14204557,2794704,1397352,18396613,9550428,34.17
2025-03-01,P0132,パワーモジュール 中型,電子部品,2019-02-15,18703,1383,25866249,13146959,2586624,1293312,17026895,8839354,34.17
2025-04-01,P0132,パワーモジュール 中型,電子部品,2019-02-15,18945,1598,30274110,15387329,3027411,1513705,19928445,10345665,34.17
2025-05-01,P0132,パワーモジュール 中型,電子部品,2019-02-15,19051,1296,24690096,12549159,2469009,1234504,16252672,8437424,34.17
2025-06-01,P0132,パワーモジュール 中型,電子部品,2019-02-15,18597,1306,24287682,12344626,2428768,1214384,15987778,8299904,34.17
2025-07-01,P0132,パワーモジュール 中型,電子部品,2019-02-15,18997,1204,22872388,11625278,2287238,1143619,15056135,7816253,34.17
2025-08-01,P0132,パワーモジュール 中型,電子部品,2019-02-15,18756,1224,22957344,11668459,2295734,1147867,15112060,7845284,34.17
2025-09-01,P0132,パワーモジュール 中型,電子部品,2019-02-15,18908,1412,26698096,13569759,2669809,1334904,17574472,9123624,34.17
2025-10-01,P0132,パワーモジュール 中型,電子部品,2019-02-15,18648,1767,32951016,16747912,3295101,1647550,21690563,11260453,34.17
2025-11-01,P0132,パワーモジュール 中型,電子部品,2019-02-15,18416,1786,32890976,16717396,3289097,1644548,21651041,11239935,34.17
2025-12-01,P0132,パワーモジュール 中型,電子部品,2019-02-15,18835,1232,23204720,11794192,2320472,1160236,15274900,7929820,34.17
2026-01-01,P0132,パワーモジュール 中型,電子部品,2019-02-15,18581,1482,27537042,13996168,2753704,1376852,18126724,9410318,34.17
2026-02-01,P0132,パワーモジュール 中型,電子部品,2019-02-15,18632,1402,26122064,13276981,2612206,1306103,17195290,8926774,34.17
2026-03-01,P0132,パワーモジュール 中型,電子部品,2019-02-15,18888,1623,30655224,15581037,3065522,1532761,20179320,10475904,34.17
2024-04-01,P0133,パワーモジュール 大型,電子部品,2022-07-26,27543,2012,55416516,26940344,5541651,2770825,35252820,20163696,36.39
2024-05-01,P0133,パワーモジュール 大型,電子部品,2022-07-26,27181,2011,54660991,26573051,5466099,2733049,34772199,19888792,36.39
2024-06-01,P0133,パワーモジュール 大型,電子部品,2022-07-26,27915,1670,46618050,22663032,4661805,2330902,29655739,16962311,36.39
2024-07-01,P0133,パワーモジュール 大型,電子部品,2022-07-26,27698,1636,45313928,22029043,4531392,2265696,28826131,16487797,36.39
2024-08-01,P0133,パワーモジュール 大型,電子部品,2022-07-26,27714,1507,41764998,20303756,4176499,2088249,26568504,15196494,36.39
2024-09-01,P0133,パワーモジュール 大型,電子部品,2022-07-26,27892,1876,52325392,25437616,5232539,2616269,33286424,19038968,36.39
2024-10-01,P0133,パワーモジュール 大型,電子部品,2022-07-26,26932,2305,62078260,30178903,6207826,3103913,39490642,22587618,36.39
2024-11-01,P0133,パワーモジュール 大型,電子部品,2022-07-26,27494,2206,60651764,29485422,6065176,3032588,38583186,22068578,36.39
2024-12-01,P0133,パワーモジュール 大型,電子部品,2022-07-26,27118,1824,49463232,24046197,4946323,2473161,31465681,17997551,36.39
2025-01-01,P0133,パワーモジュール 大型,電子部品,2022-07-26,27645,2015,55704675,27080430,5570467,2785233,35436130,20268545,36.39
2025-02-01,P0133,パワーモジュール 大型,電子部品,2022-07-26,27793,1725,47942925,23307111,4794292,2397146,30498549,17444376,36.39
2025-03-01,P0133,パワーモジュール 大型,電子部品,2022-07-26,26909,1947,52391823,25469911,5239182,2619591,33328684,19063139,36.39
2025-04-01,P0133,パワーモジュール 大型,電子部品,2022-07-26,26950,2130,57403500,27906302,5740350,2870175,36516827,20886673,36.39
2025-05-01,P0133,パワーモジュール 大型,電子部品,2022-07-26,27388,1776,48641088,23646518,4864108,2432054,30942680,17698408,36.39
2025-06-01,P0133,パワーモジュール 大型,電子部品,2022-07-26,27068,1695,45880260,22304361,4588026,2294013,29186400,16693860,36.39
2025-07-01,P0133,パワーモジュール 大型,電子部品,2022-07-26,27432,2004,54973728,26725086,5497372,2748686,34971144,20002584,36.39
2025-08-01,P0133,パワーモジュール 大型,電子部品,2022-07-26,27469,1994,54773186,26627594,5477318,2738659,34843571,19929615,36.39
2025-09-01,P0133,パワーモジュール 大型,電子部品,2022-07-26,27119,2131,57790589,28094483,5779058,2889529,36763070,21027519,36.39
2025-10-01,P0133,パワーモジュール 大型,電子部品,2022-07-26,27049,2396,64809404,31506629,6480940,3240470,41228039,23581365,36.39
2025-11-01,P0133,パワーモジュール 大型,電子部品,2022-07-26,27755,1837,50985935,24786448,5098593,2549296,32434337,18551598,36.39
2025-12-01,P0133,パワーモジュール 大型,電子部品,2022-07-26,27504,2139,58831056,28600298,5883105,2941552,37424955,21406101,36.39
2026-01-01,P0133,パワーモジュール 大型,電子部品,2022-07-26,26972,1511,40754692,19812603,4075469,2037734,25925806,14828886,36.39
2026-02-01,P0133,パワーモジュール 大型,電子部品,2022-07-26,27650,1853,51235450,24907748,5123545,2561772,32593065,18642385,36.39
2026-03-01,P0133,パワーモジュール 大型,電子部品,2022-07-26,26852,2115,56791980,27609016,5679198,2839599,36127813,20664167,36.39
2024-04-01,P0134,パワーモジュール 業務用,電子部品,2023-11-27,40387,1156,46687372,23907471,4668737,2334368,30910576,15776796,33.79
2024-05-01,P0134,パワーモジュール 業務用,電子部品,2023-11-27,39343,864,33992352,17406659,3399235,1699617,22505511,11486841,33.79
2024-06-01,P0134,パワーモジュール 業務用,電子部品,2023-11-27,39408,913,35979504,18424231,3597950,1798975,23821156,12158348,33.79
2024-07-01,P0134,パワーモジュール 業務用,電子部品,2023-11-27,39472,1027,40537744,20758396,4053774,2026887,26839057,13698687,33.79
2024-08-01,P0134,パワーモジュール 業務用,電子部品,2023-11-27,40520,1013,41046760,21019050,4104676,2052338,27176064,13870696,33.79
2024-09-01,P0134,パワーモジュール 業務用,電子部品,2023-11-27,40794,1389,56662866,29015680,5666286,2833143,37515109,19147757,33.79
2024-10-01,P0134,パワーモジュール 業務用,電子部品,2023-11-27,39321,1063,41798223,21403856,4179822,2089911,27673589,14124634,33.79
2024-11-01,P0134,パワーモジュール 業務用,電子部品,2023-11-27,40410,1040,42026400,21520700,4202640,2101320,27824660,14201740,33.79
2024-12-01,P0134,パワーモジュール 業務用,電子部品,2023-11-27,39851,876,34909476,17876296,3490947,1745473,23112716,11796760,33.79
2025-01-01,P0134,パワーモジュール 業務用,電子部品,2023-11-27,39626,928,36772928,18830525,3677292,1838646,24346463,12426465,33.79
2025-02-01,P0134,パワーモジュール 業務用,電子部品,2023-11-27,40331,1093,44081783,22573212,4408178,2204089,29185479,14896304,33.79
2025-03-01,P0134,パワーモジュール 業務用,電子部品,2023-11-27,40734,1186,48310524,24738648,4831052,2415526,31985226,16325298,33.79
2025-04-01,P0134,パワーモジュール 業務用,電子部品,2023-11-27,39514,939,37103646,18999877,3710364,1855182,24565423,12538223,33.79
2025-05-01,P0134,パワーモジュール 業務用,電子部品,2023-11-27,40325,1013,40849225,20917898,4084922,2042461,27045281,13803944,33.79
2025-06-01,P0134,パワーモジュール 業務用,電子部品,2023-11-27,39393,1044,41126292,21059777,4112629,2056314,27228720,13897572,33.79
2025-07-01,P0134,パワーモジュール 業務用,電子部品,2023-11-27,39763,1195,47516785,24332193,4751678,2375839,31459710,16057075,33.79
2025-08-01,P0134,パワーモジュール 業務用,電子部品,2023-11-27,40274,903,36367422,18622875,3636742,1818371,24077988,12289434,33.79
2025-09-01,P0134,パワーモジュール 業務用,電子部品,2023-11-27,40336,1377,55542672,28442056,5554267,2777133,36773456,18769216,33.79
2025-10-01,P0134,パワーモジュール 業務用,電子部品,2023-11-27,39575,1382,54692650,28006780,5469265,2734632,36210677,18481973,33.79
2025-11-01,P0134,パワーモジュール 業務用,電子部品,2023-11-27,40603,1169,47464907,24305628,4746490,2373245,31425363,16039544,33.79
2025-12-01,P0134,パワーモジュール 業務用,電子部品,2023-11-27,39855,1067,42525285,21776167,4252528,2126264,28154959,14370326,33.79
2026-01-01,P0134,パワーモジュール 業務用,電子部品,2023-11-27,39500,1206,47637000,24393753,4763700,2381850,31539303,16097697,33.79
2026-02-01,P0134,パワーモジュール 業務用,電子部品,2023-11-27,40674,974,39616476,20286637,3961647,1980823,26229107,13387369,33.79
2026-03-01,P0134,パワーモジュール 業務用,電子部品,2023-11-27,40846,1357,55428022,28383346,5542802,2771401,36697549,18730473,33.79
2024-04-01,P0135,パワーモジュール HD,電子部品,2019-05-16,56139,3088,173357232,99718106,17335723,8667861,125721690,47635542,27.48
2024-05-01,P0135,パワーモジュール HD,電子部品,2019-05-16,55525,3482,193338050,111211421,19333805,9666902,140212128,53125922,27.48
2024-06-01,P0135,パワーモジュール HD,電子部品,2019-05-16,55883,3262,182290346,104856589,18229034,9114517,132200140,50090206,27.48
2024-07-01,P0135,パワーモジュール HD,電子部品,2019-05-16,55953,3509,196339077,112937664,19633907,9816953,142388524,53950553,27.48
2024-08-01,P0135,パワーモジュール HD,電子部品,2019-05-16,54495,2831,154275345,88741871,15427534,7713767,111883172,42392173,27.48
2024-09-01,P0135,パワーモジュール HD,電子部品,2019-05-16,54097,3849,208219353,119771407,20821935,10410967,151004309,57215044,27.48
2024-10-01,P0135,パワーモジュール HD,電子部品,2019-05-16,54740,4248,232535520,133758490,23253552,11626776,168638818,63896702,27.48
2024-11-01,P0135,パワーモジュール HD,電子部品,2019-05-16,54241,3851,208882091,120152625,20888209,10444104,151484938,57397153,27.48
2024-12-01,P0135,パワーモジュール HD,電子部品,2019-05-16,55462,3113,172653206,99313138,17265320,8632660,125211118,47442088,27.48
2025-01-01,P0135,パワーモジュール HD,電子部品,2019-05-16,54561,3141,171376101,98578525,17137610,8568805,124284940,47091161,27.48
2025-02-01,P0135,パワーモジュール HD,電子部品,2019-05-16,54561,3036,165647196,95283159,16564719,8282359,120130237,45516959,27.48
2025-03-01,P0135,パワーモジュール HD,電子部品,2019-05-16,54457,4137,225288609,129589941,22528860,11264430,163383231,61905378,27.48
2025-04-01,P0135,パワーモジュール HD,電子部品,2019-05-16,55605,3557,197786985,113770526,19778698,9889349,143438573,54348412,27.48
2025-05-01,P0135,パワーモジュール HD,電子部品,2019-05-16,55405,3605,199735025,114891073,19973502,9986751,144851326,54883699,27.48
2025-06-01,P0135,パワーモジュール HD,電子部品,2019-05-16,56146,3066,172143636,99020024,17214363,8607181,124841568,47302068,27.48
2025-07-01,P0135,パワーモジュール HD,電子部品,2019-05-16,54720,3288,179919360,103492757,17991936,8995968,130480661,49438699,27.48
2025-08-01,P0135,パワーモジュール HD,電子部品,2019-05-16,55533,3748,208137684,119724429,20813768,10406884,150945081,57192603,27.48
2025-09-01,P0135,パワーモジュール HD,電子部品,2019-05-16,56044,4123,231069412,132915160,23106941,11553470,167575571,63493841,27.48
2025-10-01,P0135,パワーモジュール HD,電子部品,2019-05-16,55936,3247,181624192,104473406,18162419,9081209,131717034,49907158,27.48
2025-11-01,P0135,パワーモジュール HD,電子部品,2019-05-16,54881,4032,221280192,127284229,22128019,11064009,160476257,60803935,27.48
2025-12-01,P0135,パワーモジュール HD,電子部品,2019-05-16,54318,3236,175773048,101107726,17577304,8788652,127473682,48299366,27.48
2026-01-01,P0135,パワーモジュール HD,電子部品,2019-05-16,54400,4007,217980800,125386361,21798080,10899040,158083481,59897319,27.48
2026-02-01,P0135,パワーモジュール HD,電子部品,2019-05-16,55612,3078,171173736,98462121,17117373,8558686,124138180,47035556,27.48
2026-03-01,P0135,パワーモジュール HD,電子部品,2019-05-16,54442,4275,232739550,133875852,23273955,11636977,168786784,63952766,27.48
2024-04-01,P0136,絶縁トランス 小型,電子部品,2019-07-28,5913,1755,10377315,5263493,1037731,518865,6820089,3557226,34.28
2024-05-01,P0136,絶縁トランス 小型,電子部品,2019-07-28,5725,1390,7957750,4036262,795775,397887,5229924,2727826,34.28
2024-06-01,P0136,絶縁トランス 小型,電子部品,2019-07-28,5750,1668,9591000,4864665,959100,479550,6303315,3287685,34.28
2024-07-01,P0136,絶縁トランス 小型,電子部品,2019-07-28,5718,1597,9131646,4631676,913164,456582,6001422,3130224,34.28
2024-08-01,P0136,絶縁トランス 小型,電子部品,2019-07-28,5925,1666,9871050,5006710,987105,493552,6487367,3383683,34.28
2024-09-01,P0136,絶縁トランス 小型,電子部品,2019-07-28,5938,2080,12351040,6264589,1235104,617552,8117245,4233795,34.28
2024-10-01,P0136,絶縁トランス 小型,電子部品,2019-07-28,5818,2127,12374886,6276684,1237488,618744,8132916,4241970,34.28
2024-11-01,P0136,絶縁トランス 小型,電子部品,2019-07-28,5924,1677,9934548,5038917,993454,496727,6529098,3405450,34.28
2024-12-01,P0136,絶縁トランス 小型,電子部品,2019-07-28,5942,1949,11580958,5873995,1158095,579047,7611137,3969821,34.28
2025-01-01,P0136,絶縁トランス 小型,電子部品,2019-07-28,5762,1751,10089262,5117390,1008926,504463,6630779,3458483,34.28
2025-02-01,P0136,絶縁トランス 小型,電子部品,2019-07-28,5936,1863,11058768,5609134,1105876,552938,7267948,3790820,34.28
2025-03-01,P0136,絶縁トランス 小型,電子部品,2019-07-28,5915,1953,11551995,5859305,1155199,577599,7592103,3959892,34.28
2025-04-01,P0136,絶縁トランス 小型,電子部品,2019-07-28,5935,1791,10629585,5391448,1062958,531479,6985885,3643700,34.28
2025-05-01,P0136,絶縁トランス 小型,電子部品,2019-07-28,5916,1394,8246904,4182924,824690,412345,5419959,2826945,34.28
2025-06-01,P0136,絶縁トランス 小型,電子部品,2019-07-28,5794,1300,7532200,3820418,753220,376610,4950248,2581952,34.28
2025-07-01,P0136,絶縁トランス 小型,電子部品,2019-07-28,5827,1351,7872277,3992909,787227,393613,5173749,2698528,34.28
2025-08-01,P0136,絶縁トランス 小型,電子部品,2019-07-28,5937,1338,7943706,4029139,794370,397185,5220694,2723012,34.28
2025-09-01,P0136,絶縁トランス 小型,電子部品,2019-07-28,5924,1875,11107500,5633852,1110750,555375,7299977,3807523,34.28
2025-10-01,P0136,絶縁トランス 小型,電子部品,2019-07-28,5721,1669,9548349,4843032,954834,477417,6275283,3273066,34.28
2025-11-01,P0136,絶縁トランス 小型,電子部品,2019-07-28,5879,1941,11411139,5787861,1141113,570556,7499530,3911609,34.28
2025-12-01,P0136,絶縁トランス 小型,電子部品,2019-07-28,5905,1695,10008975,5076667,1000897,500448,6578012,3430963,34.28
2026-01-01,P0136,絶縁トランス 小型,電子部品,2019-07-28,5852,1797,10516044,5333858,1051604,525802,6911264,3604780,34.28
2026-02-01,P0136,絶縁トランス 小型,電子部品,2019-07-28,5883,1877,11042391,5600828,1104239,552119,7257186,3785205,34.28
2026-03-01,P0136,絶縁トランス 小型,電子部品,2019-07-28,5799,1961,11371839,5767927,1137183,568591,7473701,3898138,34.28
2024-04-01,P0137,絶縁トランス 中型,電子部品,2023-11-06,10050,192,1929600,1115299,192960,96480,1404739,524861,27.2
2024-05-01,P0137,絶縁トランス 中型,電子部品,2023-11-06,9878,221,2183038,1261785,218303,109151,1589239,593799,27.2
2024-06-01,P0137,絶縁トランス 中型,電子部品,2023-11-06,9824,203,1994272,1152679,199427,99713,1451819,542453,27.2
2024-07-01,P0137,絶縁トランス 中型,電子部品,2023-11-06,10123,175,1771525,1023932,177152,88576,1289660,481865,27.2
2024-08-01,P0137,絶縁トランス 中型,電子部品,2023-11-06,9844,177,1742388,1007091,174238,87119,1268448,473940,27.2
2024-09-01,P0137,絶縁トランス 中型,電子部品,2023-11-06,9901,223,2207923,1276168,220792,110396,1607356,600567,27.2
2024-10-01,P0137,絶縁トランス 中型,電子部品,2023-11-06,10129,245,2481605,1434355,248160,124080,1806595,675010,27.2
2024-11-01,P0137,絶縁トランス 中型,電子部品,2023-11-06,9982,222,2216004,1280839,221600,110800,1613239,602765,27.2
2024-12-01,P0137,絶縁トランス 中型,電子部品,2023-11-06,9971,193,1924403,1112295,192440,96220,1400955,523448,27.2
2025-01-01,P0137,絶縁トランス 中型,電子部品,2023-11-06,9747,179,1744713,1008435,174471,87235,1270141,474572,27.2
2025-02-01,P0137,絶縁トランス 中型,電子部品,2023-11-06,9917,222,2201574,1272499,220157,110078,1602734,598840,27.2
2025-03-01,P0137,絶縁トランス 中型,電子部品,2023-11-06,9780,223,2180940,1260572,218094,109047,1587713,593227,27.2
2025-04-01,P0137,絶縁トランス 中型,電子部品,2023-11-06,9814,243,2384802,1378403,238480,119240,1736123,648679,27.2
2025-05-01,P0137,絶縁トランス 中型,電子部品,2023-11-06,10081,196,1975876,1142046,197587,98793,1438426,537450,27.2
2025-06-01,P0137,絶縁トランス 中型,電子部品,2023-11-06,10117,190,1922230,1111039,192223,96111,1399373,522857,27.2
2025-07-01,P0137,絶縁トランス 中型,電子部品,2023-11-06,10031,171,1715301,991435,171530,85765,1248730,466571,27.2
2025-08-01,P0137,絶縁トランス 中型,電子部品,2023-11-06,9965,218,2172370,1255619,217237,108618,1581474,590896,27.2
2025-09-01,P0137,絶縁トランス 中型,電子部品,2023-11-06,9903,241,2386623,1379456,238662,119331,1737449,649174,27.2
2025-10-01,P0137,絶縁トランス 中型,電子部品,2023-11-06,10108,247,2496676,1443066,249667,124833,1817566,679110,27.2
2025-11-01,P0137,絶縁トランス 中型,電子部品,2023-11-06,10119,231,2337489,1351057,233748,116874,1701679,635810,27.2
2025-12-01,P0137,絶縁トランス 中型,電子部品,2023-11-06,9976,211,2104936,1216642,210493,105246,1532381,572555,27.2
2026-01-01,P0137,絶縁トランス 中型,電子部品,2023-11-06,10029,178,1785162,1031814,178516,89258,1299588,485574,27.2
2026-02-01,P0137,絶縁トランス 中型,電子部品,2023-11-06,10004,223,2230892,1289444,223089,111544,1624077,606815,27.2
2026-03-01,P0137,絶縁トランス 中型,電子部品,2023-11-06,9963,200,1992600,1151713,199260,99630,1450603,541997,27.2
2024-04-01,P0138,絶縁トランス 大型,電子部品,2022-09-30,14760,3853,56870280,36744062,5687028,2843514,45274604,11595676,20.39
2024-05-01,P0138,絶縁トランス 大型,電子部品,2022-09-30,14913,2656,39608928,25591450,3960892,1980446,31532788,8076140,20.39
2024-06-01,P0138,絶縁トランス 大型,電子部品,2022-09-30,15253,2521,38452813,24844480,3845281,1922640,30612401,7840412,20.39
2024-07-01,P0138,絶縁トランス 大型,電子部品,2022-09-30,14986,2875,43084750,27837189,4308475,2154237,34299901,8784849,20.39
2024-08-01,P0138,絶縁トランス 大型,電子部品,2022-09-30,14935,2502,37367370,24143172,3736737,1868368,29748277,7619093,20.39
2024-09-01,P0138,絶縁トランス 大型,電子部品,2022-09-30,14959,4099,61316941,39617063,6131694,3065847,48814604,12502337,20.39
2024-10-01,P0138,絶縁トランス 大型,電子部品,2022-09-30,14811,2758,40848738,26392495,4084873,2042436,32519804,8328934,20.39
2024-11-01,P0138,絶縁トランス 大型,電子部品,2022-09-30,15258,3904,59567232,38486571,5956723,2978361,47421655,12145577,20.39
2024-12-01,P0138,絶縁トランス 大型,電子部品,2022-09-30,15035,2759,41481565,26801366,4148156,2074078,33023600,8457965,20.39
2025-01-01,P0138,絶縁トランス 大型,電子部品,2022-09-30,15012,2463,36974556,23889374,3697455,1848727,29435556,7539000,20.39
2025-02-01,P0138,絶縁トランス 大型,電子部品,2022-09-30,15156,2521,38208276,24686484,3820827,1910413,30417724,7790552,20.39
2025-03-01,P0138,絶縁トランス 大型,電子部品,2022-09-30,14770,4037,59626490,38524858,5962649,2981324,47468831,12157659,20.39
2025-04-01,P0138,絶縁トランス 大型,電子部品,2022-09-30,14727,3228,47538756,30714936,4753875,2376937,37845748,9693008,20.39
2025-05-01,P0138,絶縁トランス 大型,電子部品,2022-09-30,14705,2920,42938600,27742761,4293860,2146930,34183551,8755049,20.39
2025-06-01,P0138,絶縁トランス 大型,電子部品,2022-09-30,15259,2686,40985674,26480969,4098567,2049283,32628819,8356855,20.39
2025-07-01,P0138,絶縁トランス 大型,電子部品,2022-09-30,15180,2425,36811500,23784023,3681150,1840575,29305748,7505752,20.39
2025-08-01,P0138,絶縁トランス 大型,電子部品,2022-09-30,14983,2334,34970322,22594432,3497032,1748516,27839980,7130342,20.39
2025-09-01,P0138,絶縁トランス 大型,電子部品,2022-09-30,15224,3367,51259208,33118731,5125920,2562960,40807611,10451597,20.39
2025-10-01,P0138,絶縁トランス 大型,電子部品,2022-09-30,14774,3020,44617480,28827490,4461748,2230874,35520112,9097368,20.39
2025-11-01,P0138,絶縁トランス 大型,電子部品,2022-09-30,15101,3603,54408903,35153759,5440890,2720445,43315094,11093809,20.39
2025-12-01,P0138,絶縁トランス 大型,電子部品,2022-09-30,14682,3370,49478340,31968107,4947834,2473917,39389858,10088482,20.39
2026-01-01,P0138,絶縁トランス 大型,電子部品,2022-09-30,15169,2680,40652920,26265976,4065292,2032646,32363914,8289006,20.39
2026-02-01,P0138,絶縁トランス 大型,電子部品,2022-09-30,15027,3084,46343268,29942527,4634326,2317163,36894016,9449252,20.39
2026-03-01,P0138,絶縁トランス 大型,電子部品,2022-09-30,14822,3153,46733766,30194829,4673376,2336688,37204893,9528873,20.39
2024-04-01,P0139,絶縁トランス 業務用,電子部品,2020-03-17,20566,10905,224272230,129656311,22427223,11213611,163297145,60975085,27.19
2024-05-01,P0139,絶縁トランス 業務用,電子部品,2020-03-17,20946,11185,234281010,135442589,23428101,11714050,170584740,63696270,27.19
2024-06-01,P0139,絶縁トランス 業務用,電子部品,2020-03-17,20792,8440,175484480,101451126,17548448,8774224,127773798,47710682,27.19
2024-07-01,P0139,絶縁トランス 業務用,電子部品,2020-03-17,20774,9858,204790092,118393293,20479009,10239504,149111806,55678286,27.19
2024-08-01,P0139,絶縁トランス 業務用,電子部品,2020-03-17,21053,8836,186024308,107544414,18602430,9301215,135448059,50576249,27.19
2024-09-01,P0139,絶縁トランス 業務用,電子部品,2020-03-17,21248,9195,195375360,112950446,19537536,9768768,142256750,53118610,27.19
2024-10-01,P0139,絶縁トランス 業務用,電子部品,2020-03-17,20810,9868,205353080,118718768,20535308,10267654,149521730,55831350,27.19
2024-11-01,P0139,絶縁トランス 業務用,電子部品,2020-03-17,20968,10788,226202784,130772403,22620278,11310139,164702820,61499964,27.19
2024-12-01,P0139,絶縁トランス 業務用,電子部品,2020-03-17,21003,9290,195117870,112801586,19511787,9755893,142069266,53048604,27.19
2025-01-01,P0139,絶縁トランス 業務用,電子部品,2020-03-17,21128,10500,221844000,128252502,22184400,11092200,161529102,60314898,27.19
2025-02-01,P0139,絶縁トランス 業務用,電子部品,2020-03-17,20676,10215,211205340,122102078,21120534,10560267,153782879,57422461,27.19
2025-03-01,P0139,絶縁トランス 業務用,電子部品,2020-03-17,20922,10133,212002626,122563005,21200262,10600131,154363398,57639228,27.19
2025-04-01,P0139,絶縁トランス 業務用,電子部品,2020-03-17,21103,8172,172453716,99698980,17245371,8622685,125567036,46886680,27.19
2025-05-01,P0139,絶縁トランス 業務用,電子部品,2020-03-17,20696,8846,183076816,105840409,18307681,9153840,133301930,49774886,27.19
2025-06-01,P0139,絶縁トランス 業務用,電子部品,2020-03-17,20697,8172,169135884,97780874,16913588,8456794,123151256,45984628,27.19
2025-07-01,P0139,絶縁トランス 業務用,電子部品,2020-03-17,20965,8457,177301005,102501296,17730100,8865050,129096446,48204559,27.19
2025-08-01,P0139,絶縁トランス 業務用,電子部品,2020-03-17,20673,8853,183018069,105806446,18301806,9150903,133259155,49758914,27.19
2025-09-01,P0139,絶縁トランス 業務用,電子部品,2020-03-17,21150,9241,195447150,112991949,19544715,9772357,142309021,53138129,27.19
2025-10-01,P0139,絶縁トランス 業務用,電子部品,2020-03-17,20888,8765,183083320,105844169,18308332,9154166,133306667,49776653,27.19
2025-11-01,P0139,絶縁トランス 業務用,電子部品,2020-03-17,20939,10077,211002303,121984698,21100230,10550115,153635043,57367260,27.19
2025-12-01,P0139,絶縁トランス 業務用,電子部品,2020-03-17,20981,10987,230518247,133267260,23051824,11525912,167844996,62673251,27.19
2026-01-01,P0139,絶縁トランス 業務用,電子部品,2020-03-17,21188,10756,227898128,131752516,22789812,11394906,165937234,61960894,27.19
2026-02-01,P0139,絶縁トランス 業務用,電子部品,2020-03-17,20661,8011,165515271,95687725,16551527,8275763,120515015,45000256,27.19
2026-03-01,P0139,絶縁トランス 業務用,電子部品,2020-03-17,20787,9820,204128340,118010721,20412834,10206417,148629972,55498368,27.19
2024-04-01,P0140,絶縁トランス HD,電子部品,2021-01-21,29010,2241,65011410,29971983,6501141,3250570,39723694,25287716,38.9
2024-05-01,P0140,絶縁トランス HD,電子部品,2021-01-21,29537,2277,67255749,31006682,6725574,3362787,41095043,26160706,38.9
2024-06-01,P0140,絶縁トランス HD,電子部品,2021-01-21,29894,2442,73001148,33655464,7300114,3650057,44605635,28395513,38.9
2024-07-01,P0140,絶縁トランス HD,電子部品,2021-01-21,29210,2000,58420000,26933168,5842000,2921000,35696168,22723832,38.9
2024-08-01,P0140,絶縁トランス HD,電子部品,2021-01-21,29558,2551,75402458,34762531,7540245,3770122,46072898,29329560,38.9
2024-09-01,P0140,絶縁トランス HD,電子部品,2021-01-21,29382,2726,80095332,36926071,8009533,4004766,48940370,31154962,38.9
2024-10-01,P0140,絶縁トランス HD,電子部品,2021-01-21,29797,2183,65046851,29988322,6504685,3252342,39745349,25301502,38.9
2024-11-01,P0140,絶縁トランス HD,電子部品,2021-01-21,29420,2636,77551120,35753121,7755112,3877556,47385789,30165331,38.9
2024-12-01,P0140,絶縁トランス HD,電子部品,2021-01-21,29209,2428,70919452,32695747,7091945,3545972,43333664,27585788,38.9
2025-01-01,P0140,絶縁トランス HD,電子部品,2021-01-21,29635,2048,60692480,27980841,6069248,3034624,37084713,23607767,38.9
2025-02-01,P0140,絶縁トランス HD,電子部品,2021-01-21,28789,2279,65610131,30248009,6561013,3280506,40089528,25520603,38.9
2025-03-01,P0140,絶縁トランス HD,電子部品,2021-01-21,29838,2523,75281274,34706662,7528127,3764063,45998852,29282422,38.9
2025-04-01,P0140,絶縁トランス HD,電子部品,2021-01-21,29234,2383,69664622,32117237,6966462,3483231,42566930,27097692,38.9
2025-05-01,P0140,絶縁トランス HD,電子部品,2021-01-21,29689,2509,74489701,34341726,7448970,3724485,45515181,28974520,38.9
2025-06-01,P0140,絶縁トランス HD,電子部品,2021-01-21,29746,2424,72104304,33241995,7210430,3605215,44057640,28046664,38.9
2025-07-01,P0140,絶縁トランス HD,電子部品,2021-01-21,29834,1920,57281280,26408188,5728128,2864064,35000380,22280900,38.9
2025-08-01,P0140,絶縁トランス HD,電子部品,2021-01-21,29358,2499,73365642,33823505,7336564,3668282,44828351,28537291,38.9
2025-09-01,P0140,絶縁トランス HD,電子部品,2021-01-21,28999,2761,80066239,36912658,8006623,4003311,48922592,31143647,38.9
2025-10-01,P0140,絶縁トランス HD,電子部品,2021-01-21,28987,2575,74641525,34411721,7464152,3732076,45607949,29033576,38.9
2025-11-01,P0140,絶縁トランス HD,電子部品,2021-01-21,29900,2030,60697000,27982925,6069700,3034850,37087475,23609525,38.9
2025-12-01,P0140,絶縁トランス HD,電子部品,2021-01-21,29445,2160,63601200,29321838,6360120,3180060,38862018,24739182,38.9
2026-01-01,P0140,絶縁トランス HD,電子部品,2021-01-21,29184,2089,60965376,28106654,6096537,3048268,37251459,23713917,38.9
2026-02-01,P0140,絶縁トランス HD,電子部品,2021-01-21,29142,2178,63471276,29261940,6347127,3173563,38782630,24688646,38.9
2026-03-01,P0140,絶縁トランス HD,電子部品,2021-01-21,29876,2774,82876024,38208043,8287602,4143801,50639446,32236578,38.9
2024-04-01,P0141,リレーモジュール 小型,電子部品,2023-10-06,4092,606,2479752,1827418,247975,123987,2199380,280372,11.31
2024-05-01,P0141,リレーモジュール 小型,電子部品,2023-10-06,4022,506,2035132,1499761,203513,101756,1805030,230102,11.31
2024-06-01,P0141,リレーモジュール 小型,電子部品,2023-10-06,4122,380,1566360,1154306,156636,78318,1389260,177100,11.31
2024-07-01,P0141,リレーモジュール 小型,電子部品,2023-10-06,4051,475,1924225,1418030,192422,96211,1706663,217562,11.31
2024-08-01,P0141,リレーモジュール 小型,電子部品,2023-10-06,4034,491,1980694,1459644,198069,99034,1756747,223947,11.31
2024-09-01,P0141,リレーモジュール 小型,電子部品,2023-10-06,4037,594,2397978,1767155,239797,119898,2126850,271128,11.31
2024-10-01,P0141,リレーモジュール 小型,電子部品,2023-10-06,4027,624,2512848,1851807,251284,125642,2228733,284115,11.31
2024-11-01,P0141,リレーモジュール 小型,電子部品,2023-10-06,4097,436,1786292,1316382,178629,89314,1584325,201967,11.31
2024-12-01,P0141,リレーモジュール 小型,電子部品,2023-10-06,4138,420,1737960,1280764,173796,86898,1541458,196502,11.31
2025-01-01,P0141,リレーモジュール 小型,電子部品,2023-10-06,4021,490,1970290,1451977,197029,98514,1747520,222770,11.31
2025-02-01,P0141,リレーモジュール 小型,電子部品,2023-10-06,4133,407,1682131,1239622,168213,84106,1491941,190190,11.31
2025-03-01,P0141,リレーモジュール 小型,電子部品,2023-10-06,4129,557,2299853,1694844,229985,114992,2039821,260032,11.31
2025-04-01,P0141,リレーモジュール 小型,電子部品,2023-10-06,4134,430,1777620,1309991,177762,88881,1576634,200986,11.31
2025-05-01,P0141,リレーモジュール 小型,電子部品,2023-10-06,4092,489,2000988,1474599,200098,100049,1774746,226242,11.31
2025-06-01,P0141,リレーモジュール 小型,電子部品,2023-10-06,3993,438,1748934,1288852,174893,87446,1551191,197743,11.31
2025-07-01,P0141,リレーモジュール 小型,電子部品,2023-10-06,4145,546,2263170,1667810,226317,113158,2007285,255885,11.31
2025-08-01,P0141,リレーモジュール 小型,電子部品,2023-10-06,4137,413,1708581,1259114,170858,85429,1515401,193180,11.31
2025-09-01,P0141,リレーモジュール 小型,電子部品,2023-10-06,4008,463,1855704,1367534,185570,92785,1645889,209815,11.31
2025-10-01,P0141,リレーモジュール 小型,電子部品,2023-10-06,4047,443,1792821,1321193,179282,89641,1590116,202705,11.31
2025-11-01,P0141,リレーモジュール 小型,電子部品,2023-10-06,4047,418,1691646,1246634,169164,84582,1500380,191266,11.31
2025-12-01,P0141,リレーモジュール 小型,電子部品,2023-10-06,4102,415,1702330,1254507,170233,85116,1509856,192474,11.31
2026-01-01,P0141,リレーモジュール 小型,電子部品,2023-10-06,4095,523,2141685,1578284,214168,107084,1899536,242149,11.31
2026-02-01,P0141,リレーモジュール 小型,電子部品,2023-10-06,4108,406,1667848,1229096,166784,83392,1479272,188576,11.31
2026-03-01,P0141,リレーモジュール 小型,電子部品,2023-10-06,4107,480,1971360,1452765,197136,98568,1748469,222891,11.31
2024-04-01,P0142,リレーモジュール 中型,電子部品,2019-03-30,6141,2428,14910348,8018632,1491034,745517,10255183,4655165,31.22
2024-05-01,P0142,リレーモジュール 中型,電子部品,2019-03-30,6355,2762,17552510,9439559,1755251,877625,12072435,5480075,31.22
2024-06-01,P0142,リレーモジュール 中型,電子部品,2019-03-30,6362,2474,15739588,8464588,1573958,786979,10825525,4914063,31.22
2024-07-01,P0142,リレーモジュール 中型,電子部品,2019-03-30,6169,2723,16798187,9033892,1679818,839909,11553619,5244568,31.22
2024-08-01,P0142,リレーモジュール 中型,電子部品,2019-03-30,6208,2401,14905408,8015975,1490540,745270,10251785,4653623,31.22
2024-09-01,P0142,リレーモジュール 中型,電子部品,2019-03-30,6160,2673,16465680,8855073,1646568,823284,11324925,5140755,31.22
2024-10-01,P0142,リレーモジュール 中型,電子部品,2019-03-30,6302,3197,20147494,10835115,2014749,1007374,13857238,6290256,31.22
2024-11-01,P0142,リレーモジュール 中型,電子部品,2019-03-30,6213,2325,14445225,7768493,1444522,722261,9935276,4509949,31.22
2024-12-01,P0142,リレーモジュール 中型,電子部品,2019-03-30,6307,2366,14922362,8025093,1492236,746118,10263447,4658915,31.22
2025-01-01,P0142,リレーモジュール 中型,電子部品,2019-03-30,6201,2715,16835715,9054074,1683571,841785,11579430,5256285,31.22
2025-02-01,P0142,リレーモジュール 中型,電子部品,2019-03-30,6269,2294,14381086,7734000,1438108,719054,9891162,4489924,31.22
2025-03-01,P0142,リレーモジュール 中型,電子部品,2019-03-30,6247,2572,16067284,8640820,1606728,803364,11050912,5016372,31.22
2025-04-01,P0142,リレーモジュール 中型,電子部品,2019-03-30,6162,2160,13309920,7157938,1330992,665496,9154426,4155494,31.22
2025-05-01,P0142,リレーモジュール 中型,電子部品,2019-03-30,6349,2346,14894754,8010245,1489475,744737,10244457,4650297,31.22
2025-06-01,P0142,リレーモジュール 中型,電子部品,2019-03-30,6183,2180,13478940,7248835,1347894,673947,9270676,4208264,31.22
2025-07-01,P0142,リレーモジュール 中型,電子部品,2019-03-30,6358,2545,16181110,8702034,1618111,809055,11129200,5051910,31.22
2025-08-01,P0142,リレーモジュール 中型,電子部品,2019-03-30,6123,2162,13237926,7119220,1323792,661896,9104908,4133018,31.22
2025-09-01,P0142,リレーモジュール 中型,電子部品,2019-03-30,6224,2889,17981136,9670070,1798113,899056,12367239,5613897,31.22
2025-10-01,P0142,リレーモジュール 中型,電子部品,2019-03-30,6190,2873,17783870,9563982,1778387,889193,12231562,5552308,31.22
2025-11-01,P0142,リレーモジュール 中型,電子部品,2019-03-30,6207,2054,12749178,6856377,1274917,637458,8768752,3980426,31.22
2025-12-01,P0142,リレーモジュール 中型,電子部品,2019-03-30,6219,2642,16430598,8836206,1643059,821529,11300794,5129804,31.22
2026-01-01,P0142,リレーモジュール 中型,電子部品,2019-03-30,6237,2059,12841983,6906286,1284198,642099,8832583,4009400,31.22
2026-02-01,P0142,リレーモジュール 中型,電子部品,2019-03-30,6150,2554,15707100,8447117,1570710,785355,10803182,4903918,31.22
2026-03-01,P0142,リレーモジュール 中型,電子部品,2019-03-30,6287,2892,18182004,9778095,1818200,909100,12505395,5676609,31.22
2024-04-01,P0143,リレーモジュール 大型,電子部品,2023-07-15,10950,216,2365200,1291697,236520,118260,1646477,718723,30.39
2024-05-01,P0143,リレーモジュール 大型,電子部品,2023-07-15,10577,160,1692320,924220,169232,84616,1178068,514252,30.39
2024-06-01,P0143,リレーモジュール 大型,電子部品,2023-07-15,10652,152,1619104,884234,161910,80955,1127099,492005,30.39
2024-07-01,P0143,リレーモジュール 大型,電子部品,2023-07-15,10960,167,1830320,999585,183032,91516,1274133,556187,30.39
2024-08-01,P0143,リレーモジュール 大型,電子部品,2023-07-15,10696,179,1914584,1045604,191458,95729,1332791,581793,30.39
2024-09-01,P0143,リレーモジュール 大型,電子部品,2023-07-15,10580,185,1957300,1068932,195730,97865,1362527,594773,30.39
2024-10-01,P0143,リレーモジュール 大型,電子部品,2023-07-15,10591,194,2054654,1122100,205465,102732,1430297,624357,30.39
2024-11-01,P0143,リレーモジュール 大型,電子部品,2023-07-15,10938,214,2340732,1278334,234073,117036,1629443,711289,30.39
2024-12-01,P0143,リレーモジュール 大型,電子部品,2023-07-15,10865,153,1662345,907849,166234,83117,1157200,505145,30.39
2025-01-01,P0143,リレーモジュール 大型,電子部品,2023-07-15,10909,169,1843621,1006849,184362,92181,1283392,560229,30.39
2025-02-01,P0143,リレーモジュール 大型,電子部品,2023-07-15,10647,163,1735461,947780,173546,86773,1208099,527362,30.39
2025-03-01,P0143,リレーモジュール 大型,電子部品,2023-07-15,10599,201,2130399,1163466,213039,106519,1483024,647375,30.39
2025-04-01,P0143,リレーモジュール 大型,電子部品,2023-07-15,10656,188,2003328,1094069,200332,100166,1394567,608761,30.39
2025-05-01,P0143,リレーモジュール 大型,電子部品,2023-07-15,10921,186,2031306,1109349,203130,101565,1414044,617262,30.39
2025-06-01,P0143,リレーモジュール 大型,電子部品,2023-07-15,10736,139,1492304,814986,149230,74615,1038831,453473,30.39
2025-07-01,P0143,リレーモジュール 大型,電子部品,2023-07-15,10634,180,1914120,1045350,191412,95706,1332468,581652,30.39
2025-08-01,P0143,リレーモジュール 大型,電子部品,2023-07-15,10854,160,1736640,948424,173664,86832,1208920,527720,30.39
2025-09-01,P0143,リレーモジュール 大型,電子部品,2023-07-15,10923,179,1955217,1067795,195521,97760,1361076,594141,30.39
2025-10-01,P0143,リレーモジュール 大型,電子部品,2023-07-15,10834,191,2069294,1130095,206929,103464,1440488,628806,30.39
2025-11-01,P0143,リレーモジュール 大型,電子部品,2023-07-15,10574,155,1638970,895084,163897,81948,1140929,498041,30.39
2025-12-01,P0143,リレーモジュール 大型,電子部品,2023-07-15,10954,142,1555468,849481,155546,77773,1082800,472668,30.39
2026-01-01,P0143,リレーモジュール 大型,電子部品,2023-07-15,10912,190,2073280,1132272,207328,103664,1443264,630016,30.39
2026-02-01,P0143,リレーモジュール 大型,電子部品,2023-07-15,10790,144,1553760,848548,155376,77688,1081612,472148,30.39
2026-03-01,P0143,リレーモジュール 大型,電子部品,2023-07-15,10855,213,2312115,1262706,231211,115605,1609522,702593,30.39
2024-04-01,P0144,リレーモジュール 業務用,電子部品,2020-03-04,14277,496,7081392,5251250,708139,354069,6313458,767934,10.84
2024-05-01,P0144,リレーモジュール 業務用,電子部品,2020-03-04,14706,354,5205924,3860485,520592,260296,4641373,564551,10.84
2024-06-01,P0144,リレーモジュール 業務用,電子部品,2020-03-04,14400,385,5544000,4111188,554400,277200,4942788,601212,10.84
2024-07-01,P0144,リレーモジュール 業務用,電子部品,2020-03-04,14752,395,5827040,4321078,582704,291352,5195134,631906,10.84
2024-08-01,P0144,リレーモジュール 業務用,電子部品,2020-03-04,14622,311,4547442,3372184,454744,227372,4054300,493142,10.84
2024-09-01,P0144,リレーモジュール 業務用,電子部品,2020-03-04,14252,418,5957336,4417699,595733,297866,5311298,646038,10.84
2024-10-01,P0144,リレーモジュール 業務用,電子部品,2020-03-04,14502,434,6293868,4667257,629386,314693,5611336,682532,10.84
2024-11-01,P0144,リレーモジュール 業務用,電子部品,2020-03-04,14419,377,5435963,4031072,543596,271798,4846466,589497,10.84
2024-12-01,P0144,リレーモジュール 業務用,電子部品,2020-03-04,14518,430,6242740,4629343,624274,312137,5565754,676986,10.84
2025-01-01,P0144,リレーモジュール 業務用,電子部品,2020-03-04,14668,422,6189896,4590156,618989,309494,5518639,671257,10.84
2025-02-01,P0144,リレーモジュール 業務用,電子部品,2020-03-04,14429,373,5382017,3991068,538201,269100,4798369,583648,10.84
2025-03-01,P0144,リレーモジュール 業務用,電子部品,2020-03-04,14512,448,6501376,4821136,650137,325068,5796341,705035,10.84
2025-04-01,P0144,リレーモジュール 業務用,電子部品,2020-03-04,14365,361,5185765,3845536,518576,259288,4623400,562365,10.84
2025-05-01,P0144,リレーモジュール 業務用,電子部品,2020-03-04,14407,354,5100078,3781994,510007,255003,4547004,553074,10.84
2025-06-01,P0144,リレーモジュール 業務用,電子部品,2020-03-04,14521,460,6679660,4953343,667966,333983,5955292,724368,10.84
2025-07-01,P0144,リレーモジュール 業務用,電子部品,2020-03-04,14512,376,5456512,4046310,545651,272825,4864786,591726,10.84
2025-08-01,P0144,リレーモジュール 業務用,電子部品,2020-03-04,14436,391,5644476,4185696,564447,282223,5032366,612110,10.84
2025-09-01,P0144,リレーモジュール 業務用,電子部品,2020-03-04,14590,439,6405010,4749675,640501,320250,5710426,694584,10.84
2025-10-01,P0144,リレーモジュール 業務用,電子部品,2020-03-04,14497,369,5349393,3966876,534939,267469,4769284,580109,10.84
2025-11-01,P0144,リレーモジュール 業務用,電子部品,2020-03-04,14622,436,6375192,4727563,637519,318759,5683841,691351,10.84
2025-12-01,P0144,リレーモジュール 業務用,電子部品,2020-03-04,14645,486,7117470,5278004,711747,355873,6345624,771846,10.84
2026-01-01,P0144,リレーモジュール 業務用,電子部品,2020-03-04,14282,388,5541416,4109271,554141,277070,4940482,600934,10.84
2026-02-01,P0144,リレーモジュール 業務用,電子部品,2020-03-04,14667,401,5881467,4361438,588146,294073,5243657,637810,10.84
2026-03-01,P0144,リレーモジュール 業務用,電子部品,2020-03-04,14662,526,7712212,5719039,771221,385610,6875870,836342,10.84
2024-04-01,P0145,リレーモジュール HD,電子部品,2022-01-19,20146,1230,24779580,11246186,2477958,1238979,14963123,9816457,39.62
2024-05-01,P0145,リレーモジュール HD,電子部品,2022-01-19,19992,1158,23150736,10506937,2315073,1157536,13979546,9171190,39.62
2024-06-01,P0145,リレーモジュール HD,電子部品,2022-01-19,19953,1026,20471778,9291094,2047177,1023588,12361859,8109919,39.62
2024-07-01,P0145,リレーモジュール HD,電子部品,2022-01-19,19518,941,18366438,8335588,1836643,918321,11090552,7275886,39.62
2024-08-01,P0145,リレーモジュール HD,電子部品,2022-01-19,20196,1099,22195404,10073360,2219540,1109770,13402670,8792734,39.62
2024-09-01,P0145,リレーモジュール HD,電子部品,2022-01-19,19713,1357,26750541,12140704,2675054,1337527,16153285,10597256,39.62
2024-10-01,P0145,リレーモジュール HD,電子部品,2022-01-19,19670,995,19571650,8882572,1957165,978582,11818319,7753331,39.62
2024-11-01,P0145,リレーモジュール HD,電子部品,2022-01-19,19968,1289,25738752,11681505,2573875,1286937,15542317,10196435,39.62
2024-12-01,P0145,リレーモジュール HD,電子部品,2022-01-19,19720,1281,25261320,11464823,2526132,1263066,15254021,10007299,39.62
2025-01-01,P0145,リレーモジュール HD,電子部品,2022-01-19,20075,1047,21018525,9539235,2101852,1050926,12692013,8326512,39.62
2025-02-01,P0145,リレーモジュール HD,電子部品,2022-01-19,20213,917,18535321,8412235,1853532,926766,11192533,7342788,39.62
2025-03-01,P0145,リレーモジュール HD,電子部品,2022-01-19,19454,1232,23967328,10877546,2396732,1198366,14472644,9494684,39.62
2025-04-01,P0145,リレーモジュール HD,電子部品,2022-01-19,20148,918,18495864,8394328,1849586,924793,11168707,7327157,39.62
2025-05-01,P0145,リレーモジュール HD,電子部品,2022-01-19,20053,1143,22920579,10402480,2292057,1146028,13840565,9080014,39.62
2025-06-01,P0145,リレーモジュール HD,電子部品,2022-01-19,19781,1142,22589902,10252403,2258990,1129495,13640888,8949014,39.62
2025-07-01,P0145,リレーモジュール HD,電子部品,2022-01-19,20192,1148,23180416,10520407,2318041,1159020,13997468,9182948,39.62
2025-08-01,P0145,リレーモジュール HD,電子部品,2022-01-19,20054,844,16925576,7681654,1692557,846278,10220489,6705087,39.62
2025-09-01,P0145,リレーモジュール HD,電子部品,2022-01-19,19703,1096,21594488,9800635,2159448,1079724,13039807,8554681,39.62
2025-10-01,P0145,リレーモジュール HD,電子部品,2022-01-19,20133,1146,23072418,10471392,2307241,1153620,13932253,9140165,39.62
2025-11-01,P0145,リレーモジュール HD,電子部品,2022-01-19,19792,917,18149264,8237024,1814926,907463,10959413,7189851,39.62
2025-12-01,P0145,リレーモジュール HD,電子部品,2022-01-19,19535,1158,22621530,10266757,2262153,1131076,13659986,8961544,39.62
2026-01-01,P0145,リレーモジュール HD,電子部品,2022-01-19,20195,1146,23143470,10503639,2314347,1157173,13975159,9168311,39.62
2026-02-01,P0145,リレーモジュール HD,電子部品,2022-01-19,19569,858,16790202,7620215,1679020,839510,10138745,6651457,39.62
2026-03-01,P0145,リレーモジュール HD,電子部品,2022-01-19,19605,1413,27701865,12572462,2770186,1385093,16727741,10974124,39.62
2024-04-01,P0146,ヒューズ 小型,電子部品,2022-05-10,188,848,159424,89414,15942,7971,113327,46097,28.91
2024-05-01,P0146,ヒューズ 小型,電子部品,2022-05-10,186,726,135036,75736,13503,6751,95990,39046,28.92
2024-06-01,P0146,ヒューズ 小型,電子部品,2022-05-10,187,758,141746,79499,14174,7087,100760,40986,28.92
2024-07-01,P0146,ヒューズ 小型,電子部品,2022-05-10,188,691,129908,72860,12990,6495,92345,37563,28.92
2024-08-01,P0146,ヒューズ 小型,電子部品,2022-05-10,186,653,121458,68121,12145,6072,86338,35120,28.92
2024-09-01,P0146,ヒューズ 小型,電子部品,2022-05-10,186,719,133734,75006,13373,6686,95065,38669,28.91
2024-10-01,P0146,ヒューズ 小型,電子部品,2022-05-10,184,759,139656,78327,13965,6982,99274,40382,28.92
2024-11-01,P0146,ヒューズ 小型,電子部品,2022-05-10,188,703,132164,74125,13216,6608,93949,38215,28.91
2024-12-01,P0146,ヒューズ 小型,電子部品,2022-05-10,182,661,120302,67472,12030,6015,85517,34785,28.91
2025-01-01,P0146,ヒューズ 小型,電子部品,2022-05-10,184,593,109112,61196,10911,5455,77562,31550,28.92
2025-02-01,P0146,ヒューズ 小型,電子部品,2022-05-10,185,726,134310,75329,13431,6715,95475,38835,28.91
2025-03-01,P0146,ヒューズ 小型,電子部品,2022-05-10,188,686,128968,72333,12896,6448,91677,37291,28.91
2025-04-01,P0146,ヒューズ 小型,電子部品,2022-05-10,183,580,106140,59529,10614,5307,75450,30690,28.91
2025-05-01,P0146,ヒューズ 小型,電子部品,2022-05-10,186,773,143778,80639,14377,7188,102204,41574,28.92
2025-06-01,P0146,ヒューズ 小型,電子部品,2022-05-10,188,721,135548,76023,13554,6777,96354,39194,28.92
2025-07-01,P0146,ヒューズ 小型,電子部品,2022-05-10,182,764,139048,77986,13904,6952,98842,40206,28.92
2025-08-01,P0146,ヒューズ 小型,電子部品,2022-05-10,187,689,128843,72263,12884,6442,91589,37254,28.91
2025-09-01,P0146,ヒューズ 小型,電子部品,2022-05-10,189,664,125496,70385,12549,6274,89208,36288,28.92
2025-10-01,P0146,ヒューズ 小型,電子部品,2022-05-10,188,723,135924,76234,13592,6796,96622,39302,28.91
2025-11-01,P0146,ヒューズ 小型,電子部品,2022-05-10,186,748,139128,78031,13912,6956,98899,40229,28.92
2025-12-01,P0146,ヒューズ 小型,電子部品,2022-05-10,189,591,111699,62647,11169,5584,79400,32299,28.92
2026-01-01,P0146,ヒューズ 小型,電子部品,2022-05-10,182,664,120848,67778,12084,6042,85904,34944,28.92
2026-02-01,P0146,ヒューズ 小型,電子部品,2022-05-10,188,524,98512,55251,9851,4925,70027,28485,28.92
2026-03-01,P0146,ヒューズ 小型,電子部品,2022-05-10,186,650,120900,67808,12090,6045,85943,34957,28.91
2024-04-01,P0147,ヒューズ 中型,電子部品,2021-09-30,313,682,213466,112441,21346,10673,144460,69006,32.33
2024-05-01,P0147,ヒューズ 中型,電子部品,2021-09-30,318,638,202884,106867,20288,10144,137299,65585,32.33
2024-06-01,P0147,ヒューズ 中型,電子部品,2021-09-30,310,774,239940,126386,23994,11997,162377,77563,32.33
2024-07-01,P0147,ヒューズ 中型,電子部品,2021-09-30,313,685,214405,112936,21440,10720,145096,69309,32.33
2024-08-01,P0147,ヒューズ 中型,電子部品,2021-09-30,311,759,236049,124336,23604,11802,159742,76307,32.33
2024-09-01,P0147,ヒューズ 中型,電子部品,2021-09-30,318,803,255354,134505,25535,12767,172807,82547,32.33
2024-10-01,P0147,ヒューズ 中型,電子部品,2021-09-30,313,678,212214,111781,21221,10610,143612,68602,32.33
2024-11-01,P0147,ヒューズ 中型,電子部品,2021-09-30,314,630,197820,104200,19782,9891,133873,63947,32.33
2024-12-01,P0147,ヒューズ 中型,電子部品,2021-09-30,318,674,214332,112897,21433,10716,145046,69286,32.33
2025-01-01,P0147,ヒューズ 中型,電子部品,2021-09-30,308,654,201432,106102,20143,10071,136316,65116,32.33
2025-02-01,P0147,ヒューズ 中型,電子部品,2021-09-30,317,767,243139,128071,24313,12156,164540,78599,32.33
2025-03-01,P0147,ヒューズ 中型,電子部品,2021-09-30,316,845,267020,140650,26702,13351,180703,86317,32.33
2025-04-01,P0147,ヒューズ 中型,電子部品,2021-09-30,314,678,212892,112139,21289,10644,144072,68820,32.33
2025-05-01,P0147,ヒューズ 中型,電子部品,2021-09-30,309,581,179529,94565,17952,8976,121493,58036,32.33
2025-06-01,P0147,ヒューズ 中型,電子部品,2021-09-30,315,794,250110,131743,25011,12505,169259,80851,32.33
2025-07-01,P0147,ヒューズ 中型,電子部品,2021-09-30,308,604,186032,97990,18603,9301,125894,60138,32.33
2025-08-01,P0147,ヒューズ 中型,電子部品,2021-09-30,308,756,232848,122650,23284,11642,157576,75272,32.33
2025-09-01,P0147,ヒューズ 中型,電子部品,2021-09-30,309,708,218772,115236,21877,10938,148051,70721,32.33
2025-10-01,P0147,ヒューズ 中型,電子部品,2021-09-30,310,629,194990,102709,19499,9749,131957,63033,32.33
2025-11-01,P0147,ヒューズ 中型,電子部品,2021-09-30,311,890,276790,145796,27679,13839,187314,89476,32.33
2025-12-01,P0147,ヒューズ 中型,電子部品,2021-09-30,316,714,225624,118845,22562,11281,152688,72936,32.33
2026-01-01,P0147,ヒューズ 中型,電子部品,2021-09-30,316,691,218356,115017,21835,10917,147769,70587,32.33
2026-02-01,P0147,ヒューズ 中型,電子部品,2021-09-30,314,721,226394,119251,22639,11319,153209,73185,32.33
2026-03-01,P0147,ヒューズ 中型,電子部品,2021-09-30,316,831,262596,138320,26259,13129,177708,84888,32.33
2024-04-01,P0148,ヒューズ 大型,電子部品,2023-06-06,488,1733,845704,389891,84570,42285,516746,328958,38.9
2024-05-01,P0148,ヒューズ 大型,電子部品,2023-06-06,500,1583,791500,364901,79150,39575,483626,307874,38.9
2024-06-01,P0148,ヒューズ 大型,電子部品,2023-06-06,503,1292,649876,299609,64987,32493,397089,252787,38.9
2024-07-01,P0148,ヒューズ 大型,電子部品,2023-06-06,490,1294,634060,292317,63406,31703,387426,246634,38.9
2024-08-01,P0148,ヒューズ 大型,電子部品,2023-06-06,490,1525,747250,344501,74725,37362,456588,290662,38.9
2024-09-01,P0148,ヒューズ 大型,電子部品,2023-06-06,493,1571,774503,357065,77450,38725,473240,301263,38.9
2024-10-01,P0148,ヒューズ 大型,電子部品,2023-06-06,495,1885,933075,430171,93307,46653,570131,362944,38.9
2024-11-01,P0148,ヒューズ 大型,電子部品,2023-06-06,501,1672,837672,386188,83767,41883,511838,325834,38.9
2024-12-01,P0148,ヒューズ 大型,電子部品,2023-06-06,504,1553,782712,360850,78271,39135,478256,304456,38.9
2025-01-01,P0148,ヒューズ 大型,電子部品,2023-06-06,494,1574,777556,358473,77755,38877,475105,302451,38.9
2025-02-01,P0148,ヒューズ 大型,電子部品,2023-06-06,496,1657,821872,378903,82187,41093,502183,319689,38.9
2025-03-01,P0148,ヒューズ 大型,電子部品,2023-06-06,491,1315,645665,297668,64566,32283,394517,251148,38.9
2025-04-01,P0148,ヒューズ 大型,電子部品,2023-06-06,489,1627,795603,366793,79560,39780,486133,309470,38.9
2025-05-01,P0148,ヒューズ 大型,電子部品,2023-06-06,493,1528,753304,347292,75330,37665,460287,293017,38.9
2025-06-01,P0148,ヒューズ 大型,電子部品,2023-06-06,486,1423,691578,318835,69157,34578,422570,269008,38.9
2025-07-01,P0148,ヒューズ 大型,電子部品,2023-06-06,493,1600,788800,363656,78880,39440,481976,306824,38.9
2025-08-01,P0148,ヒューズ 大型,電子部品,2023-06-06,494,1139,562666,259403,56266,28133,343802,218864,38.9
2025-09-01,P0148,ヒューズ 大型,電子部品,2023-06-06,498,1617,805266,371248,80526,40263,492037,313229,38.9
2025-10-01,P0148,ヒューズ 大型,電子部品,2023-06-06,486,1642,798012,367903,79801,39900,487604,310408,38.9
2025-11-01,P0148,ヒューズ 大型,電子部品,2023-06-06,495,1782,882090,406665,88209,44104,538978,343112,38.9
2025-12-01,P0148,ヒューズ 大型,電子部品,2023-06-06,501,1228,615228,283635,61522,30761,375918,239310,38.9
2026-01-01,P0148,ヒューズ 大型,電子部品,2023-06-06,498,1494,744012,343008,74401,37200,454609,289403,38.9
2026-02-01,P0148,ヒューズ 大型,電子部品,2023-06-06,494,1363,673322,310418,67332,33666,411416,261906,38.9
2026-03-01,P0148,ヒューズ 大型,電子部品,2023-06-06,487,1649,803063,370232,80306,40153,490691,312372,38.9
2024-04-01,P0149,ヒューズ 業務用,電子部品,2021-09-01,729,463,337527,195710,33752,16876,246338,91189,27.02
2024-05-01,P0149,ヒューズ 業務用,電子部品,2021-09-01,716,357,255612,148213,25561,12780,186554,69058,27.02
2024-06-01,P0149,ヒューズ 業務用,電子部品,2021-09-01,718,384,275712,159867,27571,13785,201223,74489,27.02
2024-07-01,P0149,ヒューズ 業務用,電子部品,2021-09-01,714,303,216342,125443,21634,10817,157894,58448,27.02
2024-08-01,P0149,ヒューズ 業務用,電子部品,2021-09-01,729,362,263898,153017,26389,13194,192600,71298,27.02
2024-09-01,P0149,ヒューズ 業務用,電子部品,2021-09-01,713,336,239568,138910,23956,11978,174844,64724,27.02
2024-10-01,P0149,ヒューズ 業務用,電子部品,2021-09-01,727,427,310429,179998,31042,15521,226561,83868,27.02
2024-11-01,P0149,ヒューズ 業務用,電子部品,2021-09-01,715,416,297440,172466,29744,14872,217082,80358,27.02
2024-12-01,P0149,ヒューズ 業務用,電子部品,2021-09-01,737,402,296274,171790,29627,14813,216230,80044,27.02
2025-01-01,P0149,ヒューズ 業務用,電子部品,2021-09-01,716,364,260624,151119,26062,13031,190212,70412,27.02
2025-02-01,P0149,ヒューズ 業務用,電子部品,2021-09-01,720,375,270000,156555,27000,13500,197055,72945,27.02
2025-03-01,P0149,ヒューズ 業務用,電子部品,2021-09-01,719,332,238708,138411,23870,11935,174216,64492,27.02
2025-04-01,P0149,ヒューズ 業務用,電子部品,2021-09-01,722,450,324900,188388,32490,16245,237123,87777,27.02
2025-05-01,P0149,ヒューズ 業務用,電子部品,2021-09-01,725,422,305950,177401,30595,15297,223293,82657,27.02
2025-06-01,P0149,ヒューズ 業務用,電子部品,2021-09-01,710,352,249920,144912,24992,12496,182400,67520,27.02
2025-07-01,P0149,ヒューズ 業務用,電子部品,2021-09-01,713,369,263097,152553,26309,13154,192016,71081,27.02
2025-08-01,P0149,ヒューズ 業務用,電子部品,2021-09-01,718,329,236222,136970,23622,11811,172403,63819,27.02
2025-09-01,P0149,ヒューズ 業務用,電子部品,2021-09-01,726,388,281688,163333,28168,14084,205585,76103,27.02
2025-10-01,P0149,ヒューズ 業務用,電子部品,2021-09-01,718,327,234786,136137,23478,11739,171354,63432,27.02
2025-11-01,P0149,ヒューズ 業務用,電子部品,2021-09-01,712,463,329656,191146,32965,16482,240593,89063,27.02
2025-12-01,P0149,ヒューズ 業務用,電子部品,2021-09-01,719,342,245898,142580,24589,12294,179463,66435,27.02
2026-01-01,P0149,ヒューズ 業務用,電子部品,2021-09-01,730,333,243090,140952,24309,12154,177415,65675,27.02
2026-02-01,P0149,ヒューズ 業務用,電子部品,2021-09-01,723,315,227745,132054,22774,11387,166215,61530,27.02
2026-03-01,P0149,ヒューズ 業務用,電子部品,2021-09-01,719,429,308451,178851,30845,15422,225118,83333,27.02
2024-04-01,P0150,ヒューズ HD,電子部品,2019-09-07,952,2387,2272424,1317291,227242,113621,1658154,614270,27.03
2024-05-01,P0150,ヒューズ HD,電子部品,2019-09-07,955,1788,1707540,989836,170754,85377,1245967,461573,27.03
2024-06-01,P0150,ヒューズ HD,電子部品,2019-09-07,966,1585,1531110,887562,153111,76555,1117228,413882,27.03
2024-07-01,P0150,ヒューズ HD,電子部品,2019-09-07,964,1858,1791112,1038281,179111,89555,1306947,484165,27.03
2024-08-01,P0150,ヒューズ HD,電子部品,2019-09-07,958,1560,1494480,866328,149448,74724,1090500,403980,27.03
2024-09-01,P0150,ヒューズ HD,電子部品,2019-09-07,983,2511,2468313,1430845,246831,123415,1801091,667222,27.03
2024-10-01,P0150,ヒューズ HD,電子部品,2019-09-07,973,1742,1694966,982547,169496,84748,1236791,458175,27.03
2024-11-01,P0150,ヒューズ HD,電子部品,2019-09-07,974,1968,1916832,1111159,191683,95841,1398683,518149,27.03
2024-12-01,P0150,ヒューズ HD,電子部品,2019-09-07,982,1981,1945342,1127686,194534,97267,1419487,525855,27.03
2025-01-01,P0150,ヒューズ HD,電子部品,2019-09-07,961,1498,1439578,834502,143957,71978,1050437,389141,27.03
2025-02-01,P0150,ヒューズ HD,電子部品,2019-09-07,954,2164,2064456,1196735,206445,103222,1506402,558054,27.03
2025-03-01,P0150,ヒューズ HD,電子部品,2019-09-07,975,1785,1740375,1008869,174037,87018,1269924,470451,27.03
2025-04-01,P0150,ヒューズ HD,電子部品,2019-09-07,973,2225,2164925,1254975,216492,108246,1579713,585212,27.03
2025-05-01,P0150,ヒューズ HD,電子部品,2019-09-07,974,2118,2062932,1195851,206293,103146,1505290,557642,27.03
2025-06-01,P0150,ヒューズ HD,電子部品,2019-09-07,971,1548,1503108,871329,150310,75155,1096794,406314,27.03
2025-07-01,P0150,ヒューズ HD,電子部品,2019-09-07,981,2013,1974753,1144735,197475,98737,1440947,533806,27.03
2025-08-01,P0150,ヒューズ HD,電子部品,2019-09-07,952,1542,1467984,850968,146798,73399,1071165,396819,27.03
2025-09-01,P0150,ヒューズ HD,電子部品,2019-09-07,957,2334,2233638,1294807,223363,111681,1629851,603787,27.03
2025-10-01,P0150,ヒューズ HD,電子部品,2019-09-07,979,1705,1669195,967607,166919,83459,1217985,451210,27.03
2025-11-01,P0150,ヒューズ HD,電子部品,2019-09-07,960,2007,1926720,1116891,192672,96336,1405899,520821,27.03
2025-12-01,P0150,ヒューズ HD,電子部品,2019-09-07,949,1534,1455766,843886,145576,72788,1062250,393516,27.03
2026-01-01,P0150,ヒューズ HD,電子部品,2019-09-07,966,2024,1955184,1133391,195518,97759,1426668,528516,27.03
2026-02-01,P0150,ヒューズ HD,電子部品,2019-09-07,961,1558,1497238,867927,149723,74861,1092511,404727,27.03
2026-03-01,P0150,ヒューズ HD,電子部品,2019-09-07,952,1817,1729784,1002730,172978,86489,1262197,467587,27.03
2024-04-01,P0151,精密シャフト 小型,精密金属部品,2019-07-08,14665,26,381290,194395,38129,19064,251588,129702,34.02
2024-05-01,P0151,精密シャフト 小型,精密金属部品,2019-07-08,14824,24,355776,181387,35577,17788,234752,121024,34.02
2024-06-01,P0151,精密シャフト 小型,精密金属部品,2019-07-08,14617,25,365425,186306,36542,18271,241119,124306,34.02
2024-07-01,P0151,精密シャフト 小型,精密金属部品,2019-07-08,14562,21,305802,155908,30580,15290,201778,104024,34.02
2024-08-01,P0151,精密シャフト 小型,精密金属部品,2019-07-08,14967,24,359208,183137,35920,17960,237017,122191,34.02
2024-09-01,P0151,精密シャフト 小型,精密金属部品,2019-07-08,15008,22,330176,168335,33017,16508,217860,112316,34.02
2024-10-01,P0151,精密シャフト 小型,精密金属部品,2019-07-08,14543,28,407204,207607,40720,20360,268687,138517,34.02
2024-11-01,P0151,精密シャフト 小型,精密金属部品,2019-07-08,14656,21,307776,156915,30777,15388,203080,104696,34.02
2024-12-01,P0151,精密シャフト 小型,精密金属部品,2019-07-08,14856,21,311976,159056,31197,15598,205851,106125,34.02
2025-01-01,P0151,精密シャフト 小型,精密金属部品,2019-07-08,15017,21,315357,160780,31535,15767,208082,107275,34.02
2025-02-01,P0151,精密シャフト 小型,精密金属部品,2019-07-08,14973,26,389298,198478,38929,19464,256871,132427,34.02
2025-03-01,P0151,精密シャフト 小型,精密金属部品,2019-07-08,14842,29,430418,219442,43041,21520,284003,146415,34.02
2025-04-01,P0151,精密シャフト 小型,精密金属部品,2019-07-08,15128,30,453840,231383,45384,22692,299459,154381,34.02
2025-05-01,P0151,精密シャフト 小型,精密金属部品,2019-07-08,14615,24,350760,178830,35076,17538,231444,119316,34.02
2025-06-01,P0151,精密シャフト 小型,精密金属部品,2019-07-08,14673,25,366825,187020,36682,18341,242043,124782,34.02
2025-07-01,P0151,精密シャフト 小型,精密金属部品,2019-07-08,14765,26,383890,195720,38389,19194,253303,130587,34.02
2025-08-01,P0151,精密シャフト 小型,精密金属部品,2019-07-08,14994,26,389844,198756,38984,19492,257232,132612,34.02
2025-09-01,P0151,精密シャフト 小型,精密金属部品,2019-07-08,14860,24,356640,181827,35664,17832,235323,121317,34.02
2025-10-01,P0151,精密シャフト 小型,精密金属部品,2019-07-08,15007,24,360168,201989,36016,18008,256013,104155,28.92
2025-11-01,P0151,精密シャフト 小型,精密金属部品,2019-07-08,14546,27,392742,220257,39274,19637,279168,113574,28.92
2025-12-01,P0151,精密シャフト 小型,精密金属部品,2019-07-08,14642,28,409976,229922,40997,20498,291417,118559,28.92
2026-01-01,P0151,精密シャフト 小型,精密金属部品,2019-07-08,14877,28,416556,233612,41655,20827,296094,120462,28.92
2026-02-01,P0151,精密シャフト 小型,精密金属部品,2019-07-08,14953,25,373825,209648,37382,18691,265721,108104,28.92
2026-03-01,P0151,精密シャフト 小型,精密金属部品,2019-07-08,15003,30,450090,252419,45009,22504,319932,130158,28.92
2024-04-01,P0152,精密シャフト 中型,精密金属部品,2020-10-28,23834,252,6006168,3629151,600616,300308,4530075,1476093,24.58
2024-05-01,P0152,精密シャフト 中型,精密金属部品,2020-10-28,24231,258,6251598,3777449,625159,312579,4715187,1536411,24.58
2024-06-01,P0152,精密シャフト 中型,精密金属部品,2020-10-28,23666,198,4685868,2831377,468586,234293,3534256,1151612,24.58
2024-07-01,P0152,精密シャフト 中型,精密金属部品,2020-10-28,23597,210,4955370,2994220,495537,247768,3737525,1217845,24.58
2024-08-01,P0152,精密シャフト 中型,精密金属部品,2020-10-28,23623,221,5220683,3154532,522068,261034,3937634,1283049,24.58
2024-09-01,P0152,精密シャフト 中型,精密金属部品,2020-10-28,23535,240,5648400,3412975,564840,282420,4260235,1388165,24.58
2024-10-01,P0152,精密シャフト 中型,精密金属部品,2020-10-28,24075,210,5055750,3054873,505575,252787,3813235,1242515,24.58
2024-11-01,P0152,精密シャフト 中型,精密金属部品,2020-10-28,23841,222,5292702,3198048,529270,264635,3991953,1300749,24.58
2024-12-01,P0152,精密シャフト 中型,精密金属部品,2020-10-28,24380,259,6314420,3815409,631442,315721,4762572,1551848,24.58
2025-01-01,P0152,精密シャフト 中型,精密金属部品,2020-10-28,23514,237,5572818,3367305,557281,278640,4203226,1369592,24.58
2025-02-01,P0152,精密シャフト 中型,精密金属部品,2020-10-28,24365,194,4726810,2856115,472681,236340,3565136,1161674,24.58
2025-03-01,P0152,精密シャフト 中型,精密金属部品,2020-10-28,24158,248,5991184,3620097,599118,299559,4518774,1472410,24.58
2025-04-01,P0152,精密シャフト 中型,精密金属部品,2020-10-28,23610,248,5855280,3537979,585528,292764,4416271,1439009,24.58
2025-05-01,P0152,精密シャフト 中型,精密金属部品,2020-10-28,24202,227,5493854,3319592,549385,274692,4143669,1350185,24.58
2025-06-01,P0152,精密シャフト 中型,精密金属部品,2020-10-28,23665,265,6271225,3789309,627122,313561,4729992,1541233,24.58
2025-07-01,P0152,精密シャフト 中型,精密金属部品,2020-10-28,23588,240,5661120,3420660,566112,283056,4269828,1391292,24.58
2025-08-01,P0152,精密シャフト 中型,精密金属部品,2020-10-28,23679,274,6488046,3920320,648804,324402,4893526,1594520,24.58
2025-09-01,P0152,精密シャフト 中型,精密金属部品,2020-10-28,23659,252,5962068,3602504,596206,298103,4496813,1465255,24.58
2025-10-01,P0152,精密シャフト 中型,精密金属部品,2020-10-28,24069,242,5824698,3871450,582469,291234,4745153,1079545,18.53
2025-11-01,P0152,精密シャフト 中型,精密金属部品,2020-10-28,24222,215,5207730,3461376,520773,260386,4242535,965195,18.53
2025-12-01,P0152,精密シャフト 中型,精密金属部品,2020-10-28,24256,267,6476352,4304580,647635,323817,5276032,1200320,18.53
2026-01-01,P0152,精密シャフト 中型,精密金属部品,2020-10-28,24150,216,5216400,3467138,521640,260820,4249598,966802,18.53
2026-02-01,P0152,精密シャフト 中型,精密金属部品,2020-10-28,24005,237,5689185,3781380,568918,284459,4634757,1054428,18.53
2026-03-01,P0152,精密シャフト 中型,精密金属部品,2020-10-28,24012,229,5498748,3654804,549874,274937,4479615,1019133,18.53
2024-04-01,P0153,精密シャフト 大型,精密金属部品,2023-10-23,40015,386,15445790,6814606,1544579,772289,9131474,6314316,40.88
2024-05-01,P0153,精密シャフト 大型,精密金属部品,2023-10-23,39934,365,14575910,6430820,1457591,728795,8617206,5958704,40.88
2024-06-01,P0153,精密シャフト 大型,精密金属部品,2023-10-23,40995,354,14512230,6402724,1451223,725611,8579558,5932672,40.88
2024-07-01,P0153,精密シャフト 大型,精密金属部品,2023-10-23,39765,408,16224120,7158002,1622412,811206,9591620,6632500,40.88
2024-08-01,P0153,精密シャフト 大型,精密金属部品,2023-10-23,41201,447,18416847,8125422,1841684,920842,10887948,7528899,40.88
2024-09-01,P0153,精密シャフト 大型,精密金属部品,2023-10-23,41061,461,18929121,8351435,1892912,946456,11190803,7738318,40.88
2024-10-01,P0153,精密シャフト 大型,精密金属部品,2023-10-23,40678,479,19484762,8596581,1948476,974238,11519295,7965467,40.88
2024-11-01,P0153,精密シャフト 大型,精密金属部品,2023-10-23,41265,475,19600875,8647809,1960087,980043,11587939,8012936,40.88
2024-12-01,P0153,精密シャフト 大型,精密金属部品,2023-10-23,41127,371,15258117,6731806,1525811,762905,9020522,6237595,40.88
2025-01-01,P0153,精密シャフト 大型,精密金属部品,2023-10-23,40985,447,18320295,8082824,1832029,916014,10830867,7489428,40.88
2025-02-01,P0153,精密シャフト 大型,精密金属部品,2023-10-23,40350,464,18722400,8260231,1872240,936120,11068591,7653809,40.88
2025-03-01,P0153,精密シャフト 大型,精密金属部品,2023-10-23,40765,384,15653760,6906362,1565376,782688,9254426,6399334,40.88
2025-04-01,P0153,精密シャフト 大型,精密金属部品,2023-10-23,41153,439,18066167,7970704,1806616,903308,10680628,7385539,40.88
2025-05-01,P0153,精密シャフト 大型,精密金属部品,2023-10-23,40896,461,18853056,8317875,1885305,942652,11145832,7707224,40.88
2025-06-01,P0153,精密シャフト 大型,精密金属部品,2023-10-23,40016,474,18967584,8368405,1896758,948379,11213542,7754042,40.88
2025-07-01,P0153,精密シャフト 大型,精密金属部品,2023-10-23,39831,473,18840063,8312143,1884006,942003,11138152,7701911,40.88
2025-08-01,P0153,精密シャフト 大型,精密金属部品,2023-10-23,39873,409,16308057,7195034,1630805,815402,9641241,6666816,40.88
2025-09-01,P0153,精密シャフト 大型,精密金属部品,2023-10-23,40359,411,16587549,7318345,1658754,829377,9806476,6781073,40.88
2025-10-01,P0153,精密シャフト 大型,精密金属部品,2023-10-23,40778,333,13579074,6590122,1357907,678953,8626982,4952092,36.47
2025-11-01,P0153,精密シャフト 大型,精密金属部品,2023-10-23,40009,438,17523942,8504624,1752394,876197,11133215,6390727,36.47
2025-12-01,P0153,精密シャフト 大型,精密金属部品,2023-10-23,40017,432,17287344,8389800,1728734,864367,10982901,6304443,36.47
2026-01-01,P0153,精密シャフト 大型,精密金属部品,2023-10-23,39966,342,13668372,6633460,1366837,683418,8683715,4984657,36.47
2026-02-01,P0153,精密シャフト 大型,精密金属部品,2023-10-23,40990,416,17051840,8275506,1705184,852592,10833282,6218558,36.47
2026-03-01,P0153,精密シャフト 大型,精密金属部品,2023-10-23,41039,416,17072224,8285399,1707222,853611,10846232,6225992,36.47
2024-04-01,P0154,精密シャフト 業務用,精密金属部品,2022-10-04,56276,139,7822364,3396039,782236,391118,4569393,3252971,41.59
2024-05-01,P0154,精密シャフト 業務用,精密金属部品,2022-10-04,54450,118,6425100,2789424,642510,321255,3753189,2671911,41.59
2024-06-01,P0154,精密シャフト 業務用,精密金属部品,2022-10-04,55439,106,5876534,2551267,587653,293826,3432746,2443788,41.59
2024-07-01,P0154,精密シャフト 業務用,精密金属部品,2022-10-04,54526,126,6870276,2982695,687027,343513,4013235,2857041,41.59
2024-08-01,P0154,精密シャフト 業務用,精密金属部品,2022-10-04,56232,143,8041176,3491035,804117,402058,4697210,3343966,41.59
2024-09-01,P0154,精密シャフト 業務用,精密金属部品,2022-10-04,54576,112,6112512,2653715,611251,305625,3570591,2541921,41.59
2024-10-01,P0154,精密シャフト 業務用,精密金属部品,2022-10-04,54975,110,6047250,2625382,604725,302362,3532469,2514781,41.59
2024-11-01,P0154,精密シャフト 業務用,精密金属部品,2022-10-04,55435,142,7871770,3417488,787177,393588,4598253,3273517,41.59
2024-12-01,P0154,精密シャフト 業務用,精密金属部品,2022-10-04,55164,102,5626728,2442815,562672,281336,3286823,2339905,41.59
2025-01-01,P0154,精密シャフト 業務用,精密金属部品,2022-10-04,55016,104,5721664,2484031,572166,286083,3342280,2379384,41.59
2025-02-01,P0154,精密シャフト 業務用,精密金属部品,2022-10-04,55551,119,6610569,2869944,661056,330528,3861528,2749041,41.59
2025-03-01,P0154,精密シャフト 業務用,精密金属部品,2022-10-04,56051,126,7062426,3066116,706242,353121,4125479,2936947,41.59
2025-04-01,P0154,精密シャフト 業務用,精密金属部品,2022-10-04,55829,100,5582900,2423787,558290,279145,3261222,2321678,41.59
2025-05-01,P0154,精密シャフト 業務用,精密金属部品,2022-10-04,54791,100,5479100,2378723,547910,273955,3200588,2278512,41.59
2025-06-01,P0154,精密シャフト 業務用,精密金属部品,2022-10-04,55644,143,7957092,3454530,795709,397854,4648093,3308999,41.59
2025-07-01,P0154,精密シャフト 業務用,精密金属部品,2022-10-04,55203,108,5961924,2588338,596192,298096,3482626,2479298,41.59
2025-08-01,P0154,精密シャフト 業務用,精密金属部品,2022-10-04,56190,135,7585650,3293271,758565,379282,4431118,3154532,41.59
2025-09-01,P0154,精密シャフト 業務用,精密金属部品,2022-10-04,54174,131,7096794,3081036,709679,354839,4145554,2951240,41.59
2025-10-01,P0154,精密シャフト 業務用,精密金属部品,2022-10-04,54457,124,6752668,3224800,675266,337633,4237699,2514969,37.24
2025-11-01,P0154,精密シャフト 業務用,精密金属部品,2022-10-04,55441,101,5599541,2674113,559954,279977,3514044,2085497,37.24
2025-12-01,P0154,精密シャフト 業務用,精密金属部品,2022-10-04,54199,138,7479462,3571887,747946,373973,4693806,2785656,37.24
2026-01-01,P0154,精密シャフト 業務用,精密金属部品,2022-10-04,55679,138,7683702,3669424,768370,384185,4821979,2861723,37.24
2026-02-01,P0154,精密シャフト 業務用,精密金属部品,2022-10-04,54660,136,7433760,3550061,743376,371688,4665125,2768635,37.24
2026-03-01,P0154,精密シャフト 業務用,精密金属部品,2022-10-04,54384,119,6471696,3090619,647169,323584,4061372,2410324,37.24
2024-04-01,P0155,精密シャフト HD,精密金属部品,2020-01-29,73157,109,7974113,4059523,797411,398705,5255639,2718474,34.09
2024-05-01,P0155,精密シャフト HD,精密金属部品,2020-01-29,72772,103,7495516,3815875,749551,374775,4940201,2555315,34.09
2024-06-01,P0155,精密シャフト HD,精密金属部品,2020-01-29,74526,137,10210062,5197817,1021006,510503,6729326,3480736,34.09
2024-07-01,P0155,精密シャフト HD,精密金属部品,2020-01-29,75009,111,8325999,4238664,832599,416299,5487562,2838437,34.09
2024-08-01,P0155,精密シャフト HD,精密金属部品,2020-01-29,73415,106,7781990,3961715,778199,389099,5129013,2652977,34.09
2024-09-01,P0155,精密シャフト HD,精密金属部品,2020-01-29,73521,133,9778293,4978009,977829,488914,6444752,3333541,34.09
2024-10-01,P0155,精密シャフト HD,精密金属部品,2020-01-29,73302,105,7696710,3918300,769671,384835,5072806,2623904,34.09
2024-11-01,P0155,精密シャフト HD,精密金属部品,2020-01-29,74045,118,8737310,4448057,873731,436865,5758653,2978657,34.09
2024-12-01,P0155,精密シャフト HD,精密金属部品,2020-01-29,73487,113,8304031,4227480,830403,415201,5473084,2830947,34.09
2025-01-01,P0155,精密シャフト HD,精密金属部品,2020-01-29,73794,107,7895958,4019735,789595,394797,5204127,2691831,34.09
2025-02-01,P0155,精密シャフト HD,精密金属部品,2020-01-29,74773,105,7851165,3996932,785116,392558,5174606,2676559,34.09
2025-03-01,P0155,精密シャフト HD,精密金属部品,2020-01-29,73425,130,9545250,4859370,954525,477262,6291157,3254093,34.09
2025-04-01,P0155,精密シャフト HD,精密金属部品,2020-01-29,72236,130,9390680,4780680,939068,469534,6189282,3201398,34.09
2025-05-01,P0155,精密シャフト HD,精密金属部品,2020-01-29,73514,111,8160054,4154183,816005,408002,5378190,2781864,34.09
2025-06-01,P0155,精密シャフト HD,精密金属部品,2020-01-29,74423,116,8633068,4394989,863306,431653,5689948,2943120,34.09
2025-07-01,P0155,精密シャフト HD,精密金属部品,2020-01-29,73336,140,10267040,5226824,1026704,513352,6766880,3500160,34.09
2025-08-01,P0155,精密シャフト HD,精密金属部品,2020-01-29,74015,111,8215665,4182494,821566,410783,5414843,2800822,34.09
2025-09-01,P0155,精密シャフト HD,精密金属部品,2020-01-29,72632,108,7844256,3993414,784425,392212,5170051,2674205,34.09
2025-10-01,P0155,精密シャフト HD,精密金属部品,2020-01-29,74602,140,10444280,5848760,1044428,522214,7415402,3028878,29.0
2025-11-01,P0155,精密シャフト HD,精密金属部品,2020-01-29,72858,140,10200120,5712032,1020012,510006,7242050,2958070,29.0
2025-12-01,P0155,精密シャフト HD,精密金属部品,2020-01-29,73505,95,6982975,3910441,698297,349148,4957886,2025089,29.0
2026-01-01,P0155,精密シャフト HD,精密金属部品,2020-01-29,72623,138,10021974,5612270,1002197,501098,7115565,2906409,29.0
2026-02-01,P0155,精密シャフト HD,精密金属部品,2020-01-29,72419,100,7241900,4055439,724190,362095,5141724,2100176,29.0
2026-03-01,P0155,精密シャフト HD,精密金属部品,2020-01-29,74532,130,9689160,5425896,968916,484458,6879270,2809890,29.0
2024-04-01,P0156,精密ピン 小型,精密金属部品,2021-12-14,3379,117,395343,172340,39534,19767,231641,163702,41.41
2024-05-01,P0156,精密ピン 小型,精密金属部品,2021-12-14,3304,140,462560,201641,46256,23128,271025,191535,41.41
2024-06-01,P0156,精密ピン 小型,精密金属部品,2021-12-14,3350,131,438850,191306,43885,21942,257133,181717,41.41
2024-07-01,P0156,精密ピン 小型,精密金属部品,2021-12-14,3412,133,453796,197821,45379,22689,265889,187907,41.41
2024-08-01,P0156,精密ピン 小型,精密金属部品,2021-12-14,3332,142,473144,206255,47314,23657,277226,195918,41.41
2024-09-01,P0156,精密ピン 小型,精密金属部品,2021-12-14,3370,153,515610,224767,51561,25780,302108,213502,41.41
2024-10-01,P0156,精密ピン 小型,精密金属部品,2021-12-14,3365,115,386975,168692,38697,19348,226737,160238,41.41
2024-11-01,P0156,精密ピン 小型,精密金属部品,2021-12-14,3333,128,426624,185976,42662,21331,249969,176655,41.41
2024-12-01,P0156,精密ピン 小型,精密金属部品,2021-12-14,3357,155,520335,226827,52033,26016,304876,215459,41.41
2025-01-01,P0156,精密ピン 小型,精密金属部品,2021-12-14,3305,136,449480,195940,44948,22474,263362,186118,41.41
2025-02-01,P0156,精密ピン 小型,精密金属部品,2021-12-14,3325,143,475475,207271,47547,23773,278591,196884,41.41
2025-03-01,P0156,精密ピン 小型,精密金属部品,2021-12-14,3354,167,560118,244169,56011,28005,328185,231933,41.41
2025-04-01,P0156,精密ピン 小型,精密金属部品,2021-12-14,3335,164,546940,238425,54694,27347,320466,226474,41.41
2025-05-01,P0156,精密ピン 小型,精密金属部品,2021-12-14,3290,162,532980,232339,53298,26649,312286,220694,41.41
2025-06-01,P0156,精密ピン 小型,精密金属部品,2021-12-14,3293,132,434676,189486,43467,21733,254686,179990,41.41
2025-07-01,P0156,精密ピン 小型,精密金属部品,2021-12-14,3406,116,395096,172232,39509,19754,231495,163601,41.41
2025-08-01,P0156,精密ピン 小型,精密金属部品,2021-12-14,3366,156,525096,228902,52509,26254,307665,217431,41.41
2025-09-01,P0156,精密ピン 小型,精密金属部品,2021-12-14,3359,145,487055,212319,48705,24352,285376,201679,41.41
2025-10-01,P0156,精密ピン 小型,精密金属部品,2021-12-14,3393,151,512343,245677,51234,25617,322528,189815,37.05
2025-11-01,P0156,精密ピン 小型,精密金属部品,2021-12-14,3383,149,504067,241709,50406,25203,317318,186749,37.05
2025-12-01,P0156,精密ピン 小型,精密金属部品,2021-12-14,3413,131,447103,214394,44710,22355,281459,165644,37.05
2026-01-01,P0156,精密ピン 小型,精密金属部品,2021-12-14,3334,116,386744,185450,38674,19337,243461,143283,37.05
2026-02-01,P0156,精密ピン 小型,精密金属部品,2021-12-14,3307,165,545655,261651,54565,27282,343498,202157,37.05
2026-03-01,P0156,精密ピン 小型,精密金属部品,2021-12-14,3331,123,409713,196465,40971,20485,257921,151792,37.05
2024-04-01,P0157,精密ピン 中型,精密金属部品,2020-04-02,5381,221,1189201,600448,118920,59460,778828,410373,34.51
2024-05-01,P0157,精密ピン 中型,精密金属部品,2020-04-02,5410,185,1000850,505346,100085,50042,655473,345377,34.51
2024-06-01,P0157,精密ピン 中型,精密金属部品,2020-04-02,5389,199,1072411,541479,107241,53620,702340,370071,34.51
2024-07-01,P0157,精密ピン 中型,精密金属部品,2020-04-02,5307,169,896883,452852,89688,44844,587384,309499,34.51
2024-08-01,P0157,精密ピン 中型,精密金属部品,2020-04-02,5205,152,791160,399470,79116,39558,518144,273016,34.51
2024-09-01,P0157,精密ピン 中型,精密金属部品,2020-04-02,5228,203,1061284,535861,106128,53064,695053,366231,34.51
2024-10-01,P0157,精密ピン 中型,精密金属部品,2020-04-02,5351,192,1027392,518748,102739,51369,672856,354536,34.51
2024-11-01,P0157,精密ピン 中型,精密金属部品,2020-04-02,5299,153,810747,409360,81074,40537,530971,279776,34.51
2024-12-01,P0157,精密ピン 中型,精密金属部品,2020-04-02,5392,202,1089184,549948,108918,54459,713325,375859,34.51
2025-01-01,P0157,精密ピン 中型,精密金属部品,2020-04-02,5410,173,935930,472567,93593,46796,612956,322974,34.51
2025-02-01,P0157,精密ピン 中型,精密金属部品,2020-04-02,5341,214,1142974,577107,114297,57148,748552,394422,34.51
2025-03-01,P0157,精密ピン 中型,精密金属部品,2020-04-02,5354,180,963720,486599,96372,48186,631157,332563,34.51
2025-04-01,P0157,精密ピン 中型,精密金属部品,2020-04-02,5268,212,1116816,563900,111681,55840,731421,385395,34.51
2025-05-01,P0157,精密ピン 中型,精密金属部品,2020-04-02,5396,225,1214100,613020,121410,60705,795135,418965,34.51
2025-06-01,P0157,精密ピン 中型,精密金属部品,2020-04-02,5357,187,1001759,505805,100175,50087,656067,345692,34.51
2025-07-01,P0157,精密ピン 中型,精密金属部品,2020-04-02,5365,190,1019350,514687,101935,50967,667589,351761,34.51
2025-08-01,P0157,精密ピン 中型,精密金属部品,2020-04-02,5208,213,1109304,560107,110930,55465,726502,382802,34.51
2025-09-01,P0157,精密ピン 中型,精密金属部品,2020-04-02,5275,156,822900,415496,82290,41145,538931,283969,34.51
2025-10-01,P0157,精密ピン 中型,精密金属部品,2020-04-02,5288,219,1158072,643204,115807,57903,816914,341158,29.46
2025-11-01,P0157,精密ピン 中型,精密金属部品,2020-04-02,5302,217,1150534,639017,115053,57526,811596,338938,29.46
2025-12-01,P0157,精密ピン 中型,精密金属部品,2020-04-02,5395,172,927940,515386,92794,46397,654577,273363,29.46
2026-01-01,P0157,精密ピン 中型,精密金属部品,2020-04-02,5280,193,1019040,565984,101904,50952,718840,300200,29.46
2026-02-01,P0157,精密ピン 中型,精密金属部品,2020-04-02,5227,154,804958,447081,80495,40247,567823,237135,29.46
2026-03-01,P0157,精密ピン 中型,精密金属部品,2020-04-02,5281,161,850241,472231,85024,42512,599767,250474,29.46
2024-04-01,P0158,精密ピン 大型,精密金属部品,2022-12-16,8891,1175,10446925,4728344,1044692,522346,6295382,4151543,39.74
2024-05-01,P0158,精密ピン 大型,精密金属部品,2022-12-16,9015,1153,10394295,4704523,1039429,519714,6263666,4130629,39.74
2024-06-01,P0158,精密ピン 大型,精密金属部品,2022-12-16,9010,1524,13731240,6214846,1373124,686562,8274532,5456708,39.74
2024-07-01,P0158,精密ピン 大型,精密金属部品,2022-12-16,9078,1064,9658992,4371721,965899,482949,5820569,3838423,39.74
2024-08-01,P0158,精密ピン 大型,精密金属部品,2022-12-16,9152,1487,13609024,6159530,1360902,680451,8200883,5408141,39.74
2024-09-01,P0158,精密ピン 大型,精密金属部品,2022-12-16,9204,1444,13290576,6015399,1329057,664528,8008984,5281592,39.74
2024-10-01,P0158,精密ピン 大型,精密金属部品,2022-12-16,9228,1343,12393204,5609242,1239320,619660,7468222,4924982,39.74
2024-11-01,P0158,精密ピン 大型,精密金属部品,2022-12-16,9170,1035,9490950,4295664,949095,474547,5719306,3771644,39.74
2024-12-01,P0158,精密ピン 大型,精密金属部品,2022-12-16,9199,1455,13384545,6057930,1338454,669227,8065611,5318934,39.74
2025-01-01,P0158,精密ピン 大型,精密金属部品,2022-12-16,9153,1262,11551086,5228094,1155108,577554,6960756,4590330,39.74
2025-02-01,P0158,精密ピン 大型,精密金属部品,2022-12-16,9086,1118,10158148,4597642,1015814,507907,6121363,4036785,39.74
2025-03-01,P0158,精密ピン 大型,精密金属部品,2022-12-16,9083,1201,10908683,4937339,1090868,545434,6573641,4335042,39.74
2025-04-01,P0158,精密ピン 大型,精密金属部品,2022-12-16,8993,1363,12257459,5547803,1225745,612872,7386420,4871039,39.74
2025-05-01,P0158,精密ピン 大型,精密金属部品,2022-12-16,8984,1129,10142936,4590757,1014293,507146,6112196,4030740,39.74
2025-06-01,P0158,精密ピン 大型,精密金属部品,2022-12-16,9113,1357,12366341,5597084,1236634,618317,7452035,4914306,39.74
2025-07-01,P0158,精密ピン 大型,精密金属部品,2022-12-16,8913,1396,12442548,5631576,1244254,622127,7497957,4944591,39.74
2025-08-01,P0158,精密ピン 大型,精密金属部品,2022-12-16,9117,1435,13082895,5921401,1308289,654144,7883834,5199061,39.74
2025-09-01,P0158,精密ピン 大型,精密金属部品,2022-12-16,8989,1034,9294626,4206806,929462,464731,5600999,3693627,39.74
2025-10-01,P0158,精密ピン 大型,精密金属部品,2022-12-16,8998,1256,11301488,5626637,1130148,565074,7321859,3979629,35.21
2025-11-01,P0158,精密ピン 大型,精密金属部品,2022-12-16,8943,1078,9640554,4799713,964055,482027,6245795,3394759,35.21
2025-12-01,P0158,精密ピン 大型,精密金属部品,2022-12-16,8901,1031,9176931,4568890,917693,458846,5945429,3231502,35.21
2026-01-01,P0158,精密ピン 大型,精密金属部品,2022-12-16,9164,1154,10575256,5265070,1057525,528762,6851357,3723899,35.21
2026-02-01,P0158,精密ピン 大型,精密金属部品,2022-12-16,9021,1287,11610027,5780249,1161002,580501,7521752,4088275,35.21
2026-03-01,P0158,精密ピン 大型,精密金属部品,2022-12-16,9064,1356,12290784,6119175,1229078,614539,7962792,4327992,35.21
2024-04-01,P0159,精密ピン 業務用,精密金属部品,2021-05-08,12174,139,1692186,842296,169218,84609,1096123,596063,35.22
2024-05-01,P0159,精密ピン 業務用,精密金属部品,2021-05-08,12292,163,2003596,997303,200359,100179,1297841,705755,35.22
2024-06-01,P0159,精密ピン 業務用,精密金属部品,2021-05-08,12338,150,1850700,921198,185070,92535,1198803,651897,35.22
2024-07-01,P0159,精密ピン 業務用,精密金属部品,2021-05-08,12219,186,2272734,1131268,227273,113636,1472177,800557,35.22
2024-08-01,P0159,精密ピン 業務用,精密金属部品,2021-05-08,12301,158,1943558,967418,194355,97177,1258950,684608,35.22
2024-09-01,P0159,精密ピン 業務用,精密金属部品,2021-05-08,12424,170,2112080,1051301,211208,105604,1368113,743967,35.22
2024-10-01,P0159,精密ピン 業務用,精密金属部品,2021-05-08,12164,171,2080044,1035355,208004,104002,1347361,732683,35.22
2024-11-01,P0159,精密ピン 業務用,精密金属部品,2021-05-08,12464,154,1919456,955421,191945,95972,1243338,676118,35.22
2024-12-01,P0159,精密ピン 業務用,精密金属部品,2021-05-08,12549,149,1869801,930705,186980,93490,1211175,658626,35.22
2025-01-01,P0159,精密ピン 業務用,精密金属部品,2021-05-08,12309,148,1821732,906779,182173,91086,1180038,641694,35.22
2025-02-01,P0159,精密ピン 業務用,精密金属部品,2021-05-08,12278,155,1903090,947275,190309,95154,1232738,670352,35.22
2025-03-01,P0159,精密ピン 業務用,精密金属部品,2021-05-08,12141,179,2173239,1081744,217323,108661,1407728,765511,35.22
2025-04-01,P0159,精密ピン 業務用,精密金属部品,2021-05-08,12369,161,1991409,991236,199140,99570,1289946,701463,35.22
2025-05-01,P0159,精密ピン 業務用,精密金属部品,2021-05-08,12364,179,2213156,1101613,221315,110657,1433585,779571,35.22
2025-06-01,P0159,精密ピン 業務用,精密金属部品,2021-05-08,12494,186,2323884,1156728,232388,116194,1505310,818574,35.22
2025-07-01,P0159,精密ピン 業務用,精密金属部品,2021-05-08,12488,147,1835736,913749,183573,91786,1189108,646628,35.22
2025-08-01,P0159,精密ピン 業務用,精密金属部品,2021-05-08,12191,186,2267526,1128676,226752,113376,1468804,798722,35.22
2025-09-01,P0159,精密ピン 業務用,精密金属部品,2021-05-08,12203,164,2001292,996156,200129,100064,1296349,704943,35.22
2025-10-01,P0159,精密ピン 業務用,精密金属部品,2021-05-08,12110,166,2010260,1100682,201026,100513,1402221,608039,30.25
2025-11-01,P0159,精密ピン 業務用,精密金属部品,2021-05-08,12271,172,2110612,1155628,211061,105530,1472219,638393,30.25
2025-12-01,P0159,精密ピン 業務用,精密金属部品,2021-05-08,12077,162,1956474,1071232,195647,97823,1364702,591772,30.25
2026-01-01,P0159,精密ピン 業務用,精密金属部品,2021-05-08,12309,169,2080221,1138988,208022,104011,1451021,629200,30.25
2026-02-01,P0159,精密ピン 業務用,精密金属部品,2021-05-08,12220,165,2016300,1103989,201630,100815,1406434,609866,30.25
2026-03-01,P0159,精密ピン 業務用,精密金属部品,2021-05-08,12279,135,1657665,907625,165766,82883,1156274,501391,30.25
2024-04-01,P0160,精密ピン HD,精密金属部品,2019-12-04,16718,1689,28236702,11639939,2823670,1411835,15875444,12361258,43.78
2024-05-01,P0160,精密ピン HD,精密金属部品,2019-12-04,16746,1554,26023284,10727508,2602328,1301164,14631000,11392284,43.78
2024-06-01,P0160,精密ピン HD,精密金属部品,2019-12-04,16569,1697,28117593,11590839,2811759,1405879,15808477,12309116,43.78
2024-07-01,P0160,精密ピン HD,精密金属部品,2019-12-04,16344,1796,29353824,12100447,2935382,1467691,16503520,12850304,43.78
2024-08-01,P0160,精密ピン HD,精密金属部品,2019-12-04,16502,1779,29357058,12101780,2935705,1467852,16505337,12851721,43.78
2024-09-01,P0160,精密ピン HD,精密金属部品,2019-12-04,16915,1913,32358395,13339013,3235839,1617919,18192771,14165624,43.78
2024-10-01,P0160,精密ピン HD,精密金属部品,2019-12-04,16877,1873,31610621,13030760,3161062,1580531,17772353,13838268,43.78
2024-11-01,P0160,精密ピン HD,精密金属部品,2019-12-04,16341,1867,30508647,12576497,3050864,1525432,17152793,13355854,43.78
2024-12-01,P0160,精密ピン HD,精密金属部品,2019-12-04,16540,1691,27969140,11529643,2796914,1398457,15725014,12244126,43.78
2025-01-01,P0160,精密ピン HD,精密金属部品,2019-12-04,16844,1763,29695972,12241490,2969597,1484798,16695885,13000087,43.78
2025-02-01,P0160,精密ピン HD,精密金属部品,2019-12-04,16654,2031,33824274,13943289,3382427,1691213,19016929,14807345,43.78
2025-03-01,P0160,精密ピン HD,精密金属部品,2019-12-04,16533,1889,31230837,12874203,3123083,1561541,17558827,13672010,43.78
2025-04-01,P0160,精密ピン HD,精密金属部品,2019-12-04,16352,1981,32393312,13353407,3239331,1619665,18212403,14180909,43.78
2025-05-01,P0160,精密ピン HD,精密金属部品,2019-12-04,16471,1640,27012440,11135265,2701244,1350622,15187131,11825309,43.78
2025-06-01,P0160,精密ピン HD,精密金属部品,2019-12-04,16719,1646,27519474,11344278,2751947,1375973,15472198,12047276,43.78
2025-07-01,P0160,精密ピン HD,精密金属部品,2019-12-04,16376,1535,25137160,10362223,2513716,1256858,14132797,11004363,43.78
2025-08-01,P0160,精密ピン HD,精密金属部品,2019-12-04,16932,2201,37267332,15362611,3726733,1863366,20952710,16314622,43.78
2025-09-01,P0160,精密ピン HD,精密金属部品,2019-12-04,16598,1886,31303828,12904292,3130382,1565191,17599865,13703963,43.78
2025-10-01,P0160,精密ピン HD,精密金属部品,2019-12-04,16293,2103,34264179,15537092,3426417,1713208,20676717,13587462,39.66
2025-11-01,P0160,精密ピン HD,精密金属部品,2019-12-04,16336,1841,30074576,13637317,3007457,1503728,18148502,11926074,39.66
2025-12-01,P0160,精密ピン HD,精密金属部品,2019-12-04,16923,1821,30816783,13973871,3081678,1540839,18596388,12220395,39.65
2026-01-01,P0160,精密ピン HD,精密金属部品,2019-12-04,16924,2088,35337312,16023705,3533731,1766865,21324301,14013011,39.65
2026-02-01,P0160,精密ピン HD,精密金属部品,2019-12-04,16673,2083,34729859,15748255,3472985,1736492,20957732,13772127,39.66
2026-03-01,P0160,精密ピン HD,精密金属部品,2019-12-04,16707,2089,34900923,15825824,3490092,1745046,21060962,13839961,39.65
2024-04-01,P0161,精密ブッシュ 小型,精密金属部品,2022-09-11,5110,924,4721640,2983872,472164,236082,3692118,1029522,21.8
2024-05-01,P0161,精密ブッシュ 小型,精密金属部品,2022-09-11,5103,911,4648833,2937861,464883,232441,3635185,1013648,21.8
2024-06-01,P0161,精密ブッシュ 小型,精密金属部品,2022-09-11,5119,865,4427935,2798263,442793,221396,3462452,965483,21.8
2024-07-01,P0161,精密ブッシュ 小型,精密金属部品,2022-09-11,5063,905,4582015,2895635,458201,229100,3582936,999079,21.8
2024-08-01,P0161,精密ブッシュ 小型,精密金属部品,2022-09-11,5037,1008,5077296,3208631,507729,253864,3970224,1107072,21.8
2024-09-01,P0161,精密ブッシュ 小型,精密金属部品,2022-09-11,5095,1195,6088525,3847684,608852,304426,4760962,1327563,21.8
2024-10-01,P0161,精密ブッシュ 小型,精密金属部品,2022-09-11,5009,948,4748532,3000866,474853,237426,3713145,1035387,21.8
2024-11-01,P0161,精密ブッシュ 小型,精密金属部品,2022-09-11,5131,1146,5880126,3715985,588012,294006,4598003,1282123,21.8
2024-12-01,P0161,精密ブッシュ 小型,精密金属部品,2022-09-11,5054,974,4922596,3110867,492259,246129,3849255,1073341,21.8
2025-01-01,P0161,精密ブッシュ 小型,精密金属部品,2022-09-11,5196,1107,5751972,3634997,575197,287598,4497792,1254180,21.8
2025-02-01,P0161,精密ブッシュ 小型,精密金属部品,2022-09-11,5031,960,4829760,3052199,482976,241488,3776663,1053097,21.8
2025-03-01,P0161,精密ブッシュ 小型,精密金属部品,2022-09-11,5005,850,4254250,2688501,425425,212712,3326638,927612,21.8
2025-04-01,P0161,精密ブッシュ 小型,精密金属部品,2022-09-11,5204,1106,5755624,3637305,575562,287781,4500648,1254976,21.8
2025-05-01,P0161,精密ブッシュ 小型,精密金属部品,2022-09-11,5164,1207,6232948,3938953,623294,311647,4873894,1359054,21.8
2025-06-01,P0161,精密ブッシュ 小型,精密金属部品,2022-09-11,5203,872,4537016,2867197,453701,226850,3547748,989268,21.8
2025-07-01,P0161,精密ブッシュ 小型,精密金属部品,2022-09-11,5072,939,4762608,3009762,476260,238130,3724152,1038456,21.8
2025-08-01,P0161,精密ブッシュ 小型,精密金属部品,2022-09-11,5013,1084,5434092,3434110,543409,271704,4249223,1184869,21.8
2025-09-01,P0161,精密ブッシュ 小型,精密金属部品,2022-09-11,5207,1139,5930773,3747991,593077,296538,4637606,1293167,21.8
2025-10-01,P0161,精密ブッシュ 小型,精密金属部品,2022-09-11,5163,1119,5777397,4016171,577739,288869,4882779,894618,15.48
2025-11-01,P0161,精密ブッシュ 小型,精密金属部品,2022-09-11,5017,964,4836388,3362026,483638,241819,4087483,748905,15.48
2025-12-01,P0161,精密ブッシュ 小型,精密金属部品,2022-09-11,5125,1126,5770750,4011550,577075,288537,4877162,893588,15.48
2026-01-01,P0161,精密ブッシュ 小型,精密金属部品,2022-09-11,5027,1173,5896671,4099084,589667,294833,4983584,913087,15.48
2026-02-01,P0161,精密ブッシュ 小型,精密金属部品,2022-09-11,5077,929,4716533,3278709,471653,235826,3986188,730345,15.48
2026-03-01,P0161,精密ブッシュ 小型,精密金属部品,2022-09-11,5164,1082,5587448,3884127,558744,279372,4722243,865205,15.48
2024-04-01,P0162,精密ブッシュ 中型,精密金属部品,2019-07-07,8106,354,2869524,1749055,286952,143476,2179483,690041,24.05
2024-05-01,P0162,精密ブッシュ 中型,精密金属部品,2019-07-07,8028,312,2504736,1526706,250473,125236,1902415,602321,24.05
2024-06-01,P0162,精密ブッシュ 中型,精密金属部品,2019-07-07,8139,366,2978874,1815707,297887,148943,2262537,716337,24.05
2024-07-01,P0162,精密ブッシュ 中型,精密金属部品,2019-07-07,8065,381,3072765,1872936,307276,153638,2333850,738915,24.05
2024-08-01,P0162,精密ブッシュ 中型,精密金属部品,2019-07-07,8215,404,3318860,2022938,331886,165943,2520767,798093,24.05
2024-09-01,P0162,精密ブッシュ 中型,精密金属部品,2019-07-07,8058,345,2780010,1694493,278001,139000,2111494,668516,24.05
2024-10-01,P0162,精密ブッシュ 中型,精密金属部品,2019-07-07,8199,417,3418983,2083965,341898,170949,2596812,822171,24.05
2024-11-01,P0162,精密ブッシュ 中型,精密金属部品,2019-07-07,8014,435,3486090,2124869,348609,174304,2647782,838308,24.05
2024-12-01,P0162,精密ブッシュ 中型,精密金属部品,2019-07-07,8238,391,3221058,1963325,322105,161052,2446482,774576,24.05
2025-01-01,P0162,精密ブッシュ 中型,精密金属部品,2019-07-07,8086,368,2975648,1813740,297564,148782,2260086,715562,24.05
2025-02-01,P0162,精密ブッシュ 中型,精密金属部品,2019-07-07,7983,460,3672180,2238296,367218,183609,2789123,883057,24.05
2025-03-01,P0162,精密ブッシュ 中型,精密金属部品,2019-07-07,8222,417,3428574,2089811,342857,171428,2604096,824478,24.05
2025-04-01,P0162,精密ブッシュ 中型,精密金属部品,2019-07-07,8178,331,2706918,1649942,270691,135345,2055978,650940,24.05
2025-05-01,P0162,精密ブッシュ 中型,精密金属部品,2019-07-07,8223,380,3124740,1904616,312474,156237,2373327,751413,24.05
2025-06-01,P0162,精密ブッシュ 中型,精密金属部品,2019-07-07,8229,448,3686592,2247081,368659,184329,2800069,886523,24.05
2025-07-01,P0162,精密ブッシュ 中型,精密金属部品,2019-07-07,8192,318,2605056,1587854,260505,130252,1978611,626445,24.05
2025-08-01,P0162,精密ブッシュ 中型,精密金属部品,2019-07-07,8148,450,3666600,2234895,366660,183330,2784885,881715,24.05
2025-09-01,P0162,精密ブッシュ 中型,精密金属部品,2019-07-07,7961,401,3192361,1945833,319236,159618,2424687,767674,24.05
2025-10-01,P0162,精密ブッシュ 中型,精密金属部品,2019-07-07,7961,440,3502840,2348586,350284,175142,2874012,628828,17.95
2025-11-01,P0162,精密ブッシュ 中型,精密金属部品,2019-07-07,8247,356,2935932,1968486,293593,146796,2408875,527057,17.95
2025-12-01,P0162,精密ブッシュ 中型,精密金属部品,2019-07-07,8268,454,3753672,2516764,375367,187683,3079814,673858,17.95
2026-01-01,P0162,精密ブッシュ 中型,精密金属部品,2019-07-07,8004,381,3049524,2044647,304952,152476,2502075,547449,17.95
2026-02-01,P0162,精密ブッシュ 中型,精密金属部品,2019-07-07,7980,383,3056340,2049217,305634,152817,2507668,548672,17.95
2026-03-01,P0162,精密ブッシュ 中型,精密金属部品,2019-07-07,8128,443,3600704,2414202,360070,180035,2954307,646397,17.95
2024-04-01,P0163,精密ブッシュ 大型,精密金属部品,2022-03-05,13569,29,393501,242990,39350,19675,302015,91486,23.25
2024-05-01,P0163,精密ブッシュ 大型,精密金属部品,2022-03-05,13731,41,562971,347639,56297,28148,432084,130887,23.25
2024-06-01,P0163,精密ブッシュ 大型,精密金属部品,2022-03-05,13435,29,389615,240590,38961,19480,299031,90584,23.25
2024-07-01,P0163,精密ブッシュ 大型,精密金属部品,2022-03-05,13403,34,455702,281399,45570,22785,349754,105948,23.25
2024-08-01,P0163,精密ブッシュ 大型,精密金属部品,2022-03-05,13703,42,575526,355392,57552,28776,441720,133806,23.25
2024-09-01,P0163,精密ブッシュ 大型,精密金属部品,2022-03-05,13777,30,413310,255222,41331,20665,317218,96092,23.25
2024-10-01,P0163,精密ブッシュ 大型,精密金属部品,2022-03-05,13481,34,458354,283037,45835,22917,351789,106565,23.25
2024-11-01,P0163,精密ブッシュ 大型,精密金属部品,2022-03-05,13355,36,480780,296885,48078,24039,369002,111778,23.25
2024-12-01,P0163,精密ブッシュ 大型,精密金属部品,2022-03-05,13808,35,483280,298429,48328,24164,370921,112359,23.25
2025-01-01,P0163,精密ブッシュ 大型,精密金属部品,2022-03-05,13535,42,568470,351034,56847,28423,436304,132166,23.25
2025-02-01,P0163,精密ブッシュ 大型,精密金属部品,2022-03-05,13472,37,498464,307805,49846,24923,382574,115890,23.25
2025-03-01,P0163,精密ブッシュ 大型,精密金属部品,2022-03-05,13486,36,485496,299797,48549,24274,372620,112876,23.25
2025-04-01,P0163,精密ブッシュ 大型,精密金属部品,2022-03-05,13442,36,483912,298819,48391,24195,371405,112507,23.25
2025-05-01,P0163,精密ブッシュ 大型,精密金属部品,2022-03-05,13831,42,580902,358711,58090,29045,445846,135056,23.25
2025-06-01,P0163,精密ブッシュ 大型,精密金属部品,2022-03-05,13771,33,454443,280622,45444,22722,348788,105655,23.25
2025-07-01,P0163,精密ブッシュ 大型,精密金属部品,2022-03-05,13751,30,412530,254740,41253,20626,316619,95911,23.25
2025-08-01,P0163,精密ブッシュ 大型,精密金属部品,2022-03-05,13422,32,429504,265222,42950,21475,329647,99857,23.25
2025-09-01,P0163,精密ブッシュ 大型,精密金属部品,2022-03-05,13604,38,516952,319222,51695,25847,396764,120188,23.25
2025-10-01,P0163,精密ブッシュ 大型,精密金属部品,2022-03-05,13632,36,490752,333347,49075,24537,406959,83793,17.07
2025-11-01,P0163,精密ブッシュ 大型,精密金属部品,2022-03-05,13376,29,387904,263487,38790,19395,321672,66232,17.07
2025-12-01,P0163,精密ブッシュ 大型,精密金属部品,2022-03-05,13688,37,506456,344014,50645,25322,419981,86475,17.07
2026-01-01,P0163,精密ブッシュ 大型,精密金属部品,2022-03-05,13554,29,393066,266993,39306,19653,325952,67114,17.07
2026-02-01,P0163,精密ブッシュ 大型,精密金属部品,2022-03-05,13706,37,507122,344467,50712,25356,420535,86587,17.07
2026-03-01,P0163,精密ブッシュ 大型,精密金属部品,2022-03-05,13577,40,543080,368892,54308,27154,450354,92726,17.07
2024-04-01,P0164,精密ブッシュ 業務用,精密金属部品,2020-12-02,17743,120,2129160,1030050,212916,106458,1349424,779736,36.62
2024-05-01,P0164,精密ブッシュ 業務用,精密金属部品,2020-12-02,17523,95,1664685,805345,166468,83234,1055047,609638,36.62
2024-06-01,P0164,精密ブッシュ 業務用,精密金属部品,2020-12-02,17663,132,2331516,1127947,233151,116575,1477673,853843,36.62
2024-07-01,P0164,精密ブッシュ 業務用,精密金属部品,2020-12-02,17933,122,2187826,1058432,218782,109391,1386605,801221,36.62
2024-08-01,P0164,精密ブッシュ 業務用,精密金属部品,2020-12-02,18116,111,2010876,972827,201087,100543,1274457,736419,36.62
2024-09-01,P0164,精密ブッシュ 業務用,精密金属部品,2020-12-02,17536,125,2192000,1060451,219200,109600,1389251,802749,36.62
2024-10-01,P0164,精密ブッシュ 業務用,精密金属部品,2020-12-02,17883,129,2306907,1116041,230690,115345,1462076,844831,36.62
2024-11-01,P0164,精密ブッシュ 業務用,精密金属部品,2020-12-02,18040,109,1966360,951291,196636,98318,1246245,720115,36.62
2024-12-01,P0164,精密ブッシュ 業務用,精密金属部品,2020-12-02,17742,125,2217750,1072909,221775,110887,1405571,812179,36.62
2025-01-01,P0164,精密ブッシュ 業務用,精密金属部品,2020-12-02,17984,138,2481792,1200648,248179,124089,1572916,908876,36.62
2025-02-01,P0164,精密ブッシュ 業務用,精密金属部品,2020-12-02,17570,121,2125970,1028507,212597,106298,1347402,778568,36.62
2025-03-01,P0164,精密ブッシュ 業務用,精密金属部品,2020-12-02,17840,106,1891040,914852,189104,94552,1198508,692532,36.62
2025-04-01,P0164,精密ブッシュ 業務用,精密金属部品,2020-12-02,17887,122,2182214,1055717,218221,109110,1383048,799166,36.62
2025-05-01,P0164,精密ブッシュ 業務用,精密金属部品,2020-12-02,17708,128,2266624,1096553,226662,113331,1436546,830078,36.62
2025-06-01,P0164,精密ブッシュ 業務用,精密金属部品,2020-12-02,18104,125,2263000,1094800,226300,113150,1434250,828750,36.62
2025-07-01,P0164,精密ブッシュ 業務用,精密金属部品,2020-12-02,18071,128,2313088,1119032,231308,115654,1465994,847094,36.62
2025-08-01,P0164,精密ブッシュ 業務用,精密金属部品,2020-12-02,17580,134,2355720,1139656,235572,117786,1493014,862706,36.62
2025-09-01,P0164,精密ブッシュ 業務用,精密金属部品,2020-12-02,18213,125,2276625,1101391,227662,113831,1442884,833741,36.62
2025-10-01,P0164,精密ブッシュ 業務用,精密金属部品,2020-12-02,17675,119,2103325,1119307,210332,105166,1434805,668520,31.78
2025-11-01,P0164,精密ブッシュ 業務用,精密金属部品,2020-12-02,17645,139,2452655,1305207,245265,122632,1673104,779551,31.78
2025-12-01,P0164,精密ブッシュ 業務用,精密金属部品,2020-12-02,17643,108,1905444,1014003,190544,95272,1299819,605625,31.78
2026-01-01,P0164,精密ブッシュ 業務用,精密金属部品,2020-12-02,17819,114,2031366,1081013,203136,101568,1385717,645649,31.78
2026-02-01,P0164,精密ブッシュ 業務用,精密金属部品,2020-12-02,18184,116,2109344,1122510,210934,105467,1438911,670433,31.78
2026-03-01,P0164,精密ブッシュ 業務用,精密金属部品,2020-12-02,17888,115,2057120,1094719,205712,102856,1403287,653833,31.78
2024-04-01,P0165,精密ブッシュ HD,精密金属部品,2021-01-26,24967,80,1997360,1258323,199736,99868,1557927,439433,22.0
2024-05-01,P0165,精密ブッシュ HD,精密金属部品,2021-01-26,25360,57,1445520,910667,144552,72276,1127495,318025,22.0
2024-06-01,P0165,精密ブッシュ HD,精密金属部品,2021-01-26,25283,81,2047923,1290177,204792,102396,1597365,450558,22.0
2024-07-01,P0165,精密ブッシュ HD,精密金属部品,2021-01-26,25473,63,1604799,1011012,160479,80239,1251730,353069,22.0
2024-08-01,P0165,精密ブッシュ HD,精密金属部品,2021-01-26,25295,76,1922420,1211111,192242,96121,1499474,422946,22.0
2024-09-01,P0165,精密ブッシュ HD,精密金属部品,2021-01-26,25516,82,2092312,1318142,209231,104615,1631988,460324,22.0
2024-10-01,P0165,精密ブッシュ HD,精密金属部品,2021-01-26,25396,76,1930096,1215947,193009,96504,1505460,424636,22.0
2024-11-01,P0165,精密ブッシュ HD,精密金属部品,2021-01-26,25255,76,1919380,1209196,191938,95969,1497103,422277,22.0
2024-12-01,P0165,精密ブッシュ HD,精密金属部品,2021-01-26,25441,70,1780870,1121935,178087,89043,1389065,391805,22.0
2025-01-01,P0165,精密ブッシュ HD,精密金属部品,2021-01-26,25219,74,1866206,1175697,186620,93310,1455627,410579,22.0
2025-02-01,P0165,精密ブッシュ HD,精密金属部品,2021-01-26,25433,60,1525980,961356,152598,76299,1190253,335727,22.0
2025-03-01,P0165,精密ブッシュ HD,精密金属部品,2021-01-26,25070,75,1880250,1184544,188025,94012,1466581,413669,22.0
2025-04-01,P0165,精密ブッシュ HD,精密金属部品,2021-01-26,24974,67,1673258,1054141,167325,83662,1305128,368130,22.0
2025-05-01,P0165,精密ブッシュ HD,精密金属部品,2021-01-26,25593,84,2149812,1354366,214981,107490,1676837,472975,22.0
2025-06-01,P0165,精密ブッシュ HD,精密金属部品,2021-01-26,25130,73,1834490,1155716,183449,91724,1430889,403601,22.0
2025-07-01,P0165,精密ブッシュ HD,精密金属部品,2021-01-26,25257,78,1970046,1241115,197004,98502,1536621,433425,22.0
2025-08-01,P0165,精密ブッシュ HD,精密金属部品,2021-01-26,24781,85,2106385,1327008,210638,105319,1642965,463420,22.0
2025-09-01,P0165,精密ブッシュ HD,精密金属部品,2021-01-26,25299,58,1467342,924415,146734,73367,1144516,322826,22.0
2025-10-01,P0165,精密ブッシュ HD,精密金属部品,2021-01-26,25335,63,1596105,1106088,159610,79805,1345503,250602,15.7
2025-11-01,P0165,精密ブッシュ HD,精密金属部品,2021-01-26,24864,79,1964256,1361214,196425,98212,1655851,308405,15.7
2025-12-01,P0165,精密ブッシュ HD,精密金属部品,2021-01-26,25420,69,1753980,1215494,175398,87699,1478591,275389,15.7
2026-01-01,P0165,精密ブッシュ HD,精密金属部品,2021-01-26,25226,81,2043306,1415995,204330,102165,1722490,320816,15.7
2026-02-01,P0165,精密ブッシュ HD,精密金属部品,2021-01-26,25316,63,1594908,1105259,159490,79745,1344494,250414,15.7
2026-03-01,P0165,精密ブッシュ HD,精密金属部品,2021-01-26,25504,70,1785280,1237185,178528,89264,1504977,280303,15.7
2024-04-01,P0166,光学マウント 小型,精密金属部品,2023-04-24,25914,107,2772798,1278204,277279,138639,1694122,1078676,38.9
2024-05-01,P0166,光学マウント 小型,精密金属部品,2023-04-24,25322,118,2987996,1377406,298799,149399,1825604,1162392,38.9
2024-06-01,P0166,光学マウント 小型,精密金属部品,2023-04-24,26113,120,3133560,1444508,313356,156678,1914542,1219018,38.9
2024-07-01,P0166,光学マウント 小型,精密金属部品,2023-04-24,25446,127,3231642,1489722,323164,161582,1974468,1257174,38.9
2024-08-01,P0166,光学マウント 小型,精密金属部品,2023-04-24,25429,127,3229483,1488727,322948,161474,1973149,1256334,38.9
2024-09-01,P0166,光学マウント 小型,精密金属部品,2023-04-24,25680,119,3055920,1408718,305592,152796,1867106,1188814,38.9
2024-10-01,P0166,光学マウント 小型,精密金属部品,2023-04-24,25496,105,2677080,1234080,267708,133854,1635642,1041438,38.9
2024-11-01,P0166,光学マウント 小型,精密金属部品,2023-04-24,25397,138,3504786,1615636,350478,175239,2141353,1363433,38.9
2024-12-01,P0166,光学マウント 小型,精密金属部品,2023-04-24,25824,131,3382944,1559469,338294,169147,2066910,1316034,38.9
2025-01-01,P0166,光学マウント 小型,精密金属部品,2023-04-24,25281,119,3008439,1386830,300843,150421,1838094,1170345,38.9
2025-02-01,P0166,光学マウント 小型,精密金属部品,2023-04-24,25323,103,2608269,1202360,260826,130413,1593599,1014670,38.9
2025-03-01,P0166,光学マウント 小型,精密金属部品,2023-04-24,26138,121,3162698,1457940,316269,158134,1932343,1230355,38.9
2025-04-01,P0166,光学マウント 小型,精密金属部品,2023-04-24,25165,135,3397275,1566076,339727,169863,2075666,1321609,38.9
2025-05-01,P0166,光学マウント 小型,精密金属部品,2023-04-24,25301,107,2707207,1247968,270720,135360,1654048,1053159,38.9
2025-06-01,P0166,光学マウント 小型,精密金属部品,2023-04-24,25381,140,3553340,1638018,355334,177667,2171019,1382321,38.9
2025-07-01,P0166,光学マウント 小型,精密金属部品,2023-04-24,25777,103,2655031,1223916,265503,132751,1622170,1032861,38.9
2025-08-01,P0166,光学マウント 小型,精密金属部品,2023-04-24,25371,120,3044520,1403463,304452,152226,1860141,1184379,38.9
2025-09-01,P0166,光学マウント 小型,精密金属部品,2023-04-24,25239,125,3154875,1454334,315487,157743,1927564,1227311,38.9
2025-10-01,P0166,光学マウント 小型,精密金属部品,2023-04-24,25224,95,2396280,1215101,239628,119814,1574543,821737,34.29
2025-11-01,P0166,光学マウント 小型,精密金属部品,2023-04-24,26140,111,2901540,1471307,290154,145077,1906538,995002,34.29
2025-12-01,P0166,光学マウント 小型,精密金属部品,2023-04-24,25914,120,3109680,1576850,310968,155484,2043302,1066378,34.29
2026-01-01,P0166,光学マウント 小型,精密金属部品,2023-04-24,25878,109,2820702,1430316,282070,141035,1853421,967281,34.29
2026-02-01,P0166,光学マウント 小型,精密金属部品,2023-04-24,25507,139,3545473,1797831,354547,177273,2329651,1215822,34.29
2026-03-01,P0166,光学マウント 小型,精密金属部品,2023-04-24,25795,141,3637095,1844291,363709,181854,2389854,1247241,34.29
2024-04-01,P0167,光学マウント 中型,精密金属部品,2020-02-22,44945,138,6202410,3061942,620241,310120,3992303,2210107,35.63
2024-05-01,P0167,光学マウント 中型,精密金属部品,2020-02-22,45505,154,7007770,3459523,700777,350388,4510688,2497082,35.63
2024-06-01,P0167,光学マウント 中型,精密金属部品,2020-02-22,44505,178,7921890,3910797,792189,396094,5099080,2822810,35.63
2024-07-01,P0167,光学マウント 中型,精密金属部品,2020-02-22,45377,180,8167860,4032225,816786,408393,5257404,2910456,35.63
2024-08-01,P0167,光学マウント 中型,精密金属部品,2020-02-22,43942,159,6986778,3449160,698677,349338,4497175,2489603,35.63
2024-09-01,P0167,光学マウント 中型,精密金属部品,2020-02-22,43933,132,5799156,2862867,579915,289957,3732739,2066417,35.63
2024-10-01,P0167,光学マウント 中型,精密金属部品,2020-02-22,45542,129,5874918,2900269,587491,293745,3781505,2093413,35.63
2024-11-01,P0167,光学マウント 中型,精密金属部品,2020-02-22,45031,135,6079185,3001109,607918,303959,3912986,2166199,35.63
2024-12-01,P0167,光学マウント 中型,精密金属部品,2020-02-22,44924,161,7232764,3570596,723276,361638,4655510,2577254,35.63
2025-01-01,P0167,光学マウント 中型,精密金属部品,2020-02-22,44831,135,6052185,2987780,605218,302609,3895607,2156578,35.63
2025-02-01,P0167,光学マウント 中型,精密金属部品,2020-02-22,44815,161,7215215,3561933,721521,360760,4644214,2571001,35.63
2025-03-01,P0167,光学マウント 中型,精密金属部品,2020-02-22,45088,134,6041792,2982649,604179,302089,3888917,2152875,35.63
2025-04-01,P0167,光学マウント 中型,精密金属部品,2020-02-22,44853,127,5696331,2812106,569633,284816,3666555,2029776,35.63
2025-05-01,P0167,光学マウント 中型,精密金属部品,2020-02-22,44243,149,6592207,3254373,659220,329610,4243203,2349004,35.63
2025-06-01,P0167,光学マウント 中型,精密金属部品,2020-02-22,44110,172,7586920,3745432,758692,379346,4883470,2703450,35.63
2025-07-01,P0167,光学マウント 中型,精密金属部品,2020-02-22,45377,180,8167860,4032225,816786,408393,5257404,2910456,35.63
2025-08-01,P0167,光学マウント 中型,精密金属部品,2020-02-22,44341,144,6385104,3152132,638510,319255,4109897,2275207,35.63
2025-09-01,P0167,光学マウント 中型,精密金属部品,2020-02-22,45434,131,5951854,2938250,595185,297592,3831027,2120827,35.63
2025-10-01,P0167,光学マウント 中型,精密金属部品,2020-02-22,43853,161,7060333,3834020,706033,353016,4893069,2167264,30.7
2025-11-01,P0167,光学マウント 中型,精密金属部品,2020-02-22,43949,154,6768146,3675351,676814,338407,4690572,2077574,30.7
2025-12-01,P0167,光学マウント 中型,精密金属部品,2020-02-22,44706,158,7063548,3835765,706354,353177,4895296,2168252,30.7
2026-01-01,P0167,光学マウント 中型,精密金属部品,2020-02-22,45254,127,5747258,3120972,574725,287362,3983059,1764199,30.7
2026-02-01,P0167,光学マウント 中型,精密金属部品,2020-02-22,44764,138,6177432,3354572,617743,308871,4281186,1896246,30.7
2026-03-01,P0167,光学マウント 中型,精密金属部品,2020-02-22,45516,162,7373592,4004131,737359,368679,5110169,2263423,30.7
2024-04-01,P0168,光学マウント 大型,精密金属部品,2020-08-11,69737,124,8647388,3956903,864738,432369,5254010,3393378,39.24
2024-05-01,P0168,光学マウント 大型,精密金属部品,2020-08-11,69403,121,8397763,3842678,839776,419888,5102342,3295421,39.24
2024-06-01,P0168,光学マウント 大型,精密金属部品,2020-08-11,68990,115,7933850,3630399,793385,396692,4820476,3113374,39.24
2024-07-01,P0168,光学マウント 大型,精密金属部品,2020-08-11,71418,127,9070086,4150322,907008,453504,5510834,3559252,39.24
2024-08-01,P0168,光学マウント 大型,精密金属部品,2020-08-11,70212,103,7231836,3309169,723183,361591,4393943,2837893,39.24
2024-09-01,P0168,光学マウント 大型,精密金属部品,2020-08-11,69513,110,7646430,3498881,764643,382321,4645845,3000585,39.24
2024-10-01,P0168,光学マウント 大型,精密金属部品,2020-08-11,70702,113,7989326,3655784,798932,399466,4854182,3135144,39.24
2024-11-01,P0168,光学マウント 大型,精密金属部品,2020-08-11,69156,107,7399692,3385977,739969,369984,4495930,2903762,39.24
2024-12-01,P0168,光学マウント 大型,精密金属部品,2020-08-11,69064,124,8563936,3918716,856393,428196,5203305,3360631,39.24
2025-01-01,P0168,光学マウント 大型,精密金属部品,2020-08-11,69031,111,7662441,3506207,766244,383122,4655573,3006868,39.24
2025-02-01,P0168,光学マウント 大型,精密金属部品,2020-08-11,68799,91,6260709,2864797,626070,313035,3803902,2456807,39.24
2025-03-01,P0168,光学マウント 大型,精密金属部品,2020-08-11,70536,100,7053600,3227611,705360,352680,4285651,2767949,39.24
2025-04-01,P0168,光学マウント 大型,精密金属部品,2020-08-11,70634,107,7557838,3458342,755783,377891,4592016,2965822,39.24
2025-05-01,P0168,光学マウント 大型,精密金属部品,2020-08-11,69135,113,7812255,3574759,781225,390612,4746596,3065659,39.24
2025-06-01,P0168,光学マウント 大型,精密金属部品,2020-08-11,70496,87,6133152,2806429,613315,306657,3726401,2406751,39.24
2025-07-01,P0168,光学マウント 大型,精密金属部品,2020-08-11,70304,112,7874048,3603035,787404,393702,4784141,3089907,39.24
2025-08-01,P0168,光学マウント 大型,精密金属部品,2020-08-11,71016,95,6746520,3087096,674652,337326,4099074,2647446,39.24
2025-09-01,P0168,光学マウント 大型,精密金属部品,2020-08-11,70516,88,6205408,2839492,620540,310270,3770302,2435106,39.24
2025-10-01,P0168,光学マウント 大型,精密金属部品,2020-08-11,70578,90,6352020,3197238,635202,317601,4150041,2201979,34.67
2025-11-01,P0168,光学マウント 大型,精密金属部品,2020-08-11,70756,102,7217112,3632675,721711,360855,4715241,2501871,34.67
2025-12-01,P0168,光学マウント 大型,精密金属部品,2020-08-11,70299,87,6116013,3078446,611601,305800,3995847,2120166,34.67
2026-01-01,P0168,光学マウント 大型,精密金属部品,2020-08-11,70656,91,6429696,3236335,642969,321484,4200788,2228908,34.67
2026-02-01,P0168,光学マウント 大型,精密金属部品,2020-08-11,68948,90,6205320,3123397,620532,310266,4054195,2151125,34.67
2026-03-01,P0168,光学マウント 大型,精密金属部品,2020-08-11,68920,115,7925800,3989387,792580,396290,5178257,2747543,34.67
2024-04-01,P0169,光学マウント 業務用,精密金属部品,2023-04-26,98529,127,12513183,8654694,1251318,625659,10531671,1981512,15.84
2024-05-01,P0169,光学マウント 業務用,精密金属部品,2023-04-26,96647,129,12467463,8623072,1246746,623373,10493191,1974272,15.84
2024-06-01,P0169,光学マウント 業務用,精密金属部品,2023-04-26,98388,114,11216232,7757663,1121623,560811,9440097,1776135,15.84
2024-07-01,P0169,光学マウント 業務用,精密金属部品,2023-04-26,98197,96,9426912,6520087,942691,471345,7934123,1492789,15.84
2024-08-01,P0169,光学マウント 業務用,精密金属部品,2023-04-26,98932,94,9299608,6432038,929960,464980,7826978,1472630,15.84
2024-09-01,P0169,光学マウント 業務用,精密金属部品,2023-04-26,97297,119,11578343,8008116,1157834,578917,9744867,1833476,15.84
2024-10-01,P0169,光学マウント 業務用,精密金属部品,2023-04-26,96083,112,10761296,7443008,1076129,538064,9057201,1704095,15.84
2024-11-01,P0169,光学マウント 業務用,精密金属部品,2023-04-26,98208,106,10410048,7200069,1041004,520502,8761575,1648473,15.84
2024-12-01,P0169,光学マウント 業務用,精密金属部品,2023-04-26,97438,114,11107932,7682758,1110793,555396,9348947,1758985,15.84
2025-01-01,P0169,光学マウント 業務用,精密金属部品,2023-04-26,98065,99,9708435,6714801,970843,485421,8171065,1537370,15.84
2025-02-01,P0169,光学マウント 業務用,精密金属部品,2023-04-26,96088,108,10377504,7177560,1037750,518875,8734185,1643319,15.84
2025-03-01,P0169,光学マウント 業務用,精密金属部品,2023-04-26,97350,133,12947550,8955123,1294755,647377,10897255,2050295,15.84
2025-04-01,P0169,光学マウント 業務用,精密金属部品,2023-04-26,99197,114,11308458,7821451,1130845,565422,9517718,1790740,15.84
2025-05-01,P0169,光学マウント 業務用,精密金属部品,2023-04-26,99048,107,10598136,7330160,1059813,529906,8919879,1678257,15.84
2025-06-01,P0169,光学マウント 業務用,精密金属部品,2023-04-26,97842,121,11838882,8188317,1183888,591944,9964149,1874733,15.84
2025-07-01,P0169,光学マウント 業務用,精密金属部品,2023-04-26,95579,101,9653479,6676791,965347,482673,8124811,1528668,15.84
2025-08-01,P0169,光学マウント 業務用,精密金属部品,2023-04-26,95417,110,10495870,7259428,1049587,524793,8833808,1662062,15.84
2025-09-01,P0169,光学マウント 業務用,精密金属部品,2023-04-26,97695,93,9085635,6284044,908563,454281,7646888,1438747,15.84
2025-10-01,P0169,光学マウント 業務用,精密金属部品,2023-04-26,96031,123,11811813,8986554,1181181,590590,10758325,1053488,8.92
2025-11-01,P0169,光学マウント 業務用,精密金属部品,2023-04-26,99074,123,12186102,9271317,1218610,609305,11099232,1086870,8.92
2025-12-01,P0169,光学マウント 業務用,精密金属部品,2023-04-26,98432,124,12205568,9286127,1220556,610278,11116961,1088607,8.92
2026-01-01,P0169,光学マウント 業務用,精密金属部品,2023-04-26,96252,122,11742744,8934006,1174274,587137,10695417,1047327,8.92
2026-02-01,P0169,光学マウント 業務用,精密金属部品,2023-04-26,99072,106,10501632,7989754,1050163,525081,9564998,936634,8.92
2026-03-01,P0169,光学マウント 業務用,精密金属部品,2023-04-26,98449,120,11813880,8988127,1181388,590694,10760209,1053671,8.92
2024-04-01,P0170,光学マウント HD,精密金属部品,2022-07-22,129351,693,89640243,36365691,8964024,4482012,49811727,39828516,44.43
2024-05-01,P0170,光学マウント HD,精密金属部品,2022-07-22,127802,821,104925442,42566665,10492544,5246272,58305481,46619961,44.43
2024-06-01,P0170,光学マウント HD,精密金属部品,2022-07-22,131889,798,105247422,42697288,10524742,5262371,58484401,46763021,44.43
2024-07-01,P0170,光学マウント HD,精密金属部品,2022-07-22,129214,811,104792554,42512754,10479255,5239627,58231636,46560918,44.43
2024-08-01,P0170,光学マウント HD,精密金属部品,2022-07-22,128436,846,108656856,44080443,10865685,5432842,60378970,48277886,44.43
2024-09-01,P0170,光学マウント HD,精密金属部品,2022-07-22,128201,899,115252699,46756277,11525269,5762634,64044180,51208519,44.43
2024-10-01,P0170,光学マウント HD,精密金属部品,2022-07-22,130269,889,115809141,46982017,11580914,5790457,64353388,51455753,44.43
2024-11-01,P0170,光学マウント HD,精密金属部品,2022-07-22,130284,754,98234136,39852103,9823413,4911706,54587222,43646914,44.43
2024-12-01,P0170,光学マウント HD,精密金属部品,2022-07-22,130060,683,88830980,36037385,8883098,4441549,49362032,39468948,44.43
2025-01-01,P0170,光学マウント HD,精密金属部品,2022-07-22,131849,885,116686365,47337894,11668636,5834318,64840848,51845517,44.43
2025-02-01,P0170,光学マウント HD,精密金属部品,2022-07-22,131184,672,88155648,35763413,8815564,4407782,48986759,39168889,44.43
2025-03-01,P0170,光学マウント HD,精密金属部品,2022-07-22,131947,887,117036989,47480137,11703698,5851849,65035684,52001305,44.43
2025-04-01,P0170,光学マウント HD,精密金属部品,2022-07-22,127926,753,96328278,39078926,9632827,4816413,53528166,42800112,44.43
2025-05-01,P0170,光学マウント HD,精密金属部品,2022-07-22,129738,910,118061580,47895798,11806158,5903079,65605035,52456545,44.43
2025-06-01,P0170,光学マウント HD,精密金属部品,2022-07-22,131633,733,96486989,39143312,9648698,4824349,53616359,42870630,44.43
2025-07-01,P0170,光学マウント HD,精密金属部品,2022-07-22,132025,703,92813575,37653064,9281357,4640678,51575099,41238476,44.43
2025-08-01,P0170,光学マウント HD,精密金属部品,2022-07-22,131535,645,84840075,34418335,8484007,4242003,47144345,37695730,44.43
2025-09-01,P0170,光学マウント HD,精密金属部品,2022-07-22,132864,921,122367744,49642743,12236774,6118387,67997904,54369840,44.43
2025-10-01,P0170,光学マウント HD,精密金属部品,2022-07-22,132213,908,120049404,53572451,12004940,6002470,71579861,48469543,40.37
2025-11-01,P0170,光学マウント HD,精密金属部品,2022-07-22,132712,708,93960096,41930009,9396009,4698004,56024022,37936074,40.37
2025-12-01,P0170,光学マウント HD,精密金属部品,2022-07-22,130460,909,118588140,52920357,11858814,5929407,70708578,47879562,40.37
2026-01-01,P0170,光学マウント HD,精密金属部品,2022-07-22,128244,746,95670024,42693070,9567002,4783501,57043573,38626451,40.37
2026-02-01,P0170,光学マウント HD,精密金属部品,2022-07-22,131326,804,105586104,47118154,10558610,5279305,62956069,42630035,40.37
2026-03-01,P0170,光学マウント HD,精密金属部品,2022-07-22,129791,747,96953877,43265994,9695387,4847693,57809074,39144803,40.37
2024-04-01,P0171,医療機器部品 小型,精密金属部品,2022-07-12,39507,39,1540773,928467,154077,77038,1159582,381191,24.74
2024-05-01,P0171,医療機器部品 小型,精密金属部品,2022-07-12,38239,44,1682516,1013881,168251,84125,1266257,416259,24.74
2024-06-01,P0171,医療機器部品 小型,精密金属部品,2022-07-12,39350,38,1495300,901065,149530,74765,1125360,369940,24.74
2024-07-01,P0171,医療機器部品 小型,精密金属部品,2022-07-12,38168,55,2099240,1264999,209924,104962,1579885,519355,24.74
2024-08-01,P0171,医療機器部品 小型,精密金属部品,2022-07-12,38716,41,1587356,956538,158735,79367,1194640,392716,24.74
2024-09-01,P0171,医療機器部品 小型,精密金属部品,2022-07-12,39162,42,1644804,991156,164480,82240,1237876,406928,24.74
2024-10-01,P0171,医療機器部品 小型,精密金属部品,2022-07-12,38874,39,1516086,913591,151608,75804,1141003,375083,24.74
2024-11-01,P0171,医療機器部品 小型,精密金属部品,2022-07-12,38742,46,1782132,1073910,178213,89106,1341229,440903,24.74
2024-12-01,P0171,医療機器部品 小型,精密金属部品,2022-07-12,38258,46,1759868,1060494,175986,87993,1324473,435395,24.74
2025-01-01,P0171,医療機器部品 小型,精密金属部品,2022-07-12,38121,43,1639203,987781,163920,81960,1233661,405542,24.74
2025-02-01,P0171,医療機器部品 小型,精密金属部品,2022-07-12,39538,40,1581520,953021,158152,79076,1190249,391271,24.74
2025-03-01,P0171,医療機器部品 小型,精密金属部品,2022-07-12,38497,44,1693868,1020722,169386,84693,1274801,419067,24.74
2025-04-01,P0171,医療機器部品 小型,精密金属部品,2022-07-12,39192,41,1606872,968298,160687,80343,1209328,397544,24.74
2025-05-01,P0171,医療機器部品 小型,精密金属部品,2022-07-12,39246,56,2197776,1324376,219777,109888,1654041,543735,24.74
2025-06-01,P0171,医療機器部品 小型,精密金属部品,2022-07-12,39283,50,1964150,1183594,196415,98207,1478216,485934,24.74
2025-07-01,P0171,医療機器部品 小型,精密金属部品,2022-07-12,39354,46,1810284,1090874,181028,90514,1362416,447868,24.74
2025-08-01,P0171,医療機器部品 小型,精密金属部品,2022-07-12,38023,54,2053242,1237280,205324,102662,1545266,507976,24.74
2025-09-01,P0171,医療機器部品 小型,精密金属部品,2022-07-12,38431,48,1844688,1111606,184468,92234,1388308,456380,24.74
2025-10-01,P0171,医療機器部品 小型,精密金属部品,2022-07-12,39334,40,1573360,1042915,157336,78668,1278919,294441,18.71
2025-11-01,P0171,医療機器部品 小型,精密金属部品,2022-07-12,39154,38,1487852,986235,148785,74392,1209412,278440,18.71
2025-12-01,P0171,医療機器部品 小型,精密金属部品,2022-07-12,38769,57,2209833,1464806,220983,110491,1796280,413553,18.71
2026-01-01,P0171,医療機器部品 小型,精密金属部品,2022-07-12,38961,45,1753245,1162153,175324,87662,1425139,328106,18.71
2026-02-01,P0171,医療機器部品 小型,精密金属部品,2022-07-12,38393,54,2073222,1374252,207322,103661,1685235,387987,18.71
2026-03-01,P0171,医療機器部品 小型,精密金属部品,2022-07-12,38963,43,1675409,1110559,167540,83770,1361869,313540,18.71
2024-04-01,P0172,医療機器部品 中型,精密金属部品,2022-02-05,65916,694,45745704,21422962,4574570,2287285,28284817,17460887,38.17
2024-05-01,P0172,医療機器部品 中型,精密金属部品,2022-02-05,65385,904,59108040,27680617,5910804,2955402,36546823,22561217,38.17
2024-06-01,P0172,医療機器部品 中型,精密金属部品,2022-02-05,66480,627,41682960,19520357,4168296,2084148,25772801,15910159,38.17
2024-07-01,P0172,医療機器部品 中型,精密金属部品,2022-02-05,65396,611,39956956,18712060,3995695,1997847,24705602,15251354,38.17
2024-08-01,P0172,医療機器部品 中型,精密金属部品,2022-02-05,66665,792,52798680,24725909,5279868,2639934,32645711,20152969,38.17
2024-09-01,P0172,医療機器部品 中型,精密金属部品,2022-02-05,65934,758,49977972,23404956,4997797,2498898,30901651,19076321,38.17
2024-10-01,P0172,医療機器部品 中型,精密金属部品,2022-02-05,66622,778,51831916,24273168,5183191,2591595,32047954,19783962,38.17
2024-11-01,P0172,医療機器部品 中型,精密金属部品,2022-02-05,67018,847,56764246,26583005,5676424,2838212,35097641,21666605,38.17
2024-12-01,P0172,医療機器部品 中型,精密金属部品,2022-02-05,67287,805,54166035,25366249,5416603,2708301,33491153,20674882,38.17
2025-01-01,P0172,医療機器部品 中型,精密金属部品,2022-02-05,65271,857,55937247,26195717,5593724,2796862,34586303,21350944,38.17
2025-02-01,P0172,医療機器部品 中型,精密金属部品,2022-02-05,67281,893,60081933,28136696,6008193,3004096,37148985,22932948,38.17
2025-03-01,P0172,医療機器部品 中型,精密金属部品,2022-02-05,64971,701,45544671,21328817,4554467,2277233,28160517,17384154,38.17
2025-04-01,P0172,医療機器部品 中型,精密金属部品,2022-02-05,66079,786,51938094,24322892,5193809,2596904,32113605,19824489,38.17
2025-05-01,P0172,医療機器部品 中型,精密金属部品,2022-02-05,66308,830,55035640,25773489,5503564,2751782,34028835,21006805,38.17
2025-06-01,P0172,医療機器部品 中型,精密金属部品,2022-02-05,65566,627,41109882,19251981,4110988,2055494,25418463,15691419,38.17
2025-07-01,P0172,医療機器部品 中型,精密金属部品,2022-02-05,65018,871,56630678,26520454,5663067,2831533,35015054,21615624,38.17
2025-08-01,P0172,医療機器部品 中型,精密金属部品,2022-02-05,65691,827,54326457,25441375,5432645,2716322,33590342,20736115,38.17
2025-09-01,P0172,医療機器部品 中型,精密金属部品,2022-02-05,66325,741,49146825,23015725,4914682,2457341,30387748,18759077,38.17
2025-10-01,P0172,医療機器部品 中型,精密金属部品,2022-02-05,66645,679,45251955,23310910,4525195,2262597,30098702,15153253,33.49
2025-11-01,P0172,医療機器部品 中型,精密金属部品,2022-02-05,65143,813,52961259,27282250,5296125,2648062,35226437,17734822,33.49
2025-12-01,P0172,医療機器部品 中型,精密金属部品,2022-02-05,66890,717,47960130,24705989,4796013,2398006,31900008,16060122,33.49
2026-01-01,P0172,医療機器部品 中型,精密金属部品,2022-02-05,66361,822,54548742,28100020,5454874,2727437,36282331,18266411,33.49
2026-02-01,P0172,医療機器部品 中型,精密金属部品,2022-02-05,65203,839,54705317,28180677,5470531,2735265,36386473,18318844,33.49
2026-03-01,P0172,医療機器部品 中型,精密金属部品,2022-02-05,66660,640,42662400,21976937,4266240,2133120,28376297,14286103,33.49
2024-04-01,P0173,医療機器部品 大型,精密金属部品,2023-06-25,102091,161,16436651,8257844,1643665,821832,10723341,5713310,34.76
2024-05-01,P0173,医療機器部品 大型,精密金属部品,2023-06-25,104076,144,14986944,7529505,1498694,749347,9777546,5209398,34.76
2024-06-01,P0173,医療機器部品 大型,精密金属部品,2023-06-25,103481,127,13142087,6602641,1314208,657104,8573953,4568134,34.76
2024-07-01,P0173,医療機器部品 大型,精密金属部品,2023-06-25,102229,151,15436579,7755404,1543657,771828,10070889,5365690,34.76
2024-08-01,P0173,医療機器部品 大型,精密金属部品,2023-06-25,102237,136,13904232,6985546,1390423,695211,9071180,4833052,34.76
2024-09-01,P0173,医療機器部品 大型,精密金属部品,2023-06-25,102322,166,16985452,8533564,1698545,849272,11081381,5904071,34.76
2024-10-01,P0173,医療機器部品 大型,精密金属部品,2023-06-25,101488,121,12280048,6169549,1228004,614002,8011555,4268493,34.76
2024-11-01,P0173,医療機器部品 大型,精密金属部品,2023-06-25,102135,117,11949795,6003628,1194979,597489,7796096,4153699,34.76
2024-12-01,P0173,医療機器部品 大型,精密金属部品,2023-06-25,101415,149,15110835,7591749,1511083,755541,9858373,5252462,34.76
2025-01-01,P0173,医療機器部品 大型,精密金属部品,2023-06-25,101583,131,13307373,6685681,1330737,665368,8681786,4625587,34.76
2025-02-01,P0173,医療機器部品 大型,精密金属部品,2023-06-25,101543,137,13911391,6989143,1391139,695569,9075851,4835540,34.76
2025-03-01,P0173,医療機器部品 大型,精密金属部品,2023-06-25,104190,149,15524310,7799480,1552431,776215,10128126,5396184,34.76
2025-04-01,P0173,医療機器部品 大型,精密金属部品,2023-06-25,102270,156,15954120,8015419,1595412,797706,10408537,5545583,34.76
2025-05-01,P0173,医療機器部品 大型,精密金属部品,2023-06-25,104198,164,17088472,8585322,1708847,854423,11148592,5939880,34.76
2025-06-01,P0173,医療機器部品 大型,精密金属部品,2023-06-25,103165,117,12070305,6064173,1207030,603515,7874718,4195587,34.76
2025-07-01,P0173,医療機器部品 大型,精密金属部品,2023-06-25,102628,158,16215224,8146598,1621522,810761,10578881,5636343,34.76
2025-08-01,P0173,医療機器部品 大型,精密金属部品,2023-06-25,103947,136,14136792,7102385,1413679,706839,9222903,4913889,34.76
2025-09-01,P0173,医療機器部品 大型,精密金属部品,2023-06-25,105342,117,12325014,6192140,1232501,616250,8040891,4284123,34.76
2025-10-01,P0173,医療機器部品 大型,精密金属部品,2023-06-25,101453,124,12580172,6952366,1258017,629008,8839391,3740781,29.74
2025-11-01,P0173,医療機器部品 大型,精密金属部品,2023-06-25,102995,114,11741430,6488839,1174143,587071,8250053,3491377,29.74
2025-12-01,P0173,医療機器部品 大型,精密金属部品,2023-06-25,104733,165,17280945,9550223,1728094,864047,12142364,5138581,29.74
2026-01-01,P0173,医療機器部品 大型,精密金属部品,2023-06-25,103550,166,17189300,9499576,1718930,859465,12077971,5111329,29.74
2026-02-01,P0173,医療機器部品 大型,精密金属部品,2023-06-25,102938,140,14411320,7964340,1441132,720566,10126038,4285282,29.74
2026-03-01,P0173,医療機器部品 大型,精密金属部品,2023-06-25,105104,117,12297168,6795965,1229716,614858,8640539,3656629,29.74
2024-04-01,P0174,医療機器部品 業務用,精密金属部品,2022-11-11,155011,209,32397299,13947413,3239729,1619864,18807006,13590293,41.95
2024-05-01,P0174,医療機器部品 業務用,精密金属部品,2022-11-11,153210,238,36463980,15698167,3646398,1823199,21167764,15296216,41.95
2024-06-01,P0174,医療機器部品 業務用,精密金属部品,2022-11-11,156224,231,36087744,15536193,3608774,1804387,20949354,15138390,41.95
2024-07-01,P0174,医療機器部品 業務用,精密金属部品,2022-11-11,151873,243,36905139,15888091,3690513,1845256,21423860,15481279,41.95
2024-08-01,P0174,医療機器部品 業務用,精密金属部品,2022-11-11,154738,185,28626530,12324053,2862653,1431326,16618032,12008498,41.95
2024-09-01,P0174,医療機器部品 業務用,精密金属部品,2022-11-11,157800,243,38345400,16508140,3834540,1917270,22259950,16085450,41.95
2024-10-01,P0174,医療機器部品 業務用,精密金属部品,2022-11-11,153134,221,33842614,14569638,3384261,1692130,19646029,14196585,41.95
2024-11-01,P0174,医療機器部品 業務用,精密金属部品,2022-11-11,155782,186,28975452,12474268,2897545,1448772,16820585,12154867,41.95
2024-12-01,P0174,医療機器部品 業務用,精密金属部品,2022-11-11,155246,188,29186248,12565018,2918624,1459312,16942954,12243294,41.95
2025-01-01,P0174,医療機器部品 業務用,精密金属部品,2022-11-11,154235,242,37324870,16068790,3732487,1866243,21667520,15657350,41.95
2025-02-01,P0174,医療機器部品 業務用,精密金属部品,2022-11-11,152043,203,30864729,13287624,3086472,1543236,17917332,12947397,41.95
2025-03-01,P0174,医療機器部品 業務用,精密金属部品,2022-11-11,156146,192,29980032,12906752,2998003,1499001,17403756,12576276,41.95
2025-04-01,P0174,医療機器部品 業務用,精密金属部品,2022-11-11,152800,201,30712800,13222217,3071280,1535640,17829137,12883663,41.95
2025-05-01,P0174,医療機器部品 業務用,精密金属部品,2022-11-11,152408,179,27281032,11744801,2728103,1364051,15836955,11444077,41.95
2025-06-01,P0174,医療機器部品 業務用,精密金属部品,2022-11-11,155615,227,35324605,15207652,3532460,1766230,20506342,14818263,41.95
2025-07-01,P0174,医療機器部品 業務用,精密金属部品,2022-11-11,154920,215,33307800,14339394,3330780,1665390,19335564,13972236,41.95
2025-08-01,P0174,医療機器部品 業務用,精密金属部品,2022-11-11,154921,183,28350543,12205238,2835054,1417527,16457819,11892724,41.95
2025-09-01,P0174,医療機器部品 業務用,精密金属部品,2022-11-11,157556,175,27572300,11870195,2757230,1378615,16006040,11566260,41.95
2025-10-01,P0174,医療機器部品 業務用,精密金属部品,2022-11-11,154444,175,27027700,12799312,2702770,1351385,16853467,10174233,37.64
2025-11-01,P0174,医療機器部品 業務用,精密金属部品,2022-11-11,156691,170,26637470,12614514,2663747,1331873,16610134,10027336,37.64
2025-12-01,P0174,医療機器部品 業務用,精密金属部品,2022-11-11,157551,185,29146935,13802903,2914693,1457346,18174942,10971993,37.64
2026-01-01,P0174,医療機器部品 業務用,精密金属部品,2022-11-11,156905,174,27301470,12928960,2730147,1365073,17024180,10277290,37.64
2026-02-01,P0174,医療機器部品 業務用,精密金属部品,2022-11-11,153367,226,34660942,16414132,3466094,1733047,21613273,13047669,37.64
2026-03-01,P0174,医療機器部品 業務用,精密金属部品,2022-11-11,154036,188,28958768,13713794,2895876,1447938,18057608,10901160,37.64
2024-04-01,P0175,医療機器部品 HD,精密金属部品,2019-09-28,203431,770,156641870,81165229,15664187,7832093,104661509,51980361,33.18
2024-05-01,P0175,医療機器部品 HD,精密金属部品,2019-09-28,203944,633,129096552,66892403,12909655,6454827,86256885,42839667,33.18
2024-06-01,P0175,医療機器部品 HD,精密金属部品,2019-09-28,207316,571,118377436,61338208,11837743,5918871,79094822,39282614,33.18
2024-07-01,P0175,医療機器部品 HD,精密金属部品,2019-09-28,203844,631,128625564,66648357,12862556,6431278,85942191,42683373,33.18
2024-08-01,P0175,医療機器部品 HD,精密金属部品,2019-09-28,208156,771,160488276,83158275,16048827,8024413,107231515,53256761,33.18
2024-09-01,P0175,医療機器部品 HD,精密金属部品,2019-09-28,202309,746,150922514,78201699,15092251,7546125,100840075,50082439,33.18
2024-10-01,P0175,医療機器部品 HD,精密金属部品,2019-09-28,206725,784,162072400,83979101,16207240,8103620,108289961,53782439,33.18
2024-11-01,P0175,医療機器部品 HD,精密金属部品,2019-09-28,202074,674,136197876,70572011,13619787,6809893,91001691,45196185,33.18
2024-12-01,P0175,医療機器部品 HD,精密金属部品,2019-09-28,206470,780,161046600,83447575,16104660,8052330,107604565,53442035,33.18
2025-01-01,P0175,医療機器部品 HD,精密金属部品,2019-09-28,207391,760,157617160,81670583,15761716,7880858,105313157,52304003,33.18
2025-02-01,P0175,医療機器部品 HD,精密金属部品,2019-09-28,207699,752,156189648,80930906,15618964,7809482,104359352,51830296,33.18
2025-03-01,P0175,医療機器部品 HD,精密金属部品,2019-09-28,203845,786,160222170,83020390,16022217,8011108,107053715,53168455,33.18
2025-04-01,P0175,医療機器部品 HD,精密金属部品,2019-09-28,207861,592,123053712,63761258,12305371,6152685,82219314,40834398,33.18
2025-05-01,P0175,医療機器部品 HD,精密金属部品,2019-09-28,206926,673,139261198,72159296,13926119,6963059,93048474,46212724,33.18
2025-06-01,P0175,医療機器部品 HD,精密金属部品,2019-09-28,206500,729,150538500,78002719,15053850,7526925,100583494,49955006,33.18
2025-07-01,P0175,医療機器部品 HD,精密金属部品,2019-09-28,204615,750,153461250,79517165,15346125,7673062,102536352,50924898,33.18
2025-08-01,P0175,医療機器部品 HD,精密金属部品,2019-09-28,202874,769,156010106,80837875,15601010,7800505,104239390,51770716,33.18
2025-09-01,P0175,医療機器部品 HD,精密金属部品,2019-09-28,209325,709,148411425,76900558,14841142,7420571,99162271,49249154,33.18
2025-10-01,P0175,医療機器部品 HD,精密金属部品,2019-09-28,204681,606,124036686,70697653,12403668,6201834,89303155,34733531,28.0
2025-11-01,P0175,医療機器部品 HD,精密金属部品,2019-09-28,206638,620,128115560,73022504,12811556,6405778,92239838,35875722,28.0
2025-12-01,P0175,医療機器部品 HD,精密金属部品,2019-09-28,202876,649,131666524,75046460,13166652,6583326,94796438,36870086,28.0
2026-01-01,P0175,医療機器部品 HD,精密金属部品,2019-09-28,203674,778,158458372,90317110,15845837,7922918,114085865,44372507,28.0
2026-02-01,P0175,医療機器部品 HD,精密金属部品,2019-09-28,206890,682,141098980,80422713,14109898,7054949,101587560,39511420,28.0
2026-03-01,P0175,医療機器部品 HD,精密金属部品,2019-09-28,202775,549,111323475,63451457,11132347,5566173,80149977,31173498,28.0
2024-04-01,P0176,航空宇宙部品 小型,精密金属部品,2020-08-04,75802,207,15691014,7407540,1569101,784550,9761191,5929823,37.79
2024-05-01,P0176,航空宇宙部品 小型,精密金属部品,2020-08-04,77270,217,16767590,7915779,1676759,838379,10430917,6336673,37.79
2024-06-01,P0176,航空宇宙部品 小型,精密金属部品,2020-08-04,77802,161,12526122,5913432,1252612,626306,7792350,4733772,37.79
2024-07-01,P0176,航空宇宙部品 小型,精密金属部品,2020-08-04,76332,194,14808408,6990872,1480840,740420,9212132,5596276,37.79
2024-08-01,P0176,航空宇宙部品 小型,精密金属部品,2020-08-04,76599,224,17158176,8100170,1715817,857908,10673895,6484281,37.79
2024-09-01,P0176,航空宇宙部品 小型,精密金属部品,2020-08-04,76541,177,13547757,6395734,1354775,677387,8427896,5119861,37.79
2024-10-01,P0176,航空宇宙部品 小型,精密金属部品,2020-08-04,77880,215,16744200,7904737,1674420,837210,10416367,6327833,37.79
2024-11-01,P0176,航空宇宙部品 小型,精密金属部品,2020-08-04,76407,226,17267982,8152008,1726798,863399,10742205,6525777,37.79
2024-12-01,P0176,航空宇宙部品 小型,精密金属部品,2020-08-04,77469,217,16810773,7936165,1681077,840538,10457780,6352993,37.79
2025-01-01,P0176,航空宇宙部品 小型,精密金属部品,2020-08-04,75808,179,13569632,6406061,1356963,678481,8441505,5128127,37.79
2025-02-01,P0176,航空宇宙部品 小型,精密金属部品,2020-08-04,76443,219,16741017,7903234,1674101,837050,10414385,6326632,37.79
2025-03-01,P0176,航空宇宙部品 小型,精密金属部品,2020-08-04,77394,205,15865770,7490040,1586577,793288,9869905,5995865,37.79
2025-04-01,P0176,航空宇宙部品 小型,精密金属部品,2020-08-04,78771,156,12288276,5801148,1228827,614413,7644388,4643888,37.79
2025-05-01,P0176,航空宇宙部品 小型,精密金属部品,2020-08-04,77202,219,16907238,7981705,1690723,845361,10517789,6389449,37.79
2025-06-01,P0176,航空宇宙部品 小型,精密金属部品,2020-08-04,77171,208,16051568,7577753,1605156,802578,9985487,6066081,37.79
2025-07-01,P0176,航空宇宙部品 小型,精密金属部品,2020-08-04,76114,213,16212282,7653624,1621228,810614,10085466,6126816,37.79
2025-08-01,P0176,航空宇宙部品 小型,精密金属部品,2020-08-04,76735,190,14579650,6882878,1457965,728982,9069825,5509825,37.79
2025-09-01,P0176,航空宇宙部品 小型,精密金属部品,2020-08-04,77090,191,14724190,6951114,1472419,736209,9159742,5564448,37.79
2025-10-01,P0176,航空宇宙部品 小型,精密金属部品,2020-08-04,78716,166,13066856,6785577,1306685,653342,8745604,4321252,33.07
2025-11-01,P0176,航空宇宙部品 小型,精密金属部品,2020-08-04,75730,157,11889610,6174237,1188961,594480,7957678,3931932,33.07
2025-12-01,P0176,航空宇宙部品 小型,精密金属部品,2020-08-04,77615,184,14281160,7416161,1428116,714058,9558335,4722825,33.07
2026-01-01,P0176,航空宇宙部品 小型,精密金属部品,2020-08-04,77346,169,13071474,6787975,1307147,653573,8748695,4322779,33.07
2026-02-01,P0176,航空宇宙部品 小型,精密金属部品,2020-08-04,75989,212,16109668,8365700,1610966,805483,10782149,5327519,33.07
2026-03-01,P0176,航空宇宙部品 小型,精密金属部品,2020-08-04,76739,232,17803448,9245274,1780344,890172,11915790,5887658,33.07
2024-04-01,P0177,航空宇宙部品 中型,精密金属部品,2020-11-30,123748,113,13983524,8241511,1398352,699176,10339039,3644485,26.06
2024-05-01,P0177,航空宇宙部品 中型,精密金属部品,2020-11-30,120782,152,18358864,10820218,1835886,917943,13574047,4784817,26.06
2024-06-01,P0177,航空宇宙部品 中型,精密金属部品,2020-11-30,121645,113,13745885,8101453,1374588,687294,10163335,3582550,26.06
2024-07-01,P0177,航空宇宙部品 中型,精密金属部品,2020-11-30,125105,107,13386235,7889485,1338623,669311,9897419,3488816,26.06
2024-08-01,P0177,航空宇宙部品 中型,精密金属部品,2020-11-30,123248,139,17131472,10096827,1713147,856573,12666547,4464925,26.06
2024-09-01,P0177,航空宇宙部品 中型,精密金属部品,2020-11-30,124349,158,19647142,11579495,1964714,982357,14526566,5120576,26.06
2024-10-01,P0177,航空宇宙部品 中型,精密金属部品,2020-11-30,121932,150,18289800,10779514,1828980,914490,13522984,4766816,26.06
2024-11-01,P0177,航空宇宙部品 中型,精密金属部品,2020-11-30,121697,125,15212125,8965615,1521212,760606,11247433,3964692,26.06
2024-12-01,P0177,航空宇宙部品 中型,精密金属部品,2020-11-30,122079,125,15259875,8993758,1525987,762993,11282738,3977137,26.06
2025-01-01,P0177,航空宇宙部品 中型,精密金属部品,2020-11-30,122012,114,13909368,8197806,1390936,695468,10284210,3625158,26.06
2025-02-01,P0177,航空宇宙部品 中型,精密金属部品,2020-11-30,121784,130,15831920,9330906,1583192,791596,11705694,4126226,26.06
2025-03-01,P0177,航空宇宙部品 中型,精密金属部品,2020-11-30,122098,115,14041270,8275545,1404127,702063,10381735,3659535,26.06
2025-04-01,P0177,航空宇宙部品 中型,精密金属部品,2020-11-30,123803,132,16341996,9631531,1634199,817099,12082829,4259167,26.06
2025-05-01,P0177,航空宇宙部品 中型,精密金属部品,2020-11-30,121260,145,17582700,10362768,1758270,879135,13000173,4582527,26.06
2025-06-01,P0177,航空宇宙部品 中型,精密金属部品,2020-11-30,121756,109,13271404,7821807,1327140,663570,9812517,3458887,26.06
2025-07-01,P0177,航空宇宙部品 中型,精密金属部品,2020-11-30,122208,115,14053920,8283001,1405392,702696,10391089,3662831,26.06
2025-08-01,P0177,航空宇宙部品 中型,精密金属部品,2020-11-30,121154,159,19263486,11353378,1926348,963174,14242900,5020586,26.06
2025-09-01,P0177,航空宇宙部品 中型,精密金属部品,2020-11-30,123825,124,15354300,9049409,1535430,767715,11352554,4001746,26.06
2025-10-01,P0177,航空宇宙部品 中型,精密金属部品,2020-11-30,120481,134,16144454,10466615,1614445,807222,12888282,3256172,20.17
2025-11-01,P0177,航空宇宙部品 中型,精密金属部品,2020-11-30,124856,115,14358440,9308724,1435844,717922,11462490,2895950,20.17
2025-12-01,P0177,航空宇宙部品 中型,精密金属部品,2020-11-30,123383,112,13818896,8958932,1381889,690944,11031765,2787131,20.17
2026-01-01,P0177,航空宇宙部品 中型,精密金属部品,2020-11-30,121568,149,18113632,11743254,1811363,905681,14460298,3653334,20.17
2026-02-01,P0177,航空宇宙部品 中型,精密金属部品,2020-11-30,121099,145,17559355,11383910,1755935,877967,14017812,3541543,20.17
2026-03-01,P0177,航空宇宙部品 中型,精密金属部品,2020-11-30,121796,122,14859112,9633315,1485911,742955,11862181,2996931,20.17
2024-04-01,P0178,航空宇宙部品 大型,精密金属部品,2019-02-04,190441,353,67225673,32740381,6722567,3361283,42824231,24401442,36.3
2024-05-01,P0178,航空宇宙部品 大型,精密金属部品,2019-02-04,190694,466,88863404,43278432,8886340,4443170,56607942,32255462,36.3
2024-06-01,P0178,航空宇宙部品 大型,精密金属部品,2019-02-04,194472,459,89262648,43472873,8926264,4463132,56862269,32400379,36.3
2024-07-01,P0178,航空宇宙部品 大型,精密金属部品,2019-02-04,195252,410,80053320,38987727,8005332,4002666,50995725,29057595,36.3
2024-08-01,P0178,航空宇宙部品 大型,精密金属部品,2019-02-04,190297,434,82588898,40222610,8258889,4129444,52610943,29977955,36.3
2024-09-01,P0178,航空宇宙部品 大型,精密金属部品,2019-02-04,196725,478,94034550,45796894,9403455,4701727,59902076,34132474,36.3
2024-10-01,P0178,航空宇宙部品 大型,精密金属部品,2019-02-04,194254,461,89551094,43613352,8955109,4477554,57046015,32505079,36.3
2024-11-01,P0178,航空宇宙部品 大型,精密金属部品,2019-02-04,193589,402,77822778,37901404,7782277,3891138,49574819,28247959,36.3
2024-12-01,P0178,航空宇宙部品 大型,精密金属部品,2019-02-04,193304,321,62050584,30219999,6205058,3102529,39527586,22522998,36.3
2025-01-01,P0178,航空宇宙部品 大型,精密金属部品,2019-02-04,194536,418,81316048,39602704,8131604,4065802,51800110,29515938,36.3
2025-02-01,P0178,航空宇宙部品 大型,精密金属部品,2019-02-04,193086,371,71634906,34887775,7163490,3581745,45633010,26001896,36.3
2025-03-01,P0178,航空宇宙部品 大型,精密金属部品,2019-02-04,192754,420,80956680,39427684,8095668,4047834,51571186,29385494,36.3
2025-04-01,P0178,航空宇宙部品 大型,精密金属部品,2019-02-04,194897,472,91991384,44801827,9199138,4599569,58600534,33390850,36.3
2025-05-01,P0178,航空宇宙部品 大型,精密金属部品,2019-02-04,189622,319,60489418,29459677,6048941,3024470,38533088,21956330,36.3
2025-06-01,P0178,航空宇宙部品 大型,精密金属部品,2019-02-04,192633,429,82639557,40247282,8263955,4131977,52643214,29996343,36.3
2025-07-01,P0178,航空宇宙部品 大型,精密金属部品,2019-02-04,190780,452,86232560,41997153,8623256,4311628,54932037,31300523,36.3
2025-08-01,P0178,航空宇宙部品 大型,精密金属部品,2019-02-04,192443,321,61774203,30085395,6177420,3088710,39351525,22422678,36.3
2025-09-01,P0178,航空宇宙部品 大型,精密金属部品,2019-02-04,196956,436,85872816,41821950,8587281,4293640,54702871,31169945,36.3
2025-10-01,P0178,航空宇宙部品 大型,精密金属部品,2019-02-04,193185,459,88671915,47503690,8867191,4433595,60804476,27867439,31.43
2025-11-01,P0178,航空宇宙部品 大型,精密金属部品,2019-02-04,189986,448,85113728,45597483,8511372,4255686,58364541,26749187,31.43
2025-12-01,P0178,航空宇宙部品 大型,精密金属部品,2019-02-04,196589,410,80601490,43180168,8060149,4030074,55270391,25331099,31.43
2026-01-01,P0178,航空宇宙部品 大型,精密金属部品,2019-02-04,196866,382,75202812,40287966,7520281,3760140,51568387,23634425,31.43
2026-02-01,P0178,航空宇宙部品 大型,精密金属部品,2019-02-04,190259,354,67351686,36081927,6735168,3367584,46184679,21167007,31.43
2026-03-01,P0178,航空宇宙部品 大型,精密金属部品,2019-02-04,196457,402,78975714,42309201,7897571,3948785,54155557,24820157,31.43
2024-04-01,P0179,航空宇宙部品 業務用,精密金属部品,2022-11-17,266398,32,8524736,4320356,852473,426236,5599065,2925671,34.32
2024-05-01,P0179,航空宇宙部品 業務用,精密金属部品,2022-11-17,270586,31,8388166,4251142,838816,419408,5509366,2878800,34.32
2024-06-01,P0179,航空宇宙部品 業務用,精密金属部品,2022-11-17,272326,25,6808150,3450386,680815,340407,4471608,2336542,34.32
2024-07-01,P0179,航空宇宙部品 業務用,精密金属部品,2022-11-17,270137,31,8374247,4244087,837424,418712,5500223,2874024,34.32
2024-08-01,P0179,航空宇宙部品 業務用,精密金属部品,2022-11-17,266000,25,6650000,3370235,665000,332500,4367735,2282265,34.32
2024-09-01,P0179,航空宇宙部品 業務用,精密金属部品,2022-11-17,271653,34,9236202,4680928,923620,461810,6066358,3169844,34.32
2024-10-01,P0179,航空宇宙部品 業務用,精密金属部品,2022-11-17,272098,32,8707136,4412796,870713,435356,5718865,2988271,34.32
2024-11-01,P0179,航空宇宙部品 業務用,精密金属部品,2022-11-17,266326,32,8522432,4319188,852243,426121,5597552,2924880,34.32
2024-12-01,P0179,航空宇宙部品 業務用,精密金属部品,2022-11-17,271775,28,7609700,3856613,760970,380485,4998068,2611632,34.32
2025-01-01,P0179,航空宇宙部品 業務用,精密金属部品,2022-11-17,266190,24,6388560,3237737,638856,319428,4196021,2192539,34.32
2025-02-01,P0179,航空宇宙部品 業務用,精密金属部品,2022-11-17,273952,30,8218560,4165185,821856,410928,5397969,2820591,34.32
2025-03-01,P0179,航空宇宙部品 業務用,精密金属部品,2022-11-17,264962,30,7948860,4028500,794886,397443,5220829,2728031,34.32
2025-04-01,P0179,航空宇宙部品 業務用,精密金属部品,2022-11-17,266078,34,9046652,4584864,904665,452332,5941861,3104791,34.32
2025-05-01,P0179,航空宇宙部品 業務用,精密金属部品,2022-11-17,275100,25,6877500,3485533,687750,343875,4517158,2360342,34.32
2025-06-01,P0179,航空宇宙部品 業務用,精密金属部品,2022-11-17,274685,32,8789920,4454751,878992,439496,5773239,3016681,34.32
2025-07-01,P0179,航空宇宙部品 業務用,精密金属部品,2022-11-17,271609,32,8691488,4404866,869148,434574,5708588,2982900,34.32
2025-08-01,P0179,航空宇宙部品 業務用,精密金属部品,2022-11-17,268101,26,6970626,3532729,697062,348531,4578322,2392304,34.32
2025-09-01,P0179,航空宇宙部品 業務用,精密金属部品,2022-11-17,273865,34,9311410,4719044,931141,465570,6115755,3195655,34.32
2025-10-01,P0179,航空宇宙部品 業務用,精密金属部品,2022-11-17,268602,27,7252254,4043005,725225,362612,5130842,2121412,29.25
2025-11-01,P0179,航空宇宙部品 業務用,精密金属部品,2022-11-17,268093,26,6970418,3885886,697041,348520,4931447,2038971,29.25
2025-12-01,P0179,航空宇宙部品 業務用,精密金属部品,2022-11-17,264685,33,8734605,4869390,873460,436730,6179580,2555025,29.25
2026-01-01,P0179,航空宇宙部品 業務用,精密金属部品,2022-11-17,274753,28,7693084,4288760,769308,384654,5442722,2250362,29.25
2026-02-01,P0179,航空宇宙部品 業務用,精密金属部品,2022-11-17,269435,29,7813615,4355954,781361,390680,5527995,2285620,29.25
2026-03-01,P0179,航空宇宙部品 業務用,精密金属部品,2022-11-17,265369,26,6899594,3846403,689959,344979,4881341,2018253,29.25
2024-04-01,P0180,航空宇宙部品 HD,精密金属部品,2019-09-20,376533,472,177723576,74777776,17772357,8886178,101436311,76287265,42.92
2024-05-01,P0180,航空宇宙部品 HD,精密金属部品,2019-09-20,379214,489,185435646,78022654,18543564,9271782,105838000,79597646,42.92
2024-06-01,P0180,航空宇宙部品 HD,精密金属部品,2019-09-20,389123,454,176661842,74331048,17666184,8833092,100830324,75831518,42.92
2024-07-01,P0180,航空宇宙部品 HD,精密金属部品,2019-09-20,380454,480,182617920,76837087,18261792,9130896,104229775,78388145,42.92
2024-08-01,P0180,航空宇宙部品 HD,精密金属部品,2019-09-20,376225,651,244922475,103051932,24492247,12246123,139790302,105132173,42.92
2024-09-01,P0180,航空宇宙部品 HD,精密金属部品,2019-09-20,387512,561,217394232,91469334,21739423,10869711,124078468,93315764,42.92
2024-10-01,P0180,航空宇宙部品 HD,精密金属部品,2019-09-20,377812,578,218375336,91882137,21837533,10918766,124638436,93736900,42.92
2024-11-01,P0180,航空宇宙部品 HD,精密金属部品,2019-09-20,385013,618,237938034,100113206,23793803,11896901,135803910,102134124,42.92
2024-12-01,P0180,航空宇宙部品 HD,精密金属部品,2019-09-20,375304,534,200412336,84324146,20041233,10020616,114385995,86026341,42.92
2025-01-01,P0180,航空宇宙部品 HD,精密金属部品,2019-09-20,387216,454,175796064,73966769,17579606,8789803,100336178,75459886,42.92
2025-02-01,P0180,航空宇宙部品 HD,精密金属部品,2019-09-20,376702,524,197391848,83053265,19739184,9869592,112662041,84729807,42.92
2025-03-01,P0180,航空宇宙部品 HD,精密金属部品,2019-09-20,388675,569,221156075,93052142,22115607,11057803,126225552,94930523,42.92
2025-04-01,P0180,航空宇宙部品 HD,精密金属部品,2019-09-20,375454,454,170456116,71719968,17045611,8522805,97288384,73167732,42.92
2025-05-01,P0180,航空宇宙部品 HD,精密金属部品,2019-09-20,384931,546,210172326,88430693,21017232,10508616,119956541,90215785,42.92
2025-06-01,P0180,航空宇宙部品 HD,精密金属部品,2019-09-20,388319,559,217070321,91333047,21707032,10853516,123893595,93176726,42.92
2025-07-01,P0180,航空宇宙部品 HD,精密金属部品,2019-09-20,379796,462,175465752,73827789,17546575,8773287,100147651,75318101,42.92
2025-08-01,P0180,航空宇宙部品 HD,精密金属部品,2019-09-20,379796,531,201671676,84854017,20167167,10083583,115104767,86566909,42.92
2025-09-01,P0180,航空宇宙部品 HD,精密金属部品,2019-09-20,386683,562,217315846,91436353,21731584,10865792,124033729,93282117,42.92
2025-10-01,P0180,航空宇宙部品 HD,精密金属部品,2019-09-20,385979,524,202252996,93608470,20225299,10112649,123946418,78306578,38.72
2025-11-01,P0180,航空宇宙部品 HD,精密金属部品,2019-09-20,383169,485,185836965,86010662,18583696,9291848,113886206,71950759,38.72
2025-12-01,P0180,航空宇宙部品 HD,精密金属部品,2019-09-20,382840,537,205585080,95150654,20558508,10279254,125988416,79596664,38.72
2026-01-01,P0180,航空宇宙部品 HD,精密金属部品,2019-09-20,389174,476,185246824,85737528,18524682,9262341,113524551,71722273,38.72
2026-02-01,P0180,航空宇宙部品 HD,精密金属部品,2019-09-20,387231,657,254410767,117748579,25441076,12720538,155910193,98500574,38.72
2026-03-01,P0180,航空宇宙部品 HD,精密金属部品,2019-09-20,376838,654,246452052,114065058,24645205,12322602,151032865,95419187,38.72
2024-04-01,P0181,計測機器部品 小型,精密金属部品,2020-12-09,18529,200,3705800,1489692,370580,185290,2045562,1660238,44.8
2024-05-01,P0181,計測機器部品 小型,精密金属部品,2020-12-09,18042,189,3409938,1370759,340993,170496,1882248,1527690,44.8
2024-06-01,P0181,計測機器部品 小型,精密金属部品,2020-12-09,17946,232,4163472,1673672,416347,208173,2298192,1865280,44.8
2024-07-01,P0181,計測機器部品 小型,精密金属部品,2020-12-09,18077,236,4266172,1714956,426617,213308,2354881,1911291,44.8
2024-08-01,P0181,計測機器部品 小型,精密金属部品,2020-12-09,18519,230,4259370,1712222,425937,212968,2351127,1908243,44.8
2024-09-01,P0181,計測機器部品 小型,精密金属部品,2020-12-09,18037,225,4058325,1631404,405832,202916,2240152,1818173,44.8
2024-10-01,P0181,計測機器部品 小型,精密金属部品,2020-12-09,17914,177,3170778,1274619,317077,158538,1750234,1420544,44.8
2024-11-01,P0181,計測機器部品 小型,精密金属部品,2020-12-09,18305,180,3294900,1324515,329490,164745,1818750,1476150,44.8
2024-12-01,P0181,計測機器部品 小型,精密金属部品,2020-12-09,18059,203,3665977,1473684,366597,183298,2023579,1642398,44.8
2025-01-01,P0181,計測機器部品 小型,精密金属部品,2020-12-09,18574,192,3566208,1433578,356620,178310,1968508,1597700,44.8
2025-02-01,P0181,計測機器部品 小型,精密金属部品,2020-12-09,18104,183,3313032,1331804,331303,165651,1828758,1484274,44.8
2025-03-01,P0181,計測機器部品 小型,精密金属部品,2020-12-09,17882,213,3808866,1531124,380886,190443,2102453,1706413,44.8
2025-04-01,P0181,計測機器部品 小型,精密金属部品,2020-12-09,17954,252,4524408,1818764,452440,226220,2497424,2026984,44.8
2025-05-01,P0181,計測機器部品 小型,精密金属部品,2020-12-09,18341,232,4255112,1710510,425511,212755,2348776,1906336,44.8
2025-06-01,P0181,計測機器部品 小型,精密金属部品,2020-12-09,18357,243,4460751,1793175,446075,223037,2462287,1998464,44.8
2025-07-01,P0181,計測機器部品 小型,精密金属部品,2020-12-09,18189,239,4347171,1747517,434717,217358,2399592,1947579,44.8
2025-08-01,P0181,計測機器部品 小型,精密金属部品,2020-12-09,18394,215,3954710,1589752,395471,197735,2182958,1771752,44.8
2025-09-01,P0181,計測機器部品 小型,精密金属部品,2020-12-09,18255,222,4052610,1629106,405261,202630,2236997,1815613,44.8
2025-10-01,P0181,計測機器部品 小型,精密金属部品,2020-12-09,18070,190,3433300,1518165,343330,171665,2033160,1400140,40.78
2025-11-01,P0181,計測機器部品 小型,精密金属部品,2020-12-09,17888,204,3649152,1613613,364915,182457,2160985,1488167,40.78
2025-12-01,P0181,計測機器部品 小型,精密金属部品,2020-12-09,17884,209,3737756,1652792,373775,186887,2213454,1524302,40.78
2026-01-01,P0181,計測機器部品 小型,精密金属部品,2020-12-09,18395,222,4083690,1805760,408369,204184,2418313,1665377,40.78
2026-02-01,P0181,計測機器部品 小型,精密金属部品,2020-12-09,18388,221,4063748,1796942,406374,203187,2406503,1657245,40.78
2026-03-01,P0181,計測機器部品 小型,精密金属部品,2020-12-09,17925,173,3101025,1371237,310102,155051,1836390,1264635,40.78
2024-04-01,P0182,計測機器部品 中型,精密金属部品,2019-08-20,33560,323,10839880,5481138,1083988,541994,7107120,3732760,34.44
2024-05-01,P0182,計測機器部品 中型,精密金属部品,2019-08-20,33546,307,10298622,5207453,1029862,514931,6752246,3546376,34.44
2024-06-01,P0182,計測機器部品 中型,精密金属部品,2019-08-20,33569,316,10607804,5363789,1060780,530390,6954959,3652845,34.44
2024-07-01,P0182,計測機器部品 中型,精密金属部品,2019-08-20,32704,315,10301760,5209039,1030176,515088,6754303,3547457,34.44
2024-08-01,P0182,計測機器部品 中型,精密金属部品,2019-08-20,33086,238,7874468,3981690,787446,393723,5162859,2711609,34.44
2024-09-01,P0182,計測機器部品 中型,精密金属部品,2019-08-20,33620,291,9783420,4946943,978342,489171,6414456,3368964,34.44
2024-10-01,P0182,計測機器部品 中型,精密金属部品,2019-08-20,32971,269,8869199,4484671,886919,443459,5815049,3054150,34.44
2024-11-01,P0182,計測機器部品 中型,精密金属部品,2019-08-20,32937,320,10539840,5329424,1053984,526992,6910400,3629440,34.44
2024-12-01,P0182,計測機器部品 中型,精密金属部品,2019-08-20,32841,325,10673325,5396920,1067332,533666,6997918,3675407,34.44
2025-01-01,P0182,計測機器部品 中型,精密金属部品,2019-08-20,33139,272,9013808,4557792,901380,450690,5909862,3103946,34.44
2025-02-01,P0182,計測機器部品 中型,精密金属部品,2019-08-20,32610,265,8641650,4369612,864165,432082,5665859,2975791,34.44
2025-03-01,P0182,計測機器部品 中型,精密金属部品,2019-08-20,33054,257,8494878,4295397,849487,424743,5569627,2925251,34.44
2025-04-01,P0182,計測機器部品 中型,精密金属部品,2019-08-20,33651,266,8951166,4526118,895116,447558,5868792,3082374,34.44
2025-05-01,P0182,計測機器部品 中型,精密金属部品,2019-08-20,33123,236,7817028,3952646,781702,390851,5125199,2691829,34.44
2025-06-01,P0182,計測機器部品 中型,精密金属部品,2019-08-20,33844,235,7953340,4021571,795334,397667,5214572,2738768,34.44
2025-07-01,P0182,計測機器部品 中型,精密金属部品,2019-08-20,33912,321,10885752,5504332,1088575,544287,7137194,3748558,34.44
2025-08-01,P0182,計測機器部品 中型,精密金属部品,2019-08-20,33025,335,11063375,5594147,1106337,553168,7253652,3809723,34.44
2025-09-01,P0182,計測機器部品 中型,精密金属部品,2019-08-20,33013,310,10234030,5174792,1023403,511701,6709896,3524134,34.44
2025-10-01,P0182,計測機器部品 中型,精密金属部品,2019-08-20,33152,333,11039616,6140347,1103961,551980,7796288,3243328,29.38
2025-11-01,P0182,計測機器部品 中型,精密金属部品,2019-08-20,33822,274,9267228,5154526,926722,463361,6544609,2722619,29.38
2025-12-01,P0182,計測機器部品 中型,精密金属部品,2019-08-20,33891,327,11082357,6164119,1108235,554117,7826471,3255886,29.38
2026-01-01,P0182,計測機器部品 中型,精密金属部品,2019-08-20,32929,238,7837102,4359076,783710,391855,5534641,2302461,29.38
2026-02-01,P0182,計測機器部品 中型,精密金属部品,2019-08-20,33170,265,8790050,4889115,879005,439502,6207622,2582428,29.38
2026-03-01,P0182,計測機器部品 中型,精密金属部品,2019-08-20,32993,285,9403005,5230047,940300,470150,6640497,2762508,29.38
2024-04-01,P0183,計測機器部品 大型,精密金属部品,2020-09-18,50431,143,7211633,2928372,721163,360581,4010116,3201517,44.39
2024-05-01,P0183,計測機器部品 大型,精密金属部品,2020-09-18,50245,183,9194835,3733676,919483,459741,5112900,4081935,44.39
2024-06-01,P0183,計測機器部品 大型,精密金属部品,2020-09-18,49413,151,7461363,3029778,746136,373068,4148982,3312381,44.39
2024-07-01,P0183,計測機器部品 大型,精密金属部品,2020-09-18,50526,137,6922062,2810788,692206,346103,3849097,3072965,44.39
2024-08-01,P0183,計測機器部品 大型,精密金属部品,2020-09-18,49129,159,7811511,3171960,781151,390575,4343686,3467825,44.39
2024-09-01,P0183,計測機器部品 大型,精密金属部品,2020-09-18,50380,192,9672960,3927825,967296,483648,5378769,4294191,44.39
2024-10-01,P0183,計測機器部品 大型,精密金属部品,2020-09-18,49914,183,9134262,3709080,913426,456713,5079219,4055043,44.39
2024-11-01,P0183,計測機器部品 大型,精密金属部品,2020-09-18,49436,190,9392840,3814078,939284,469642,5223004,4169836,44.39
2024-12-01,P0183,計測機器部品 大型,精密金属部品,2020-09-18,50819,140,7114660,2888995,711466,355733,3956194,3158466,44.39
2025-01-01,P0183,計測機器部品 大型,精密金属部品,2020-09-18,50036,186,9306696,3779098,930669,465334,5175101,4131595,44.39
2025-02-01,P0183,計測機器部品 大型,精密金属部品,2020-09-18,49648,137,6801776,2761945,680177,340088,3782210,3019566,44.39
2025-03-01,P0183,計測機器部品 大型,精密金属部品,2020-09-18,50730,177,8979210,3646119,897921,448960,4993000,3986210,44.39
2025-04-01,P0183,計測機器部品 大型,精密金属部品,2020-09-18,49159,151,7423009,3014204,742300,371150,4127654,3295355,44.39
2025-05-01,P0183,計測機器部品 大型,精密金属部品,2020-09-18,50517,171,8638407,3507731,863840,431920,4803491,3834916,44.39
2025-06-01,P0183,計測機器部品 大型,精密金属部品,2020-09-18,50204,156,7831824,3180208,783182,391591,4354981,3476843,44.39
2025-07-01,P0183,計測機器部品 大型,精密金属部品,2020-09-18,49527,192,9509184,3861321,950918,475459,5287698,4221486,44.39
2025-08-01,P0183,計測機器部品 大型,精密金属部品,2020-09-18,50260,165,8292900,3367434,829290,414645,4611369,3681531,44.39
2025-09-01,P0183,計測機器部品 大型,精密金属部品,2020-09-18,50776,164,8327264,3381388,832726,416363,4630477,3696787,44.39
2025-10-01,P0183,計測機器部品 大型,精密金属部品,2020-09-18,50053,168,8408904,3755993,840890,420445,5017328,3391576,40.33
2025-11-01,P0183,計測機器部品 大型,精密金属部品,2020-09-18,50444,136,6860384,3064318,686038,343019,4093375,2767009,40.33
2025-12-01,P0183,計測機器部品 大型,精密金属部品,2020-09-18,49090,137,6725330,3003993,672533,336266,4012792,2712538,40.33
2026-01-01,P0183,計測機器部品 大型,精密金属部品,2020-09-18,50183,160,8029280,3586427,802928,401464,4790819,3238461,40.33
2026-02-01,P0183,計測機器部品 大型,精密金属部品,2020-09-18,50462,193,9739166,4350179,973916,486958,5811053,3928113,40.33
2026-03-01,P0183,計測機器部品 大型,精密金属部品,2020-09-18,49730,183,9100590,4064947,910059,455029,5430035,3670555,40.33
2024-04-01,P0184,計測機器部品 業務用,精密金属部品,2022-04-26,72526,129,9355854,3762730,935585,467792,5166107,4189747,44.78
2024-05-01,P0184,計測機器部品 業務用,精密金属部品,2022-04-26,72842,122,8886724,3574056,888672,444336,4907064,3979660,44.78
2024-06-01,P0184,計測機器部品 業務用,精密金属部品,2022-04-26,73001,97,7081097,2847870,708109,354054,3910033,3171064,44.78
2024-07-01,P0184,計測機器部品 業務用,精密金属部品,2022-04-26,71320,96,6846720,2753608,684672,342336,3780616,3066104,44.78
2024-08-01,P0184,計測機器部品 業務用,精密金属部品,2022-04-26,71873,97,6971681,2803865,697168,348584,3849617,3122064,44.78
2024-09-01,P0184,計測機器部品 業務用,精密金属部品,2022-04-26,73898,103,7611494,3061185,761149,380574,4202908,3408586,44.78
2024-10-01,P0184,計測機器部品 業務用,精密金属部品,2022-04-26,73771,104,7672184,3085593,767218,383609,4236420,3435764,44.78
2024-11-01,P0184,計測機器部品 業務用,精密金属部品,2022-04-26,71333,111,7917963,3184440,791796,395898,4372134,3545829,44.78
2024-12-01,P0184,計測機器部品 業務用,精密金属部品,2022-04-26,74022,95,7032090,2828160,703209,351604,3882973,3149117,44.78
2025-01-01,P0184,計測機器部品 業務用,精密金属部品,2022-04-26,74017,113,8363921,3363795,836392,418196,4618383,3745538,44.78
2025-02-01,P0184,計測機器部品 業務用,精密金属部品,2022-04-26,73397,100,7339700,2951875,733970,366985,4052830,3286870,44.78
2025-03-01,P0184,計測機器部品 業務用,精密金属部品,2022-04-26,74151,121,8972271,3608461,897227,448613,4954301,4017970,44.78
2025-04-01,P0184,計測機器部品 業務用,精密金属部品,2022-04-26,74083,88,6519304,2621928,651930,325965,3599823,2919481,44.78
2025-05-01,P0184,計測機器部品 業務用,精密金属部品,2022-04-26,73750,104,7670000,3084714,767000,383500,4235214,3434786,44.78
2025-06-01,P0184,計測機器部品 業務用,精密金属部品,2022-04-26,72955,111,8098005,3256849,809800,404900,4471549,3626456,44.78
2025-07-01,P0184,計測機器部品 業務用,精密金属部品,2022-04-26,73723,103,7593469,3053935,759346,379673,4192954,3400515,44.78
2025-08-01,P0184,計測機器部品 業務用,精密金属部品,2022-04-26,72744,98,7128912,2867100,712891,356445,3936436,3192476,44.78
2025-09-01,P0184,計測機器部品 業務用,精密金属部品,2022-04-26,73472,111,8155392,3279929,815539,407769,4503237,3652155,44.78
2025-10-01,P0184,計測機器部品 業務用,精密金属部品,2022-04-26,73291,107,7842137,3469339,784213,392106,4645658,3196479,40.76
2025-11-01,P0184,計測機器部品 業務用,精密金属部品,2022-04-26,73230,108,7908840,3498848,790884,395442,4685174,3223666,40.76
2025-12-01,P0184,計測機器部品 業務用,精密金属部品,2022-04-26,73376,116,8511616,3765515,851161,425580,5042256,3469360,40.76
2026-01-01,P0184,計測機器部品 業務用,精密金属部品,2022-04-26,72885,123,8964855,3966026,896485,448242,5310753,3654102,40.76
2026-02-01,P0184,計測機器部品 業務用,精密金属部品,2022-04-26,73289,95,6962455,3080170,696245,348122,4124537,2837918,40.76
2026-03-01,P0184,計測機器部品 業務用,精密金属部品,2022-04-26,71948,90,6475320,2864663,647532,323766,3835961,2639359,40.76
2024-04-01,P0185,計測機器部品 HD,精密金属部品,2021-08-16,99581,314,31268434,13459176,3126843,1563421,18149440,13118994,41.96
2024-05-01,P0185,計測機器部品 HD,精密金属部品,2021-08-16,98534,386,38034124,16371398,3803412,1901706,22076516,15957608,41.96
2024-06-01,P0185,計測機器部品 HD,精密金属部品,2021-08-16,98040,261,25588440,11014281,2558844,1279422,14852547,10735893,41.96
2024-07-01,P0185,計測機器部品 HD,精密金属部品,2021-08-16,100488,290,29141520,12543668,2914152,1457076,16914896,12226624,41.96
2024-08-01,P0185,計測機器部品 HD,精密金属部品,2021-08-16,99849,358,35745942,15386474,3574594,1787297,20748365,14997577,41.96
2024-09-01,P0185,計測機器部品 HD,精密金属部品,2021-08-16,99675,291,29005425,12485087,2900542,1450271,16835900,12169525,41.96
2024-10-01,P0185,計測機器部品 HD,精密金属部品,2021-08-16,100313,260,26081380,11226462,2608138,1304069,15138669,10942711,41.96
2024-11-01,P0185,計測機器部品 HD,精密金属部品,2021-08-16,97684,337,32919508,14169864,3291950,1645975,19107789,13811719,41.96
2024-12-01,P0185,計測機器部品 HD,精密金属部品,2021-08-16,100638,364,36632232,15767968,3663223,1831611,21262802,15369430,41.96
2025-01-01,P0185,計測機器部品 HD,精密金属部品,2021-08-16,100128,298,29838144,12843522,2983814,1491907,17319243,12518901,41.96
2025-02-01,P0185,計測機器部品 HD,精密金属部品,2021-08-16,98167,336,32984112,14197672,3298411,1649205,19145288,13838824,41.96
2025-03-01,P0185,計測機器部品 HD,精密金属部品,2021-08-16,100318,283,28389994,12220181,2838999,1419499,16478679,11911315,41.96
2025-04-01,P0185,計測機器部品 HD,精密金属部品,2021-08-16,99892,379,37859068,16296047,3785906,1892953,21974906,15884162,41.96
2025-05-01,P0185,計測機器部品 HD,精密金属部品,2021-08-16,100173,331,33157263,14272203,3315726,1657863,19245792,13911471,41.96
2025-06-01,P0185,計測機器部品 HD,精密金属部品,2021-08-16,97813,315,30811095,13262319,3081109,1540554,17883982,12927113,41.96
2025-07-01,P0185,計測機器部品 HD,精密金属部品,2021-08-16,101183,309,31265547,13457933,3126554,1563277,18147764,13117783,41.96
2025-08-01,P0185,計測機器部品 HD,精密金属部品,2021-08-16,101291,362,36667342,15783081,3666734,1833367,21283182,15384160,41.96
2025-09-01,P0185,計測機器部品 HD,精密金属部品,2021-08-16,99612,278,27692136,11919795,2769213,1384606,16073614,11618522,41.96
2025-10-01,P0185,計測機器部品 HD,精密金属部品,2021-08-16,98433,334,32876622,15566545,3287662,1643831,20498038,12378584,37.65
2025-11-01,P0185,計測機器部品 HD,精密金属部品,2021-08-16,100712,284,28602208,13542679,2860220,1430110,17833009,10769199,37.65
2025-12-01,P0185,計測機器部品 HD,精密金属部品,2021-08-16,100175,345,34560375,16363774,3456037,1728018,21547829,13012546,37.65
2026-01-01,P0185,計測機器部品 HD,精密金属部品,2021-08-16,99615,292,29087580,13772495,2908758,1454379,18135632,10951948,37.65
2026-02-01,P0185,計測機器部品 HD,精密金属部品,2021-08-16,98114,261,25607754,12124854,2560775,1280387,15966016,9641738,37.65
2026-03-01,P0185,計測機器部品 HD,精密金属部品,2021-08-16,98830,325,32119750,15208178,3211975,1605987,20026140,12093610,37.65
2024-04-01,P0186,半導体装置部品 小型,精密金属部品,2020-12-24,51040,765,39045600,19018813,3904560,1952280,24875653,14169947,36.29
2024-05-01,P0186,半導体装置部品 小型,精密金属部品,2020-12-24,52372,625,32732500,15943750,3273250,1636625,20853625,11878875,36.29
2024-06-01,P0186,半導体装置部品 小型,精密金属部品,2020-12-24,51256,672,34444032,16777424,3444403,1722201,21944028,12500004,36.29
2024-07-01,P0186,半導体装置部品 小型,精密金属部品,2020-12-24,51415,750,38561250,18782890,3856125,1928062,24567077,13994173,36.29
2024-08-01,P0186,半導体装置部品 小型,精密金属部品,2020-12-24,51875,810,42018750,20467011,4201875,2100937,26769823,15248927,36.29
2024-09-01,P0186,半導体装置部品 小型,精密金属部品,2020-12-24,52496,654,34332384,16723041,3433238,1716619,21872898,12459486,36.29
2024-10-01,P0186,半導体装置部品 小型,精密金属部品,2020-12-24,52135,751,39153385,19071314,3915338,1957669,24944321,14209064,36.29
2024-11-01,P0186,半導体装置部品 小型,精密金属部品,2020-12-24,52167,620,32343540,15754291,3234354,1617177,20605822,11737718,36.29
2024-12-01,P0186,半導体装置部品 小型,精密金属部品,2020-12-24,51893,707,36688351,17870615,3668835,1834417,23373867,13314484,36.29
2025-01-01,P0186,半導体装置部品 小型,精密金属部品,2020-12-24,52935,711,37636785,18332590,3763678,1881839,23978107,13658678,36.29
2025-02-01,P0186,半導体装置部品 小型,精密金属部品,2020-12-24,52762,691,36458542,17758677,3645854,1822927,23227458,13231084,36.29
2025-03-01,P0186,半導体装置部品 小型,精密金属部品,2020-12-24,51740,904,46772960,22782751,4677296,2338648,29798695,16974265,36.29
2025-04-01,P0186,半導体装置部品 小型,精密金属部品,2020-12-24,51658,713,36832154,17940660,3683215,1841607,23465482,13366672,36.29
2025-05-01,P0186,半導体装置部品 小型,精密金属部品,2020-12-24,52151,926,48291826,23522579,4829182,2414591,30766352,17525474,36.29
2025-06-01,P0186,半導体装置部品 小型,精密金属部品,2020-12-24,50941,788,40141508,19552621,4014150,2007075,25573846,14567662,36.29
2025-07-01,P0186,半導体装置部品 小型,精密金属部品,2020-12-24,51040,882,45017280,21927572,4501728,2250864,28680164,16337116,36.29
2025-08-01,P0186,半導体装置部品 小型,精密金属部品,2020-12-24,51437,634,32611058,15884597,3261105,1630552,20776254,11834804,36.29
2025-09-01,P0186,半導体装置部品 小型,精密金属部品,2020-12-24,52725,767,40440075,19698051,4044007,2022003,25764061,14676014,36.29
2025-10-01,P0186,半導体装置部品 小型,精密金属部品,2020-12-24,51277,864,44303328,23737793,4430332,2215166,30383291,13920037,31.42
2025-11-01,P0186,半導体装置部品 小型,精密金属部品,2020-12-24,52486,734,38524724,20641608,3852472,1926236,26420316,12104408,31.42
2025-12-01,P0186,半導体装置部品 小型,精密金属部品,2020-12-24,51229,782,40061078,21464789,4006107,2003053,27473949,12587129,31.42
2026-01-01,P0186,半導体装置部品 小型,精密金属部品,2020-12-24,52166,742,38707172,20739364,3870717,1935358,26545439,12161733,31.42
2026-02-01,P0186,半導体装置部品 小型,精密金属部品,2020-12-24,52240,921,48113040,25779043,4811304,2405652,32995999,15117041,31.42
2026-03-01,P0186,半導体装置部品 小型,精密金属部品,2020-12-24,52330,624,32653920,17496022,3265392,1632696,22394110,10259810,31.42
2024-04-01,P0187,半導体装置部品 中型,精密金属部品,2019-03-06,88695,28,2483460,1118333,248346,124173,1490852,992608,39.97
2024-05-01,P0187,半導体装置部品 中型,精密金属部品,2019-03-06,88994,21,1868874,841577,186887,93443,1121907,746967,39.97
2024-06-01,P0187,半導体装置部品 中型,精密金属部品,2019-03-06,88167,22,1939674,873459,193967,96983,1164409,775265,39.97
2024-07-01,P0187,半導体装置部品 中型,精密金属部品,2019-03-06,90061,25,2251525,1013890,225152,112576,1351618,899907,39.97
2024-08-01,P0187,半導体装置部品 中型,精密金属部品,2019-03-06,88744,27,2396088,1078988,239608,119804,1438400,957688,39.97
2024-09-01,P0187,半導体装置部品 中型,精密金属部品,2019-03-06,89051,20,1781020,802015,178102,89051,1069168,711852,39.97
2024-10-01,P0187,半導体装置部品 中型,精密金属部品,2019-03-06,88028,23,2024644,911722,202464,101232,1215418,809226,39.97
2024-11-01,P0187,半導体装置部品 中型,精密金属部品,2019-03-06,90799,28,2542372,1144862,254237,127118,1526217,1016155,39.97
2024-12-01,P0187,半導体装置部品 中型,精密金属部品,2019-03-06,90163,20,1803260,812030,180326,90163,1082519,720741,39.97
2025-01-01,P0187,半導体装置部品 中型,精密金属部品,2019-03-06,88258,25,2206450,993592,220645,110322,1324559,881891,39.97
2025-02-01,P0187,半導体装置部品 中型,精密金属部品,2019-03-06,87785,25,2194625,988267,219462,109731,1317460,877165,39.97
2025-03-01,P0187,半導体装置部品 中型,精密金属部品,2019-03-06,90867,20,1817340,818371,181734,90867,1090972,726368,39.97
2025-04-01,P0187,半導体装置部品 中型,精密金属部品,2019-03-06,88229,25,2205725,993265,220572,110286,1324123,881602,39.97
2025-05-01,P0187,半導体装置部品 中型,精密金属部品,2019-03-06,90713,24,2177112,980381,217711,108855,1306947,870165,39.97
2025-06-01,P0187,半導体装置部品 中型,精密金属部品,2019-03-06,90536,23,2082328,937698,208232,104116,1250046,832282,39.97
2025-07-01,P0187,半導体装置部品 中型,精密金属部品,2019-03-06,88553,28,2479484,1116543,247948,123974,1488465,991019,39.97
2025-08-01,P0187,半導体装置部品 中型,精密金属部品,2019-03-06,89681,26,2331706,1049996,233170,116585,1399751,931955,39.97
2025-09-01,P0187,半導体装置部品 中型,精密金属部品,2019-03-06,88631,27,2393037,1077614,239303,119651,1436568,956469,39.97
2025-10-01,P0187,半導体装置部品 中型,精密金属部品,2019-03-06,87936,20,1758720,871171,175872,87936,1134979,623741,35.47
2025-11-01,P0187,半導体装置部品 中型,精密金属部品,2019-03-06,90089,25,2252225,1115626,225222,112611,1453459,798766,35.47
2025-12-01,P0187,半導体装置部品 中型,精密金属部品,2019-03-06,89407,27,2413989,1195754,241398,120699,1557851,856138,35.47
2026-01-01,P0187,半導体装置部品 中型,精密金属部品,2019-03-06,87388,20,1747760,865742,174776,87388,1127906,619854,35.47
2026-02-01,P0187,半導体装置部品 中型,精密金属部品,2019-03-06,89284,27,2410668,1194109,241066,120533,1555708,854960,35.47
2026-03-01,P0187,半導体装置部品 中型,精密金属部品,2019-03-06,87907,27,2373489,1175693,237348,118674,1531715,841774,35.47
2024-04-01,P0188,半導体装置部品 大型,精密金属部品,2022-12-23,134484,422,56752248,35694631,5675224,2837612,44207467,12544781,22.1
2024-05-01,P0188,半導体装置部品 大型,精密金属部品,2022-12-23,137111,298,40859078,25698536,4085907,2042953,31827396,9031682,22.1
2024-06-01,P0188,半導体装置部品 大型,精密金属部品,2022-12-23,138739,375,52027125,32722739,5202712,2601356,40526807,11500318,22.1
2024-07-01,P0188,半導体装置部品 大型,精密金属部品,2022-12-23,137634,420,57806280,36357570,5780628,2890314,45028512,12777768,22.1
2024-08-01,P0188,半導体装置部品 大型,精密金属部品,2022-12-23,136168,291,39624888,24922286,3962488,1981244,30866018,8758870,22.1
2024-09-01,P0188,半導体装置部品 大型,精密金属部品,2022-12-23,135913,418,56811634,35731982,5681163,2840581,44253726,12557908,22.1
2024-10-01,P0188,半導体装置部品 大型,精密金属部品,2022-12-23,137106,428,58681368,36907961,5868136,2934068,45710165,12971203,22.1
2024-11-01,P0188,半導体装置部品 大型,精密金属部品,2022-12-23,136325,305,41579125,26151414,4157912,2078956,32388282,9190843,22.1
2024-12-01,P0188,半導体装置部品 大型,精密金属部品,2022-12-23,133905,389,52089045,32761684,5208904,2604452,40575040,11514005,22.1
2025-01-01,P0188,半導体装置部品 大型,精密金属部品,2022-12-23,137458,339,46598262,29308227,4659826,2329913,36297966,10300296,22.1
2025-02-01,P0188,半導体装置部品 大型,精密金属部品,2022-12-23,135448,311,42124328,26494322,4212432,2106216,32812970,9311358,22.1
2025-03-01,P0188,半導体装置部品 大型,精密金属部品,2022-12-23,137776,388,53457088,33622122,5345708,2672854,41640684,11816404,22.1
2025-04-01,P0188,半導体装置部品 大型,精密金属部品,2022-12-23,138765,364,50510460,31768825,5051046,2525523,39345394,11165066,22.1
2025-05-01,P0188,半導体装置部品 大型,精密金属部品,2022-12-23,136130,422,57446860,36131511,5744686,2872343,44748540,12698320,22.1
2025-06-01,P0188,半導体装置部品 大型,精密金属部品,2022-12-23,137762,312,42981744,27033598,4298174,2149087,33480859,9500885,22.1
2025-07-01,P0188,半導体装置部品 大型,精密金属部品,2022-12-23,138143,324,44758332,28150993,4475833,2237916,34864742,9893590,22.1
2025-08-01,P0188,半導体装置部品 大型,精密金属部品,2022-12-23,135697,374,50750678,31919911,5075067,2537533,39532511,11218167,22.1
2025-09-01,P0188,半導体装置部品 大型,精密金属部品,2022-12-23,136453,369,50351157,31668630,5035115,2517557,39221302,11129855,22.1
2025-10-01,P0188,半導体装置部品 大型,精密金属部品,2022-12-23,134717,422,56850574,39332121,5685057,2842528,47859706,8990868,15.81
2025-11-01,P0188,半導体装置部品 大型,精密金属部品,2022-12-23,133720,423,56563560,39133550,5656356,2828178,47618084,8945476,15.81
2025-12-01,P0188,半導体装置部品 大型,精密金属部品,2022-12-23,138562,400,55424800,38345698,5542480,2771240,46659418,8765382,15.81
2026-01-01,P0188,半導体装置部品 大型,精密金属部品,2022-12-23,133947,346,46345662,32064288,4634566,2317283,39016137,7329525,15.81
2026-02-01,P0188,半導体装置部品 大型,精密金属部品,2022-12-23,138143,405,55947915,38707615,5594791,2797395,47099801,8848114,15.81
2026-03-01,P0188,半導体装置部品 大型,精密金属部品,2022-12-23,136376,337,45958712,31796576,4595871,2297935,38690382,7268330,15.81
2024-04-01,P0189,半導体装置部品 業務用,精密金属部品,2020-04-29,185990,1444,268569560,129426300,26856956,13428478,169711734,98857826,36.81
2024-05-01,P0189,半導体装置部品 業務用,精密金属部品,2020-04-29,182626,1601,292384226,140902821,29238422,14619211,184760454,107623772,36.81
2024-06-01,P0189,半導体装置部品 業務用,精密金属部品,2020-04-29,183738,1865,342671370,165136688,34267137,17133568,216537393,126133977,36.81
2024-07-01,P0189,半導体装置部品 業務用,精密金属部品,2020-04-29,185546,1933,358660418,172841967,35866041,17933020,226641028,132019390,36.81
2024-08-01,P0189,半導体装置部品 業務用,精密金属部品,2020-04-29,184468,1657,305663476,147302222,30566347,15283173,193151742,112511734,36.81
2024-09-01,P0189,半導体装置部品 業務用,精密金属部品,2020-04-29,187389,1582,296449398,142861867,29644939,14822469,187329275,109120123,36.81
2024-10-01,P0189,半導体装置部品 業務用,精密金属部品,2020-04-29,187061,1764,329975604,159018474,32997560,16498780,208514814,121460790,36.81
2024-11-01,P0189,半導体装置部品 業務用,精密金属部品,2020-04-29,183270,1595,292315650,140869774,29231565,14615782,184717121,107598529,36.81
2024-12-01,P0189,半導体装置部品 業務用,精密金属部品,2020-04-29,187083,1375,257239125,123966053,25723912,12861956,162551921,94687204,36.81
2025-01-01,P0189,半導体装置部品 業務用,精密金属部品,2020-04-29,185104,1591,294500464,141922657,29450046,14725023,186097726,108402738,36.81
2025-02-01,P0189,半導体装置部品 業務用,精密金属部品,2020-04-29,184526,1627,300223802,144680789,30022380,15011190,189714359,110509443,36.81
2025-03-01,P0189,半導体装置部品 業務用,精密金属部品,2020-04-29,185840,1768,328565120,158338748,32856512,16428256,207623516,120941604,36.81
2025-04-01,P0189,半導体装置部品 業務用,精密金属部品,2020-04-29,182363,1958,357066754,172073965,35706675,17853337,225633977,131432777,36.81
2025-05-01,P0189,半導体装置部品 業務用,精密金属部品,2020-04-29,181803,1695,308156085,148503434,30815608,15407804,194726846,113429239,36.81
2025-06-01,P0189,半導体装置部品 業務用,精密金属部品,2020-04-29,185896,1850,343907600,165732439,34390760,17195380,217318579,126589021,36.81
2025-07-01,P0189,半導体装置部品 業務用,精密金属部品,2020-04-29,187272,1600,299635200,144397136,29963520,14981760,189342416,110292784,36.81
2025-08-01,P0189,半導体装置部品 業務用,精密金属部品,2020-04-29,183021,1617,295944957,142618772,29594495,14797247,187010514,108934443,36.81
2025-09-01,P0189,半導体装置部品 業務用,精密金属部品,2020-04-29,181859,1629,296248311,142764961,29624831,14812415,187202207,109046104,36.81
2025-10-01,P0189,半導体装置部品 業務用,精密金属部品,2020-04-29,186745,1909,356496205,188978913,35649620,17824810,242453343,114042862,31.99
2025-11-01,P0189,半導体装置部品 業務用,精密金属部品,2020-04-29,187807,1819,341620933,181093519,34162093,17081046,232336658,109284275,31.99
2025-12-01,P0189,半導体装置部品 業務用,精密金属部品,2020-04-29,184531,1839,339352509,179891026,33935250,16967625,230793901,108558608,31.99
2026-01-01,P0189,半導体装置部品 業務用,精密金属部品,2020-04-29,184098,1396,257000808,136236326,25700080,12850040,174786446,82214362,31.99
2026-02-01,P0189,半導体装置部品 業務用,精密金属部品,2020-04-29,188359,1933,364097947,193008602,36409794,18204897,247623293,116474654,31.99
2026-03-01,P0189,半導体装置部品 業務用,精密金属部品,2020-04-29,182848,1824,333514752,176796427,33351475,16675737,226823639,106691113,31.99
2024-04-01,P0190,半導体装置部品 HD,精密金属部品,2019-11-22,243795,58,14140110,7113577,1414011,707005,9234593,4905517,34.69
2024-05-01,P0190,半導体装置部品 HD,精密金属部品,2019-11-22,246133,52,12798916,6438852,1279891,639945,8358688,4440228,34.69
2024-06-01,P0190,半導体装置部品 HD,精密金属部品,2019-11-22,249092,46,11458232,5764383,1145823,572911,7483117,3975115,34.69
2024-07-01,P0190,半導体装置部品 HD,精密金属部品,2019-11-22,250084,60,15005040,7548704,1500504,750252,9799460,5205580,34.69
2024-08-01,P0190,半導体装置部品 HD,精密金属部品,2019-11-22,246751,50,12337550,6206749,1233755,616877,8057381,4280169,34.69
2024-09-01,P0190,半導体装置部品 HD,精密金属部品,2019-11-22,248110,59,14638490,7364301,1463849,731924,9560074,5078416,34.69
2024-10-01,P0190,半導体装置部品 HD,精密金属部品,2019-11-22,249146,50,12457300,6266992,1245730,622865,8135587,4321713,34.69
2024-11-01,P0190,半導体装置部品 HD,精密金属部品,2019-11-22,243021,45,10935945,5501632,1093594,546797,7142023,3793922,34.69
2024-12-01,P0190,半導体装置部品 HD,精密金属部品,2019-11-22,248399,58,14407142,7247915,1440714,720357,9408986,4998156,34.69
2025-01-01,P0190,半導体装置部品 HD,精密金属部品,2019-11-22,245339,44,10794916,5430684,1079491,539745,7049920,3744996,34.69
2025-02-01,P0190,半導体装置部品 HD,精密金属部品,2019-11-22,248667,60,14920020,7505932,1492002,746001,9743935,5176085,34.69
2025-03-01,P0190,半導体装置部品 HD,精密金属部品,2019-11-22,243105,53,12884565,6481940,1288456,644228,8414624,4469941,34.69
2025-04-01,P0190,半導体装置部品 HD,精密金属部品,2019-11-22,251224,60,15073440,7583115,1507344,753672,9844131,5229309,34.69
2025-05-01,P0190,半導体装置部品 HD,精密金属部品,2019-11-22,245452,51,12518052,6297555,1251805,625902,8175262,4342790,34.69
2025-06-01,P0190,半導体装置部品 HD,精密金属部品,2019-11-22,250636,55,13784980,6934919,1378498,689249,9002666,4782314,34.69
2025-07-01,P0190,半導体装置部品 HD,精密金属部品,2019-11-22,252057,56,14115192,7101041,1411519,705759,9218319,4896873,34.69
2025-08-01,P0190,半導体装置部品 HD,精密金属部品,2019-11-22,245569,53,13015157,6547638,1301515,650757,8499910,4515247,34.69
2025-09-01,P0190,半導体装置部品 HD,精密金属部品,2019-11-22,250467,50,12523350,6300221,1252335,626167,8178723,4344627,34.69
2025-10-01,P0190,半導体装置部品 HD,精密金属部品,2019-11-22,244680,46,11255280,6228511,1125528,562764,7916803,3338477,29.66
2025-11-01,P0190,半導体装置部品 HD,精密金属部品,2019-11-22,246788,55,13573340,7511292,1357334,678667,9547293,4026047,29.66
2025-12-01,P0190,半導体装置部品 HD,精密金属部品,2019-11-22,243812,57,13897284,7690558,1389728,694864,9775150,4122134,29.66
2026-01-01,P0190,半導体装置部品 HD,精密金属部品,2019-11-22,245043,47,11517021,6373355,1151702,575851,8100908,3416113,29.66
2026-02-01,P0190,半導体装置部品 HD,精密金属部品,2019-11-22,249903,55,13744665,7606101,1374466,687233,9667800,4076865,29.66
2026-03-01,P0190,半導体装置部品 HD,精密金属部品,2019-11-22,247120,50,12356000,6837634,1235600,617800,8691034,3664966,29.66
2024-04-01,P0191,精密ダイ 小型,精密金属部品,2021-01-23,33547,42,1408974,687606,140897,70448,898951,510023,36.2
2024-05-01,P0191,精密ダイ 小型,精密金属部品,2021-01-23,32535,43,1399005,682741,139900,69950,892591,506414,36.2
2024-06-01,P0191,精密ダイ 小型,精密金属部品,2021-01-23,32630,41,1337830,652886,133783,66891,853560,484270,36.2
2024-07-01,P0191,精密ダイ 小型,精密金属部品,2021-01-23,32478,32,1039296,507196,103929,51964,663089,376207,36.2
2024-08-01,P0191,精密ダイ 小型,精密金属部品,2021-01-23,32499,33,1072467,523384,107246,53623,684253,388214,36.2
2024-09-01,P0191,精密ダイ 小型,精密金属部品,2021-01-23,32627,44,1435588,700594,143558,71779,915931,519657,36.2
2024-10-01,P0191,精密ダイ 小型,精密金属部品,2021-01-23,33490,43,1440070,702782,144007,72003,918792,521278,36.2
2024-11-01,P0191,精密ダイ 小型,精密金属部品,2021-01-23,32880,40,1315200,641843,131520,65760,839123,476077,36.2
2024-12-01,P0191,精密ダイ 小型,精密金属部品,2021-01-23,32369,43,1391867,679258,139186,69593,888037,503830,36.2
2025-01-01,P0191,精密ダイ 小型,精密金属部品,2021-01-23,32898,38,1250124,610084,125012,62506,797602,452522,36.2
2025-02-01,P0191,精密ダイ 小型,精密金属部品,2021-01-23,33313,44,1465772,715325,146577,73288,935190,530582,36.2
2025-03-01,P0191,精密ダイ 小型,精密金属部品,2021-01-23,33160,44,1459040,712039,145904,72952,930895,528145,36.2
2025-04-01,P0191,精密ダイ 小型,精密金属部品,2021-01-23,33331,39,1299909,634380,129990,64995,829365,470544,36.2
2025-05-01,P0191,精密ダイ 小型,精密金属部品,2021-01-23,32874,45,1479330,721941,147933,73966,943840,535490,36.2
2025-06-01,P0191,精密ダイ 小型,精密金属部品,2021-01-23,33393,47,1569471,765932,156947,78473,1001352,568119,36.2
2025-07-01,P0191,精密ダイ 小型,精密金属部品,2021-01-23,32333,39,1260987,615386,126098,63049,804533,456454,36.2
2025-08-01,P0191,精密ダイ 小型,精密金属部品,2021-01-23,33263,35,1164205,568154,116420,58210,742784,421421,36.2
2025-09-01,P0191,精密ダイ 小型,精密金属部品,2021-01-23,32860,33,1084380,529198,108438,54219,691855,392525,36.2
2025-10-01,P0191,精密ダイ 小型,精密金属部品,2021-01-23,33397,41,1369277,735057,136927,68463,940447,428830,31.32
2025-11-01,P0191,精密ダイ 小型,精密金属部品,2021-01-23,33247,44,1462868,785298,146286,73143,1004727,458141,31.32
2025-12-01,P0191,精密ダイ 小型,精密金属部品,2021-01-23,32429,37,1199873,644117,119987,59993,824097,375776,31.32
2026-01-01,P0191,精密ダイ 小型,精密金属部品,2021-01-23,32480,42,1364160,732310,136416,68208,936934,427226,31.32
2026-02-01,P0191,精密ダイ 小型,精密金属部品,2021-01-23,33532,40,1341280,720027,134128,67064,921219,420061,31.32
2026-03-01,P0191,精密ダイ 小型,精密金属部品,2021-01-23,33091,40,1323640,710558,132364,66182,909104,414536,31.32
2024-04-01,P0192,精密ダイ 中型,精密金属部品,2021-08-01,56182,317,17809694,8686434,1780969,890484,11357887,6451807,36.23
2024-05-01,P0192,精密ダイ 中型,精密金属部品,2021-08-01,55598,280,15567440,7592805,1556744,778372,9927921,5639519,36.23
2024-06-01,P0192,精密ダイ 中型,精密金属部品,2021-08-01,55868,293,16369324,7983913,1636932,818466,10439311,5930013,36.23
2024-07-01,P0192,精密ダイ 中型,精密金属部品,2021-08-01,56929,281,15997049,7802341,1599704,799852,10201897,5795152,36.23
2024-08-01,P0192,精密ダイ 中型,精密金属部品,2021-08-01,56473,226,12762898,6224928,1276289,638144,8139361,4623537,36.23
2024-09-01,P0192,精密ダイ 中型,精密金属部品,2021-08-01,55831,244,13622764,6644316,1362276,681138,8687730,4935034,36.23
2024-10-01,P0192,精密ダイ 中型,精密金属部品,2021-08-01,55584,228,12673152,6181156,1267315,633657,8082128,4591024,36.23
2024-11-01,P0192,精密ダイ 中型,精密金属部品,2021-08-01,57452,335,19246420,9387178,1924642,962321,12274141,6972279,36.23
2024-12-01,P0192,精密ダイ 中型,精密金属部品,2021-08-01,56581,305,17257205,8416965,1725720,862860,11005545,6251660,36.23
2025-01-01,P0192,精密ダイ 中型,精密金属部品,2021-08-01,57222,311,17796042,8679775,1779604,889802,11349181,6446861,36.23
2025-02-01,P0192,精密ダイ 中型,精密金属部品,2021-08-01,55281,282,15589242,7603439,1558924,779462,9941825,5647417,36.23
2025-03-01,P0192,精密ダイ 中型,精密金属部品,2021-08-01,57420,304,17455680,8513769,1745568,872784,11132121,6323559,36.23
2025-04-01,P0192,精密ダイ 中型,精密金属部品,2021-08-01,56246,253,14230238,6940603,1423023,711511,9075137,5155101,36.23
2025-05-01,P0192,精密ダイ 中型,精密金属部品,2021-08-01,56082,265,14861730,7248605,1486173,743086,9477864,5383866,36.23
2025-06-01,P0192,精密ダイ 中型,精密金属部品,2021-08-01,56055,305,17096775,8338718,1709677,854838,10903233,6193542,36.23
2025-07-01,P0192,精密ダイ 中型,精密金属部品,2021-08-01,56981,330,18803730,9171262,1880373,940186,11991821,6811909,36.23
2025-08-01,P0192,精密ダイ 中型,精密金属部品,2021-08-01,57046,227,12949442,6315913,1294944,647472,8258329,4691113,36.23
2025-09-01,P0192,精密ダイ 中型,精密金属部品,2021-08-01,56366,311,17529826,8549932,1752982,876491,11179405,6350421,36.23
2025-10-01,P0192,精密ダイ 中型,精密金属部品,2021-08-01,57084,280,15983520,8575317,1598352,799176,10972845,5010675,31.35
2025-11-01,P0192,精密ダイ 中型,精密金属部品,2021-08-01,55561,272,15112592,8108055,1511259,755629,10374943,4737649,31.35
2025-12-01,P0192,精密ダイ 中型,精密金属部品,2021-08-01,55799,259,14451941,7753610,1445194,722597,9921401,4530540,31.35
2026-01-01,P0192,精密ダイ 中型,精密金属部品,2021-08-01,55605,301,16737105,8979623,1673710,836855,11490188,5246917,31.35
2026-02-01,P0192,精密ダイ 中型,精密金属部品,2021-08-01,56252,296,16650592,8933208,1665059,832529,11430796,5219796,31.35
2026-03-01,P0192,精密ダイ 中型,精密金属部品,2021-08-01,56295,318,17901810,9604499,1790181,895090,12289770,5612040,31.35
2024-04-01,P0193,精密ダイ 大型,精密金属部品,2021-07-06,83456,867,72356352,36791525,7235635,3617817,47644977,24711375,34.15
2024-05-01,P0193,精密ダイ 大型,精密金属部品,2021-07-06,83555,803,67094665,34116080,6709466,3354733,44180279,22914386,34.15
2024-06-01,P0193,精密ダイ 大型,精密金属部品,2021-07-06,84978,844,71721432,36468683,7172143,3586071,47226897,24494535,34.15
2024-07-01,P0193,精密ダイ 大型,精密金属部品,2021-07-06,83671,686,57398306,29185706,5739830,2869915,37795451,19602855,34.15
2024-08-01,P0193,精密ダイ 大型,精密金属部品,2021-07-06,85536,726,62099136,31575969,6209913,3104956,40890838,21208298,34.15
2024-09-01,P0193,精密ダイ 大型,精密金属部品,2021-07-06,82942,836,69339512,35257532,6933951,3466975,45658458,23681054,34.15
2024-10-01,P0193,精密ダイ 大型,精密金属部品,2021-07-06,84259,688,57970192,29476497,5797019,2898509,38172025,19798167,34.15
2024-11-01,P0193,精密ダイ 大型,精密金属部品,2021-07-06,83335,773,64417955,32755035,6441795,3220897,42417727,22000228,34.15
2024-12-01,P0193,精密ダイ 大型,精密金属部品,2021-07-06,85823,698,59904454,30460024,5990445,2995222,39445691,20458763,34.15
2025-01-01,P0193,精密ダイ 大型,精密金属部品,2021-07-06,85345,741,63240645,32156400,6324064,3162032,41642496,21598149,34.15
2025-02-01,P0193,精密ダイ 大型,精密金属部品,2021-07-06,84401,743,62709943,31886550,6270994,3135497,41293041,21416902,34.15
2025-03-01,P0193,精密ダイ 大型,精密金属部品,2021-07-06,83706,784,65625504,33369045,6562550,3281275,43212870,22412634,34.15
2025-04-01,P0193,精密ダイ 大型,精密金属部品,2021-07-06,86174,673,57995102,29489163,5799510,2899755,38188428,19806674,34.15
2025-05-01,P0193,精密ダイ 大型,精密金属部品,2021-07-06,85323,858,73207134,37224128,7320713,3660356,48205197,25001937,34.15
2025-06-01,P0193,精密ダイ 大型,精密金属部品,2021-07-06,82931,639,52992909,26945664,5299290,2649645,34894599,18098310,34.15
2025-07-01,P0193,精密ダイ 大型,精密金属部品,2021-07-06,85999,650,55899350,28423522,5589935,2794967,36808424,19090926,34.15
2025-08-01,P0193,精密ダイ 大型,精密金属部品,2021-07-06,84598,842,71231516,36219572,7123151,3561575,46904298,24327218,34.15
2025-09-01,P0193,精密ダイ 大型,精密金属部品,2021-07-06,83325,888,73992600,37623520,7399260,3699630,48722410,25270190,34.15
2025-10-01,P0193,精密ダイ 大型,精密金属部品,2021-07-06,83449,765,63838485,35706427,6383848,3191924,45282199,18556286,29.07
2025-11-01,P0193,精密ダイ 大型,精密金属部品,2021-07-06,86008,690,59345520,33193401,5934552,2967276,42095229,17250291,29.07
2025-12-01,P0193,精密ダイ 大型,精密金属部品,2021-07-06,83173,858,71362434,39914755,7136243,3568121,50619119,20743315,29.07
2026-01-01,P0193,精密ダイ 大型,精密金属部品,2021-07-06,84839,673,57096647,31935552,5709664,2854832,40500048,16596599,29.07
2026-02-01,P0193,精密ダイ 大型,精密金属部品,2021-07-06,84689,616,52168424,29179076,5216842,2608421,37004339,15164085,29.07
2026-03-01,P0193,精密ダイ 大型,精密金属部品,2021-07-06,83813,773,64787449,36237205,6478744,3239372,45955321,18832128,29.07
2024-04-01,P0194,精密ダイ 業務用,精密金属部品,2019-07-02,119469,617,73712373,49330682,7371237,3685618,60387537,13324836,18.08
2024-05-01,P0194,精密ダイ 業務用,精密金属部品,2019-07-02,117823,661,77881003,52120462,7788100,3894050,63802612,14078391,18.08
2024-06-01,P0194,精密ダイ 業務用,精密金属部品,2019-07-02,118374,637,75404238,50462932,7540423,3770211,61773566,13630672,18.08
2024-07-01,P0194,精密ダイ 業務用,精密金属部品,2019-07-02,115411,581,67053791,44874545,6705379,3352689,54932613,12121178,18.08
2024-08-01,P0194,精密ダイ 業務用,精密金属部品,2019-07-02,118487,759,89931633,60185130,8993163,4496581,73674874,16256759,18.08
2024-09-01,P0194,精密ダイ 業務用,精密金属部品,2019-07-02,116742,627,73197234,48985934,7319723,3659861,59965518,13231716,18.08
2024-10-01,P0194,精密ダイ 業務用,精密金属部品,2019-07-02,115564,818,94531352,63263409,9453135,4726567,77443111,17088241,18.08
2024-11-01,P0194,精密ダイ 業務用,精密金属部品,2019-07-02,117094,604,70724776,47331286,7072477,3536238,57940001,12784775,18.08
2024-12-01,P0194,精密ダイ 業務用,精密金属部品,2019-07-02,118122,631,74534982,49881198,7453498,3726749,61061445,13473537,18.08
2025-01-01,P0194,精密ダイ 業務用,精密金属部品,2019-07-02,117546,745,87571770,58605834,8757177,4378588,71741599,15830171,18.08
2025-02-01,P0194,精密ダイ 業務用,精密金属部品,2019-07-02,117110,723,84670530,56664231,8467053,4233526,69364810,15305720,18.08
2025-03-01,P0194,精密ダイ 業務用,精密金属部品,2019-07-02,115272,764,88067808,58937799,8806780,4403390,72147969,15919839,18.08
2025-04-01,P0194,精密ダイ 業務用,精密金属部品,2019-07-02,118289,640,75704960,50664185,7570496,3785248,62019929,13685031,18.08
2025-05-01,P0194,精密ダイ 業務用,精密金属部品,2019-07-02,115443,645,74460735,49831509,7446073,3723036,61000618,13460117,18.08
2025-06-01,P0194,精密ダイ 業務用,精密金属部品,2019-07-02,118416,649,76851984,51431810,7685198,3842599,62959607,13892377,18.08
2025-07-01,P0194,精密ダイ 業務用,精密金属部品,2019-07-02,118478,587,69546586,46542803,6954658,3477329,56974790,12571796,18.08
2025-08-01,P0194,精密ダイ 業務用,精密金属部品,2019-07-02,118058,768,90668544,60678295,9066854,4533427,74278576,16389968,18.08
2025-09-01,P0194,精密ダイ 業務用,精密金属部品,2019-07-02,118856,621,73809576,49395733,7380957,3690478,60467168,13342408,18.08
2025-10-01,P0194,精密ダイ 業務用,精密金属部品,2019-07-02,119329,613,73148677,53848782,7314867,3657433,64821082,8327595,11.38
2025-11-01,P0194,精密ダイ 業務用,精密金属部品,2019-07-02,115331,749,86382919,63591239,8638291,4319145,76548675,9834244,11.38
2025-12-01,P0194,精密ダイ 業務用,精密金属部品,2019-07-02,117453,775,91026075,67009322,9102607,4551303,80663232,10362843,11.38
2026-01-01,P0194,精密ダイ 業務用,精密金属部品,2019-07-02,117049,679,79476271,58506874,7947627,3973813,70428314,9047957,11.38
2026-02-01,P0194,精密ダイ 業務用,精密金属部品,2019-07-02,118477,721,85421917,62883792,8542191,4271095,75697078,9724839,11.38
2026-03-01,P0194,精密ダイ 業務用,精密金属部品,2019-07-02,116356,801,93201156,68610520,9320115,4660057,82590692,10610464,11.38
2024-04-01,P0195,精密ダイ HD,精密金属部品,2022-02-17,164111,141,23139651,11253217,2313965,1156982,14724164,8415487,36.37
2024-05-01,P0195,精密ダイ HD,精密金属部品,2022-02-17,162261,131,21256191,10337257,2125619,1062809,13525685,7730506,36.37
2024-06-01,P0195,精密ダイ HD,精密金属部品,2022-02-17,161668,145,23441860,11400186,2344186,1172093,14916465,8525395,36.37
2024-07-01,P0195,精密ダイ HD,精密金属部品,2022-02-17,163270,116,18939320,9210522,1893932,946966,12051420,6887900,36.37
2024-08-01,P0195,精密ダイ HD,精密金属部品,2022-02-17,159929,119,19031551,9255376,1903155,951577,12110108,6921443,36.37
2024-09-01,P0195,精密ダイ HD,精密金属部品,2022-02-17,164243,108,17738244,8626418,1773824,886912,11287154,6451090,36.37
2024-10-01,P0195,精密ダイ HD,精密金属部品,2022-02-17,162676,156,25377456,12341501,2537745,1268872,16148118,9229338,36.37
2024-11-01,P0195,精密ダイ HD,精密金属部品,2022-02-17,165045,113,18650085,9069862,1865008,932504,11867374,6782711,36.37
2024-12-01,P0195,精密ダイ HD,精密金属部品,2022-02-17,166202,119,19778038,9618406,1977803,988901,12585110,7192928,36.37
2025-01-01,P0195,精密ダイ HD,精密金属部品,2022-02-17,161229,135,21765915,10585145,2176591,1088295,13850031,7915884,36.37
2025-02-01,P0195,精密ダイ HD,精密金属部品,2022-02-17,161898,131,21208638,10314131,2120863,1060431,13495425,7713213,36.37
2025-03-01,P0195,精密ダイ HD,精密金属部品,2022-02-17,160402,146,23418692,11388919,2341869,1170934,14901722,8516970,36.37
2025-04-01,P0195,精密ダイ HD,精密金属部品,2022-02-17,164714,150,24707100,12015495,2470710,1235355,15721560,8985540,36.37
2025-05-01,P0195,精密ダイ HD,精密金属部品,2022-02-17,165546,150,24831900,12076187,2483190,1241595,15800972,9030928,36.37
2025-06-01,P0195,精密ダイ HD,精密金属部品,2022-02-17,163108,117,19083636,9280706,1908363,954181,12143250,6940386,36.37
2025-07-01,P0195,精密ダイ HD,精密金属部品,2022-02-17,162172,150,24325800,11830062,2432580,1216290,15478932,8846868,36.37
2025-08-01,P0195,精密ダイ HD,精密金属部品,2022-02-17,161613,108,17454204,8488284,1745420,872710,11106414,6347790,36.37
2025-09-01,P0195,精密ダイ HD,精密金属部品,2022-02-17,165384,118,19515312,9490637,1951531,975765,12417933,7097379,36.37
2025-10-01,P0195,精密ダイ HD,精密金属部品,2022-02-17,164168,129,21177672,11328979,2117767,1058883,14505629,6672043,31.51
2025-11-01,P0195,精密ダイ HD,精密金属部品,2022-02-17,161662,156,25219272,13491030,2521927,1260963,17273920,7945352,31.51
2025-12-01,P0195,精密ダイ HD,精密金属部品,2022-02-17,159860,145,23179700,12399963,2317970,1158985,15876918,7302782,31.51
2026-01-01,P0195,精密ダイ HD,精密金属部品,2022-02-17,160767,110,17684370,9460240,1768437,884218,12112895,5571475,31.51
2026-02-01,P0195,精密ダイ HD,精密金属部品,2022-02-17,162339,121,19643019,10508018,1964301,982150,13454469,6188550,31.51
2026-03-01,P0195,精密ダイ HD,精密金属部品,2022-02-17,161311,130,20970430,11218115,2097043,1048521,14363679,6606751,31.51
2024-04-01,P0196,ナノ加工部品 小型,精密金属部品,2020-08-05,89244,58,5176152,2431335,517615,258807,3207757,1968395,38.03
2024-05-01,P0196,ナノ加工部品 小型,精密金属部品,2020-08-05,92539,61,5644879,2651505,564487,282243,3498235,2146644,38.03
2024-06-01,P0196,ナノ加工部品 小型,精密金属部品,2020-08-05,91327,59,5388293,2530982,538829,269414,3339225,2049068,38.03
2024-07-01,P0196,ナノ加工部品 小型,精密金属部品,2020-08-05,91531,57,5217267,2450648,521726,260863,3233237,1984030,38.03
2024-08-01,P0196,ナノ加工部品 小型,精密金属部品,2020-08-05,92667,63,5838021,2742227,583802,291901,3617930,2220091,38.03
2024-09-01,P0196,ナノ加工部品 小型,精密金属部品,2020-08-05,91404,52,4753008,2232576,475300,237650,2945526,1807482,38.03
2024-10-01,P0196,ナノ加工部品 小型,精密金属部品,2020-08-05,89162,61,5438882,2554744,543888,271944,3370576,2068306,38.03
2024-11-01,P0196,ナノ加工部品 小型,精密金属部品,2020-08-05,91534,55,5034370,2364737,503437,251718,3119892,1914478,38.03
2024-12-01,P0196,ナノ加工部品 小型,精密金属部品,2020-08-05,90500,59,5339500,2508063,533950,266975,3308988,2030512,38.03
2025-01-01,P0196,ナノ加工部品 小型,精密金属部品,2020-08-05,89821,50,4491050,2109530,449105,224552,2783187,1707863,38.03
2025-02-01,P0196,ナノ加工部品 小型,精密金属部品,2020-08-05,92503,55,5087665,2389771,508766,254383,3152920,1934745,38.03
2025-03-01,P0196,ナノ加工部品 小型,精密金属部品,2020-08-05,90468,63,5699484,2677154,569948,284974,3532076,2167408,38.03
2025-04-01,P0196,ナノ加工部品 小型,精密金属部品,2020-08-05,92028,49,4509372,2118136,450937,225468,2794541,1714831,38.03
2025-05-01,P0196,ナノ加工部品 小型,精密金属部品,2020-08-05,90997,59,5368823,2521836,536882,268441,3327159,2041664,38.03
2025-06-01,P0196,ナノ加工部品 小型,精密金属部品,2020-08-05,89608,52,4659616,2188708,465961,232980,2887649,1771967,38.03
2025-07-01,P0196,ナノ加工部品 小型,精密金属部品,2020-08-05,91405,60,5484300,2576078,548430,274215,3398723,2085577,38.03
2025-08-01,P0196,ナノ加工部品 小型,精密金属部品,2020-08-05,92502,51,4717602,2215945,471760,235880,2923585,1794017,38.03
2025-09-01,P0196,ナノ加工部品 小型,精密金属部品,2020-08-05,92540,57,5274780,2477662,527478,263739,3268879,2005901,38.03
2025-10-01,P0196,ナノ加工部品 小型,精密金属部品,2020-08-05,90812,53,4813036,2486850,481303,240651,3208804,1604232,33.33
2025-11-01,P0196,ナノ加工部品 小型,精密金属部品,2020-08-05,92651,64,5929664,3063801,592966,296483,3953250,1976414,33.33
2025-12-01,P0196,ナノ加工部品 小型,精密金属部品,2020-08-05,92138,64,5896832,3046837,589683,294841,3931361,1965471,33.33
2026-01-01,P0196,ナノ加工部品 小型,精密金属部品,2020-08-05,89923,53,4765919,2462505,476591,238295,3177391,1588528,33.33
2026-02-01,P0196,ナノ加工部品 小型,精密金属部品,2020-08-05,92573,51,4721223,2439411,472122,236061,3147594,1573629,33.33
2026-03-01,P0196,ナノ加工部品 小型,精密金属部品,2020-08-05,91912,51,4687512,2421993,468751,234375,3125119,1562393,33.33
2024-04-01,P0197,ナノ加工部品 中型,精密金属部品,2020-10-23,159332,220,35053040,15988281,3505304,1752652,21246237,13806803,39.39
2024-05-01,P0197,ナノ加工部品 中型,精密金属部品,2020-10-23,156479,189,29574531,13489441,2957453,1478726,17925620,11648911,39.39
2024-06-01,P0197,ナノ加工部品 中型,精密金属部品,2020-10-23,154765,221,34203065,15600593,3420306,1710153,20731052,13472013,39.39
2024-07-01,P0197,ナノ加工部品 中型,精密金属部品,2020-10-23,159430,162,25827660,11780430,2582766,1291383,15654579,10173081,39.39
2024-08-01,P0197,ナノ加工部品 中型,精密金属部品,2020-10-23,156757,199,31194643,14228401,3119464,1559732,18907597,12287046,39.39
2024-09-01,P0197,ナノ加工部品 中型,精密金属部品,2020-10-23,156612,158,24744696,11286472,2474469,1237234,14998175,9746521,39.39
2024-10-01,P0197,ナノ加工部品 中型,精密金属部品,2020-10-23,157174,218,34263932,15628356,3426393,1713196,20767945,13495987,39.39
2024-11-01,P0197,ナノ加工部品 中型,精密金属部品,2020-10-23,156849,178,27919122,12734381,2791912,1395956,16922249,10996873,39.39
2024-12-01,P0197,ナノ加工部品 中型,精密金属部品,2020-10-23,159114,214,34050396,15530958,3405039,1702519,20638516,13411880,39.39
2025-01-01,P0197,ナノ加工部品 中型,精密金属部品,2020-10-23,157206,178,27982668,12763365,2798266,1399133,16960764,11021904,39.39
2025-02-01,P0197,ナノ加工部品 中型,精密金属部品,2020-10-23,156223,169,26401687,12042253,2640168,1320084,16002505,10399182,39.39
2025-03-01,P0197,ナノ加工部品 中型,精密金属部品,2020-10-23,156727,164,25703228,11723674,2570322,1285161,15579157,10124071,39.39
2025-04-01,P0197,ナノ加工部品 中型,精密金属部品,2020-10-23,155514,191,29703174,13548117,2970317,1485158,18003592,11699582,39.39
2025-05-01,P0197,ナノ加工部品 中型,精密金属部品,2020-10-23,154345,168,25929960,11827091,2592996,1296498,15716585,10213375,39.39
2025-06-01,P0197,ナノ加工部品 中型,精密金属部品,2020-10-23,157854,158,24940932,11375978,2494093,1247046,15117117,9823815,39.39
2025-07-01,P0197,ナノ加工部品 中型,精密金属部品,2020-10-23,154138,165,25432770,11600314,2543277,1271638,15415229,10017541,39.39
2025-08-01,P0197,ナノ加工部品 中型,精密金属部品,2020-10-23,155026,222,34415772,15697612,3441577,1720788,20859977,13555795,39.39
2025-09-01,P0197,ナノ加工部品 中型,精密金属部品,2020-10-23,157213,215,33800795,15417111,3380079,1690039,20487229,13313566,39.39
2025-10-01,P0197,ナノ加工部品 中型,精密金属部品,2020-10-23,156911,201,31539111,15824071,3153911,1576955,20554937,10984174,34.83
2025-11-01,P0197,ナノ加工部品 中型,精密金属部品,2020-10-23,158702,162,25709724,12899301,2570972,1285486,16755759,8953965,34.83
2025-12-01,P0197,ナノ加工部品 中型,精密金属部品,2020-10-23,155588,210,32673480,16393216,3267348,1633674,21294238,11379242,34.83
2026-01-01,P0197,ナノ加工部品 中型,精密金属部品,2020-10-23,156799,205,32143795,16127458,3214379,1607189,20949026,11194769,34.83
2026-02-01,P0197,ナノ加工部品 中型,精密金属部品,2020-10-23,158426,216,34220016,17169157,3422001,1711000,22302158,11917858,34.83
2026-03-01,P0197,ナノ加工部品 中型,精密金属部品,2020-10-23,158904,151,23994504,12038726,2399450,1199725,15637901,8356603,34.83
2024-04-01,P0198,ナノ加工部品 大型,精密金属部品,2020-12-20,227631,212,48257772,20246286,4825777,2412888,27484951,20772821,43.05
2024-05-01,P0198,ナノ加工部品 大型,精密金属部品,2020-12-20,232509,218,50686962,21265440,5068696,2534348,28868484,21818478,43.05
2024-06-01,P0198,ナノ加工部品 大型,精密金属部品,2020-12-20,234696,181,42479976,17822243,4247997,2123998,24194238,18285738,43.05
2024-07-01,P0198,ナノ加工部品 大型,精密金属部品,2020-12-20,234409,199,46647391,19570660,4664739,2332369,26567768,20079623,43.05
2024-08-01,P0198,ナノ加工部品 大型,精密金属部品,2020-12-20,229190,207,47442330,19904172,4744233,2372116,27020521,20421809,43.05
2024-09-01,P0198,ナノ加工部品 大型,精密金属部品,2020-12-20,231802,231,53546262,22465044,5354626,2677313,30496983,23049279,43.05
2024-10-01,P0198,ナノ加工部品 大型,精密金属部品,2020-12-20,230253,195,44899335,18837272,4489933,2244966,25572171,19327164,43.05
2024-11-01,P0198,ナノ加工部品 大型,精密金属部品,2020-12-20,232867,165,38423055,16120184,3842305,1921152,21883641,16539414,43.05
2024-12-01,P0198,ナノ加工部品 大型,精密金属部品,2020-12-20,235164,188,44210832,18548414,4421083,2210541,25180038,19030794,43.05
2025-01-01,P0198,ナノ加工部品 大型,精密金属部品,2020-12-20,233620,230,53732600,22543221,5373260,2686630,30603111,23129489,43.05
2025-02-01,P0198,ナノ加工部品 大型,精密金属部品,2020-12-20,233142,174,40566708,17019542,4056670,2028335,23104547,17462161,43.05
2025-03-01,P0198,ナノ加工部品 大型,精密金属部品,2020-12-20,234163,156,36529428,15325723,3652942,1826471,20805136,15724292,43.05
2025-04-01,P0198,ナノ加工部品 大型,精密金属部品,2020-12-20,235184,193,45390512,19043343,4539051,2269525,25851919,19538593,43.05
2025-05-01,P0198,ナノ加工部品 大型,精密金属部品,2020-12-20,228956,184,42127904,17674533,4212790,2106395,23993718,18134186,43.05
2025-06-01,P0198,ナノ加工部品 大型,精密金属部品,2020-12-20,231429,232,53691528,22525989,5369152,2684576,30579717,23111811,43.05
2025-07-01,P0198,ナノ加工部品 大型,精密金属部品,2020-12-20,234946,222,52158012,21882611,5215801,2607900,29706312,22451700,43.05
2025-08-01,P0198,ナノ加工部品 大型,精密金属部品,2020-12-20,230736,195,44993520,18876787,4499352,2249676,25625815,19367705,43.05
2025-09-01,P0198,ナノ加工部品 大型,精密金属部品,2020-12-20,234361,198,46403478,19468327,4640347,2320173,26428847,19974631,43.05
2025-10-01,P0198,ナノ加工部品 大型,精密金属部品,2020-12-20,229558,230,52798340,24366383,5279834,2639917,32286134,20512206,38.85
2025-11-01,P0198,ナノ加工部品 大型,精密金属部品,2020-12-20,229161,212,48582132,22420607,4858213,2429106,29707926,18874206,38.85
2025-12-01,P0198,ナノ加工部品 大型,精密金属部品,2020-12-20,233964,202,47260728,21810780,4726072,2363036,28899888,18360840,38.85
2026-01-01,P0198,ナノ加工部品 大型,精密金属部品,2020-12-20,230671,224,51670304,23845795,5167030,2583515,31596340,20073964,38.85
2026-02-01,P0198,ナノ加工部品 大型,精密金属部品,2020-12-20,228866,184,42111344,19434344,4211134,2105567,25751045,16360299,38.85
2026-03-01,P0198,ナノ加工部品 大型,精密金属部品,2020-12-20,229897,165,37933005,17506045,3793300,1896650,23195995,14737010,38.85
2024-04-01,P0199,ナノ加工部品 業務用,精密金属部品,2021-12-02,342489,682,233577498,142302795,23357749,11678874,177339418,56238080,24.08
2024-05-01,P0199,ナノ加工部品 業務用,精密金属部品,2021-12-02,341085,772,263317620,160421417,26331762,13165881,199919060,63398560,24.08
2024-06-01,P0199,ナノ加工部品 業務用,精密金属部品,2021-12-02,351026,636,223252536,136012501,22325253,11162626,169500380,53752156,24.08
2024-07-01,P0199,ナノ加工部品 業務用,精密金属部品,2021-12-02,343832,587,201829384,122960840,20182938,10091469,153235247,48594137,24.08
2024-08-01,P0199,ナノ加工部品 業務用,精密金属部品,2021-12-02,341288,726,247775088,150952415,24777508,12388754,188118677,59656411,24.08
2024-09-01,P0199,ナノ加工部品 業務用,精密金属部品,2021-12-02,341172,643,219373596,133649328,21937359,10968679,166555366,52818230,24.08
2024-10-01,P0199,ナノ加工部品 業務用,精密金属部品,2021-12-02,350510,661,231687110,141151110,23168711,11584355,175904176,55782934,24.08
2024-11-01,P0199,ナノ加工部品 業務用,精密金属部品,2021-12-02,343877,685,235555745,143508005,23555574,11777787,178841366,56714379,24.08
2024-12-01,P0199,ナノ加工部品 業務用,精密金属部品,2021-12-02,351416,673,236502968,144085083,23650296,11825148,179560527,56942441,24.08
2025-01-01,P0199,ナノ加工部品 業務用,精密金属部品,2021-12-02,350143,597,209035371,127350955,20903537,10451768,158706260,50329111,24.08
2025-02-01,P0199,ナノ加工部品 業務用,精密金属部品,2021-12-02,351311,656,230460016,140403526,23046001,11523000,174972527,55487489,24.08
2025-03-01,P0199,ナノ加工部品 業務用,精密金属部品,2021-12-02,339254,653,221532862,134964822,22153286,11076643,168194751,53338111,24.08
2025-04-01,P0199,ナノ加工部品 業務用,精密金属部品,2021-12-02,341255,710,242291050,147611366,24229105,12114552,183955023,58336027,24.08
2025-05-01,P0199,ナノ加工部品 業務用,精密金属部品,2021-12-02,347181,776,269412456,164134584,26941245,13470622,204546451,64866005,24.08
2025-06-01,P0199,ナノ加工部品 業務用,精密金属部品,2021-12-02,340781,757,257971217,157164219,25797121,12898560,195859900,62111317,24.08
2025-07-01,P0199,ナノ加工部品 業務用,精密金属部品,2021-12-02,342407,764,261598948,159374348,26159894,13079947,198614189,62984759,24.08
2025-08-01,P0199,ナノ加工部品 業務用,精密金属部品,2021-12-02,348209,845,294236605,179258240,29423660,14711830,223393730,70842875,24.08
2025-09-01,P0199,ナノ加工部品 業務用,精密金属部品,2021-12-02,350077,730,255556210,155692921,25555621,12777810,194026352,61529858,24.08
2025-10-01,P0199,ナノ加工部品 業務用,精密金属部品,2021-12-02,345738,730,252388740,169139518,25238874,12619437,206997829,45390911,17.98
2025-11-01,P0199,ナノ加工部品 業務用,精密金属部品,2021-12-02,347469,631,219252939,146933402,21925293,10962646,179821341,39431598,17.98
2025-12-01,P0199,ナノ加工部品 業務用,精密金属部品,2021-12-02,338705,669,226593645,151852812,22659364,11329682,185841858,40751787,17.98
2026-01-01,P0199,ナノ加工部品 業務用,精密金属部品,2021-12-02,338826,794,269027844,180290293,26902784,13451392,220644469,48383375,17.98
2026-02-01,P0199,ナノ加工部品 業務用,精密金属部品,2021-12-02,340273,753,256225569,171710787,25622556,12811278,210144621,46080948,17.98
2026-03-01,P0199,ナノ加工部品 業務用,精密金属部品,2021-12-02,349966,686,240076676,160888529,24007667,12003833,196900029,43176647,17.98
2024-04-01,P0200,ナノ加工部品 HD,精密金属部品,2023-05-27,441997,69,30497793,12938706,3049779,1524889,17513374,12984419,42.57
2024-05-01,P0200,ナノ加工部品 HD,精密金属部品,2023-05-27,434254,74,32134796,13633205,3213479,1606739,18453423,13681373,42.57
2024-06-01,P0200,ナノ加工部品 HD,精密金属部品,2023-05-27,439137,72,31617864,13413896,3161786,1580893,18156575,13461289,42.57
2024-07-01,P0200,ナノ加工部品 HD,精密金属部品,2023-05-27,437582,63,27567666,11695598,2756766,1378383,15830747,11736919,42.57
2024-08-01,P0200,ナノ加工部品 HD,精密金属部品,2023-05-27,440366,61,26862326,11396357,2686232,1343116,15425705,11436621,42.57
2024-09-01,P0200,ナノ加工部品 HD,精密金属部品,2023-05-27,438696,54,23689584,10050319,2368958,1184479,13603756,10085828,42.57
2024-10-01,P0200,ナノ加工部品 HD,精密金属部品,2023-05-27,439983,68,29918844,12693086,2991884,1495942,17180912,12737932,42.57
2024-11-01,P0200,ナノ加工部品 HD,精密金属部品,2023-05-27,437604,56,24505824,10396609,2450582,1225291,14072482,10433342,42.57
2024-12-01,P0200,ナノ加工部品 HD,精密金属部品,2023-05-27,442987,63,27908181,11840061,2790818,1395409,16026288,11881893,42.57
2025-01-01,P0200,ナノ加工部品 HD,精密金属部品,2023-05-27,440901,75,33067575,14028937,3306757,1653378,18989072,14078503,42.57
2025-02-01,P0200,ナノ加工部品 HD,精密金属部品,2023-05-27,432573,69,29847537,12662834,2984753,1492376,17139963,12707574,42.57
2025-03-01,P0200,ナノ加工部品 HD,精密金属部品,2023-05-27,436762,76,33193912,14082536,3319391,1659695,19061622,14132290,42.57
2025-04-01,P0200,ナノ加工部品 HD,精密金属部品,2023-05-27,435136,61,26543296,11261008,2654329,1327164,15242501,11300795,42.57
2025-05-01,P0200,ナノ加工部品 HD,精密金属部品,2023-05-27,445119,54,24036426,10197467,2403642,1201821,13802930,10233496,42.57
2025-06-01,P0200,ナノ加工部品 HD,精密金属部品,2023-05-27,436190,58,25299020,10733123,2529902,1264951,14527976,10771044,42.57
2025-07-01,P0200,ナノ加工部品 HD,精密金属部品,2023-05-27,448373,56,25108888,10652460,2510888,1255444,14418792,10690096,42.57
2025-08-01,P0200,ナノ加工部品 HD,精密金属部品,2023-05-27,447581,72,32225832,13671827,3222583,1611291,18505701,13720131,42.57
2025-09-01,P0200,ナノ加工部品 HD,精密金属部品,2023-05-27,447166,74,33090284,14038571,3309028,1654514,19002113,14088171,42.57
2025-10-01,P0200,ナノ加工部品 HD,精密金属部品,2023-05-27,434216,64,27789824,12968833,2778982,1389491,17137306,10652518,38.33
2025-11-01,P0200,ナノ加工部品 HD,精密金属部品,2023-05-27,436362,60,26181720,12218370,2618172,1309086,16145628,10036092,38.33
2025-12-01,P0200,ナノ加工部品 HD,精密金属部品,2023-05-27,431666,70,30216620,14101360,3021662,1510831,18633853,11582767,38.33
2026-01-01,P0200,ナノ加工部品 HD,精密金属部品,2023-05-27,443233,55,24377815,11376532,2437781,1218890,15033203,9344612,38.33
2026-02-01,P0200,ナノ加工部品 HD,精密金属部品,2023-05-27,432064,55,23763520,11089855,2376352,1188176,14654383,9109137,38.33
2026-03-01,P0200,ナノ加工部品 HD,精密金属部品,2023-05-27,443370,54,23941980,11173138,2394198,1197099,14764435,9177545,38.33
2024-04-01,P0201,ブラケット 小型,板金プレス部品,2019-06-13,383,967,370361,321812,37036,18518,377366,-7005,-1.89
2024-05-01,P0201,ブラケット 小型,板金プレス部品,2019-06-13,383,1240,474920,412665,47492,23746,483903,-8983,-1.89
2024-06-01,P0201,ブラケット 小型,板金プレス部品,2019-06-13,394,917,361298,313937,36129,18064,368130,-6832,-1.89
2024-07-01,P0201,ブラケット 小型,板金プレス部品,2019-06-13,383,1296,496368,431302,49636,24818,505756,-9388,-1.89
2024-08-01,P0201,ブラケット 小型,板金プレス部品,2019-06-13,383,1021,391043,339783,39104,19552,398439,-7396,-1.89
2024-09-01,P0201,ブラケット 小型,板金プレス部品,2019-06-13,384,1225,470400,408738,47040,23520,479298,-8898,-1.89
2024-10-01,P0201,ブラケット 小型,板金プレス部品,2019-06-13,393,1321,519153,451100,51915,25957,528972,-9819,-1.89
2024-11-01,P0201,ブラケット 小型,板金プレス部品,2019-06-13,380,1166,443080,384999,44308,22154,451461,-8381,-1.89
2024-12-01,P0201,ブラケット 小型,板金プレス部品,2019-06-13,391,1299,507909,441330,50790,25395,517515,-9606,-1.89
2025-01-01,P0201,ブラケット 小型,板金プレス部品,2019-06-13,381,1256,478536,415807,47853,23926,487586,-9050,-1.89
2025-02-01,P0201,ブラケット 小型,板金プレス部品,2019-06-13,392,1220,478240,415550,47824,23912,487286,-9046,-1.89
2025-03-01,P0201,ブラケット 小型,板金プレス部品,2019-06-13,389,1332,518148,450227,51814,25907,527948,-9800,-1.89
2025-04-01,P0201,ブラケット 小型,板金プレス部品,2019-06-13,386,1130,436180,379003,43618,21809,444430,-8250,-1.89
2025-05-01,P0201,ブラケット 小型,板金プレス部品,2019-06-13,394,1217,479498,416643,47949,23974,488566,-9068,-1.89
2025-06-01,P0201,ブラケット 小型,板金プレス部品,2019-06-13,383,1171,448493,389702,44849,22424,456975,-8482,-1.89
2025-07-01,P0201,ブラケット 小型,板金プレス部品,2019-06-13,389,909,353601,307249,35360,17680,360289,-6688,-1.89
2025-08-01,P0201,ブラケット 小型,板金プレス部品,2019-06-13,381,1291,491871,427394,49187,24593,501174,-9303,-1.89
2025-09-01,P0201,ブラケット 小型,板金プレス部品,2019-06-13,394,1080,425520,369741,42552,21276,433569,-8049,-1.89
2025-10-01,P0201,ブラケット 小型,板金プレス部品,2019-06-13,383,1127,431641,450071,43164,21582,514817,-83176,-19.27
2025-11-01,P0201,ブラケット 小型,板金プレス部品,2019-06-13,386,1060,409160,426630,40916,20458,488004,-78844,-19.27
2025-12-01,P0201,ブラケット 小型,板金プレス部品,2019-06-13,390,954,372060,387946,37206,18603,443755,-71695,-19.27
2026-01-01,P0201,ブラケット 小型,板金プレス部品,2019-06-13,390,1168,455520,474970,45552,22776,543298,-87778,-19.27
2026-02-01,P0201,ブラケット 小型,板金プレス部品,2019-06-13,380,1176,446880,465961,44688,22344,532993,-86113,-19.27
2026-03-01,P0201,ブラケット 小型,板金プレス部品,2019-06-13,382,980,374360,390344,37436,18718,446498,-72138,-19.27
2024-04-01,P0202,ブラケット 中型,板金プレス部品,2023-10-17,648,514,333072,241252,33307,16653,291212,41860,12.57
2024-05-01,P0202,ブラケット 中型,板金プレス部品,2023-10-17,650,502,326300,236347,32630,16315,285292,41008,12.57
2024-06-01,P0202,ブラケット 中型,板金プレス部品,2023-10-17,650,398,258700,187383,25870,12935,226188,32512,12.57
2024-07-01,P0202,ブラケット 中型,板金プレス部品,2023-10-17,662,471,311802,225846,31180,15590,272616,39186,12.57
2024-08-01,P0202,ブラケット 中型,板金プレス部品,2023-10-17,649,529,343321,248676,34332,17166,300174,43147,12.57
2024-09-01,P0202,ブラケット 中型,板金プレス部品,2023-10-17,666,492,327672,237341,32767,16383,286491,41181,12.57
2024-10-01,P0202,ブラケット 中型,板金プレス部品,2023-10-17,647,435,281445,203857,28144,14072,246073,35372,12.57
2024-11-01,P0202,ブラケット 中型,板金プレス部品,2023-10-17,648,405,262440,190092,26244,13122,229458,32982,12.57
2024-12-01,P0202,ブラケット 中型,板金プレス部品,2023-10-17,655,543,355665,257617,35566,17783,310966,44699,12.57
2025-01-01,P0202,ブラケット 中型,板金プレス部品,2023-10-17,666,474,315684,228658,31568,15784,276010,39674,12.57
2025-02-01,P0202,ブラケット 中型,板金プレス部品,2023-10-17,662,446,295252,213858,29525,14762,258145,37107,12.57
2025-03-01,P0202,ブラケット 中型,板金プレス部品,2023-10-17,658,390,256620,185876,25662,12831,224369,32251,12.57
2025-04-01,P0202,ブラケット 中型,板金プレス部品,2023-10-17,652,394,256888,186070,25688,12844,224602,32286,12.57
2025-05-01,P0202,ブラケット 中型,板金プレス部品,2023-10-17,664,431,286184,207290,28618,14309,250217,35967,12.57
2025-06-01,P0202,ブラケット 中型,板金プレス部品,2023-10-17,665,503,334495,242283,33449,16724,292456,42039,12.57
2025-07-01,P0202,ブラケット 中型,板金プレス部品,2023-10-17,672,387,260064,188371,26006,13003,227380,32684,12.57
2025-08-01,P0202,ブラケット 中型,板金プレス部品,2023-10-17,667,386,257462,186486,25746,12873,225105,32357,12.57
2025-09-01,P0202,ブラケット 中型,板金プレス部品,2023-10-17,661,515,340415,246571,34041,17020,297632,42783,12.57
2025-10-01,P0202,ブラケット 中型,板金プレス部品,2023-10-17,665,458,304570,264729,30457,15228,310414,-5844,-1.92
2025-11-01,P0202,ブラケット 中型,板金プレス部品,2023-10-17,649,515,334235,290514,33423,16711,340648,-6413,-1.92
2025-12-01,P0202,ブラケット 中型,板金プレス部品,2023-10-17,647,525,339675,295242,33967,16983,346192,-6517,-1.92
2026-01-01,P0202,ブラケット 中型,板金プレス部品,2023-10-17,662,470,311140,270440,31114,15557,317111,-5971,-1.92
2026-02-01,P0202,ブラケット 中型,板金プレス部品,2023-10-17,658,530,348740,303121,34874,17437,355432,-6692,-1.92
2026-03-01,P0202,ブラケット 中型,板金プレス部品,2023-10-17,658,420,276360,240209,27636,13818,281663,-5303,-1.92
2024-04-01,P0203,ブラケット 大型,板金プレス部品,2019-07-12,1016,3289,3341624,2555408,334162,167081,3056651,284973,8.53
2024-05-01,P0203,ブラケット 大型,板金プレス部品,2019-07-12,1007,3616,3641312,2784586,364131,182065,3330782,310530,8.53
2024-06-01,P0203,ブラケット 大型,板金プレス部品,2019-07-12,1016,2861,2906776,2222871,290677,145338,2658886,247890,8.53
2024-07-01,P0203,ブラケット 大型,板金プレス部品,2019-07-12,1006,2667,2683002,2051746,268300,134150,2454196,228806,8.53
2024-08-01,P0203,ブラケット 大型,板金プレス部品,2019-07-12,1017,3061,3113037,2380603,311303,155651,2847557,265480,8.53
2024-09-01,P0203,ブラケット 大型,板金プレス部品,2019-07-12,1020,2951,3010020,2301824,301002,150501,2753327,256693,8.53
2024-10-01,P0203,ブラケット 大型,板金プレス部品,2019-07-12,1019,3744,3815136,2917512,381513,190756,3489781,325355,8.53
2024-11-01,P0203,ブラケット 大型,板金プレス部品,2019-07-12,1000,2974,2974000,2274278,297400,148700,2720378,253622,8.53
2024-12-01,P0203,ブラケット 大型,板金プレス部品,2019-07-12,1020,2779,2834580,2167661,283458,141729,2592848,241732,8.53
2025-01-01,P0203,ブラケット 大型,板金プレス部品,2019-07-12,999,3490,3486510,2666205,348651,174325,3189181,297329,8.53
2025-02-01,P0203,ブラケット 大型,板金プレス部品,2019-07-12,1010,2842,2870420,2195069,287042,143521,2625632,244788,8.53
2025-03-01,P0203,ブラケット 大型,板金プレス部品,2019-07-12,1036,3017,3125612,2390219,312561,156280,2859060,266552,8.53
2025-04-01,P0203,ブラケット 大型,板金プレス部品,2019-07-12,1000,2866,2866000,2191689,286600,143300,2621589,244411,8.53
2025-05-01,P0203,ブラケット 大型,板金プレス部品,2019-07-12,1003,3060,3069180,2347064,306918,153459,2807441,261739,8.53
2025-06-01,P0203,ブラケット 大型,板金プレス部品,2019-07-12,1014,2766,2804724,2144830,280472,140236,2565538,239186,8.53
2025-07-01,P0203,ブラケット 大型,板金プレス部品,2019-07-12,1001,3000,3003000,2296455,300300,150150,2746905,256095,8.53
2025-08-01,P0203,ブラケット 大型,板金プレス部品,2019-07-12,1018,3387,3447966,2636730,344796,172398,3153924,294042,8.53
2025-09-01,P0203,ブラケット 大型,板金プレス部品,2019-07-12,1032,2701,2787432,2131606,278743,139371,2549720,237712,8.53
2025-10-01,P0203,ブラケット 大型,板金プレス部品,2019-07-12,1036,2971,3077956,2824531,307795,153897,3286223,-208267,-6.77
2025-11-01,P0203,ブラケット 大型,板金プレス部品,2019-07-12,1015,3813,3870195,3551541,387019,193509,4132069,-261874,-6.77
2025-12-01,P0203,ブラケット 大型,板金プレス部品,2019-07-12,1031,2898,2987838,2741833,298783,149391,3190007,-202169,-6.77
2026-01-01,P0203,ブラケット 大型,板金プレス部品,2019-07-12,1004,3071,3083284,2829420,308328,154164,3291912,-208628,-6.77
2026-02-01,P0203,ブラケット 大型,板金プレス部品,2019-07-12,1017,3319,3375423,3097506,337542,168771,3603819,-228396,-6.77
2026-03-01,P0203,ブラケット 大型,板金プレス部品,2019-07-12,1027,3707,3807089,3493630,380708,190354,4064692,-257603,-6.77
2024-04-01,P0204,ブラケット 業務用,板金プレス部品,2023-12-02,1506,971,1462326,1286846,146232,73116,1506194,-43868,-3.0
2024-05-01,P0204,ブラケット 業務用,板金プレス部品,2023-12-02,1527,888,1355976,1193258,135597,67798,1396653,-40677,-3.0
2024-06-01,P0204,ブラケット 業務用,板金プレス部品,2023-12-02,1518,1051,1595418,1403967,159541,79770,1643278,-47860,-3.0
2024-07-01,P0204,ブラケット 業務用,板金プレス部品,2023-12-02,1502,986,1480972,1303255,148097,74048,1525400,-44428,-3.0
2024-08-01,P0204,ブラケット 業務用,板金プレス部品,2023-12-02,1520,803,1220560,1074092,122056,61028,1257176,-36616,-3.0
2024-09-01,P0204,ブラケット 業務用,板金プレス部品,2023-12-02,1481,714,1057434,930541,105743,52871,1089155,-31721,-3.0
2024-10-01,P0204,ブラケット 業務用,板金プレス部品,2023-12-02,1503,854,1283562,1129534,128356,64178,1322068,-38506,-3.0
2024-11-01,P0204,ブラケット 業務用,板金プレス部品,2023-12-02,1478,910,1344980,1183582,134498,67249,1385329,-40349,-3.0
2024-12-01,P0204,ブラケット 業務用,板金プレス部品,2023-12-02,1481,748,1107788,974853,110778,55389,1141020,-33232,-3.0
2025-01-01,P0204,ブラケット 業務用,板金プレス部品,2023-12-02,1468,834,1224312,1077394,122431,61215,1261040,-36728,-3.0
2025-02-01,P0204,ブラケット 業務用,板金プレス部品,2023-12-02,1482,956,1416792,1246776,141679,70839,1459294,-42502,-3.0
2025-03-01,P0204,ブラケット 業務用,板金プレス部品,2023-12-02,1488,835,1242480,1093382,124248,62124,1279754,-37274,-3.0
2025-04-01,P0204,ブラケット 業務用,板金プレス部品,2023-12-02,1519,892,1354948,1192354,135494,67747,1395595,-40647,-3.0
2025-05-01,P0204,ブラケット 業務用,板金プレス部品,2023-12-02,1488,763,1135344,999102,113534,56767,1169403,-34059,-3.0
2025-06-01,P0204,ブラケット 業務用,板金プレス部品,2023-12-02,1470,956,1405320,1236681,140532,70266,1447479,-42159,-3.0
2025-07-01,P0204,ブラケット 業務用,板金プレス部品,2023-12-02,1525,1005,1532625,1348710,153262,76631,1578603,-45978,-3.0
2025-08-01,P0204,ブラケット 業務用,板金プレス部品,2023-12-02,1525,926,1412150,1242692,141215,70607,1454514,-42364,-3.0
2025-09-01,P0204,ブラケット 業務用,板金プレス部品,2023-12-02,1492,857,1278644,1125206,127864,63932,1317002,-38358,-3.0
2025-10-01,P0204,ブラケット 業務用,板金プレス部品,2023-12-02,1470,748,1099560,1161135,109956,54978,1326069,-226509,-20.6
2025-11-01,P0204,ブラケット 業務用,板金プレス部品,2023-12-02,1496,797,1192312,1259081,119231,59615,1437927,-245615,-20.6
2025-12-01,P0204,ブラケット 業務用,板金プレス部品,2023-12-02,1481,891,1319571,1393466,131957,65978,1591401,-271830,-20.6
2026-01-01,P0204,ブラケット 業務用,板金プレス部品,2023-12-02,1478,928,1371584,1448392,137158,68579,1654129,-282545,-20.6
2026-02-01,P0204,ブラケット 業務用,板金プレス部品,2023-12-02,1479,826,1221654,1290066,122165,61082,1473313,-251659,-20.6
2026-03-01,P0204,ブラケット 業務用,板金プレス部品,2023-12-02,1498,958,1435084,1515448,143508,71754,1730710,-295626,-20.6
2024-04-01,P0205,ブラケット HD,板金プレス部品,2022-09-17,1905,6274,11951970,10517733,1195197,597598,12310528,-358558,-3.0
2024-05-01,P0205,ブラケット HD,板金プレス部品,2022-09-17,1876,9049,16975924,14938813,1697592,848796,17485201,-509277,-3.0
2024-06-01,P0205,ブラケット HD,板金プレス部品,2022-09-17,1875,7375,13828125,12168750,1382812,691406,14242968,-414843,-3.0
2024-07-01,P0205,ブラケット HD,板金プレス部品,2022-09-17,1908,6547,12491676,10992674,1249167,624583,12866424,-374748,-3.0
2024-08-01,P0205,ブラケット HD,板金プレス部品,2022-09-17,1912,6580,12580960,11071244,1258096,629048,12958388,-377428,-3.0
2024-09-01,P0205,ブラケット HD,板金プレス部品,2022-09-17,1888,8914,16829632,14810076,1682963,841481,17334520,-504888,-3.0
2024-10-01,P0205,ブラケット HD,板金プレス部品,2022-09-17,1935,6426,12434310,10942192,1243431,621715,12807338,-373028,-3.0
2024-11-01,P0205,ブラケット HD,板金プレス部品,2022-09-17,1940,7503,14555820,12809121,1455582,727791,14992494,-436674,-3.0
2024-12-01,P0205,ブラケット HD,板金プレス部品,2022-09-17,1920,7033,13503360,11882956,1350336,675168,13908460,-405100,-3.0
2025-01-01,P0205,ブラケット HD,板金プレス部品,2022-09-17,1885,8916,16806660,14789860,1680666,840333,17310859,-504199,-3.0
2025-02-01,P0205,ブラケット HD,板金プレス部品,2022-09-17,1921,8542,16409182,14440080,1640918,820459,16901457,-492275,-3.0
2025-03-01,P0205,ブラケット HD,板金プレス部品,2022-09-17,1885,8579,16171415,14230845,1617141,808570,16656556,-485141,-3.0
2025-04-01,P0205,ブラケット HD,板金プレス部品,2022-09-17,1882,7423,13970086,12293675,1397008,698504,14389187,-419101,-3.0
2025-05-01,P0205,ブラケット HD,板金プレス部品,2022-09-17,1877,9028,16945556,14912089,1694555,847277,17453921,-508365,-3.0
2025-06-01,P0205,ブラケット HD,板金プレス部品,2022-09-17,1941,6299,12226359,10759195,1222635,611317,12593147,-366788,-3.0
2025-07-01,P0205,ブラケット HD,板金プレス部品,2022-09-17,1918,7017,13458606,11843573,1345860,672930,13862363,-403757,-3.0
2025-08-01,P0205,ブラケット HD,板金プレス部品,2022-09-17,1922,6976,13407872,11798927,1340787,670393,13810107,-402235,-3.0
2025-09-01,P0205,ブラケット HD,板金プレス部品,2022-09-17,1907,6686,12750202,11220177,1275020,637510,13132707,-382505,-3.0
2025-10-01,P0205,ブラケット HD,板金プレス部品,2022-09-17,1898,7727,14665846,15487133,1466584,733292,17687009,-3021163,-20.6
2025-11-01,P0205,ブラケット HD,板金プレス部品,2022-09-17,1883,6867,12930561,13654672,1293056,646528,15594256,-2663695,-20.6
2025-12-01,P0205,ブラケット HD,板金プレス部品,2022-09-17,1885,8253,15556905,16428091,1555690,777845,18761626,-3204721,-20.6
2026-01-01,P0205,ブラケット HD,板金プレス部品,2022-09-17,1898,6990,13267020,14009973,1326702,663351,16000026,-2733006,-20.6
2026-02-01,P0205,ブラケット HD,板金プレス部品,2022-09-17,1926,7485,14416110,15223412,1441611,720805,17385828,-2969718,-20.6
2026-03-01,P0205,ブラケット HD,板金プレス部品,2022-09-17,1939,7405,14358295,15162359,1435829,717914,17316102,-2957807,-20.6
2024-04-01,P0206,カバー 小型,板金プレス部品,2022-01-30,729,2020,1472580,993692,147258,73629,1214579,258001,17.52
2024-05-01,P0206,カバー 小型,板金プレス部品,2022-01-30,736,1529,1125344,759378,112534,56267,928179,197165,17.52
2024-06-01,P0206,カバー 小型,板金プレス部品,2022-01-30,725,1983,1437675,970138,143767,71883,1185788,251887,17.52
2024-07-01,P0206,カバー 小型,板金プレス部品,2022-01-30,713,1541,1098733,741421,109873,54936,906230,192503,17.52
2024-08-01,P0206,カバー 小型,板金プレス部品,2022-01-30,720,1860,1339200,903687,133920,66960,1104567,234633,17.52
2024-09-01,P0206,カバー 小型,板金プレス部品,2022-01-30,719,1904,1368976,923780,136897,68448,1129125,239851,17.52
2024-10-01,P0206,カバー 小型,板金プレス部品,2022-01-30,713,1788,1274844,860260,127484,63742,1051486,223358,17.52
2024-11-01,P0206,カバー 小型,板金プレス部品,2022-01-30,710,1534,1089140,734948,108914,54457,898319,190821,17.52
2024-12-01,P0206,カバー 小型,板金プレス部品,2022-01-30,724,2007,1453068,980525,145306,72653,1198484,254584,17.52
2025-01-01,P0206,カバー 小型,板金プレス部品,2022-01-30,730,2097,1530810,1032985,153081,76540,1262606,268204,17.52
2025-02-01,P0206,カバー 小型,板金プレス部品,2022-01-30,723,1970,1424310,961119,142431,71215,1174765,249545,17.52
2025-03-01,P0206,カバー 小型,板金プレス部品,2022-01-30,735,2004,1472940,993935,147294,73647,1214876,258064,17.52
2025-04-01,P0206,カバー 小型,板金プレス部品,2022-01-30,711,1937,1377207,929334,137720,68860,1135914,241293,17.52
2025-05-01,P0206,カバー 小型,板金プレス部品,2022-01-30,712,1887,1343544,906619,134354,67177,1108150,235394,17.52
2025-06-01,P0206,カバー 小型,板金プレス部品,2022-01-30,728,1478,1075984,726070,107598,53799,887467,188517,17.52
2025-07-01,P0206,カバー 小型,板金プレス部品,2022-01-30,713,2017,1438121,970439,143812,71906,1186157,251964,17.52
2025-08-01,P0206,カバー 小型,板金プレス部品,2022-01-30,734,1476,1083384,731063,108338,54169,893570,189814,17.52
2025-09-01,P0206,カバー 小型,板金プレス部品,2022-01-30,709,1517,1075553,725779,107555,53777,887111,188442,17.52
2025-10-01,P0206,カバー 小型,板金プレス部品,2022-01-30,733,1936,1419088,1149115,141908,70954,1361977,57111,4.02
2025-11-01,P0206,カバー 小型,板金プレス部品,2022-01-30,724,1789,1295236,1048825,129523,64761,1243109,52127,4.02
2025-12-01,P0206,カバー 小型,板金プレス部品,2022-01-30,715,1663,1189045,962836,118904,59452,1141192,47853,4.02
2026-01-01,P0206,カバー 小型,板金プレス部品,2022-01-30,733,1961,1437413,1163953,143741,71870,1379564,57849,4.02
2026-02-01,P0206,カバー 小型,板金プレス部品,2022-01-30,716,1652,1182832,957805,118283,59141,1135229,47603,4.02
2026-03-01,P0206,カバー 小型,板金プレス部品,2022-01-30,710,1614,1145940,927931,114594,57297,1099822,46118,4.02
2024-04-01,P0207,カバー 中型,板金プレス部品,2023-03-28,1256,714,896784,661498,89678,44839,796015,100769,11.24
2024-05-01,P0207,カバー 中型,板金プレス部品,2023-03-28,1251,796,995796,734533,99579,49789,883901,111895,11.24
2024-06-01,P0207,カバー 中型,板金プレス部品,2023-03-28,1258,897,1128426,832365,112842,56421,1001628,126798,11.24
2024-07-01,P0207,カバー 中型,板金プレス部品,2023-03-28,1235,1044,1289340,951061,128934,64467,1144462,144878,11.24
2024-08-01,P0207,カバー 中型,板金プレス部品,2023-03-28,1254,737,924198,681720,92419,46209,820348,103850,11.24
2024-09-01,P0207,カバー 中型,板金プレス部品,2023-03-28,1228,713,875564,645845,87556,43778,777179,98385,11.24
2024-10-01,P0207,カバー 中型,板金プレス部品,2023-03-28,1261,724,912964,673433,91296,45648,810377,102587,11.24
2024-11-01,P0207,カバー 中型,板金プレス部品,2023-03-28,1241,707,877387,647190,87738,43869,778797,98590,11.24
2024-12-01,P0207,カバー 中型,板金プレス部品,2023-03-28,1249,855,1067895,787715,106789,53394,947898,119997,11.24
2025-01-01,P0207,カバー 中型,板金プレス部品,2023-03-28,1260,808,1018080,750970,101808,50904,903682,114398,11.24
2025-02-01,P0207,カバー 中型,板金プレス部品,2023-03-28,1238,965,1194670,881229,119467,59733,1060429,134241,11.24
2025-03-01,P0207,カバー 中型,板金プレス部品,2023-03-28,1257,832,1045824,771435,104582,52291,928308,117516,11.24
2025-04-01,P0207,カバー 中型,板金プレス部品,2023-03-28,1236,973,1202628,887099,120262,60131,1067492,135136,11.24
2025-05-01,P0207,カバー 中型,板金プレス部品,2023-03-28,1219,826,1006894,742719,100689,50344,893752,113142,11.24
2025-06-01,P0207,カバー 中型,板金プレス部品,2023-03-28,1219,734,894746,659995,89474,44737,794206,100540,11.24
2025-07-01,P0207,カバー 中型,板金プレス部品,2023-03-28,1224,714,873936,644645,87393,43696,775734,98202,11.24
2025-08-01,P0207,カバー 中型,板金プレス部品,2023-03-28,1256,1008,1266048,933880,126604,63302,1123786,142262,11.24
2025-09-01,P0207,カバー 中型,板金プレス部品,2023-03-28,1248,1004,1252992,924249,125299,62649,1112197,140795,11.24
2025-10-01,P0207,カバー 中型,板金プレス部品,2023-03-28,1223,926,1132498,1002443,113249,56624,1172316,-39818,-3.52
2025-11-01,P0207,カバー 中型,板金プレス部品,2023-03-28,1231,952,1171912,1037330,117191,58595,1213116,-41204,-3.52
2025-12-01,P0207,カバー 中型,板金プレス部品,2023-03-28,1264,889,1123696,994651,112369,56184,1163204,-39508,-3.52
2026-01-01,P0207,カバー 中型,板金プレス部品,2023-03-28,1228,1013,1243964,1101108,124396,62198,1287702,-43738,-3.52
2026-02-01,P0207,カバー 中型,板金プレス部品,2023-03-28,1222,965,1179230,1043808,117923,58961,1220692,-41462,-3.52
2026-03-01,P0207,カバー 中型,板金プレス部品,2023-03-28,1218,715,870870,770860,87087,43543,901490,-30620,-3.52
2024-04-01,P0208,カバー 大型,板金プレス部品,2020-11-08,1890,682,1288980,984783,128898,64449,1178130,110850,8.6
2024-05-01,P0208,カバー 大型,板金プレス部品,2020-11-08,1938,510,988380,755124,98838,49419,903381,84999,8.6
2024-06-01,P0208,カバー 大型,板金プレス部品,2020-11-08,1892,641,1212772,926560,121277,60638,1108475,104297,8.6
2024-07-01,P0208,カバー 大型,板金プレス部品,2020-11-08,1902,637,1211574,925645,121157,60578,1107380,104194,8.6
2024-08-01,P0208,カバー 大型,板金プレス部品,2020-11-08,1909,625,1193125,911550,119312,59656,1090518,102607,8.6
2024-09-01,P0208,カバー 大型,板金プレス部品,2020-11-08,1885,730,1376050,1051305,137605,68802,1257712,118338,8.6
2024-10-01,P0208,カバー 大型,板金プレス部品,2020-11-08,1863,629,1171827,895278,117182,58591,1071051,100776,8.6
2024-11-01,P0208,カバー 大型,板金プレス部品,2020-11-08,1886,724,1365464,1043217,136546,68273,1248036,117428,8.6
2024-12-01,P0208,カバー 大型,板金プレス部品,2020-11-08,1938,575,1114350,851365,111435,55717,1018517,95833,8.6
2025-01-01,P0208,カバー 大型,板金プレス部品,2020-11-08,1872,654,1224288,935358,122428,61214,1119000,105288,8.6
2025-02-01,P0208,カバー 大型,板金プレス部品,2020-11-08,1889,573,1082397,826953,108239,54119,989311,93086,8.6
2025-03-01,P0208,カバー 大型,板金プレス部品,2020-11-08,1895,756,1432620,1094524,143262,71631,1309417,123203,8.6
2025-04-01,P0208,カバー 大型,板金プレス部品,2020-11-08,1906,564,1074984,821290,107498,53749,982537,92447,8.6
2025-05-01,P0208,カバー 大型,板金プレス部品,2020-11-08,1867,608,1135136,867246,113513,56756,1037515,97621,8.6
2025-06-01,P0208,カバー 大型,板金プレス部品,2020-11-08,1864,724,1349536,1031048,134953,67476,1233477,116059,8.6
2025-07-01,P0208,カバー 大型,板金プレス部品,2020-11-08,1923,733,1409559,1076906,140955,70477,1288338,121221,8.6
2025-08-01,P0208,カバー 大型,板金プレス部品,2020-11-08,1918,525,1006950,769312,100695,50347,920354,86596,8.6
2025-09-01,P0208,カバー 大型,板金プレス部品,2020-11-08,1908,701,1337508,1021859,133750,66875,1222484,115024,8.6
2025-10-01,P0208,カバー 大型,板金プレス部品,2020-11-08,1866,652,1216632,1115411,121663,60831,1297905,-81273,-6.68
2025-11-01,P0208,カバー 大型,板金プレス部品,2020-11-08,1918,521,999278,916140,99927,49963,1066030,-66752,-6.68
2025-12-01,P0208,カバー 大型,板金プレス部品,2020-11-08,1881,533,1002573,919161,100257,50128,1069546,-66973,-6.68
2026-01-01,P0208,カバー 大型,板金プレス部品,2020-11-08,1875,632,1185000,1086411,118500,59250,1264161,-79161,-6.68
2026-02-01,P0208,カバー 大型,板金プレス部品,2020-11-08,1924,706,1358344,1245333,135834,67917,1449084,-90740,-6.68
2026-03-01,P0208,カバー 大型,板金プレス部品,2020-11-08,1866,719,1341654,1230032,134165,67082,1431279,-89625,-6.68
2024-04-01,P0209,カバー 業務用,板金プレス部品,2020-12-03,2740,552,1512480,1010485,151248,75624,1237357,275123,18.19
2024-05-01,P0209,カバー 業務用,板金プレス部品,2020-12-03,2765,523,1446095,966133,144609,72304,1183046,263049,18.19
2024-06-01,P0209,カバー 業務用,板金プレス部品,2020-12-03,2731,455,1242605,830182,124260,62130,1016572,226033,18.19
2024-07-01,P0209,カバー 業務用,板金プレス部品,2020-12-03,2715,514,1395510,932337,139551,69775,1141663,253847,18.19
2024-08-01,P0209,カバー 業務用,板金プレス部品,2020-12-03,2764,554,1531256,1023029,153125,76562,1252716,278540,18.19
2024-09-01,P0209,カバー 業務用,板金プレス部品,2020-12-03,2778,409,1136202,759094,113620,56810,929524,206678,18.19
2024-10-01,P0209,カバー 業務用,板金プレス部品,2020-12-03,2723,471,1282533,856858,128253,64126,1049237,233296,18.19
2024-11-01,P0209,カバー 業務用,板金プレス部品,2020-12-03,2780,574,1595720,1066097,159572,79786,1305455,290265,18.19
2024-12-01,P0209,カバー 業務用,板金プレス部品,2020-12-03,2794,503,1405382,938933,140538,70269,1149740,255642,18.19
2025-01-01,P0209,カバー 業務用,板金プレス部品,2020-12-03,2749,493,1355257,905444,135525,67762,1108731,246526,18.19
2025-02-01,P0209,カバー 業務用,板金プレス部品,2020-12-03,2717,424,1152008,769654,115200,57600,942454,209554,18.19
2025-03-01,P0209,カバー 業務用,板金プレス部品,2020-12-03,2751,471,1295721,865668,129572,64786,1060026,235695,18.19
2025-04-01,P0209,カバー 業務用,板金プレス部品,2020-12-03,2749,530,1456970,973399,145697,72848,1191944,265026,18.19
2025-05-01,P0209,カバー 業務用,板金プレス部品,2020-12-03,2792,503,1404376,938261,140437,70218,1148916,255460,18.19
2025-06-01,P0209,カバー 業務用,板金プレス部品,2020-12-03,2736,580,1586880,1060191,158688,79344,1298223,288657,18.19
2025-07-01,P0209,カバー 業務用,板金プレス部品,2020-12-03,2789,563,1570207,1049052,157020,78510,1284582,285625,18.19
2025-08-01,P0209,カバー 業務用,板金プレス部品,2020-12-03,2737,401,1097537,733262,109753,54876,897891,199646,18.19
2025-09-01,P0209,カバー 業務用,板金プレス部品,2020-12-03,2774,430,1192820,796921,119282,59641,975844,216976,18.19
2025-10-01,P0209,カバー 業務用,板金プレス部品,2020-12-03,2755,495,1363725,1093322,136372,68186,1297880,65845,4.83
2025-11-01,P0209,カバー 業務用,板金プレス部品,2020-12-03,2737,536,1467032,1176145,146703,73351,1396199,70833,4.83
2025-12-01,P0209,カバー 業務用,板金プレス部品,2020-12-03,2796,462,1291752,1035620,129175,64587,1229382,62370,4.83
2026-01-01,P0209,カバー 業務用,板金プレス部品,2020-12-03,2786,576,1604736,1286545,160473,80236,1527254,77482,4.83
2026-02-01,P0209,カバー 業務用,板金プレス部品,2020-12-03,2713,430,1166590,935276,116659,58329,1110264,56326,4.83
2026-03-01,P0209,カバー 業務用,板金プレス部品,2020-12-03,2747,428,1175716,942592,117571,58785,1118948,56768,4.83
2024-04-01,P0210,カバー HD,板金プレス部品,2020-04-27,3749,908,3404092,2304310,340409,170204,2814923,589169,17.31
2024-05-01,P0210,カバー HD,板金プレス部品,2020-04-27,3690,756,2789640,1888373,278964,139482,2306819,482821,17.31
2024-06-01,P0210,カバー HD,板金プレス部品,2020-04-27,3720,745,2771400,1876026,277140,138570,2291736,479664,17.31
2024-07-01,P0210,カバー HD,板金プレス部品,2020-04-27,3662,849,3109038,2104581,310903,155451,2570935,538103,17.31
2024-08-01,P0210,カバー HD,板金プレス部品,2020-04-27,3668,891,3268188,2212314,326818,163409,2702541,565647,17.31
2024-09-01,P0210,カバー HD,板金プレス部品,2020-04-27,3797,708,2688276,1819758,268827,134413,2222998,465278,17.31
2024-10-01,P0210,カバー HD,板金プレス部品,2020-04-27,3664,685,2509840,1698970,250984,125492,2075446,434394,17.31
2024-11-01,P0210,カバー HD,板金プレス部品,2020-04-27,3708,825,3059100,2070777,305910,152955,2529642,529458,17.31
2024-12-01,P0210,カバー HD,板金プレス部品,2020-04-27,3650,654,2387100,1615884,238710,119355,1973949,413151,17.31
2025-01-01,P0210,カバー HD,板金プレス部品,2020-04-27,3727,650,2422550,1639881,242255,121127,2003263,419287,17.31
2025-02-01,P0210,カバー HD,板金プレス部品,2020-04-27,3765,698,2627970,1778935,262797,131398,2173130,454840,17.31
2025-03-01,P0210,カバー HD,板金プレス部品,2020-04-27,3671,894,3281874,2221578,328187,164093,2713858,568016,17.31
2025-04-01,P0210,カバー HD,板金プレス部品,2020-04-27,3671,731,2683501,1816525,268350,134175,2219050,464451,17.31
2025-05-01,P0210,カバー HD,板金プレス部品,2020-04-27,3685,715,2634775,1783541,263477,131738,2178756,456019,17.31
2025-06-01,P0210,カバー HD,板金プレス部品,2020-04-27,3700,872,3226400,2184026,322640,161320,2667986,558414,17.31
2025-07-01,P0210,カバー HD,板金プレス部品,2020-04-27,3749,781,2927969,1982011,292796,146398,2421205,506764,17.31
2025-08-01,P0210,カバー HD,板金プレス部品,2020-04-27,3694,883,3261802,2207991,326180,163090,2697261,564541,17.31
2025-09-01,P0210,カバー HD,板金プレス部品,2020-04-27,3795,691,2622345,1775127,262234,131117,2168478,453867,17.31
2025-10-01,P0210,カバー HD,板金プレス部品,2020-04-27,3749,726,2721774,2210920,272177,136088,2619185,102589,3.77
2025-11-01,P0210,カバー HD,板金プレス部品,2020-04-27,3726,838,3122388,2536342,312238,156119,3004699,117689,3.77
2025-12-01,P0210,カバー HD,板金プレス部品,2020-04-27,3670,697,2557990,2077877,255799,127899,2461575,96415,3.77
2026-01-01,P0210,カバー HD,板金プレス部品,2020-04-27,3725,778,2898050,2354110,289805,144902,2788817,109233,3.77
2026-02-01,P0210,カバー HD,板金プレス部品,2020-04-27,3755,868,3259340,2647589,325934,162967,3136490,122850,3.77
2026-03-01,P0210,カバー HD,板金プレス部品,2020-04-27,3794,911,3456334,2807609,345633,172816,3326058,130276,3.77
2024-04-01,P0211,ハウジング 小型,板金プレス部品,2022-09-25,1630,6271,10221730,7733114,1022173,511086,9266373,955357,9.35
2024-05-01,P0211,ハウジング 小型,板金プレス部品,2022-09-25,1642,7879,12937318,9787556,1293731,646865,11728152,1209166,9.35
2024-06-01,P0211,ハウジング 小型,板金プレス部品,2022-09-25,1642,6588,10817496,8183833,1081749,540874,9806456,1011040,9.35
2024-07-01,P0211,ハウジング 小型,板金プレス部品,2022-09-25,1626,7096,11538096,8728993,1153809,576904,10459706,1078390,9.35
2024-08-01,P0211,ハウジング 小型,板金プレス部品,2022-09-25,1631,8559,13959729,10561048,1395972,697986,12655006,1304723,9.35
2024-09-01,P0211,ハウジング 小型,板金プレス部品,2022-09-25,1641,7633,12525753,9476192,1252575,626287,11355054,1170699,9.35
2024-10-01,P0211,ハウジング 小型,板金プレス部品,2022-09-25,1618,7740,12523320,9474352,1252332,626166,11352850,1170470,9.35
2024-11-01,P0211,ハウジング 小型,板金プレス部品,2022-09-25,1626,7851,12765726,9657741,1276572,638286,11572599,1193127,9.35
2024-12-01,P0211,ハウジング 小型,板金プレス部品,2022-09-25,1613,8018,12933034,9784315,1293303,646651,11724269,1208765,9.35
2025-01-01,P0211,ハウジング 小型,板金プレス部品,2022-09-25,1654,9043,14957122,11315612,1495712,747856,13559180,1397942,9.35
2025-02-01,P0211,ハウジング 小型,板金プレス部品,2022-09-25,1623,7300,11847900,8963372,1184790,592395,10740557,1107343,9.35
2025-03-01,P0211,ハウジング 小型,板金プレス部品,2022-09-25,1651,7211,11905361,9006843,1190536,595268,10792647,1112714,9.35
2025-04-01,P0211,ハウジング 小型,板金プレス部品,2022-09-25,1650,8020,13233000,10011251,1323300,661650,11996201,1236799,9.35
2025-05-01,P0211,ハウジング 小型,板金プレス部品,2022-09-25,1634,8725,14256650,10785680,1425665,712832,12924177,1332473,9.35
2025-06-01,P0211,ハウジング 小型,板金プレス部品,2022-09-25,1633,8062,13165246,9959992,1316524,658262,11934778,1230468,9.35
2025-07-01,P0211,ハウジング 小型,板金プレス部品,2022-09-25,1635,7967,13026045,9854682,1302604,651302,11808588,1217457,9.35
2025-08-01,P0211,ハウジング 小型,板金プレス部品,2022-09-25,1604,8386,13451144,10176285,1345114,672557,12193956,1257188,9.35
2025-09-01,P0211,ハウジング 小型,板金プレス部品,2022-09-25,1623,6692,10861116,8216833,1086111,543055,9845999,1015117,9.35
2025-10-01,P0211,ハウジング 小型,板金プレス部品,2022-09-25,1637,8895,14561115,13219222,1456111,728055,15403388,-842273,-5.78
2025-11-01,P0211,ハウジング 小型,板金プレス部品,2022-09-25,1630,7140,11638200,10565671,1163820,581910,12311401,-673201,-5.78
2025-12-01,P0211,ハウジング 小型,板金プレス部品,2022-09-25,1661,7405,12299705,11166215,1229970,614985,13011170,-711465,-5.78
2026-01-01,P0211,ハウジング 小型,板金プレス部品,2022-09-25,1659,8947,14843073,13475196,1484307,742153,15701656,-858583,-5.78
2026-02-01,P0211,ハウジング 小型,板金プレス部品,2022-09-25,1617,8582,13877094,12598238,1387709,693854,14679801,-802707,-5.78
2026-03-01,P0211,ハウジング 小型,板金プレス部品,2022-09-25,1643,6852,11257836,10220360,1125783,562891,11909034,-651198,-5.78
2024-04-01,P0212,ハウジング 中型,板金プレス部品,2020-09-11,2835,1521,4312035,2963493,431203,215601,3610297,701738,16.27
2024-05-01,P0212,ハウジング 中型,板金プレス部品,2020-09-11,2781,1519,4224339,2903223,422433,211216,3536872,687467,16.27
2024-06-01,P0212,ハウジング 中型,板金プレス部品,2020-09-11,2846,1592,4530832,3113863,453083,226541,3793487,737345,16.27
2024-07-01,P0212,ハウジング 中型,板金プレス部品,2020-09-11,2811,1886,5301546,3643545,530154,265077,4438776,862770,16.27
2024-08-01,P0212,ハウジング 中型,板金プレス部品,2020-09-11,2843,1947,5535321,3804210,553532,276766,4634508,900813,16.27
2024-09-01,P0212,ハウジング 中型,板金プレス部品,2020-09-11,2839,1650,4684350,3219370,468435,234217,3922022,762328,16.27
2024-10-01,P0212,ハウジング 中型,板金プレス部品,2020-09-11,2808,1523,4276584,2939129,427658,213829,3580616,695968,16.27
2024-11-01,P0212,ハウジング 中型,板金プレス部品,2020-09-11,2799,1462,4092138,2812366,409213,204606,3426185,665953,16.27
2024-12-01,P0212,ハウジング 中型,板金プレス部品,2020-09-11,2760,1740,4802400,3300502,480240,240120,4020862,781538,16.27
2025-01-01,P0212,ハウジング 中型,板金プレス部品,2020-09-11,2825,1700,4802500,3300570,480250,240125,4020945,781555,16.27
2025-02-01,P0212,ハウジング 中型,板金プレス部品,2020-09-11,2757,1805,4976385,3420075,497638,248819,4166532,809853,16.27
2025-03-01,P0212,ハウジング 中型,板金プレス部品,2020-09-11,2791,1446,4035786,2773638,403578,201789,3379005,656781,16.27
2025-04-01,P0212,ハウジング 中型,板金プレス部品,2020-09-11,2849,1962,5589738,3841608,558973,279486,4680067,909671,16.27
2025-05-01,P0212,ハウジング 中型,板金プレス部品,2020-09-11,2832,1594,4514208,3102438,451420,225710,3779568,734640,16.27
2025-06-01,P0212,ハウジング 中型,板金プレス部品,2020-09-11,2862,1779,5091498,3499187,509149,254574,4262910,828588,16.27
2025-07-01,P0212,ハウジング 中型,板金プレス部品,2020-09-11,2813,1446,4067598,2795501,406759,203379,3405639,661959,16.27
2025-08-01,P0212,ハウジング 中型,板金プレス部品,2020-09-11,2786,1790,4986940,3427329,498694,249347,4175370,811570,16.27
2025-09-01,P0212,ハウジング 中型,板金プレス部品,2020-09-11,2757,1413,3895641,2677321,389564,194782,3261667,633974,16.27
2025-10-01,P0212,ハウジング 中型,板金プレス部品,2020-09-11,2829,1694,4792326,3952294,479232,239616,4671142,121184,2.53
2025-11-01,P0212,ハウジング 中型,板金プレス部品,2020-09-11,2772,1864,5167008,4261299,516700,258350,5036349,130659,2.53
2025-12-01,P0212,ハウジング 中型,板金プレス部品,2020-09-11,2794,1973,5512562,4546282,551256,275628,5373166,139396,2.53
2026-01-01,P0212,ハウジング 中型,板金プレス部品,2020-09-11,2765,2046,5657190,4665559,565719,282859,5514137,143053,2.53
2026-02-01,P0212,ハウジング 中型,板金プレス部品,2020-09-11,2853,1958,5586174,4606991,558617,279308,5444916,141258,2.53
2026-03-01,P0212,ハウジング 中型,板金プレス部品,2020-09-11,2842,1949,5539058,4568133,553905,276952,5398990,140068,2.53
2024-04-01,P0213,ハウジング 大型,板金プレス部品,2020-05-30,4691,2307,10822137,8475879,1082213,541106,10099198,722939,6.68
2024-05-01,P0213,ハウジング 大型,板金プレス部品,2020-05-30,4769,2061,9828909,7697985,982890,491445,9172320,656589,6.68
2024-06-01,P0213,ハウジング 大型,板金プレス部品,2020-05-30,4660,1947,9073020,7105974,907302,453651,8466927,606093,6.68
2024-07-01,P0213,ハウジング 大型,板金プレス部品,2020-05-30,4637,2468,11444116,8963012,1144411,572205,10679628,764488,6.68
2024-08-01,P0213,ハウジング 大型,板金プレス部品,2020-05-30,4641,1830,8493030,6651726,849303,424651,7925680,567350,6.68
2024-09-01,P0213,ハウジング 大型,板金プレス部品,2020-05-30,4744,2346,11129424,8716546,1112942,556471,10385959,743465,6.68
2024-10-01,P0213,ハウジング 大型,板金プレス部品,2020-05-30,4699,1798,8448802,6617087,844880,422440,7884407,564395,6.68
2024-11-01,P0213,ハウジング 大型,板金プレス部品,2020-05-30,4708,2183,10277564,8049370,1027756,513878,9591004,686560,6.68
2024-12-01,P0213,ハウジング 大型,板金プレス部品,2020-05-30,4762,2271,10814502,8469899,1081450,540725,10092074,722428,6.68
2025-01-01,P0213,ハウジング 大型,板金プレス部品,2020-05-30,4639,1995,9254805,7248347,925480,462740,8636567,618238,6.68
2025-02-01,P0213,ハウジング 大型,板金プレス部品,2020-05-30,4663,2194,10230622,8012606,1023062,511531,9547199,683423,6.68
2025-03-01,P0213,ハウジング 大型,板金プレス部品,2020-05-30,4596,2103,9665388,7569915,966538,483269,9019722,645666,6.68
2025-04-01,P0213,ハウジング 大型,板金プレス部品,2020-05-30,4758,1826,8688108,6804511,868810,434405,8107726,580382,6.68
2025-05-01,P0213,ハウジング 大型,板金プレス部品,2020-05-30,4693,1758,8250294,6461616,825029,412514,7699159,551135,6.68
2025-06-01,P0213,ハウジング 大型,板金プレス部品,2020-05-30,4585,2342,10738070,8410038,1073807,536903,10020748,717322,6.68
2025-07-01,P0213,ハウジング 大型,板金プレス部品,2020-05-30,4654,1890,8796060,6889059,879606,439803,8208468,587592,6.68
2025-08-01,P0213,ハウジング 大型,板金プレス部品,2020-05-30,4647,2131,9902757,7755822,990275,495137,9241234,661523,6.68
2025-09-01,P0213,ハウジング 大型,板金プレス部品,2020-05-30,4625,2252,10415500,8157402,1041550,520775,9719727,695773,6.68
2025-10-01,P0213,ハウジング 大型,板金プレス部品,2020-05-30,4583,1722,7891926,7417131,789192,394596,8600919,-708993,-8.98
2025-11-01,P0213,ハウジング 大型,板金プレス部品,2020-05-30,4651,1994,9274094,8716145,927409,463704,10107258,-833164,-8.98
2025-12-01,P0213,ハウジング 大型,板金プレス部品,2020-05-30,4591,2507,11509637,10817194,1150963,575481,12543638,-1034001,-8.98
2026-01-01,P0213,ハウジング 大型,板金プレス部品,2020-05-30,4691,2151,10090341,9483285,1009034,504517,10996836,-906495,-8.98
2026-02-01,P0213,ハウジング 大型,板金プレス部品,2020-05-30,4702,2295,10791090,10141876,1079109,539554,11760539,-969449,-8.98
2026-03-01,P0213,ハウジング 大型,板金プレス部品,2020-05-30,4701,1707,8024607,7541830,802460,401230,8745520,-720913,-8.98
2024-04-01,P0214,ハウジング 業務用,板金プレス部品,2021-06-14,6100,432,2635200,1924974,263520,131760,2320254,314946,11.95
2024-05-01,P0214,ハウジング 業務用,板金プレス部品,2021-06-14,6209,423,2626407,1918551,262640,131320,2312511,313896,11.95
2024-06-01,P0214,ハウジング 業務用,板金プレス部品,2021-06-14,6097,413,2518061,1839406,251806,125903,2217115,300946,11.95
2024-07-01,P0214,ハウジング 業務用,板金プレス部品,2021-06-14,6236,416,2594176,1895007,259417,129708,2284132,310044,11.95
2024-08-01,P0214,ハウジング 業務用,板金プレス部品,2021-06-14,6138,388,2381544,1739682,238154,119077,2096913,284631,11.95
2024-09-01,P0214,ハウジング 業務用,板金プレス部品,2021-06-14,6126,338,2070588,1512533,207058,103529,1823120,247468,11.95
2024-10-01,P0214,ハウジング 業務用,板金プレス部品,2021-06-14,6155,431,2652805,1937834,265280,132640,2335754,317051,11.95
2024-11-01,P0214,ハウジング 業務用,板金プレス部品,2021-06-14,6237,421,2625777,1918091,262577,131288,2311956,313821,11.95
2024-12-01,P0214,ハウジング 業務用,板金プレス部品,2021-06-14,6220,417,2593740,1894688,259374,129687,2283749,309991,11.95
2025-01-01,P0214,ハウジング 業務用,板金プレス部品,2021-06-14,6182,407,2516074,1837954,251607,125803,2215364,300710,11.95
2025-02-01,P0214,ハウジング 業務用,板金プレス部品,2021-06-14,6262,342,2141604,1564410,214160,107080,1885650,255954,11.95
2025-03-01,P0214,ハウジング 業務用,板金プレス部品,2021-06-14,6169,462,2850078,2081939,285007,142503,2509449,340629,11.95
2025-04-01,P0214,ハウジング 業務用,板金プレス部品,2021-06-14,6301,457,2879557,2103473,287955,143977,2535405,344152,11.95
2025-05-01,P0214,ハウジング 業務用,板金プレス部品,2021-06-14,6233,387,2412171,1762055,241217,120608,2123880,288291,11.95
2025-06-01,P0214,ハウジング 業務用,板金プレス部品,2021-06-14,6113,412,2518556,1839767,251855,125927,2217549,301007,11.95
2025-07-01,P0214,ハウジング 業務用,板金プレス部品,2021-06-14,6166,319,1966954,1436830,196695,98347,1731872,235082,11.95
2025-08-01,P0214,ハウジング 業務用,板金プレス部品,2021-06-14,6134,434,2662156,1944665,266215,133107,2343987,318169,11.95
2025-09-01,P0214,ハウジング 業務用,板金プレス部品,2021-06-14,6216,434,2697744,1970662,269774,134887,2375323,322421,11.95
2025-10-01,P0214,ハウジング 業務用,板金プレス部品,2021-06-14,6125,420,2572500,2255007,257250,128625,2640882,-68382,-2.66
2025-11-01,P0214,ハウジング 業務用,板金プレス部品,2021-06-14,6099,385,2348115,2058315,234811,117405,2410531,-62416,-2.66
2025-12-01,P0214,ハウジング 業務用,板金プレス部品,2021-06-14,6076,350,2126600,1864139,212660,106330,2183129,-56529,-2.66
2026-01-01,P0214,ハウジング 業務用,板金プレス部品,2021-06-14,6106,331,2021086,1771648,202108,101054,2074810,-53724,-2.66
2026-02-01,P0214,ハウジング 業務用,板金プレス部品,2021-06-14,6163,402,2477526,2171755,247752,123876,2543383,-65857,-2.66
2026-03-01,P0214,ハウジング 業務用,板金プレス部品,2021-06-14,6267,353,2212251,1939219,221225,110612,2271056,-58805,-2.66
2024-04-01,P0215,ハウジング HD,板金プレス部品,2019-09-25,8128,16738,136046464,107862732,13604646,6802323,128269701,7776763,5.72
2024-05-01,P0215,ハウジング HD,板金プレス部品,2019-09-25,8218,11543,94860374,75208857,9486037,4743018,89437912,5422462,5.72
2024-06-01,P0215,ハウジング HD,板金プレス部品,2019-09-25,8128,16362,132990336,105439719,13299033,6649516,125388268,7602068,5.72
2024-07-01,P0215,ハウジング HD,板金プレス部品,2019-09-25,8069,14514,117113466,92851942,11711346,5855673,110418961,6694505,5.72
2024-08-01,P0215,ハウジング HD,板金プレス部品,2019-09-25,8172,14213,116148636,92086989,11614863,5807431,109509283,6639353,5.72
2024-09-01,P0215,ハウジング HD,板金プレス部品,2019-09-25,7980,14391,114840180,91049596,11484018,5742009,108275623,6564557,5.72
2024-10-01,P0215,ハウジング HD,板金プレス部品,2019-09-25,7964,11785,93855740,74412346,9385574,4692787,88490707,5365033,5.72
2024-11-01,P0215,ハウジング HD,板金プレス部品,2019-09-25,8042,12892,103677464,82199376,10367746,5183873,97750995,5926469,5.72
2024-12-01,P0215,ハウジング HD,板金プレス部品,2019-09-25,8000,16562,132496000,105047791,13249600,6624800,124922191,7573809,5.72
2025-01-01,P0215,ハウジング HD,板金プレス部品,2019-09-25,7995,13282,106189590,84191084,10618959,5309479,100119522,6070068,5.72
2025-02-01,P0215,ハウジング HD,板金プレス部品,2019-09-25,8122,14577,118394394,93867510,11839439,5919719,111626668,6767726,5.72
2025-03-01,P0215,ハウジング HD,板金プレス部品,2019-09-25,8231,14499,119341269,94618228,11934126,5967063,112519417,6821852,5.72
2025-04-01,P0215,ハウジング HD,板金プレス部品,2019-09-25,8194,17152,140543488,111428141,14054348,7027174,132509663,8033825,5.72
2025-05-01,P0215,ハウジング HD,板金プレス部品,2019-09-25,8041,16064,129170624,102411309,12917062,6458531,121786902,7383722,5.72
2025-06-01,P0215,ハウジング HD,板金プレス部品,2019-09-25,8036,14772,118707792,94115983,11870779,5935389,111922151,6785641,5.72
2025-07-01,P0215,ハウジング HD,板金プレス部品,2019-09-25,7978,15944,127201232,100849901,12720123,6360061,119930085,7271147,5.72
2025-08-01,P0215,ハウジング HD,板金プレス部品,2019-09-25,7935,12693,100718955,79853760,10071895,5035947,94961602,5757353,5.72
2025-09-01,P0215,ハウジング HD,板金プレス部品,2019-09-25,8145,14939,121678155,96470999,12167815,6083907,114722721,6955434,5.72
2025-10-01,P0215,ハウジング HD,板金プレス部品,2019-09-25,8088,11471,92777448,88268923,9277744,4638872,102185539,-9408091,-10.14
2025-11-01,P0215,ハウジング HD,板金プレス部品,2019-09-25,8179,13610,111316190,105906774,11131619,5565809,122604202,-11288012,-10.14
2025-12-01,P0215,ハウジング HD,板金プレス部品,2019-09-25,7939,11675,92687825,88183655,9268782,4634391,102086828,-9399003,-10.14
2026-01-01,P0215,ハウジング HD,板金プレス部品,2019-09-25,8114,15004,121742456,115826375,12174245,6087122,134087742,-12345286,-10.14
2026-02-01,P0215,ハウジング HD,板金プレス部品,2019-09-25,8114,16211,131536054,125144052,13153605,6576802,144874459,-13338405,-10.14
2026-03-01,P0215,ハウジング HD,板金プレス部品,2019-09-25,8024,16889,135517336,128931864,13551733,6775866,149259463,-13742127,-10.14
2024-04-01,P0216,シャーシ 小型,板金プレス部品,2019-10-26,2671,545,1455695,991557,145569,72784,1209910,245785,16.88
2024-05-01,P0216,シャーシ 小型,板金プレス部品,2019-10-26,2660,512,1361920,927682,136192,68096,1131970,229950,16.88
2024-06-01,P0216,シャーシ 小型,板金プレス部品,2019-10-26,2676,455,1217580,829363,121758,60879,1012000,205580,16.88
2024-07-01,P0216,シャーシ 小型,板金プレス部品,2019-10-26,2746,476,1307096,890338,130709,65354,1086401,220695,16.88
2024-08-01,P0216,シャーシ 小型,板金プレス部品,2019-10-26,2677,372,995844,678326,99584,49792,827702,168142,16.88
2024-09-01,P0216,シャーシ 小型,板金プレス部品,2019-10-26,2687,429,1152723,785186,115272,57636,958094,194629,16.88
2024-10-01,P0216,シャーシ 小型,板金プレス部品,2019-10-26,2763,436,1204668,820568,120466,60233,1001267,203401,16.88
2024-11-01,P0216,シャーシ 小型,板金プレス部品,2019-10-26,2705,385,1041425,709374,104142,52071,865587,175838,16.88
2024-12-01,P0216,シャーシ 小型,板金プレス部品,2019-10-26,2690,450,1210500,824541,121050,60525,1006116,204384,16.88
2025-01-01,P0216,シャーシ 小型,板金プレス部品,2019-10-26,2737,417,1141329,777424,114132,57066,948622,192707,16.88
2025-02-01,P0216,シャーシ 小型,板金プレス部品,2019-10-26,2747,479,1315813,896276,131581,65790,1093647,222166,16.88
2025-03-01,P0216,シャーシ 小型,板金プレス部品,2019-10-26,2725,440,1199000,816707,119900,59950,996557,202443,16.88
2025-04-01,P0216,シャーシ 小型,板金プレス部品,2019-10-26,2752,530,1458560,993509,145856,72928,1212293,246267,16.88
2025-05-01,P0216,シャーシ 小型,板金プレス部品,2019-10-26,2688,535,1438080,979559,143808,71904,1195271,242809,16.88
2025-06-01,P0216,シャーシ 小型,板金プレス部品,2019-10-26,2748,547,1503156,1023886,150315,75157,1249358,253798,16.88
2025-07-01,P0216,シャーシ 小型,板金プレス部品,2019-10-26,2732,512,1398784,952792,139878,69939,1162609,236175,16.88
2025-08-01,P0216,シャーシ 小型,板金プレス部品,2019-10-26,2707,546,1478022,1006765,147802,73901,1228468,249554,16.88
2025-09-01,P0216,シャーシ 小型,板金プレス部品,2019-10-26,2735,502,1372970,935208,137297,68648,1141153,231817,16.88
2025-10-01,P0216,シャーシ 小型,板金プレス部品,2019-10-26,2741,500,1370500,1120231,137050,68525,1325806,44694,3.26
2025-11-01,P0216,シャーシ 小型,板金プレス部品,2019-10-26,2697,401,1081497,884003,108149,54074,1046226,35271,3.26
2025-12-01,P0216,シャーシ 小型,板金プレス部品,2019-10-26,2740,438,1200120,980965,120012,60006,1160983,39137,3.26
2026-01-01,P0216,シャーシ 小型,板金プレス部品,2019-10-26,2750,497,1366750,1117166,136675,68337,1322178,44572,3.26
2026-02-01,P0216,シャーシ 小型,板金プレス部品,2019-10-26,2724,511,1391964,1137776,139196,69598,1346570,45394,3.26
2026-03-01,P0216,シャーシ 小型,板金プレス部品,2019-10-26,2728,392,1069376,874096,106937,53468,1034501,34875,3.26
2024-04-01,P0217,シャーシ 中型,板金プレス部品,2019-05-11,4396,4749,20876604,16440894,2087660,1043830,19572384,1304220,6.25
2024-05-01,P0217,シャーシ 中型,板金プレス部品,2019-05-11,4303,5388,23184564,18258476,2318456,1159228,21736160,1448404,6.25
2024-06-01,P0217,シャーシ 中型,板金プレス部品,2019-05-11,4334,4892,21201928,16697096,2120192,1060096,19877384,1324544,6.25
2024-07-01,P0217,シャーシ 中型,板金プレス部品,2019-05-11,4282,4410,18883620,14871365,1888362,944181,17703908,1179712,6.25
2024-08-01,P0217,シャーシ 中型,板金プレス部品,2019-05-11,4273,4035,17241555,13578194,1724155,862077,16164426,1077129,6.25
2024-09-01,P0217,シャーシ 中型,板金プレス部品,2019-05-11,4266,4728,20169648,15884147,2016964,1008482,18909593,1260055,6.25
2024-10-01,P0217,シャーシ 中型,板金プレス部品,2019-05-11,4332,4368,18922176,14901729,1892217,946108,17740054,1182122,6.25
2024-11-01,P0217,シャーシ 中型,板金プレス部品,2019-05-11,4389,4380,19223820,15139282,1922382,961191,18022855,1200965,6.25
2024-12-01,P0217,シャーシ 中型,板金プレス部品,2019-05-11,4255,4389,18675195,14707225,1867519,933759,17508503,1166692,6.25
2025-01-01,P0217,シャーシ 中型,板金プレス部品,2019-05-11,4387,5376,23584512,18573446,2358451,1179225,22111122,1473390,6.25
2025-02-01,P0217,シャーシ 中型,板金プレス部品,2019-05-11,4372,4779,20893788,16454427,2089378,1044689,19588494,1305294,6.25
2025-03-01,P0217,シャーシ 中型,板金プレス部品,2019-05-11,4374,3823,16721802,13168874,1672180,836090,15677144,1044658,6.25
2025-04-01,P0217,シャーシ 中型,板金プレス部品,2019-05-11,4326,3966,17156916,13511539,1715691,857845,16085075,1071841,6.25
2025-05-01,P0217,シャーシ 中型,板金プレス部品,2019-05-11,4371,3913,17103723,13469648,1710372,855186,16035206,1068517,6.25
2025-06-01,P0217,シャーシ 中型,板金プレス部品,2019-05-11,4285,4035,17289975,13616326,1728997,864498,16209821,1080154,6.25
2025-07-01,P0217,シャーシ 中型,板金プレス部品,2019-05-11,4366,3789,16542774,13027885,1654277,827138,15509300,1033474,6.25
2025-08-01,P0217,シャーシ 中型,板金プレス部品,2019-05-11,4331,4124,17861044,14066059,1786104,893052,16745215,1115829,6.25
2025-09-01,P0217,シャーシ 中型,板金プレス部品,2019-05-11,4375,4190,18331250,14436359,1833125,916562,17186046,1145204,6.25
2025-10-01,P0217,シャーシ 中型,板金プレス部品,2019-05-11,4404,4000,17616000,16647696,1761600,880800,19290096,-1674096,-9.5
2025-11-01,P0217,シャーシ 中型,板金プレス部品,2019-05-11,4259,4170,17760030,16783809,1776003,888001,19447813,-1687783,-9.5
2025-12-01,P0217,シャーシ 中型,板金プレス部品,2019-05-11,4254,4025,17122350,16181180,1712235,856117,18749532,-1627182,-9.5
2026-01-01,P0217,シャーシ 中型,板金プレス部品,2019-05-11,4284,4435,18999540,17955186,1899954,949977,20805117,-1805577,-9.5
2026-02-01,P0217,シャーシ 中型,板金プレス部品,2019-05-11,4330,5185,22451050,21216976,2245105,1122552,24584633,-2133583,-9.5
2026-03-01,P0217,シャーシ 中型,板金プレス部品,2019-05-11,4319,4012,17327828,16375364,1732782,866391,18974537,-1646709,-9.5
2024-04-01,P0218,シャーシ 大型,板金プレス部品,2021-04-28,7071,6021,42574491,31070136,4257449,2128724,37456309,5118182,12.02
2024-05-01,P0218,シャーシ 大型,板金プレス部品,2021-04-28,7039,5827,41016253,29932960,4101625,2050812,36085397,4930856,12.02
2024-06-01,P0218,シャーシ 大型,板金プレス部品,2021-04-28,7175,8120,58261000,42517882,5826100,2913050,51257032,7003968,12.02
2024-07-01,P0218,シャーシ 大型,板金プレス部品,2021-04-28,7058,8073,56979234,41582471,5697923,2848961,50129355,6849879,12.02
2024-08-01,P0218,シャーシ 大型,板金プレス部品,2021-04-28,7088,7896,55966848,40843649,5596684,2798342,49238675,6728173,12.02
2024-09-01,P0218,シャーシ 大型,板金プレス部品,2021-04-28,7214,5926,42750164,31198339,4275016,2137508,37610863,5139301,12.02
2024-10-01,P0218,シャーシ 大型,板金プレス部品,2021-04-28,7100,5692,40413200,29492862,4041320,2020660,35554842,4858358,12.02
2024-11-01,P0218,シャーシ 大型,板金プレス部品,2021-04-28,7161,7792,55798512,40720800,5579851,2789925,49090576,6707936,12.02
2024-12-01,P0218,シャーシ 大型,板金プレス部品,2021-04-28,7086,6959,49311474,35986671,4931147,2465573,43383391,5928083,12.02
2025-01-01,P0218,シャーシ 大型,板金プレス部品,2021-04-28,7267,5735,41676245,30414611,4167624,2083812,36666047,5010198,12.02
2025-02-01,P0218,シャーシ 大型,板金プレス部品,2021-04-28,7058,6010,42418580,30956354,4241858,2120929,37319141,5099439,12.02
2025-03-01,P0218,シャーシ 大型,板金プレス部品,2021-04-28,7244,6179,44760676,32665576,4476067,2238033,39379676,5381000,12.02
2025-04-01,P0218,シャーシ 大型,板金プレス部品,2021-04-28,7115,7638,54344370,39659592,5434437,2717218,47811247,6533123,12.02
2025-05-01,P0218,シャーシ 大型,板金プレス部品,2021-04-28,7000,8168,57176000,41726067,5717600,2858800,50302467,6873533,12.02
2025-06-01,P0218,シャーシ 大型,板金プレス部品,2021-04-28,7002,7997,55994994,40864189,5599499,2799749,49263437,6731557,12.02
2025-07-01,P0218,シャーシ 大型,板金プレス部品,2021-04-28,7000,6608,46256000,33756838,4625600,2312800,40695238,5560762,12.02
2025-08-01,P0218,シャーシ 大型,板金プレス部品,2021-04-28,7246,8288,60054848,43827001,6005484,3002742,52835227,7219621,12.02
2025-09-01,P0218,シャーシ 大型,板金プレス部品,2021-04-28,7047,7144,50343768,36740021,5034376,2517188,44291585,6052183,12.02
2025-10-01,P0218,シャーシ 大型,板金プレス部品,2021-04-28,7113,6292,44754996,39193717,4475499,2237749,45906965,-1151969,-2.57
2025-11-01,P0218,シャーシ 大型,板金プレス部品,2021-04-28,6991,6420,44882220,39305132,4488222,2244111,46037465,-1155245,-2.57
2025-12-01,P0218,シャーシ 大型,板金プレス部品,2021-04-28,7160,7341,52561560,46030234,5256156,2628078,53914468,-1352908,-2.57
2026-01-01,P0218,シャーシ 大型,板金プレス部品,2021-04-28,7121,8027,57160267,50057503,5716026,2858013,58631542,-1471275,-2.57
2026-02-01,P0218,シャーシ 大型,板金プレス部品,2021-04-28,7131,6480,46208880,40466941,4620888,2310444,47398273,-1189393,-2.57
2026-03-01,P0218,シャーシ 大型,板金プレス部品,2021-04-28,7163,6066,43450758,38051544,4345075,2172537,44569156,-1118398,-2.57
2024-04-01,P0219,シャーシ 業務用,板金プレス部品,2023-02-21,10140,1707,17308980,13176325,1730898,865449,15772672,1536308,8.88
2024-05-01,P0219,シャーシ 業務用,板金プレス部品,2023-02-21,10217,2274,23233458,17686288,2323345,1161672,21171305,2062153,8.88
2024-06-01,P0219,シャーシ 業務用,板金プレス部品,2023-02-21,10305,2007,20682135,15744113,2068213,1034106,18846432,1835703,8.88
2024-07-01,P0219,シャーシ 業務用,板金プレス部品,2023-02-21,10039,2044,20519716,15620473,2051971,1025985,18698429,1821287,8.88
2024-08-01,P0219,シャーシ 業務用,板金プレス部品,2023-02-21,10387,2223,23090301,17577311,2309030,1154515,21040856,2049445,8.88
2024-09-01,P0219,シャーシ 業務用,板金プレス部品,2023-02-21,10060,1628,16377680,12467381,1637768,818884,14924033,1453647,8.88
2024-10-01,P0219,シャーシ 業務用,板金プレス部品,2023-02-21,10257,2142,21970494,16724867,2197049,1098524,20020440,1950054,8.88
2024-11-01,P0219,シャーシ 業務用,板金プレス部品,2023-02-21,10231,1889,19326359,14712039,1932635,966317,17610991,1715368,8.88
2024-12-01,P0219,シャーシ 業務用,板金プレス部品,2023-02-21,10216,2143,21892888,16665790,2189288,1094644,19949722,1943166,8.88
2025-01-01,P0219,シャーシ 業務用,板金プレス部品,2023-02-21,10047,1697,17049759,12978995,1704975,852487,15536457,1513302,8.88
2025-02-01,P0219,シャーシ 業務用,板金プレス部品,2023-02-21,10387,1934,20088458,15292181,2008845,1004422,18305448,1783010,8.88
2025-03-01,P0219,シャーシ 業務用,板金プレス部品,2023-02-21,10157,2028,20598396,15680368,2059839,1029919,18770126,1828270,8.88
2025-04-01,P0219,シャーシ 業務用,板金プレス部品,2023-02-21,10169,2306,23449714,17850911,2344971,1172485,21368367,2081347,8.88
2025-05-01,P0219,シャーシ 業務用,板金プレス部品,2023-02-21,10058,1989,20005362,15228925,2000536,1000268,18229729,1775633,8.88
2025-06-01,P0219,シャーシ 業務用,板金プレス部品,2023-02-21,10296,2170,22342320,17007916,2234232,1117116,20359264,1983056,8.88
2025-07-01,P0219,シャーシ 業務用,板金プレス部品,2023-02-21,10143,2215,22466745,17102634,2246674,1123337,20472645,1994100,8.88
2025-08-01,P0219,シャーシ 業務用,板金プレス部品,2023-02-21,10079,1931,19462549,14815713,1946254,973127,17735094,1727455,8.88
2025-09-01,P0219,シャーシ 業務用,板金プレス部品,2023-02-21,10045,2350,23605750,17969692,2360575,1180287,21510554,2095196,8.88
2025-10-01,P0219,シャーシ 業務用,板金プレス部品,2023-02-21,10298,2100,21625800,19754965,2162580,1081290,22998835,-1373035,-6.35
2025-11-01,P0219,シャーシ 業務用,板金プレス部品,2023-02-21,10159,1711,17382049,15878338,1738204,869102,18485644,-1103595,-6.35
2025-12-01,P0219,シャーシ 業務用,板金プレス部品,2023-02-21,10238,1620,16585560,15150753,1658556,829278,17638587,-1053027,-6.35
2026-01-01,P0219,シャーシ 業務用,板金プレス部品,2023-02-21,10186,2375,24191750,22098937,2419175,1209587,25727699,-1535949,-6.35
2026-02-01,P0219,シャーシ 業務用,板金プレス部品,2023-02-21,10062,2371,23857002,21793147,2385700,1192850,25371697,-1514695,-6.35
2026-03-01,P0219,シャーシ 業務用,板金プレス部品,2023-02-21,10379,1897,19688963,17985683,1968896,984448,20939027,-1250064,-6.35
2024-04-01,P0220,シャーシ HD,板金プレス部品,2023-08-08,13379,8262,110537298,72680042,11053729,5526864,89260635,21276663,19.25
2024-05-01,P0220,シャーシ HD,板金プレス部品,2023-08-08,13426,10263,137791038,90599812,13779103,6889551,111268466,26522572,19.25
2024-06-01,P0220,シャーシ HD,板金プレス部品,2023-08-08,13100,9347,122445700,80510007,12244570,6122285,98876862,23568838,19.25
2024-07-01,P0220,シャーシ HD,板金プレス部品,2023-08-08,13345,7371,98365995,64677215,9836599,4918299,79432113,18933882,19.25
2024-08-01,P0220,シャーシ HD,板金プレス部品,2023-08-08,13145,8891,116872195,76845338,11687219,5843609,94376166,22496029,19.25
2024-09-01,P0220,シャーシ HD,板金プレス部品,2023-08-08,13227,8153,107839731,70906348,10783973,5391986,87082307,20757424,19.25
2024-10-01,P0220,シャーシ HD,板金プレス部品,2023-08-08,13226,8874,117367524,77171025,11736752,5868376,94776153,22591371,19.25
2024-11-01,P0220,シャーシ HD,板金プレス部品,2023-08-08,13080,8489,111036120,73008025,11103612,5551806,89663443,21372677,19.25
2024-12-01,P0220,シャーシ HD,板金プレス部品,2023-08-08,13343,10190,135965170,89399275,13596517,6798258,109794050,26171120,19.25
2025-01-01,P0220,シャーシ HD,板金プレス部品,2023-08-08,13244,7631,101064964,66451831,10106496,5053248,81611575,19453389,19.25
2025-02-01,P0220,シャーシ HD,板金プレス部品,2023-08-08,13338,8594,114626772,75368937,11462677,5731338,92562952,22063820,19.25
2025-03-01,P0220,シャーシ HD,板金プレス部品,2023-08-08,13362,9277,123959274,81505206,12395927,6197963,100099096,23860178,19.25
2025-04-01,P0220,シャーシ HD,板金プレス部品,2023-08-08,13074,9594,125431956,82473518,12543195,6271597,101288310,24143646,19.25
2025-05-01,P0220,シャーシ HD,板金プレス部品,2023-08-08,13028,8196,106777488,70207907,10677748,5338874,86224529,20552959,19.25
2025-06-01,P0220,シャーシ HD,板金プレス部品,2023-08-08,13247,8728,115619816,76021879,11561981,5780990,93364850,22254966,19.25
2025-07-01,P0220,シャーシ HD,板金プレス部品,2023-08-08,13108,9723,127449084,83799812,12744908,6372454,102917174,24531910,19.25
2025-08-01,P0220,シャーシ HD,板金プレス部品,2023-08-08,13182,9357,123343974,81100636,12334397,6167198,99602231,23741743,19.25
2025-09-01,P0220,シャーシ HD,板金プレス部品,2023-08-08,13401,8470,113506470,74632320,11350647,5675323,91658290,21848180,19.25
2025-10-01,P0220,シャーシ HD,板金プレス部品,2023-08-08,13201,7366,97238566,76723095,9723856,4861928,91308879,5929687,6.1
2025-11-01,P0220,シャーシ HD,板金プレス部品,2023-08-08,13399,8503,113931697,89894296,11393169,5696584,106984049,6947648,6.1
2025-12-01,P0220,シャーシ HD,板金プレス部品,2023-08-08,13522,7820,105742040,83432500,10574204,5287102,99293806,6448234,6.1
2026-01-01,P0220,シャーシ HD,板金プレス部品,2023-08-08,13454,10660,143419640,113160850,14341964,7170982,134673796,8745844,6.1
2026-02-01,P0220,シャーシ HD,板金プレス部品,2023-08-08,13372,8178,109356216,86284154,10935621,5467810,102687585,6668631,6.1
2026-03-01,P0220,シャーシ HD,板金プレス部品,2023-08-08,13482,7407,99861174,78792384,9986117,4993058,93771559,6089615,6.1
2024-04-01,P0221,フレーム 小型,板金プレス部品,2020-01-20,3919,1228,4812532,3670161,481253,240626,4392040,420492,8.74
2024-05-01,P0221,フレーム 小型,板金プレス部品,2020-01-20,4005,1580,6327900,4825819,632790,316395,5775004,552896,8.74
2024-06-01,P0221,フレーム 小型,板金プレス部品,2020-01-20,3943,1422,5606946,4276001,560694,280347,5117042,489904,8.74
2024-07-01,P0221,フレーム 小型,板金プレス部品,2020-01-20,3998,1552,6204896,4732013,620489,310244,5662746,542150,8.74
2024-08-01,P0221,フレーム 小型,板金プレス部品,2020-01-20,3928,1560,6127680,4673126,612768,306384,5592278,535402,8.74
2024-09-01,P0221,フレーム 小型,板金プレス部品,2020-01-20,4003,1491,5968473,4551711,596847,298423,5446981,521492,8.74
2024-10-01,P0221,フレーム 小型,板金プレス部品,2020-01-20,3929,1214,4769806,3637577,476980,238490,4353047,416759,8.74
2024-11-01,P0221,フレーム 小型,板金プレス部品,2020-01-20,3932,1160,4561120,3478427,456112,228056,4162595,398525,8.74
2024-12-01,P0221,フレーム 小型,板金プレス部品,2020-01-20,3899,1564,6098036,4650519,609803,304901,5565223,532813,8.74
2025-01-01,P0221,フレーム 小型,板金プレス部品,2020-01-20,3873,1434,5553882,4235533,555388,277694,5068615,485267,8.74
2025-02-01,P0221,フレーム 小型,板金プレス部品,2020-01-20,3997,1635,6535095,4983831,653509,326754,5964094,571001,8.74
2025-03-01,P0221,フレーム 小型,板金プレス部品,2020-01-20,3979,1424,5666096,4321110,566609,283304,5171023,495073,8.74
2025-04-01,P0221,フレーム 小型,板金プレス部品,2020-01-20,4001,1187,4749187,3621852,474918,237459,4334229,414958,8.74
2025-05-01,P0221,フレーム 小型,板金プレス部品,2020-01-20,3887,1532,5954884,4541348,595488,297744,5434580,520304,8.74
2025-06-01,P0221,フレーム 小型,板金プレス部品,2020-01-20,3871,1682,6511022,4965473,651102,325551,5942126,568896,8.74
2025-07-01,P0221,フレーム 小型,板金プレス部品,2020-01-20,3895,1483,5776285,4405143,577628,288814,5271585,504700,8.74
2025-08-01,P0221,フレーム 小型,板金プレス部品,2020-01-20,3879,1534,5950386,4537917,595038,297519,5430474,519912,8.74
2025-09-01,P0221,フレーム 小型,板金プレス部品,2020-01-20,3941,1174,4626734,3528466,462673,231336,4222475,404259,8.74
2025-10-01,P0221,フレーム 小型,板金プレス部品,2020-01-20,3911,1689,6605679,6045193,660567,330283,7036043,-430364,-6.52
2025-11-01,P0221,フレーム 小型,板金プレス部品,2020-01-20,3949,1474,5820826,5326934,582082,291041,6200057,-379231,-6.52
2025-12-01,P0221,フレーム 小型,板金プレス部品,2020-01-20,3913,1604,6276452,5743900,627645,313822,6685367,-408915,-6.52
2026-01-01,P0221,フレーム 小型,板金プレス部品,2020-01-20,4018,1441,5789938,5298667,578993,289496,6167156,-377218,-6.52
2026-02-01,P0221,フレーム 小型,板金プレス部品,2020-01-20,3937,1316,5181092,4741481,518109,259054,5518644,-337552,-6.52
2026-03-01,P0221,フレーム 小型,板金プレス部品,2020-01-20,3920,1630,6389600,5847448,638960,319480,6805888,-416288,-6.52
2024-04-01,P0222,フレーム 中型,板金プレス部品,2023-08-13,6538,10198,66674524,58673581,6667452,3333726,68674759,-2000235,-3.0
2024-05-01,P0222,フレーム 中型,板金プレス部品,2023-08-13,6492,12970,84201240,74097091,8420124,4210062,86727277,-2526037,-3.0
2024-06-01,P0222,フレーム 中型,板金プレス部品,2023-08-13,6430,11612,74665160,65705340,7466516,3733258,76905114,-2239954,-3.0
2024-07-01,P0222,フレーム 中型,板金プレス部品,2023-08-13,6374,8907,56773218,49960431,5677321,2838660,58476412,-1703194,-3.0
2024-08-01,P0222,フレーム 中型,板金プレス部品,2023-08-13,6359,9504,60435936,53183623,6043593,3021796,62249012,-1813076,-3.0
2024-09-01,P0222,フレーム 中型,板金プレス部品,2023-08-13,6365,11746,74763290,65791695,7476329,3738164,77006188,-2242898,-3.0
2024-10-01,P0222,フレーム 中型,板金プレス部品,2023-08-13,6428,9231,59336868,52216443,5933686,2966843,61116972,-1780104,-3.0
2024-11-01,P0222,フレーム 中型,板金プレス部品,2023-08-13,6367,9954,63377118,55771863,6337711,3168855,65278429,-1901311,-3.0
2024-12-01,P0222,フレーム 中型,板金プレス部品,2023-08-13,6396,9498,60749208,53459303,6074920,3037460,62571683,-1822475,-3.0
2025-01-01,P0222,フレーム 中型,板金プレス部品,2023-08-13,6525,11228,73262700,64471176,7326270,3663135,75460581,-2197881,-3.0
2025-02-01,P0222,フレーム 中型,板金プレス部品,2023-08-13,6523,12626,82359398,72476270,8235939,4117969,84830178,-2470780,-3.0
2025-03-01,P0222,フレーム 中型,板金プレス部品,2023-08-13,6564,11632,76352448,67190154,7635244,3817622,78643020,-2290572,-3.0
2025-04-01,P0222,フレーム 中型,板金プレス部品,2023-08-13,6493,11152,72409936,63720743,7240993,3620496,74582232,-2172296,-3.0
2025-05-01,P0222,フレーム 中型,板金プレス部品,2023-08-13,6414,10673,68456622,60241827,6845662,3422831,70510320,-2053698,-3.0
2025-06-01,P0222,フレーム 中型,板金プレス部品,2023-08-13,6368,10320,65717760,57831628,6571776,3285888,67689292,-1971532,-3.0
2025-07-01,P0222,フレーム 中型,板金プレス部品,2023-08-13,6344,12377,78519688,69097325,7851968,3925984,80875277,-2355589,-3.0
2025-08-01,P0222,フレーム 中型,板金プレス部品,2023-08-13,6553,11838,77574414,68265484,7757441,3878720,79901645,-2327231,-3.0
2025-09-01,P0222,フレーム 中型,板金プレス部品,2023-08-13,6347,11053,70153391,61734984,7015339,3507669,72257992,-2104601,-3.0
2025-10-01,P0222,フレーム 中型,板金プレス部品,2023-08-13,6418,10748,68980664,72843581,6898066,3449033,83190680,-14210016,-20.6
2025-11-01,P0222,フレーム 中型,板金プレス部品,2023-08-13,6508,13214,85996712,90812527,8599671,4299835,103712033,-17715321,-20.6
2025-12-01,P0222,フレーム 中型,板金プレス部品,2023-08-13,6463,12044,77840372,82199432,7784037,3892018,93875487,-16035115,-20.6
2026-01-01,P0222,フレーム 中型,板金プレス部品,2023-08-13,6516,11992,78139872,82515704,7813987,3906993,94236684,-16096812,-20.6
2026-02-01,P0222,フレーム 中型,板金プレス部品,2023-08-13,6387,9145,58409115,61680025,5840911,2920455,70441391,-12032276,-20.6
2026-03-01,P0222,フレーム 中型,板金プレス部品,2023-08-13,6461,8909,57561049,60784467,5756104,2878052,69418623,-11857574,-20.6
2024-04-01,P0223,フレーム 大型,板金プレス部品,2021-03-03,10172,927,9429444,6216921,942944,471472,7631337,1798107,19.07
2024-05-01,P0223,フレーム 大型,板金プレス部品,2021-03-03,10038,1039,10429482,6876256,1042948,521474,8440678,1988804,19.07
2024-06-01,P0223,フレーム 大型,板金プレス部品,2021-03-03,10341,737,7621317,5024806,762131,381065,6168002,1453315,19.07
2024-07-01,P0223,フレーム 大型,板金プレス部品,2021-03-03,10246,1031,10563626,6964698,1056362,528181,8549241,2014385,19.07
2024-08-01,P0223,フレーム 大型,板金プレス部品,2021-03-03,10363,797,8259311,5445441,825931,412965,6684337,1574974,19.07
2024-09-01,P0223,フレーム 大型,板金プレス部品,2021-03-03,10242,982,10057644,6631099,1005764,502882,8139745,1917899,19.07
2024-10-01,P0223,フレーム 大型,板金プレス部品,2021-03-03,10177,789,8029653,5294026,802965,401482,6498473,1531180,19.07
2024-11-01,P0223,フレーム 大型,板金プレス部品,2021-03-03,10318,1002,10338636,6816360,1033863,516931,8367154,1971482,19.07
2024-12-01,P0223,フレーム 大型,板金プレス部品,2021-03-03,10181,910,9264710,6108311,926471,463235,7498017,1766693,19.07
2025-01-01,P0223,フレーム 大型,板金プレス部品,2021-03-03,10183,958,9755314,6431770,975531,487765,7895066,1860248,19.07
2025-02-01,P0223,フレーム 大型,板金プレス部品,2021-03-03,10003,858,8582574,5658572,858257,429128,6945957,1636617,19.07
2025-03-01,P0223,フレーム 大型,板金プレス部品,2021-03-03,10277,755,7759135,5115671,775913,387956,6279540,1479595,19.07
2025-04-01,P0223,フレーム 大型,板金プレス部品,2021-03-03,9989,719,7182091,4735220,718209,359104,5812533,1369558,19.07
2025-05-01,P0223,フレーム 大型,板金プレス部品,2021-03-03,10255,1031,10572905,6970816,1057290,528645,8556751,2016154,19.07
2025-06-01,P0223,フレーム 大型,板金プレス部品,2021-03-03,10095,712,7187640,4738879,718764,359382,5817025,1370615,19.07
2025-07-01,P0223,フレーム 大型,板金プレス部品,2021-03-03,10138,981,9945378,6557081,994537,497268,8048886,1896492,19.07
2025-08-01,P0223,フレーム 大型,板金プレス部品,2021-03-03,10155,877,8905935,5871767,890593,445296,7207656,1698279,19.07
2025-09-01,P0223,フレーム 大型,板金プレス部品,2021-03-03,10262,782,8024884,5290881,802488,401244,6494613,1530271,19.07
2025-10-01,P0223,フレーム 大型,板金プレス部品,2021-03-03,10174,747,7599978,6012884,759997,379998,7152879,447099,5.88
2025-11-01,P0223,フレーム 大型,板金プレス部品,2021-03-03,9987,770,7689990,6084099,768999,384499,7237597,452393,5.88
2025-12-01,P0223,フレーム 大型,板金プレス部品,2021-03-03,10322,761,7855042,6214684,785504,392752,7392940,462102,5.88
2026-01-01,P0223,フレーム 大型,板金プレス部品,2021-03-03,10081,773,7792613,6165292,779261,389630,7334183,458430,5.88
2026-02-01,P0223,フレーム 大型,板金プレス部品,2021-03-03,10267,759,7792653,6165323,779265,389632,7334220,458433,5.88
2026-03-01,P0223,フレーム 大型,板金プレス部品,2021-03-03,10352,868,8985536,7109098,898553,449276,8456927,528609,5.88
2024-04-01,P0224,フレーム 業務用,板金プレス部品,2019-10-05,14579,1766,25746514,18252710,2574651,1287325,22114686,3631828,14.11
2024-05-01,P0224,フレーム 業務用,板金プレス部品,2019-10-05,14750,1423,20989250,14880100,2098925,1049462,18028487,2960763,14.11
2024-06-01,P0224,フレーム 業務用,板金プレス部品,2019-10-05,14359,2063,29622617,21000631,2962261,1481130,25444022,4178595,14.11
2024-07-01,P0224,フレーム 業務用,板金プレス部品,2019-10-05,14316,1834,26255544,18613581,2625554,1312777,22551912,3703632,14.11
2024-08-01,P0224,フレーム 業務用,板金プレス部品,2019-10-05,14645,1777,26024165,18449548,2602416,1301208,22353172,3670993,14.11
2024-09-01,P0224,フレーム 業務用,板金プレス部品,2019-10-05,14395,2051,29524145,20930821,2952414,1476207,25359442,4164703,14.11
2024-10-01,P0224,フレーム 業務用,板金プレス部品,2019-10-05,14614,1879,27459706,19467259,2745970,1372985,23586214,3873492,14.11
2024-11-01,P0224,フレーム 業務用,板金プレス部品,2019-10-05,14563,1550,22572650,16002634,2257265,1128632,19388531,3184119,14.11
2024-12-01,P0224,フレーム 業務用,板金プレス部品,2019-10-05,14642,1853,27131626,19234670,2713162,1356581,23304413,3827213,14.11
2025-01-01,P0224,フレーム 業務用,板金プレス部品,2019-10-05,14222,2093,29766646,21102739,2976664,1488332,25567735,4198911,14.11
2025-02-01,P0224,フレーム 業務用,板金プレス部品,2019-10-05,14283,1536,21938688,15553193,2193868,1096934,18843995,3094693,14.11
2025-03-01,P0224,フレーム 業務用,板金プレス部品,2019-10-05,14462,1503,21736386,15409774,2173638,1086819,18670231,3066155,14.11
2025-04-01,P0224,フレーム 業務用,板金プレス部品,2019-10-05,14459,2008,29033672,20583105,2903367,1451683,24938155,4095517,14.11
2025-05-01,P0224,フレーム 業務用,板金プレス部品,2019-10-05,14417,1862,26844454,19031083,2684445,1342222,23057750,3786704,14.11
2025-06-01,P0224,フレーム 業務用,板金プレス部品,2019-10-05,14682,1618,23755476,16841185,2375547,1187773,20404505,3350971,14.11
2025-07-01,P0224,フレーム 業務用,板金プレス部品,2019-10-05,14402,1853,26686906,18919391,2668690,1334345,22922426,3764480,14.11
2025-08-01,P0224,フレーム 業務用,板金プレス部品,2019-10-05,14488,2033,29454104,20881166,2945410,1472705,25299281,4154823,14.11
2025-09-01,P0224,フレーム 業務用,板金プレス部品,2019-10-05,14479,1527,22109433,15674241,2210943,1105471,18990655,3118778,14.11
2025-10-01,P0224,フレーム 業務用,板金プレス部品,2019-10-05,14411,1866,26890926,22876834,2689092,1344546,26910472,-19546,-0.07
2025-11-01,P0224,フレーム 業務用,板金プレス部品,2019-10-05,14508,1984,28783872,24487215,2878387,1439193,28804795,-20923,-0.07
2025-12-01,P0224,フレーム 業務用,板金プレス部品,2019-10-05,14696,1722,25306512,21528931,2530651,1265325,25324907,-18395,-0.07
2026-01-01,P0224,フレーム 業務用,板金プレス部品,2019-10-05,14439,1718,24806202,21103304,2480620,1240310,24824234,-18032,-0.07
2026-02-01,P0224,フレーム 業務用,板金プレス部品,2019-10-05,14409,1468,21152412,17994926,2115241,1057620,21167787,-15375,-0.07
2026-03-01,P0224,フレーム 業務用,板金プレス部品,2019-10-05,14303,1672,23914616,20344807,2391461,1195730,23931998,-17382,-0.07
2024-04-01,P0225,フレーム HD,板金プレス部品,2019-05-13,19720,2697,53184840,38248670,5318484,2659242,46226396,6958444,13.08
2024-05-01,P0225,フレーム HD,板金プレス部品,2019-05-13,19756,3222,63653832,45777602,6365383,3182691,55325676,8328156,13.08
2024-06-01,P0225,フレーム HD,板金プレス部品,2019-05-13,20092,3320,66705440,47972212,6670544,3335272,57978028,8727412,13.08
2024-07-01,P0225,フレーム HD,板金プレス部品,2019-05-13,19611,2895,56773845,40829757,5677384,2838692,49345833,7428012,13.08
2024-08-01,P0225,フレーム HD,板金プレス部品,2019-05-13,19616,3131,61417696,44169452,6141769,3070884,53382105,8035591,13.08
2024-09-01,P0225,フレーム HD,板金プレス部品,2019-05-13,20121,3164,63662844,45784083,6366284,3183142,55333509,8329335,13.08
2024-10-01,P0225,フレーム HD,板金プレス部品,2019-05-13,19899,3296,65587104,47167944,6558710,3279355,57006009,8581095,13.08
2024-11-01,P0225,フレーム HD,板金プレス部品,2019-05-13,19623,3706,72722838,52299713,7272283,3636141,63208137,9514701,13.08
2024-12-01,P0225,フレーム HD,板金プレス部品,2019-05-13,20180,3623,73112140,52579685,7311214,3655607,63546506,9565634,13.08
2025-01-01,P0225,フレーム HD,板金プレス部品,2019-05-13,19664,3044,59857216,43047209,5985721,2992860,52025790,7831426,13.08
2025-02-01,P0225,フレーム HD,板金プレス部品,2019-05-13,20277,2712,54991224,39547758,5499122,2749561,47796441,7194783,13.08
2025-03-01,P0225,フレーム HD,板金プレス部品,2019-05-13,20239,2810,56871590,40900052,5687159,2843579,49430790,7440800,13.08
2025-04-01,P0225,フレーム HD,板金プレス部品,2019-05-13,19910,3149,62696590,45089187,6269659,3134829,54493675,8202915,13.08
2025-05-01,P0225,フレーム HD,板金プレス部品,2019-05-13,19713,3295,64954335,46712878,6495433,3247716,56456027,8498308,13.08
2025-06-01,P0225,フレーム HD,板金プレス部品,2019-05-13,20290,3055,61985950,44578120,6198595,3099297,53876012,8109938,13.08
2025-07-01,P0225,フレーム HD,板金プレス部品,2019-05-13,20277,2815,57079755,41049757,5707975,2853987,49611719,7468036,13.08
2025-08-01,P0225,フレーム HD,板金プレス部品,2019-05-13,19583,3766,73749578,53038108,7374957,3687478,64100543,9649035,13.08
2025-09-01,P0225,フレーム HD,板金プレス部品,2019-05-13,19679,3184,62657936,45061389,6265793,3132896,54460078,8197858,13.08
2025-10-01,P0225,フレーム HD,板金プレス部品,2019-05-13,20331,3298,67051638,57865422,6705163,3352581,67923166,-871528,-1.3
2025-11-01,P0225,フレーム HD,板金プレス部品,2019-05-13,20279,3644,73896676,63772676,7389667,3694833,74857176,-960500,-1.3
2025-12-01,P0225,フレーム HD,板金プレス部品,2019-05-13,19974,2784,55607616,47989255,5560761,2780380,56330396,-722780,-1.3
2026-01-01,P0225,フレーム HD,板金プレス部品,2019-05-13,20259,2811,56948049,49146046,5694804,2847402,57688252,-740203,-1.3
2026-02-01,P0225,フレーム HD,板金プレス部品,2019-05-13,19664,2756,54193984,46769294,5419398,2709699,54898391,-704407,-1.3
2026-03-01,P0225,フレーム HD,板金プレス部品,2019-05-13,19687,2531,49827797,43001284,4982779,2491389,50475452,-647655,-1.3
2024-04-01,P0226,パネル 小型,板金プレス部品,2021-05-12,1144,1125,1287000,902710,128700,64350,1095760,191240,14.86
2024-05-01,P0226,パネル 小型,板金プレス部品,2021-05-12,1116,1505,1679580,1178069,167958,83979,1430006,249574,14.86
2024-06-01,P0226,パネル 小型,板金プレス部品,2021-05-12,1124,1507,1693868,1188090,169386,84693,1442169,251699,14.86
2024-07-01,P0226,パネル 小型,板金プレス部品,2021-05-12,1120,1503,1683360,1180720,168336,84168,1433224,250136,14.86
2024-08-01,P0226,パネル 小型,板金プレス部品,2021-05-12,1122,1388,1557336,1092326,155733,77866,1325925,231411,14.86
2024-09-01,P0226,パネル 小型,板金プレス部品,2021-05-12,1131,1184,1339104,939256,133910,66955,1140121,198983,14.86
2024-10-01,P0226,パネル 小型,板金プレス部品,2021-05-12,1139,1489,1695971,1189566,169597,84798,1443961,252010,14.86
2024-11-01,P0226,パネル 小型,板金プレス部品,2021-05-12,1128,1276,1439328,1009554,143932,71966,1225452,213876,14.86
2024-12-01,P0226,パネル 小型,板金プレス部品,2021-05-12,1107,1496,1656072,1161580,165607,82803,1409990,246082,14.86
2025-01-01,P0226,パネル 小型,板金プレス部品,2021-05-12,1122,1122,1258884,882990,125888,62944,1071822,187062,14.86
2025-02-01,P0226,パネル 小型,板金プレス部品,2021-05-12,1122,1204,1350888,947522,135088,67544,1150154,200734,14.86
2025-03-01,P0226,パネル 小型,板金プレス部品,2021-05-12,1132,1133,1282556,899593,128255,64127,1091975,190581,14.86
2025-04-01,P0226,パネル 小型,板金プレス部品,2021-05-12,1141,1446,1649886,1157241,164988,82494,1404723,245163,14.86
2025-05-01,P0226,パネル 小型,板金プレス部品,2021-05-12,1123,1435,1611505,1130320,161150,80575,1372045,239460,14.86
2025-06-01,P0226,パネル 小型,板金プレス部品,2021-05-12,1138,1589,1808282,1268341,180828,90414,1539583,268699,14.86
2025-07-01,P0226,パネル 小型,板金プレス部品,2021-05-12,1114,1368,1523952,1068910,152395,76197,1297502,226450,14.86
2025-08-01,P0226,パネル 小型,板金プレス部品,2021-05-12,1132,1434,1623288,1138585,162328,81164,1382077,241211,14.86
2025-09-01,P0226,パネル 小型,板金プレス部品,2021-05-12,1140,1453,1656420,1161824,165642,82821,1410287,246133,14.86
2025-10-01,P0226,パネル 小型,板金プレス部品,2021-05-12,1148,1578,1811544,1524755,181154,90577,1796486,15058,0.83
2025-11-01,P0226,パネル 小型,板金プレス部品,2021-05-12,1149,1424,1636176,1377150,163617,81808,1622575,13601,0.83
2025-12-01,P0226,パネル 小型,板金プレス部品,2021-05-12,1105,1576,1741480,1465783,174148,87074,1727005,14475,0.83
2026-01-01,P0226,パネル 小型,板金プレス部品,2021-05-12,1113,1428,1589364,1337749,158936,79468,1576153,13211,0.83
2026-02-01,P0226,パネル 小型,板金プレス部品,2021-05-12,1118,1243,1389674,1169672,138967,69483,1378122,11552,0.83
2026-03-01,P0226,パネル 小型,板金プレス部品,2021-05-12,1105,1344,1485120,1250008,148512,74256,1472776,12344,0.83
2024-04-01,P0227,パネル 中型,板金プレス部品,2022-09-24,1873,2534,4746182,3113676,474618,237309,3825603,920579,19.4
2024-05-01,P0227,パネル 中型,板金プレス部品,2022-09-24,1899,3608,6851592,4494905,685159,342579,5522643,1328949,19.4
2024-06-01,P0227,パネル 中型,板金プレス部品,2022-09-24,1844,3057,5637108,3698157,563710,281855,4543722,1093386,19.4
2024-07-01,P0227,パネル 中型,板金プレス部品,2022-09-24,1833,3563,6530979,4284570,653097,326548,5264215,1266764,19.4
2024-08-01,P0227,パネル 中型,板金プレス部品,2022-09-24,1878,3714,6974892,4575794,697489,348744,5622027,1352865,19.4
2024-09-01,P0227,パネル 中型,板金プレス部品,2022-09-24,1831,3127,5725537,3756170,572553,286276,4614999,1110538,19.4
2024-10-01,P0227,パネル 中型,板金プレス部品,2022-09-24,1865,2520,4699800,3083247,469980,234990,3788217,911583,19.4
2024-11-01,P0227,パネル 中型,板金プレス部品,2022-09-24,1887,3014,5687418,3731162,568741,284370,4584273,1103145,19.4
2024-12-01,P0227,パネル 中型,板金プレス部品,2022-09-24,1856,3299,6122944,4016884,612294,306147,4935325,1187619,19.4
2025-01-01,P0227,パネル 中型,板金プレス部品,2022-09-24,1860,2779,5168940,3391021,516894,258447,4166362,1002578,19.4
2025-02-01,P0227,パネル 中型,板金プレス部品,2022-09-24,1874,2701,5061674,3320650,506167,253083,4079900,981774,19.4
2025-03-01,P0227,パネル 中型,板金プレス部品,2022-09-24,1885,3254,6133790,4023999,613379,306689,4944067,1189723,19.4
2025-04-01,P0227,パネル 中型,板金プレス部品,2022-09-24,1845,3059,5643855,3702583,564385,282192,4549160,1094695,19.4
2025-05-01,P0227,パネル 中型,板金プレス部品,2022-09-24,1876,3542,6644792,4359236,664479,332239,5355954,1288838,19.4
2025-06-01,P0227,パネル 中型,板金プレス部品,2022-09-24,1864,3380,6300320,4133249,630032,315016,5078297,1222023,19.4
2025-07-01,P0227,パネル 中型,板金プレス部品,2022-09-24,1841,3591,6611031,4337087,661103,330551,5328741,1282290,19.4
2025-08-01,P0227,パネル 中型,板金プレス部品,2022-09-24,1884,2999,5650116,3706691,565011,282505,4554207,1095909,19.4
2025-09-01,P0227,パネル 中型,板金プレス部品,2022-09-24,1884,2663,5017092,3291403,501709,250854,4043966,973126,19.4
2025-10-01,P0227,パネル 中型,板金プレス部品,2022-09-24,1834,2938,5388292,4241909,538829,269414,5050152,338140,6.28
2025-11-01,P0227,パネル 中型,板金プレス部品,2022-09-24,1887,2596,4898652,3856442,489865,244932,4591239,307413,6.28
2025-12-01,P0227,パネル 中型,板金プレス部品,2022-09-24,1846,3470,6405620,5042796,640562,320281,6003639,401981,6.28
2026-01-01,P0227,パネル 中型,板金プレス部品,2022-09-24,1843,2643,4871049,3834712,487104,243552,4565368,305681,6.28
2026-02-01,P0227,パネル 中型,板金プレス部品,2022-09-24,1879,2763,5191677,4087125,519167,259583,4865875,325802,6.28
2026-03-01,P0227,パネル 中型,板金プレス部品,2022-09-24,1840,2766,5089440,4006639,508944,254472,4770055,319385,6.28
2024-04-01,P0228,パネル 大型,板金プレス部品,2022-09-30,3043,335,1019405,743872,101940,50970,896782,122623,12.03
2024-05-01,P0228,パネル 大型,板金プレス部品,2022-09-30,3029,342,1035918,755921,103591,51795,911307,124611,12.03
2024-06-01,P0228,パネル 大型,板金プレス部品,2022-09-30,3017,382,1152494,840988,115249,57624,1013861,138633,12.03
2024-07-01,P0228,パネル 大型,板金プレス部品,2022-09-30,3038,369,1121022,818023,112102,56051,986176,134846,12.03
2024-08-01,P0228,パネル 大型,板金プレス部品,2022-09-30,3058,268,819544,598031,81954,40977,720962,98582,12.03
2024-09-01,P0228,パネル 大型,板金プレス部品,2022-09-30,3039,333,1011987,738459,101198,50599,890256,121731,12.03
2024-10-01,P0228,パネル 大型,板金プレス部品,2022-09-30,3013,281,846653,617812,84665,42332,744809,101844,12.03
2024-11-01,P0228,パネル 大型,板金プレス部品,2022-09-30,2986,371,1107806,808379,110780,55390,974549,133257,12.03
2024-12-01,P0228,パネル 大型,板金プレス部品,2022-09-30,2991,258,771678,563102,77167,38583,678852,92826,12.03
2025-01-01,P0228,パネル 大型,板金プレス部品,2022-09-30,3059,320,978880,714300,97888,48944,861132,117748,12.03
2025-02-01,P0228,パネル 大型,板金プレス部品,2022-09-30,3071,341,1047211,764162,104721,52360,921243,125968,12.03
2025-03-01,P0228,パネル 大型,板金プレス部品,2022-09-30,3007,316,950212,693381,95021,47510,835912,114300,12.03
2025-04-01,P0228,パネル 大型,板金プレス部品,2022-09-30,2986,287,856982,625350,85698,42849,753897,103085,12.03
2025-05-01,P0228,パネル 大型,板金プレス部品,2022-09-30,2970,353,1048410,765037,104841,52420,922298,126112,12.03
2025-06-01,P0228,パネル 大型,板金プレス部品,2022-09-30,3067,289,886363,646789,88636,44318,779743,106620,12.03
2025-07-01,P0228,パネル 大型,板金プレス部品,2022-09-30,2966,332,984712,718556,98471,49235,866262,118450,12.03
2025-08-01,P0228,パネル 大型,板金プレス部品,2022-09-30,3021,348,1051308,767152,105130,52565,924847,126461,12.03
2025-09-01,P0228,パネル 大型,板金プレス部品,2022-09-30,3043,368,1119824,817149,111982,55991,985122,134702,12.03
2025-10-01,P0228,パネル 大型,板金プレス部品,2022-09-30,2985,258,770130,674367,77013,38506,789886,-19756,-2.57
2025-11-01,P0228,パネル 大型,板金プレス部品,2022-09-30,3045,291,886095,775913,88609,44304,908826,-22731,-2.57
2025-12-01,P0228,パネル 大型,板金プレス部品,2022-09-30,3050,323,985150,862651,98515,49257,1010423,-25273,-2.57
2026-01-01,P0228,パネル 大型,板金プレス部品,2022-09-30,3000,324,972000,851136,97200,48600,996936,-24936,-2.57
2026-02-01,P0228,パネル 大型,板金プレス部品,2022-09-30,2985,271,808935,708347,80893,40446,829686,-20751,-2.57
2026-03-01,P0228,パネル 大型,板金プレス部品,2022-09-30,3027,309,935343,819037,93534,46767,959338,-23995,-2.57
2024-04-01,P0229,パネル 業務用,板金プレス部品,2023-06-21,4164,2116,8811024,6211334,881102,440551,7532987,1278037,14.5
2024-05-01,P0229,パネル 業務用,板金プレス部品,2023-06-21,4172,2033,8481676,5979160,848167,424083,7251410,1230266,14.5
2024-06-01,P0229,パネル 業務用,板金プレス部品,2023-06-21,4162,1900,7907800,5574606,790780,395390,6760776,1147024,14.5
2024-07-01,P0229,パネル 業務用,板金プレス部品,2023-06-21,4084,2043,8343612,5881831,834361,417180,7133372,1210240,14.5
2024-08-01,P0229,パネル 業務用,板金プレス部品,2023-06-21,4116,2417,9948372,7013108,994837,497418,8505363,1443009,14.5
2024-09-01,P0229,パネル 業務用,板金プレス部品,2023-06-21,4105,2334,9581070,6754178,958107,479053,8191338,1389732,14.5
2024-10-01,P0229,パネル 業務用,板金プレス部品,2023-06-21,4102,2790,11444580,8067860,1144458,572229,9784547,1660033,14.5
2024-11-01,P0229,パネル 業務用,板金プレス部品,2023-06-21,4195,2401,10072195,7100397,1007219,503609,8611225,1460970,14.5
2024-12-01,P0229,パネル 業務用,板金プレス部品,2023-06-21,4107,2517,10337319,7287296,1033731,516865,8837892,1499427,14.5
2025-01-01,P0229,パネル 業務用,板金プレス部品,2023-06-21,4067,2411,9805537,6912416,980553,490276,8383245,1422292,14.5
2025-02-01,P0229,パネル 業務用,板金プレス部品,2023-06-21,4125,2405,9920625,6993547,992062,496031,8481640,1438985,14.5
2025-03-01,P0229,パネル 業務用,板金プレス部品,2023-06-21,4194,2605,10925370,7701843,1092537,546268,9340648,1584722,14.5
2025-04-01,P0229,パネル 業務用,板金プレス部品,2023-06-21,4067,2078,8451226,5957694,845122,422561,7225377,1225849,14.5
2025-05-01,P0229,パネル 業務用,板金プレス部品,2023-06-21,4142,2258,9352636,6593143,935263,467631,7996037,1356599,14.5
2025-06-01,P0229,パネル 業務用,板金プレス部品,2023-06-21,4158,2245,9334710,6580506,933471,466735,7980712,1353998,14.5
2025-07-01,P0229,パネル 業務用,板金プレス部品,2023-06-21,4209,2367,9962703,7023210,996270,498135,8517615,1445088,14.5
2025-08-01,P0229,パネル 業務用,板金プレス部品,2023-06-21,4067,2276,9256492,6525367,925649,462824,7913840,1342652,14.5
2025-09-01,P0229,パネル 業務用,板金プレス部品,2023-06-21,4154,2174,9030796,6366262,903079,451539,7720880,1309916,14.5
2025-10-01,P0229,パネル 業務用,板金プレス部品,2023-06-21,4098,2131,8732838,7387460,873283,436641,8697384,35454,0.41
2025-11-01,P0229,パネル 業務用,板金プレス部品,2023-06-21,4177,2210,9231170,7809019,923117,461558,9193694,37476,0.41
2025-12-01,P0229,パネル 業務用,板金プレス部品,2023-06-21,4112,2777,11419024,9659813,1141902,570951,11372666,46358,0.41
2026-01-01,P0229,パネル 業務用,板金プレス部品,2023-06-21,4123,2074,8551102,7233722,855110,427555,8516387,34715,0.41
2026-02-01,P0229,パネル 業務用,板金プレス部品,2023-06-21,4218,2221,9368178,7924920,936817,468408,9330145,38033,0.41
2026-03-01,P0229,パネル 業務用,板金プレス部品,2023-06-21,4166,2327,9694282,8200784,969428,484714,9654926,39356,0.41
2024-04-01,P0230,パネル HD,板金プレス部品,2021-10-22,5462,2425,13245350,9620629,1324535,662267,11607431,1637919,12.37
2024-05-01,P0230,パネル HD,板金プレス部品,2021-10-22,5496,2405,13217880,9600676,1321788,660894,11583358,1634522,12.37
2024-06-01,P0230,パネル HD,板金プレス部品,2021-10-22,5623,2234,12561782,9124126,1256178,628089,11008393,1553389,12.37
2024-07-01,P0230,パネル HD,板金プレス部品,2021-10-22,5511,2101,11578611,8410009,1157861,578930,10146800,1431811,12.37
2024-08-01,P0230,パネル HD,板金プレス部品,2021-10-22,5447,1992,10850424,7881098,1085042,542521,9508661,1341763,12.37
2024-09-01,P0230,パネル HD,板金プレス部品,2021-10-22,5573,2401,13380773,9718992,1338077,669038,11726107,1654666,12.37
2024-10-01,P0230,パネル HD,板金プレス部品,2021-10-22,5480,2431,13321880,9676215,1332188,666094,11674497,1647383,12.37
2024-11-01,P0230,パネル HD,板金プレス部品,2021-10-22,5511,1899,10465389,7601431,1046538,523269,9171238,1294151,12.37
2024-12-01,P0230,パネル HD,板金プレス部品,2021-10-22,5577,2309,12877293,9353294,1287729,643864,11284887,1592406,12.37
2025-01-01,P0230,パネル HD,板金プレス部品,2021-10-22,5599,2435,13633565,9902605,1363356,681678,11947639,1685926,12.37
2025-02-01,P0230,パネル HD,板金プレス部品,2021-10-22,5488,2567,14087696,10232458,1408769,704384,12345611,1742085,12.37
2025-03-01,P0230,パネル HD,板金プレス部品,2021-10-22,5572,2427,13523244,9822474,1352324,676162,11850960,1672284,12.37
2025-04-01,P0230,パネル HD,板金プレス部品,2021-10-22,5500,2727,14998500,10894012,1499850,749925,13143787,1854713,12.37
2025-05-01,P0230,パネル HD,板金プレス部品,2021-10-22,5494,2442,13416348,9744831,1341634,670817,11757282,1659066,12.37
2025-06-01,P0230,パネル HD,板金プレス部品,2021-10-22,5608,2525,14160200,10285121,1416020,708010,12409151,1751049,12.37
2025-07-01,P0230,パネル HD,板金プレス部品,2021-10-22,5442,2692,14649864,10640784,1464986,732493,12838263,1811601,12.37
2025-08-01,P0230,パネル HD,板金プレス部品,2021-10-22,5574,2033,11331942,8230844,1133194,566597,9930635,1401307,12.37
2025-09-01,P0230,パネル HD,板金プレス部品,2021-10-22,5607,2426,13602582,9880101,1360258,680129,11920488,1682094,12.37
2025-10-01,P0230,パネル HD,板金プレス部品,2021-10-22,5594,2134,11937596,10404905,1193759,596879,12195543,-257947,-2.16
2025-11-01,P0230,パネル HD,板金プレス部品,2021-10-22,5450,2475,13488750,11756904,1348875,674437,13780216,-291466,-2.16
2025-12-01,P0230,パネル HD,板金プレス部品,2021-10-22,5562,1961,10907082,9506701,1090708,545354,11142763,-235681,-2.16
2026-01-01,P0230,パネル HD,板金プレス部品,2021-10-22,5582,1990,11108180,9681980,1110818,555409,11348207,-240027,-2.16
2026-02-01,P0230,パネル HD,板金プレス部品,2021-10-22,5512,2358,12997296,11328549,1299729,649864,13278142,-280846,-2.16
2026-03-01,P0230,パネル HD,板金プレス部品,2021-10-22,5624,2098,11799152,10284237,1179915,589957,12054109,-254957,-2.16
2024-04-01,P0231,シールド板 小型,板金プレス部品,2020-04-16,584,2083,1216472,853177,121647,60823,1035647,180825,14.86
2024-05-01,P0231,シールド板 小型,板金プレス部品,2020-04-16,588,1937,1138956,798811,113895,56947,969653,169303,14.86
2024-06-01,P0231,シールド板 小型,板金プレス部品,2020-04-16,578,1937,1119586,785226,111958,55979,953163,166423,14.86
2024-07-01,P0231,シールド板 小型,板金プレス部品,2020-04-16,572,1705,975260,684002,97526,48763,830291,144969,14.86
2024-08-01,P0231,シールド板 小型,板金プレス部品,2020-04-16,574,2052,1177848,826088,117784,58892,1002764,175084,14.86
2024-09-01,P0231,シールド板 小型,板金プレス部品,2020-04-16,588,2046,1203048,843762,120304,60152,1024218,178830,14.86
2024-10-01,P0231,シールド板 小型,板金プレス部品,2020-04-16,568,1829,1038872,728617,103887,51943,884447,154425,14.86
2024-11-01,P0231,シールド板 小型,板金プレス部品,2020-04-16,566,1999,1131434,793536,113143,56571,963250,168184,14.86
2024-12-01,P0231,シールド板 小型,板金プレス部品,2020-04-16,578,2090,1208020,847250,120802,60401,1028453,179567,14.86
2025-01-01,P0231,シールド板 小型,板金プレス部品,2020-04-16,579,1867,1080993,758159,108099,54049,920307,160686,14.86
2025-02-01,P0231,シールド板 小型,板金プレス部品,2020-04-16,573,1887,1081251,758340,108125,54062,920527,160724,14.86
2025-03-01,P0231,シールド板 小型,板金プレス部品,2020-04-16,576,1711,985536,691209,98553,49276,839038,146498,14.86
2025-04-01,P0231,シールド板 小型,板金プレス部品,2020-04-16,569,2171,1235299,866382,123529,61764,1051675,183624,14.86
2025-05-01,P0231,シールド板 小型,板金プレス部品,2020-04-16,570,1743,993510,696802,99351,49675,845828,147682,14.86
2025-06-01,P0231,シールド板 小型,板金プレス部品,2020-04-16,569,1820,1035580,726308,103558,51779,881645,153935,14.86
2025-07-01,P0231,シールド板 小型,板金プレス部品,2020-04-16,568,2070,1175760,824624,117576,58788,1000988,174772,14.86
2025-08-01,P0231,シールド板 小型,板金プレス部品,2020-04-16,572,1998,1142856,801547,114285,57142,972974,169882,14.86
2025-09-01,P0231,シールド板 小型,板金プレス部品,2020-04-16,571,1854,1058634,742477,105863,52931,901271,157363,14.86
2025-10-01,P0231,シールド板 小型,板金プレス部品,2020-04-16,588,2047,1203636,1013010,120363,60181,1193554,10082,0.84
2025-11-01,P0231,シールド板 小型,板金プレス部品,2020-04-16,588,1666,979608,824462,97960,48980,971402,8206,0.84
2025-12-01,P0231,シールド板 小型,板金プレス部品,2020-04-16,579,1743,1009197,849365,100919,50459,1000743,8454,0.84
2026-01-01,P0231,シールド板 小型,板金プレス部品,2020-04-16,571,2026,1156846,973630,115684,57842,1147156,9690,0.84
2026-02-01,P0231,シールド板 小型,板金プレス部品,2020-04-16,568,1833,1041144,876253,104114,52057,1032424,8720,0.84
2026-03-01,P0231,シールド板 小型,板金プレス部品,2020-04-16,576,2022,1164672,980217,116467,58233,1154917,9755,0.84
2024-04-01,P0232,シールド板 中型,板金プレス部品,2019-08-18,926,4104,3800304,2850697,380030,190015,3420742,379562,9.99
2024-05-01,P0232,シールド板 中型,板金プレス部品,2019-08-18,914,3864,3531696,2649208,353169,176584,3178961,352735,9.99
2024-06-01,P0232,シールド板 中型,板金プレス部品,2019-08-18,899,4165,3744335,2808713,374433,187216,3370362,373973,9.99
2024-07-01,P0232,シールド板 中型,板金プレス部品,2019-08-18,916,3779,3461564,2596600,346156,173078,3115834,345730,9.99
2024-08-01,P0232,シールド板 中型,板金プレス部品,2019-08-18,913,4030,3679390,2759996,367939,183969,3311904,367486,9.99
2024-09-01,P0232,シールド板 中型,板金プレス部品,2019-08-18,904,5377,4860808,3646206,486080,243040,4375326,485482,9.99
2024-10-01,P0232,シールド板 中型,板金プレス部品,2019-08-18,897,3672,3293784,2470744,329378,164689,2964811,328973,9.99
2024-11-01,P0232,シールド板 中型,板金プレス部品,2019-08-18,909,3825,3476925,2608123,347692,173846,3129661,347264,9.99
2024-12-01,P0232,シールド板 中型,板金プレス部品,2019-08-18,903,4953,4472559,3354971,447255,223627,4025853,446706,9.99
2025-01-01,P0232,シールド板 中型,板金プレス部品,2019-08-18,916,3873,3547668,2661189,354766,177383,3193338,354330,9.99
2025-02-01,P0232,シールド板 中型,板金プレス部品,2019-08-18,913,4153,3791689,2844234,379168,189584,3412986,378703,9.99
2025-03-01,P0232,シールド板 中型,板金プレス部品,2019-08-18,903,5295,4781385,3586629,478138,239069,4303836,477549,9.99
2025-04-01,P0232,シールド板 中型,板金プレス部品,2019-08-18,922,4534,4180348,3135777,418034,209017,3762828,417520,9.99
2025-05-01,P0232,シールド板 中型,板金プレス部品,2019-08-18,920,4858,4469360,3352571,446936,223468,4022975,446385,9.99
2025-06-01,P0232,シールド板 中型,板金プレス部品,2019-08-18,912,5004,4563648,3423299,456364,228182,4107845,455803,9.99
2025-07-01,P0232,シールド板 中型,板金プレス部品,2019-08-18,918,4577,4201686,3151783,420168,210084,3782035,419651,9.99
2025-08-01,P0232,シールド板 中型,板金プレス部品,2019-08-18,917,4869,4464873,3349206,446487,223243,4018936,445937,9.99
2025-09-01,P0232,シールド板 中型,板金プレス部品,2019-08-18,922,4299,3963678,2973247,396367,198183,3567797,395881,9.99
2025-10-01,P0232,シールド板 中型,板金プレス部品,2019-08-18,898,4036,3624328,3262432,362432,181216,3806080,-181752,-5.01
2025-11-01,P0232,シールド板 中型,板金プレス部品,2019-08-18,902,4232,3817264,3436103,381726,190863,4008692,-191428,-5.01
2025-12-01,P0232,シールド板 中型,板金プレス部品,2019-08-18,901,4806,4330206,3897827,433020,216510,4547357,-217151,-5.01
2026-01-01,P0232,シールド板 中型,板金プレス部品,2019-08-18,911,4794,4367334,3931247,436733,218366,4586346,-219012,-5.01
2026-02-01,P0232,シールド板 中型,板金プレス部品,2019-08-18,902,3885,3504270,3154362,350427,175213,3680002,-175732,-5.01
2026-03-01,P0232,シールド板 中型,板金プレス部品,2019-08-18,919,4551,4182369,3764751,418236,209118,4392105,-209736,-5.01
2024-04-01,P0233,シールド板 大型,板金プレス部品,2023-09-12,1435,4094,5874890,4106442,587489,293744,4987675,887215,15.1
2024-05-01,P0233,シールド板 大型,板金プレス部品,2023-09-12,1419,3841,5450379,3809716,545037,272518,4627271,823108,15.1
2024-06-01,P0233,シールド板 大型,板金プレス部品,2023-09-12,1423,5451,7756773,5421844,775677,387838,6585359,1171414,15.1
2024-07-01,P0233,シールド板 大型,板金プレス部品,2023-09-12,1468,3896,5719328,3997707,571932,285966,4855605,863723,15.1
2024-08-01,P0233,シールド板 大型,板金プレス部品,2023-09-12,1443,4884,7047612,4926154,704761,352380,5983295,1064317,15.1
2024-09-01,P0233,シールド板 大型,板金プレス部品,2023-09-12,1472,4857,7149504,4997374,714950,357475,6069799,1079705,15.1
2024-10-01,P0233,シールド板 大型,板金プレス部品,2023-09-12,1432,3849,5511768,3852626,551176,275588,4679390,832378,15.1
2024-11-01,P0233,シールド板 大型,板金プレス部品,2023-09-12,1463,5244,7671972,5362570,767197,383598,6513365,1158607,15.1
2024-12-01,P0233,シールド板 大型,板金プレス部品,2023-09-12,1436,5490,7883640,5510522,788364,394182,6693068,1190572,15.1
2025-01-01,P0233,シールド板 大型,板金プレス部品,2023-09-12,1437,5400,7759800,5423960,775980,387990,6587930,1171870,15.1
2025-02-01,P0233,シールド板 大型,板金プレス部品,2023-09-12,1469,4978,7312682,5111433,731268,365634,6208335,1104347,15.1
2025-03-01,P0233,シールド板 大型,板金プレス部品,2023-09-12,1429,3980,5687420,3975404,568742,284371,4828517,858903,15.1
2025-04-01,P0233,シールド板 大型,板金プレス部品,2023-09-12,1466,4732,6937112,4848916,693711,346855,5889482,1047630,15.1
2025-05-01,P0233,シールド板 大型,板金プレス部品,2023-09-12,1467,3812,5592204,3908850,559220,279610,4747680,844524,15.1
2025-06-01,P0233,シールド板 大型,板金プレス部品,2023-09-12,1441,4296,6190536,4327073,619053,309526,5255652,934884,15.1
2025-07-01,P0233,シールド板 大型,板金プレス部品,2023-09-12,1470,4290,6306300,4407990,630630,315315,5353935,952365,15.1
2025-08-01,P0233,シールド板 大型,板金プレス部品,2023-09-12,1451,3907,5669057,3962568,566905,283452,4812925,856132,15.1
2025-09-01,P0233,シールド板 大型,板金プレス部品,2023-09-12,1471,3938,5792798,4049061,579279,289639,4917979,874819,15.1
2025-10-01,P0233,シールド板 大型,板金プレス部品,2023-09-12,1431,5130,7341030,6157497,734103,367051,7258651,82379,1.12
2025-11-01,P0233,シールド板 大型,板金プレス部品,2023-09-12,1440,4213,6066720,5088633,606672,303336,5998641,68079,1.12
2025-12-01,P0233,シールド板 大型,板金プレス部品,2023-09-12,1465,4410,6460650,5419053,646065,323032,6388150,72500,1.12
2026-01-01,P0233,シールド板 大型,板金プレス部品,2023-09-12,1442,4702,6780284,5687155,678028,339014,6704197,76087,1.12
2026-02-01,P0233,シールド板 大型,板金プレス部品,2023-09-12,1444,4986,7199784,6039023,719978,359989,7118990,80794,1.12
2026-03-01,P0233,シールド板 大型,板金プレス部品,2023-09-12,1424,3902,5556448,4660628,555644,277822,5494094,62354,1.12
2024-04-01,P0234,シールド板 業務用,板金プレス部品,2023-04-20,2007,1023,2053161,1540234,205316,102658,1848208,204953,9.98
2024-05-01,P0234,シールド板 業務用,板金プレス部品,2023-04-20,2018,1003,2024054,1518399,202405,101202,1822006,202048,9.98
2024-06-01,P0234,シールド板 業務用,板金プレス部品,2023-04-20,1998,1060,2117880,1588785,211788,105894,1906467,211413,9.98
2024-07-01,P0234,シールド板 業務用,板金プレス部品,2023-04-20,2000,971,1942000,1456844,194200,97100,1748144,193856,9.98
2024-08-01,P0234,シールド板 業務用,板金プレス部品,2023-04-20,1997,916,1829252,1372263,182925,91462,1646650,182602,9.98
2024-09-01,P0234,シールド板 業務用,板金プレス部品,2023-04-20,2058,971,1998318,1499092,199831,99915,1798838,199480,9.98
2024-10-01,P0234,シールド板 業務用,板金プレス部品,2023-04-20,2056,826,1698256,1273993,169825,84912,1528730,169526,9.98
2024-11-01,P0234,シールド板 業務用,板金プレス部品,2023-04-20,2037,1016,2069592,1552561,206959,103479,1862999,206593,9.98
2024-12-01,P0234,シールド板 業務用,板金プレス部品,2023-04-20,2023,1022,2067506,1550996,206750,103375,1861121,206385,9.98
2025-01-01,P0234,シールド板 業務用,板金プレス部品,2023-04-20,2059,1066,2194894,1646559,219489,109744,1975792,219102,9.98
2025-02-01,P0234,シールド板 業務用,板金プレス部品,2023-04-20,2018,1092,2203656,1653132,220365,110182,1983679,219977,9.98
2025-03-01,P0234,シールド板 業務用,板金プレス部品,2023-04-20,2008,1043,2094344,1571129,209434,104717,1885280,209064,9.98
2025-04-01,P0234,シールド板 業務用,板金プレス部品,2023-04-20,1996,981,1958076,1468904,195807,97903,1762614,195462,9.98
2025-05-01,P0234,シールド板 業務用,板金プレス部品,2023-04-20,2047,862,1764514,1323698,176451,88225,1588374,176140,9.98
2025-06-01,P0234,シールド板 業務用,板金プレス部品,2023-04-20,2000,1130,2260000,1695400,226000,113000,2034400,225600,9.98
2025-07-01,P0234,シールド板 業務用,板金プレス部品,2023-04-20,2048,1006,2060288,1545581,206028,103014,1854623,205665,9.98
2025-08-01,P0234,シールド板 業務用,板金プレス部品,2023-04-20,2049,1153,2362497,1772291,236249,118124,2126664,235833,9.98
2025-09-01,P0234,シールド板 業務用,板金プレス部品,2023-04-20,2008,827,1660616,1245756,166061,83030,1494847,165769,9.98
2025-10-01,P0234,シールド板 業務用,板金プレス部品,2023-04-20,2013,1036,2085468,1877365,208546,104273,2190184,-104716,-5.02
2025-11-01,P0234,シールド板 業務用,板金プレス部品,2023-04-20,2071,1151,2383721,2145856,238372,119186,2503414,-119693,-5.02
2025-12-01,P0234,シールド板 業務用,板金プレス部品,2023-04-20,2020,1159,2341180,2107560,234118,117059,2458737,-117557,-5.02
2026-01-01,P0234,シールド板 業務用,板金プレス部品,2023-04-20,2050,1068,2189400,1970926,218940,109470,2299336,-109936,-5.02
2026-02-01,P0234,シールド板 業務用,板金プレス部品,2023-04-20,2017,800,1613600,1452583,161360,80680,1694623,-81023,-5.02
2026-03-01,P0234,シールド板 業務用,板金プレス部品,2023-04-20,2026,868,1758568,1583085,175856,87928,1846869,-88301,-5.02
2024-04-01,P0235,シールド板 HD,板金プレス部品,2022-09-15,2724,10901,29694324,20564154,2969432,1484716,25018302,4676022,15.75
2024-05-01,P0235,シールド板 HD,板金プレス部品,2022-09-15,2713,9692,26294396,18209608,2629439,1314719,22153766,4140630,15.75
2024-06-01,P0235,シールド板 HD,板金プレス部品,2022-09-15,2699,8724,23546076,16306319,2354607,1177303,19838229,3707847,15.75
2024-07-01,P0235,シールド板 HD,板金プレス部品,2022-09-15,2764,10123,27979972,19376917,2797997,1398998,23573912,4406060,15.75
2024-08-01,P0235,シールド板 HD,板金プレス部品,2022-09-15,2787,10874,30305838,20987644,3030583,1515291,25533518,4772320,15.75
2024-09-01,P0235,シールド板 HD,板金プレス部品,2022-09-15,2773,8275,22946575,15891148,2294657,1147328,19333133,3613442,15.75
2024-10-01,P0235,シールド板 HD,板金プレス部品,2022-09-15,2733,8178,22350474,15478331,2235047,1117523,18830901,3519573,15.75
2024-11-01,P0235,シールド板 HD,板金プレス部品,2022-09-15,2697,9637,25990989,17999490,2599098,1299549,21898137,4092852,15.75
2024-12-01,P0235,シールド板 HD,板金プレス部品,2022-09-15,2721,8262,22480902,15568656,2248090,1124045,18940791,3540111,15.75
2025-01-01,P0235,シールド板 HD,板金プレス部品,2022-09-15,2794,8150,22771100,15769626,2277110,1138555,19185291,3585809,15.75
2025-02-01,P0235,シールド板 HD,板金プレス部品,2022-09-15,2747,8766,24080202,16676216,2408020,1204010,20288246,3791956,15.75
2025-03-01,P0235,シールド板 HD,板金プレス部品,2022-09-15,2754,11479,31613166,21893006,3161316,1580658,26634980,4978186,15.75
2025-04-01,P0235,シールド板 HD,板金プレス部品,2022-09-15,2794,9238,25810972,17874823,2581097,1290548,21746468,4064504,15.75
2025-05-01,P0235,シールド板 HD,板金プレス部品,2022-09-15,2711,8514,23081454,15984555,2308145,1154072,19446772,3634682,15.75
2025-06-01,P0235,シールド板 HD,板金プレス部品,2022-09-15,2739,9712,26601168,18422056,2660116,1330058,22412230,4188938,15.75
2025-07-01,P0235,シールド板 HD,板金プレス部品,2022-09-15,2696,10715,28887640,20005502,2888764,1444382,24338648,4548992,15.75
2025-08-01,P0235,シールド板 HD,板金プレス部品,2022-09-15,2770,10028,27777560,19236741,2777756,1388878,23403375,4374185,15.75
2025-09-01,P0235,シールド板 HD,板金プレス部品,2022-09-15,2708,11385,30830580,21351043,3083058,1541529,25975630,4854950,15.75
2025-10-01,P0235,シールド板 HD,板金プレス部品,2022-09-15,2794,8605,24042370,19980020,2404237,1202118,23586375,455995,1.9
2025-11-01,P0235,シールド板 HD,板金プレス部品,2022-09-15,2696,10077,27167592,22577185,2716759,1358379,26652323,515269,1.9
2025-12-01,P0235,シールド板 HD,板金プレス部品,2022-09-15,2778,7958,22107324,18371932,2210732,1105366,21688030,419294,1.9
2026-01-01,P0235,シールド板 HD,板金プレス部品,2022-09-15,2754,9835,27085590,22509039,2708559,1354279,26571877,513713,1.9
2026-02-01,P0235,シールド板 HD,板金プレス部品,2022-09-15,2718,11032,29984976,24918526,2998497,1499248,29416271,568705,1.9
2026-03-01,P0235,シールド板 HD,板金プレス部品,2022-09-15,2759,8276,22833484,18975395,2283348,1141674,22400417,433067,1.9
2024-04-01,P0236,ケースアセンブリ 小型,板金プレス部品,2020-01-05,2123,4051,8600273,6495000,860027,430013,7785040,815233,9.48
2024-05-01,P0236,ケースアセンブリ 小型,板金プレス部品,2020-01-05,2080,3849,8005920,6046140,800592,400296,7247028,758892,9.48
2024-06-01,P0236,ケースアセンブリ 小型,板金プレス部品,2020-01-05,2075,5188,10765100,8129896,1076510,538255,9744661,1020439,9.48
2024-07-01,P0236,ケースアセンブリ 小型,板金プレス部品,2020-01-05,2131,3620,7714220,5825845,771422,385711,6982978,731242,9.48
2024-08-01,P0236,ケースアセンブリ 小型,板金プレス部品,2020-01-05,2099,4225,8868275,6697398,886827,443413,8027638,840637,9.48
2024-09-01,P0236,ケースアセンブリ 小型,板金プレス部品,2020-01-05,2081,5007,10419567,7868947,1041956,520978,9431881,987686,9.48
2024-10-01,P0236,ケースアセンブリ 小型,板金プレス部品,2020-01-05,2092,4739,9913988,7487129,991398,495699,8974226,939762,9.48
2024-11-01,P0236,ケースアセンブリ 小型,板金プレス部品,2020-01-05,2123,3763,7988849,6033247,798884,399442,7231573,757276,9.48
2024-12-01,P0236,ケースアセンブリ 小型,板金プレス部品,2020-01-05,2138,4146,8864148,6694281,886414,443207,8023902,840246,9.48
2025-01-01,P0236,ケースアセンブリ 小型,板金プレス部品,2020-01-05,2137,5220,11155140,8424458,1115514,557757,10097729,1057411,9.48
2025-02-01,P0236,ケースアセンブリ 小型,板金プレス部品,2020-01-05,2085,4153,8659005,6539355,865900,432950,7838205,820800,9.48
2025-03-01,P0236,ケースアセンブリ 小型,板金プレス部品,2020-01-05,2104,5173,10883992,8219685,1088399,544199,9852283,1031709,9.48
2025-04-01,P0236,ケースアセンブリ 小型,板金プレス部品,2020-01-05,2135,4842,10337670,7807097,1033767,516883,9357747,979923,9.48
2025-05-01,P0236,ケースアセンブリ 小型,板金プレス部品,2020-01-05,2075,4073,8451475,6382627,845147,422573,7650347,801128,9.48
2025-06-01,P0236,ケースアセンブリ 小型,板金プレス部品,2020-01-05,2115,4694,9927810,7497568,992781,496390,8986739,941071,9.48
2025-07-01,P0236,ケースアセンブリ 小型,板金プレス部品,2020-01-05,2115,4059,8584785,6483304,858478,429239,7771021,813764,9.48
2025-08-01,P0236,ケースアセンブリ 小型,板金プレス部品,2020-01-05,2095,4990,10454050,7894989,1045405,522702,9463096,990954,9.48
2025-09-01,P0236,ケースアセンブリ 小型,板金プレス部品,2020-01-05,2126,4010,8525260,6438350,852526,426263,7717139,808121,9.48
2025-10-01,P0236,ケースアセンブリ 小型,板金プレス部品,2020-01-05,2146,4982,10691372,9689060,1069137,534568,11292765,-601393,-5.63
2025-11-01,P0236,ケースアセンブリ 小型,板金プレス部品,2020-01-05,2140,3840,8217600,7447203,821760,410880,8679843,-462243,-5.63
2025-12-01,P0236,ケースアセンブリ 小型,板金プレス部品,2020-01-05,2125,4944,10506000,9521066,1050600,525300,11096966,-590966,-5.63
2026-01-01,P0236,ケースアセンブリ 小型,板金プレス部品,2020-01-05,2067,4136,8549112,7747636,854911,427455,9030002,-480890,-5.63
2026-02-01,P0236,ケースアセンブリ 小型,板金プレス部品,2020-01-05,2089,4484,9367076,8488916,936707,468353,9893976,-526900,-5.63
2026-03-01,P0236,ケースアセンブリ 小型,板金プレス部品,2020-01-05,2144,4095,8779680,7956588,877968,438984,9273540,-493860,-5.63
2024-04-01,P0237,ケースアセンブリ 中型,板金プレス部品,2021-08-06,3414,6973,23805822,17707287,2380582,1190291,21278160,2527662,10.62
2024-05-01,P0237,ケースアセンブリ 中型,板金プレス部品,2021-08-06,3384,6745,22825080,16977790,2282508,1141254,20401552,2423528,10.62
2024-06-01,P0237,ケースアセンブリ 中型,板金プレス部品,2021-08-06,3421,6260,21415460,15929284,2141546,1070773,19141603,2273857,10.62
2024-07-01,P0237,ケースアセンブリ 中型,板金プレス部品,2021-08-06,3370,6949,23418130,17418913,2341813,1170906,20931632,2486498,10.62
2024-08-01,P0237,ケースアセンブリ 中型,板金プレス部品,2021-08-06,3475,5239,18205525,13541664,1820552,910276,16272492,1933033,10.62
2024-09-01,P0237,ケースアセンブリ 中型,板金プレス部品,2021-08-06,3432,4986,17111952,12728241,1711195,855597,15295033,1816919,10.62
2024-10-01,P0237,ケースアセンブリ 中型,板金プレス部品,2021-08-06,3356,4897,16434332,12224213,1643433,821716,14689362,1744970,10.62
2024-11-01,P0237,ケースアセンブリ 中型,板金プレス部品,2021-08-06,3421,6172,21114412,15705358,2111441,1055720,18872519,2241893,10.62
2024-12-01,P0237,ケースアセンブリ 中型,板金プレス部品,2021-08-06,3410,6115,20852150,15510282,2085215,1042607,18638104,2214046,10.62
2025-01-01,P0237,ケースアセンブリ 中型,板金プレス部品,2021-08-06,3481,6517,22685677,16874099,2268567,1134283,20276949,2408728,10.62
2025-02-01,P0237,ケースアセンブリ 中型,板金プレス部品,2021-08-06,3389,5408,18327712,13632550,1832771,916385,16381706,1946006,10.62
2025-03-01,P0237,ケースアセンブリ 中型,板金プレス部品,2021-08-06,3449,5521,19041929,14163800,1904192,952096,17020088,2021841,10.62
2025-04-01,P0237,ケースアセンブリ 中型,板金プレス部品,2021-08-06,3438,5580,19184040,14269505,1918404,959202,17147111,2036929,10.62
2025-05-01,P0237,ケースアセンブリ 中型,板金プレス部品,2021-08-06,3428,5813,19926964,14822108,1992696,996348,17811152,2115812,10.62
2025-06-01,P0237,ケースアセンブリ 中型,板金プレス部品,2021-08-06,3415,6723,22959045,17077436,2295904,1147952,20521292,2437753,10.62
2025-07-01,P0237,ケースアセンブリ 中型,板金プレス部品,2021-08-06,3382,5882,19892924,14796789,1989292,994646,17780727,2112197,10.62
2025-08-01,P0237,ケースアセンブリ 中型,板金プレス部品,2021-08-06,3381,5979,20214999,15036355,2021499,1010749,18068603,2146396,10.62
2025-09-01,P0237,ケースアセンブリ 中型,板金プレス部品,2021-08-06,3398,6758,22963684,17080887,2296368,1148184,20525439,2438245,10.62
2025-10-01,P0237,ケースアセンブリ 中型,板金プレス部品,2021-08-06,3378,5060,17092680,15256688,1709268,854634,17820590,-727910,-4.26
2025-11-01,P0237,ケースアセンブリ 中型,板金プレス部品,2021-08-06,3470,6023,20899810,18654879,2089981,1044990,21789850,-890040,-4.26
2025-12-01,P0237,ケースアセンブリ 中型,板金プレス部品,2021-08-06,3381,5467,18483927,16498495,1848392,924196,19271083,-787156,-4.26
2026-01-01,P0237,ケースアセンブリ 中型,板金プレス部品,2021-08-06,3477,5719,19884963,17749040,1988496,994248,20731784,-846821,-4.26
2026-02-01,P0237,ケースアセンブリ 中型,板金プレス部品,2021-08-06,3366,6762,22760892,20316055,2276089,1138044,23730188,-969296,-4.26
2026-03-01,P0237,ケースアセンブリ 中型,板金プレス部品,2021-08-06,3453,6212,21450036,19146003,2145003,1072501,22363507,-913471,-4.26
2024-04-01,P0238,ケースアセンブリ 大型,板金プレス部品,2020-12-30,5755,7876,45326380,29620070,4532638,2266319,36419027,8907353,19.65
2024-05-01,P0238,ケースアセンブリ 大型,板金プレス部品,2020-12-30,5634,8176,46063584,30101821,4606358,2303179,37011358,9052226,19.65
2024-06-01,P0238,ケースアセンブリ 大型,板金プレス部品,2020-12-30,5673,6507,36914211,24122851,3691421,1845710,29659982,7254229,19.65
2024-07-01,P0238,ケースアセンブリ 大型,板金プレス部品,2020-12-30,5679,6525,37055475,24215165,3705547,1852773,29773485,7281990,19.65
2024-08-01,P0238,ケースアセンブリ 大型,板金プレス部品,2020-12-30,5781,8952,51751512,33818792,5175151,2587575,41581518,10169994,19.65
2024-09-01,P0238,ケースアセンブリ 大型,板金プレス部品,2020-12-30,5604,6437,36072948,23573099,3607294,1803647,28984040,7088908,19.65
2024-10-01,P0238,ケースアセンブリ 大型,板金プレス部品,2020-12-30,5702,8449,48176198,31482381,4817619,2408809,38708809,9467389,19.65
2024-11-01,P0238,ケースアセンブリ 大型,板金プレス部品,2020-12-30,5772,6802,39261144,25656534,3926114,1963057,31545705,7715439,19.65
2024-12-01,P0238,ケースアセンブリ 大型,板金プレス部品,2020-12-30,5606,7014,39320484,25695312,3932048,1966024,31593384,7727100,19.65
2025-01-01,P0238,ケースアセンブリ 大型,板金プレス部品,2020-12-30,5727,8701,49830627,32563524,4983062,2491531,40038117,9792510,19.65
2025-02-01,P0238,ケースアセンブリ 大型,板金プレス部品,2020-12-30,5746,7578,43543188,28454782,4354318,2177159,34986259,8556929,19.65
2025-03-01,P0238,ケースアセンブリ 大型,板金プレス部品,2020-12-30,5596,9214,51561544,33694651,5156154,2578077,41428882,10132662,19.65
2025-04-01,P0238,ケースアセンブリ 大型,板金プレス部品,2020-12-30,5638,8316,46885608,30639001,4688560,2344280,37671841,9213767,19.65
2025-05-01,P0238,ケースアセンブリ 大型,板金プレス部品,2020-12-30,5685,7830,44513550,29088898,4451355,2225677,35765930,8747620,19.65
2025-06-01,P0238,ケースアセンブリ 大型,板金プレス部品,2020-12-30,5632,7563,42594816,27835036,4259481,2129740,34224257,8370559,19.65
2025-07-01,P0238,ケースアセンブリ 大型,板金プレス部品,2020-12-30,5675,8869,50331575,32890885,5033157,2516578,40440620,9890955,19.65
2025-08-01,P0238,ケースアセンブリ 大型,板金プレス部品,2020-12-30,5669,9137,51797653,33848944,5179765,2589882,41618591,10179062,19.65
2025-09-01,P0238,ケースアセンブリ 大型,板金プレス部品,2020-12-30,5713,8987,51342731,33551660,5134273,2567136,41253069,10089662,19.65
2025-10-01,P0238,ケースアセンブリ 大型,板金プレス部品,2020-12-30,5749,7550,43404950,34037335,4340495,2170247,40548077,2856873,6.58
2025-11-01,P0238,ケースアセンブリ 大型,板金プレス部品,2020-12-30,5699,8819,50259481,39412528,5025948,2512974,46951450,3308031,6.58
2025-12-01,P0238,ケースアセンブリ 大型,板金プレス部品,2020-12-30,5720,7676,43906720,34430814,4390672,2195336,41016822,2889898,6.58
2026-01-01,P0238,ケースアセンブリ 大型,板金プレス部品,2020-12-30,5686,8181,46517166,36477876,4651716,2325858,43455450,3061716,6.58
2026-02-01,P0238,ケースアセンブリ 大型,板金プレス部品,2020-12-30,5680,8727,49569360,38871348,4956936,2478468,46306752,3262608,6.58
2026-03-01,P0238,ケースアセンブリ 大型,板金プレス部品,2020-12-30,5727,7763,44458701,34863667,4445870,2222935,41532472,2926229,6.58
2024-04-01,P0239,ケースアセンブリ 業務用,板金プレス部品,2020-08-21,7700,8935,68799500,49301132,6879950,3439975,59621057,9178443,13.34
2024-05-01,P0239,ケースアセンブリ 業務用,板金プレス部品,2020-08-21,7842,8604,67472568,48350264,6747256,3373628,58471148,9001420,13.34
2024-06-01,P0239,ケースアセンブリ 業務用,板金プレス部品,2020-08-21,7749,9680,75010320,53751752,7501032,3750516,65003300,10007020,13.34
2024-07-01,P0239,ケースアセンブリ 業務用,板金プレス部品,2020-08-21,7905,8712,68868360,49350476,6886836,3443418,59680730,9187630,13.34
2024-08-01,P0239,ケースアセンブリ 業務用,板金プレス部品,2020-08-21,7817,9657,75488769,54094605,7548876,3774438,65417919,10070850,13.34
2024-09-01,P0239,ケースアセンブリ 業務用,板金プレス部品,2020-08-21,7661,8350,63969350,45839888,6396935,3198467,55435290,8534060,13.34
2024-10-01,P0239,ケースアセンブリ 業務用,板金プレス部品,2020-08-21,7742,8171,63259882,45331489,6325988,3162994,54820471,8439411,13.34
2024-11-01,P0239,ケースアセンブリ 業務用,板金プレス部品,2020-08-21,7704,9774,75298896,53958543,7529889,3764944,65253376,10045520,13.34
2024-12-01,P0239,ケースアセンブリ 業務用,板金プレス部品,2020-08-21,7630,9287,70859810,50777532,7085981,3542990,61406503,9453307,13.34
2025-01-01,P0239,ケースアセンブリ 業務用,板金プレス部品,2020-08-21,7665,9293,71230845,51043413,7123084,3561542,61728039,9502806,13.34
2025-02-01,P0239,ケースアセンブリ 業務用,板金プレス部品,2020-08-21,7629,8412,64175148,45987361,6417514,3208757,55613632,8561516,13.34
2025-03-01,P0239,ケースアセンブリ 業務用,板金プレス部品,2020-08-21,7918,10657,84382126,60467508,8438212,4219106,73124826,11257300,13.34
2025-04-01,P0239,ケースアセンブリ 業務用,板金プレス部品,2020-08-21,7658,10362,79352196,56863103,7935219,3967609,68765931,10586265,13.34
2025-05-01,P0239,ケースアセンブリ 業務用,板金プレス部品,2020-08-21,7932,11817,93732444,67167866,9373244,4686622,81227732,12504712,13.34
2025-06-01,P0239,ケースアセンブリ 業務用,板金プレス部品,2020-08-21,7661,9756,74740716,53558556,7474071,3737035,64769662,9971054,13.34
2025-07-01,P0239,ケースアセンブリ 業務用,板金プレス部品,2020-08-21,7927,10754,85246958,61087239,8524695,4262347,73874281,11372677,13.34
2025-08-01,P0239,ケースアセンブリ 業務用,板金プレス部品,2020-08-21,7822,10983,85909026,61561672,8590902,4295451,74448025,11461001,13.34
2025-09-01,P0239,ケースアセンブリ 業務用,板金プレス部品,2020-08-21,7932,10319,81850308,58653229,8185030,4092515,70930774,10919534,13.34
2025-10-01,P0239,ケースアセンブリ 業務用,板金プレス部品,2020-08-21,7674,8194,62880756,54071773,6288075,3144037,63503885,-623129,-0.99
2025-11-01,P0239,ケースアセンブリ 業務用,板金プレス部品,2020-08-21,7673,11189,85853197,73825998,8585319,4292659,86703976,-850779,-0.99
2025-12-01,P0239,ケースアセンブリ 業務用,板金プレス部品,2020-08-21,7715,9420,72675300,62494196,7267530,3633765,73395491,-720191,-0.99
2026-01-01,P0239,ケースアセンブリ 業務用,板金プレス部品,2020-08-21,7636,8867,67708412,58223121,6770841,3385420,68379382,-670970,-0.99
2026-02-01,P0239,ケースアセンブリ 業務用,板金プレス部品,2020-08-21,7753,10143,78638679,67622164,7863867,3931933,79417964,-779285,-0.99
2026-03-01,P0239,ケースアセンブリ 業務用,板金プレス部品,2020-08-21,7723,10085,77886455,66975319,7788645,3894322,78658286,-771831,-0.99
2024-04-01,P0240,ケースアセンブリ HD,板金プレス部品,2020-08-11,10740,2454,26355960,19067842,2635596,1317798,23021236,3334724,12.65
2024-05-01,P0240,ケースアセンブリ HD,板金プレス部品,2020-08-11,10336,2226,23007936,16645635,2300793,1150396,20096824,2911112,12.65
2024-06-01,P0240,ケースアセンブリ HD,板金プレス部品,2020-08-11,10684,2634,28141656,20359746,2814165,1407082,24580993,3560663,12.65
2024-07-01,P0240,ケースアセンブリ HD,板金プレス部品,2020-08-11,10598,1950,20666100,14951378,2066610,1033305,18051293,2614807,12.65
2024-08-01,P0240,ケースアセンブリ HD,板金プレス部品,2020-08-11,10396,2520,26197920,18953504,2619792,1309896,22883192,3314728,12.65
2024-09-01,P0240,ケースアセンブリ HD,板金プレス部品,2020-08-11,10437,2418,25236666,18258062,2523666,1261833,22043561,3193105,12.65
2024-10-01,P0240,ケースアセンブリ HD,板金プレス部品,2020-08-11,10700,1910,20437000,14785630,2043700,1021850,17851180,2585820,12.65
2024-11-01,P0240,ケースアセンブリ HD,板金プレス部品,2020-08-11,10664,2360,25167040,18207689,2516704,1258352,21982745,3184295,12.65
2024-12-01,P0240,ケースアセンブリ HD,板金プレス部品,2020-08-11,10754,2579,27734566,20065227,2773456,1386728,24225411,3509155,12.65
2025-01-01,P0240,ケースアセンブリ HD,板金プレス部品,2020-08-11,10515,2309,24279135,17565314,2427913,1213956,21207183,3071952,12.65
2025-02-01,P0240,ケースアセンブリ HD,板金プレス部品,2020-08-11,10598,2161,22902278,16569194,2290227,1145113,20004534,2897744,12.65
2025-03-01,P0240,ケースアセンブリ HD,板金プレス部品,2020-08-11,10642,2355,25061910,18131631,2506191,1253095,21890917,3170993,12.65
2025-04-01,P0240,ケースアセンブリ HD,板金プレス部品,2020-08-11,10390,2232,23190480,16777700,2319048,1159524,20256272,2934208,12.65
2025-05-01,P0240,ケースアセンブリ HD,板金プレス部品,2020-08-11,10684,2711,28964324,20954924,2896432,1448216,25299572,3664752,12.65
2025-06-01,P0240,ケースアセンブリ HD,板金プレス部品,2020-08-11,10626,2227,23664102,17120353,2366410,1183205,20669968,2994134,12.65
2025-07-01,P0240,ケースアセンブリ HD,板金プレス部品,2020-08-11,10656,2361,25158816,18201740,2515881,1257940,21975561,3183255,12.65
2025-08-01,P0240,ケースアセンブリ HD,板金プレス部品,2020-08-11,10561,2264,23910104,17298329,2391010,1195505,20884844,3025260,12.65
2025-09-01,P0240,ケースアセンブリ HD,板金プレス部品,2020-08-11,10408,1949,20285192,14675801,2028519,1014259,17718579,2566613,12.65
2025-10-01,P0240,ケースアセンブリ HD,板金プレス部品,2020-08-11,10496,2635,27656960,24010897,2765696,1382848,28159441,-502481,-1.82
2025-11-01,P0240,ケースアセンブリ HD,板金プレス部品,2020-08-11,10405,1927,20050435,17407153,2005043,1002521,20414717,-364282,-1.82
2025-12-01,P0240,ケースアセンブリ HD,板金プレス部品,2020-08-11,10637,2284,24294908,21092070,2429490,1214745,24736305,-441397,-1.82
2026-01-01,P0240,ケースアセンブリ HD,板金プレス部品,2020-08-11,10649,2238,23832462,20690589,2383246,1191623,24265458,-432996,-1.82
2026-02-01,P0240,ケースアセンブリ HD,板金プレス部品,2020-08-11,10478,2707,28363946,24624680,2836394,1418197,28879271,-515325,-1.82
2026-03-01,P0240,ケースアセンブリ HD,板金プレス部品,2020-08-11,10388,2652,27548976,23917149,2754897,1377448,28049494,-500518,-1.82
2024-04-01,P0241,取付金具 小型,板金プレス部品,2023-09-05,258,3974,1025292,806803,102529,51264,960596,64696,6.31
2024-05-01,P0241,取付金具 小型,板金プレス部品,2023-09-05,258,3912,1009296,794215,100929,50464,945608,63688,6.31
2024-06-01,P0241,取付金具 小型,板金プレス部品,2023-09-05,263,5373,1413099,1111968,141309,70654,1323931,89168,6.31
2024-07-01,P0241,取付金具 小型,板金プレス部品,2023-09-05,263,5585,1468855,1155843,146885,73442,1376170,92685,6.31
2024-08-01,P0241,取付金具 小型,板金プレス部品,2023-09-05,259,4981,1290079,1015164,129007,64503,1208674,81405,6.31
2024-09-01,P0241,取付金具 小型,板金プレス部品,2023-09-05,261,4814,1256454,988704,125645,62822,1177171,79283,6.31
2024-10-01,P0241,取付金具 小型,板金プレス部品,2023-09-05,267,5555,1483185,1167119,148318,74159,1389596,93589,6.31
2024-11-01,P0241,取付金具 小型,板金プレス部品,2023-09-05,264,4166,1099824,865452,109982,54991,1030425,69399,6.31
2024-12-01,P0241,取付金具 小型,板金プレス部品,2023-09-05,263,4999,1314737,1034567,131473,65736,1231776,82961,6.31
2025-01-01,P0241,取付金具 小型,板金プレス部品,2023-09-05,264,4025,1062600,836160,106260,53130,995550,67050,6.31
2025-02-01,P0241,取付金具 小型,板金プレス部品,2023-09-05,261,5304,1384344,1089341,138434,69217,1296992,87352,6.31
2025-03-01,P0241,取付金具 小型,板金プレス部品,2023-09-05,258,4765,1229370,967392,122937,61468,1151797,77573,6.31
2025-04-01,P0241,取付金具 小型,板金プレス部品,2023-09-05,258,5553,1432674,1127372,143267,71633,1342272,90402,6.31
2025-05-01,P0241,取付金具 小型,板金プレス部品,2023-09-05,260,4184,1087840,856022,108784,54392,1019198,68642,6.31
2025-06-01,P0241,取付金具 小型,板金プレス部品,2023-09-05,265,5354,1418810,1116462,141881,70940,1329283,89527,6.31
2025-07-01,P0241,取付金具 小型,板金プレス部品,2023-09-05,259,3803,984977,775079,98497,49248,922824,62153,6.31
2025-08-01,P0241,取付金具 小型,板金プレス部品,2023-09-05,261,5211,1360071,1070240,136007,68003,1274250,85821,6.31
2025-09-01,P0241,取付金具 小型,板金プレス部品,2023-09-05,267,3839,1025013,806583,102501,51250,960334,64679,6.31
2025-10-01,P0241,取付金具 小型,板金プレス部品,2023-09-05,263,4076,1071988,1012257,107198,53599,1173054,-101066,-9.43
2025-11-01,P0241,取付金具 小型,板金プレス部品,2023-09-05,265,4260,1128900,1065998,112890,56445,1235333,-106433,-9.43
2025-12-01,P0241,取付金具 小型,板金プレス部品,2023-09-05,261,5261,1373121,1296611,137312,68656,1502579,-129458,-9.43
2026-01-01,P0241,取付金具 小型,板金プレス部品,2023-09-05,267,5037,1344879,1269943,134487,67243,1471673,-126794,-9.43
2026-02-01,P0241,取付金具 小型,板金プレス部品,2023-09-05,262,5334,1397508,1319640,139750,69875,1529265,-131757,-9.43
2026-03-01,P0241,取付金具 小型,板金プレス部品,2023-09-05,267,4626,1235142,1166321,123514,61757,1351592,-116450,-9.43
2024-04-01,P0242,取付金具 中型,板金プレス部品,2023-11-21,455,529,240695,184059,24069,12034,220162,20533,8.53
2024-05-01,P0242,取付金具 中型,板金プレス部品,2023-11-21,454,740,335960,256908,33596,16798,307302,28658,8.53
2024-06-01,P0242,取付金具 中型,板金プレス部品,2023-11-21,463,598,276874,211725,27687,13843,253255,23619,8.53
2024-07-01,P0242,取付金具 中型,板金プレス部品,2023-11-21,457,571,260947,199546,26094,13047,238687,22260,8.53
2024-08-01,P0242,取付金具 中型,板金プレス部品,2023-11-21,455,646,293930,224768,29393,14696,268857,25073,8.53
2024-09-01,P0242,取付金具 中型,板金プレス部品,2023-11-21,454,783,355482,271837,35548,17774,325159,30323,8.53
2024-10-01,P0242,取付金具 中型,板金プレス部品,2023-11-21,460,746,343160,262414,34316,17158,313888,29272,8.53
2024-11-01,P0242,取付金具 中型,板金プレス部品,2023-11-21,453,557,252321,192949,25232,12616,230797,21524,8.53
2024-12-01,P0242,取付金具 中型,板金プレス部品,2023-11-21,458,654,299532,229052,29953,14976,273981,25551,8.53
2025-01-01,P0242,取付金具 中型,板金プレス部品,2023-11-21,469,585,274365,209806,27436,13718,250960,23405,8.53
2025-02-01,P0242,取付金具 中型,板金プレス部品,2023-11-21,468,645,301860,230832,30186,15093,276111,25749,8.53
2025-03-01,P0242,取付金具 中型,板金プレス部品,2023-11-21,455,566,257530,196933,25753,12876,235562,21968,8.53
2025-04-01,P0242,取付金具 中型,板金プレス部品,2023-11-21,456,679,309624,236769,30962,15481,283212,26412,8.53
2025-05-01,P0242,取付金具 中型,板金プレス部品,2023-11-21,453,572,259116,198146,25911,12955,237012,22104,8.53
2025-06-01,P0242,取付金具 中型,板金プレス部品,2023-11-21,465,543,252495,193082,25249,12624,230955,21540,8.53
2025-07-01,P0242,取付金具 中型,板金プレス部品,2023-11-21,469,597,279993,214110,27999,13999,256108,23885,8.53
2025-08-01,P0242,取付金具 中型,板金プレス部品,2023-11-21,458,571,261518,199982,26151,13075,239208,22310,8.53
2025-09-01,P0242,取付金具 中型,板金プレス部品,2023-11-21,461,621,286281,218919,28628,14314,261861,24420,8.53
2025-10-01,P0242,取付金具 中型,板金プレス部品,2023-11-21,467,751,350717,321831,35071,17535,374437,-23720,-6.76
2025-11-01,P0242,取付金具 中型,板金プレス部品,2023-11-21,459,526,241434,221549,24143,12071,257763,-16329,-6.76
2025-12-01,P0242,取付金具 中型,板金プレス部品,2023-11-21,451,740,333740,306253,33374,16687,356314,-22574,-6.76
2026-01-01,P0242,取付金具 中型,板金プレス部品,2023-11-21,456,663,302328,277428,30232,15116,322776,-20448,-6.76
2026-02-01,P0242,取付金具 中型,板金プレス部品,2023-11-21,459,631,289629,265775,28962,14481,309218,-19589,-6.76
2026-03-01,P0242,取付金具 中型,板金プレス部品,2023-11-21,468,626,292968,268839,29296,14648,312783,-19815,-6.76
2024-04-01,P0243,取付金具 大型,板金プレス部品,2020-07-11,722,1692,1221624,838075,122162,61081,1021318,200306,16.4
2024-05-01,P0243,取付金具 大型,板金プレス部品,2020-07-11,715,1370,979550,672004,97955,48977,818936,160614,16.4
2024-06-01,P0243,取付金具 大型,板金プレス部品,2020-07-11,725,1392,1009200,692345,100920,50460,843725,165475,16.4
2024-07-01,P0243,取付金具 大型,板金プレス部品,2020-07-11,728,1274,927472,636277,92747,46373,775397,152075,16.4
2024-08-01,P0243,取付金具 大型,板金プレス部品,2020-07-11,719,1503,1080657,741367,108065,54032,903464,177193,16.4
2024-09-01,P0243,取付金具 大型,板金プレス部品,2020-07-11,717,1466,1051122,721105,105112,52556,878773,172349,16.4
2024-10-01,P0243,取付金具 大型,板金プレス部品,2020-07-11,720,1554,1118880,767589,111888,55944,935421,183459,16.4
2024-11-01,P0243,取付金具 大型,板金プレス部品,2020-07-11,718,1290,926220,635418,92622,46311,774351,151869,16.4
2024-12-01,P0243,取付金具 大型,板金プレス部品,2020-07-11,719,1372,986468,676750,98646,49323,824719,161749,16.4
2025-01-01,P0243,取付金具 大型,板金プレス部品,2020-07-11,706,1484,1047704,718760,104770,52385,875915,171789,16.4
2025-02-01,P0243,取付金具 大型,板金プレス部品,2020-07-11,714,1593,1137402,780296,113740,56870,950906,186496,16.4
2025-03-01,P0243,取付金具 大型,板金プレス部品,2020-07-11,720,1487,1070640,734495,107064,53532,895091,175549,16.4
2025-04-01,P0243,取付金具 大型,板金プレス部品,2020-07-11,723,1546,1117758,766819,111775,55887,934481,183277,16.4
2025-05-01,P0243,取付金具 大型,板金プレス部品,2020-07-11,704,1286,905344,621096,90534,45267,756897,148447,16.4
2025-06-01,P0243,取付金具 大型,板金プレス部品,2020-07-11,708,1555,1100940,755282,110094,55047,920423,180517,16.4
2025-07-01,P0243,取付金具 大型,板金プレス部品,2020-07-11,705,1232,868560,595861,86856,43428,726145,142415,16.4
2025-08-01,P0243,取付金具 大型,板金プレス部品,2020-07-11,730,1347,983310,674584,98331,49165,822080,161230,16.4
2025-09-01,P0243,取付金具 大型,板金プレス部品,2020-07-11,710,1257,892470,612264,89247,44623,746134,146336,16.4
2025-10-01,P0243,取付金具 大型,板金プレス部品,2020-07-11,729,1702,1240758,1021442,124075,62037,1207554,33204,2.68
2025-11-01,P0243,取付金具 大型,板金プレス部品,2020-07-11,726,1299,943074,776376,94307,47153,917836,25238,2.68
2025-12-01,P0243,取付金具 大型,板金プレス部品,2020-07-11,723,1246,900858,741622,90085,45042,876749,24109,2.68
2026-01-01,P0243,取付金具 大型,板金プレス部品,2020-07-11,713,1173,836349,688516,83634,41817,813967,22382,2.68
2026-02-01,P0243,取付金具 大型,板金プレス部品,2020-07-11,721,1309,943789,776965,94378,47189,918532,25257,2.68
2026-03-01,P0243,取付金具 大型,板金プレス部品,2020-07-11,714,1174,838236,690070,83823,41911,815804,22432,2.68
2024-04-01,P0244,取付金具 業務用,板金プレス部品,2020-04-15,1013,5952,6029376,4289885,602937,301468,5194290,835086,13.85
2024-05-01,P0244,取付金具 業務用,板金プレス部品,2020-04-15,984,6866,6756144,4806978,675614,337807,5820399,935745,13.85
2024-06-01,P0244,取付金具 業務用,板金プレス部品,2020-04-15,991,6472,6413752,4563367,641375,320687,5525429,888323,13.85
2024-07-01,P0244,取付金具 業務用,板金プレス部品,2020-04-15,998,6393,6380214,4539505,638021,319010,5496536,883678,13.85
2024-08-01,P0244,取付金具 業務用,板金プレス部品,2020-04-15,995,7657,7618715,5420695,761871,380935,6563501,1055214,13.85
2024-09-01,P0244,取付金具 業務用,板金プレス部品,2020-04-15,1009,7058,7121522,5066944,712152,356076,6135172,986350,13.85
2024-10-01,P0244,取付金具 業務用,板金プレス部品,2020-04-15,1002,6691,6704382,4770150,670438,335219,5775807,928575,13.85
2024-11-01,P0244,取付金具 業務用,板金プレス部品,2020-04-15,986,8413,8295218,5902025,829521,414760,7146306,1148912,13.85
2024-12-01,P0244,取付金具 業務用,板金プレス部品,2020-04-15,1015,7619,7733285,5502211,773328,386664,6662203,1071082,13.85
2025-01-01,P0244,取付金具 業務用,板金プレス部品,2020-04-15,1017,7357,7482069,5323472,748206,374103,6445781,1036288,13.85
2025-02-01,P0244,取付金具 業務用,板金プレス部品,2020-04-15,1000,6718,6718000,4779839,671800,335900,5787539,930461,13.85
2025-03-01,P0244,取付金具 業務用,板金プレス部品,2020-04-15,978,6721,6573138,4676770,657313,328656,5662739,910399,13.85
2025-04-01,P0244,取付金具 業務用,板金プレス部品,2020-04-15,987,8716,8602692,6120792,860269,430134,7411195,1191497,13.85
2025-05-01,P0244,取付金具 業務用,板金プレス部品,2020-04-15,1004,8646,8680584,6176212,868058,434029,7478299,1202285,13.85
2025-06-01,P0244,取付金具 業務用,板金プレス部品,2020-04-15,1016,8445,8580120,6104732,858012,429006,7391750,1188370,13.85
2025-07-01,P0244,取付金具 業務用,板金プレス部品,2020-04-15,1017,7467,7593939,5403067,759393,379696,6542156,1051783,13.85
2025-08-01,P0244,取付金具 業務用,板金プレス部品,2020-04-15,998,8048,8031904,5714678,803190,401595,6919463,1112441,13.85
2025-09-01,P0244,取付金具 業務用,板金プレス部品,2020-04-15,985,7721,7605185,5411069,760518,380259,6551846,1053339,13.85
2025-10-01,P0244,取付金具 業務用,板金プレス部品,2020-04-15,988,5848,5777824,4933087,577782,288891,5799760,-21936,-0.38
2025-11-01,P0244,取付金具 業務用,板金プレス部品,2020-04-15,987,7081,6988947,5967140,698894,349447,7015481,-26534,-0.38
2025-12-01,P0244,取付金具 業務用,板金プレス部品,2020-04-15,1004,7311,7340244,6267077,734024,367012,7368113,-27869,-0.38
2026-01-01,P0244,取付金具 業務用,板金プレス部品,2020-04-15,1013,7723,7823399,6679593,782339,391169,7853101,-29702,-0.38
2026-02-01,P0244,取付金具 業務用,板金プレス部品,2020-04-15,1013,8626,8738138,7460594,873813,436906,8771313,-33175,-0.38
2026-03-01,P0244,取付金具 業務用,板金プレス部品,2020-04-15,986,7620,7513320,6414848,751332,375666,7541846,-28526,-0.38
2024-04-01,P0245,取付金具 HD,板金プレス部品,2021-04-09,1378,2064,2844192,2432224,284419,142209,2858852,-14660,-0.52
2024-05-01,P0245,取付金具 HD,板金プレス部品,2021-04-09,1402,2199,3082998,2636440,308299,154149,3098888,-15890,-0.52
2024-06-01,P0245,取付金具 HD,板金プレス部品,2021-04-09,1370,2545,3486650,2981625,348665,174332,3504622,-17972,-0.52
2024-07-01,P0245,取付金具 HD,板金プレス部品,2021-04-09,1379,2636,3635044,3108525,363504,181752,3653781,-18737,-0.52
2024-08-01,P0245,取付金具 HD,板金プレス部品,2021-04-09,1388,2179,3024452,2586375,302445,151222,3040042,-15590,-0.52
2024-09-01,P0245,取付金具 HD,板金プレス部品,2021-04-09,1412,2213,3124756,2672150,312475,156237,3140862,-16106,-0.52
2024-10-01,P0245,取付金具 HD,板金プレス部品,2021-04-09,1381,1937,2674997,2287536,267499,133749,2688784,-13787,-0.52
2024-11-01,P0245,取付金具 HD,板金プレス部品,2021-04-09,1413,1919,2711547,2318792,271154,135577,2725523,-13976,-0.52
2024-12-01,P0245,取付金具 HD,板金プレス部品,2021-04-09,1406,2831,3980386,3403846,398038,199019,4000903,-20517,-0.52
2025-01-01,P0245,取付金具 HD,板金プレス部品,2021-04-09,1420,2458,3490360,2984798,349036,174518,3508352,-17992,-0.52
2025-02-01,P0245,取付金具 HD,板金プレス部品,2021-04-09,1373,2140,2938220,2512633,293822,146911,2953366,-15146,-0.52
2025-03-01,P0245,取付金具 HD,板金プレス部品,2021-04-09,1384,2382,3296688,2819178,329668,164834,3313680,-16992,-0.52
2025-04-01,P0245,取付金具 HD,板金プレス部品,2021-04-09,1395,2326,3244770,2774781,324477,162238,3261496,-16726,-0.52
2025-05-01,P0245,取付金具 HD,板金プレス部品,2021-04-09,1397,2200,3073400,2628233,307340,153670,3089243,-15843,-0.52
2025-06-01,P0245,取付金具 HD,板金プレス部品,2021-04-09,1376,2259,3108384,2658149,310838,155419,3124406,-16022,-0.52
2025-07-01,P0245,取付金具 HD,板金プレス部品,2021-04-09,1409,2720,3832480,3277364,383248,191624,3852236,-19756,-0.52
2025-08-01,P0245,取付金具 HD,板金プレス部品,2021-04-09,1376,1937,2665312,2279254,266531,133265,2679050,-13738,-0.52
2025-09-01,P0245,取付金具 HD,板金プレス部品,2021-04-09,1373,1989,2730897,2335340,273089,136544,2744973,-14076,-0.52
2025-10-01,P0245,取付金具 HD,板金プレス部品,2021-04-09,1378,1954,2692612,2763120,269261,134630,3167011,-474399,-17.62
2025-11-01,P0245,取付金具 HD,板金プレス部品,2021-04-09,1416,2702,3826032,3926220,382603,191301,4500124,-674092,-17.62
2025-12-01,P0245,取付金具 HD,板金プレス部品,2021-04-09,1404,2641,3707964,3805060,370796,185398,4361254,-653290,-17.62
2026-01-01,P0245,取付金具 HD,板金プレス部品,2021-04-09,1411,2584,3646024,3741498,364602,182301,4288401,-642377,-17.62
2026-02-01,P0245,取付金具 HD,板金プレス部品,2021-04-09,1410,2742,3866220,3967460,386622,193311,4547393,-681173,-17.62
2026-03-01,P0245,取付金具 HD,板金プレス部品,2021-04-09,1415,2597,3674755,3770981,367475,183737,4322193,-647438,-17.62
2024-04-01,P0246,補強板 小型,板金プレス部品,2022-12-26,518,531,275058,184494,27505,13752,225751,49307,17.93
2024-05-01,P0246,補強板 小型,板金プレス部品,2022-12-26,518,581,300958,201867,30095,15047,247009,53949,17.93
2024-06-01,P0246,補強板 小型,板金プレス部品,2022-12-26,516,521,268836,180321,26883,13441,220645,48191,17.93
2024-07-01,P0246,補強板 小型,板金プレス部品,2022-12-26,536,552,295872,198455,29587,14793,242835,53037,17.93
2024-08-01,P0246,補強板 小型,板金プレス部品,2022-12-26,521,571,297491,199541,29749,14874,244164,53327,17.93
2024-09-01,P0246,補強板 小型,板金プレス部品,2022-12-26,522,577,301194,202025,30119,15059,247203,53991,17.93
2024-10-01,P0246,補強板 小型,板金プレス部品,2022-12-26,529,642,339618,227798,33961,16980,278739,60879,17.93
2024-11-01,P0246,補強板 小型,板金プレス部品,2022-12-26,527,487,256649,172147,25664,12832,210643,46006,17.93
2024-12-01,P0246,補強板 小型,板金プレス部品,2022-12-26,530,489,259170,173838,25917,12958,212713,46457,17.93
2025-01-01,P0246,補強板 小型,板金プレス部品,2022-12-26,535,705,377175,252989,37717,18858,309564,67611,17.93
2025-02-01,P0246,補強板 小型,板金プレス部品,2022-12-26,532,530,281960,189124,28196,14098,231418,50542,17.93
2025-03-01,P0246,補強板 小型,板金プレス部品,2022-12-26,534,671,358314,240338,35831,17915,294084,64230,17.93
2025-04-01,P0246,補強板 小型,板金プレス部品,2022-12-26,525,542,284550,190861,28455,14227,233543,51007,17.93
2025-05-01,P0246,補強板 小型,板金プレス部品,2022-12-26,516,533,275028,184474,27502,13751,225727,49301,17.93
2025-06-01,P0246,補強板 小型,板金プレス部品,2022-12-26,525,638,334950,224667,33495,16747,274909,60041,17.93
2025-07-01,P0246,補強板 小型,板金プレス部品,2022-12-26,534,540,288360,193417,28836,14418,236671,51689,17.93
2025-08-01,P0246,補強板 小型,板金プレス部品,2022-12-26,537,599,321663,215755,32166,16083,264004,57659,17.93
2025-09-01,P0246,補強板 小型,板金プレス部品,2022-12-26,534,671,358314,240338,35831,17915,294084,64230,17.93
2025-10-01,P0246,補強板 小型,板金プレス部品,2022-12-26,518,666,344988,277680,34498,17249,329427,15561,4.51
2025-11-01,P0246,補強板 小型,板金プレス部品,2022-12-26,535,496,265360,213588,26536,13268,253392,11968,4.51
2025-12-01,P0246,補強板 小型,板金プレス部品,2022-12-26,524,513,268812,216366,26881,13440,256687,12125,4.51
2026-01-01,P0246,補強板 小型,板金プレス部品,2022-12-26,520,627,326040,262429,32604,16302,311335,14705,4.51
2026-02-01,P0246,補強板 小型,板金プレス部品,2022-12-26,526,534,280884,226083,28088,14044,268215,12669,4.51
2026-03-01,P0246,補強板 小型,板金プレス部品,2022-12-26,530,567,300510,241880,30051,15025,286956,13554,4.51
2024-04-01,P0247,補強板 中型,板金プレス部品,2019-02-18,829,417,345693,276482,34569,17284,328335,17358,5.02
2024-05-01,P0247,補強板 中型,板金プレス部品,2019-02-18,827,436,360572,288382,36057,18028,342467,18105,5.02
2024-06-01,P0247,補強板 中型,板金プレス部品,2019-02-18,850,368,312800,250174,31280,15640,297094,15706,5.02
2024-07-01,P0247,補強板 中型,板金プレス部品,2019-02-18,847,374,316778,253356,31677,15838,300871,15907,5.02
2024-08-01,P0247,補強板 中型,板金プレス部品,2019-02-18,831,380,315780,252558,31578,15789,299925,15855,5.02
2024-09-01,P0247,補強板 中型,板金プレス部品,2019-02-18,852,385,328020,262347,32802,16401,311550,16470,5.02
2024-10-01,P0247,補強板 中型,板金プレス部品,2019-02-18,831,401,333231,266515,33323,16661,316499,16732,5.02
2024-11-01,P0247,補強板 中型,板金プレス部品,2019-02-18,836,425,355300,284165,35530,17765,337460,17840,5.02
2024-12-01,P0247,補強板 中型,板金プレス部品,2019-02-18,856,467,399752,319718,39975,19987,379680,20072,5.02
2025-01-01,P0247,補強板 中型,板金プレス部品,2019-02-18,838,423,354474,283505,35447,17723,336675,17799,5.02
2025-02-01,P0247,補強板 中型,板金プレス部品,2019-02-18,855,392,335160,268058,33516,16758,318332,16828,5.02
2025-03-01,P0247,補強板 中型,板金プレス部品,2019-02-18,829,416,344864,275819,34486,17243,327548,17316,5.02
2025-04-01,P0247,補強板 中型,板金プレス部品,2019-02-18,855,497,424935,339859,42493,21246,403598,21337,5.02
2025-05-01,P0247,補強板 中型,板金プレス部品,2019-02-18,834,408,340272,272146,34027,17013,323186,17086,5.02
2025-06-01,P0247,補強板 中型,板金プレス部品,2019-02-18,851,449,382099,305599,38209,19104,362912,19187,5.02
2025-07-01,P0247,補強板 中型,板金プレス部品,2019-02-18,834,418,348612,278816,34861,17430,331107,17505,5.02
2025-08-01,P0247,補強板 中型,板金プレス部品,2019-02-18,834,385,321090,256805,32109,16054,304968,16122,5.02
2025-09-01,P0247,補強板 中型,板金プレス部品,2019-02-18,849,354,300546,240374,30054,15027,285455,15091,5.02
2025-10-01,P0247,補強板 中型,板金プレス部品,2019-02-18,836,352,294272,282427,29427,14713,326567,-32295,-10.97
2025-11-01,P0247,補強板 中型,板金プレス部品,2019-02-18,836,475,397100,381116,39710,19855,440681,-43581,-10.97
2025-12-01,P0247,補強板 中型,板金プレス部品,2019-02-18,855,384,328320,315105,32832,16416,364353,-36033,-10.97
2026-01-01,P0247,補強板 中型,板金プレス部品,2019-02-18,852,356,303312,291103,30331,15165,336599,-33287,-10.97
2026-02-01,P0247,補強板 中型,板金プレス部品,2019-02-18,837,345,288765,277142,28876,14438,320456,-31691,-10.97
2026-03-01,P0247,補強板 中型,板金プレス部品,2019-02-18,835,440,367400,352612,36740,18370,407722,-40322,-10.97
2024-04-01,P0248,補強板 大型,板金プレス部品,2021-02-10,1379,512,706048,557732,70604,35302,663638,42410,6.01
2024-05-01,P0248,補強板 大型,板金プレス部品,2021-02-10,1392,496,690432,545396,69043,34521,648960,41472,6.01
2024-06-01,P0248,補強板 大型,板金プレス部品,2021-02-10,1375,600,825000,651696,82500,41250,775446,49554,6.01
2024-07-01,P0248,補強板 大型,板金プレス部品,2021-02-10,1375,477,655875,518098,65587,32793,616478,39397,6.01
2024-08-01,P0248,補強板 大型,板金プレス部品,2021-02-10,1363,595,810985,640625,81098,40549,762272,48713,6.01
2024-09-01,P0248,補強板 大型,板金プレス部品,2021-02-10,1352,622,840944,664291,84094,42047,790432,50512,6.01
2024-10-01,P0248,補強板 大型,板金プレス部品,2021-02-10,1389,513,712557,562873,71255,35627,669755,42802,6.01
2024-11-01,P0248,補強板 大型,板金プレス部品,2021-02-10,1361,499,679139,536475,67913,33956,638344,40795,6.01
2024-12-01,P0248,補強板 大型,板金プレス部品,2021-02-10,1388,616,855008,675400,85500,42750,803650,51358,6.01
2025-01-01,P0248,補強板 大型,板金プレス部品,2021-02-10,1355,476,644980,509492,64498,32249,606239,38741,6.01
2025-02-01,P0248,補強板 大型,板金プレス部品,2021-02-10,1381,568,784408,619631,78440,39220,737291,47117,6.01
2025-03-01,P0248,補強板 大型,板金プレス部品,2021-02-10,1384,570,788880,623164,78888,39444,741496,47384,6.01
2025-04-01,P0248,補強板 大型,板金プレス部品,2021-02-10,1400,640,896000,707781,89600,44800,842181,53819,6.01
2025-05-01,P0248,補強板 大型,板金プレス部品,2021-02-10,1357,546,740922,585280,74092,37046,696418,44504,6.01
2025-06-01,P0248,補強板 大型,板金プレス部品,2021-02-10,1356,526,713256,563425,71325,35662,670412,42844,6.01
2025-07-01,P0248,補強板 大型,板金プレス部品,2021-02-10,1396,556,776176,613128,77617,38808,729553,46623,6.01
2025-08-01,P0248,補強板 大型,板金プレス部品,2021-02-10,1356,545,739020,583777,73902,36951,694630,44390,6.01
2025-09-01,P0248,補強板 大型,板金プレス部品,2021-02-10,1403,586,822158,649451,82215,41107,772773,49385,6.01
2025-10-01,P0248,補強板 大型,板金プレス部品,2021-02-10,1391,508,706628,669828,70662,35331,775821,-69193,-9.79
2025-11-01,P0248,補強板 大型,板金プレス部品,2021-02-10,1370,656,898720,851916,89872,44936,986724,-88004,-9.79
2025-12-01,P0248,補強板 大型,板金プレス部品,2021-02-10,1372,608,834176,790733,83417,41708,915858,-81682,-9.79
2026-01-01,P0248,補強板 大型,板金プレス部品,2021-02-10,1371,525,719775,682290,71977,35988,790255,-70480,-9.79
2026-02-01,P0248,補強板 大型,板金プレス部品,2021-02-10,1387,487,675469,640292,67546,33773,741611,-66142,-9.79
2026-03-01,P0248,補強板 大型,板金プレス部品,2021-02-10,1365,657,896805,850101,89680,44840,984621,-87816,-9.79
2024-04-01,P0249,補強板 業務用,板金プレス部品,2020-02-13,1775,5444,9663100,7427162,966310,483155,8876627,786473,8.14
2024-05-01,P0249,補強板 業務用,板金プレス部品,2020-02-13,1775,6497,11532175,8863753,1153217,576608,10593578,938597,8.14
2024-06-01,P0249,補強板 業務用,板金プレス部品,2020-02-13,1785,6786,12113010,9310189,1211301,605650,11127140,985870,8.14
2024-07-01,P0249,補強板 業務用,板金プレス部品,2020-02-13,1792,6875,12320000,9469283,1232000,616000,11317283,1002717,8.14
2024-08-01,P0249,補強板 業務用,板金プレス部品,2020-02-13,1820,5778,10515960,8082679,1051596,525798,9660073,855887,8.14
2024-09-01,P0249,補強板 業務用,板金プレス部品,2020-02-13,1780,6123,10898940,8377041,1089894,544947,10011882,887058,8.14
2024-10-01,P0249,補強板 業務用,板金プレス部品,2020-02-13,1790,6953,12445870,9566028,1244587,622293,11432908,1012962,8.14
2024-11-01,P0249,補強板 業務用,板金プレス部品,2020-02-13,1795,5129,9206555,7076256,920655,460327,8457238,749317,8.14
2024-12-01,P0249,補強板 業務用,板金プレス部品,2020-02-13,1809,6278,11356902,8729036,1135690,567845,10432571,924331,8.14
2025-01-01,P0249,補強板 業務用,板金プレス部品,2020-02-13,1804,6916,12476464,9589543,1247646,623823,11461012,1015452,8.14
2025-02-01,P0249,補強板 業務用,板金プレス部品,2020-02-13,1784,5424,9676416,7437396,967641,483820,8888857,787559,8.14
2025-03-01,P0249,補強板 業務用,板金プレス部品,2020-02-13,1819,5124,9320556,7163879,932055,466027,8561961,758595,8.14
2025-04-01,P0249,補強板 業務用,板金プレス部品,2020-02-13,1809,5137,9292833,7142570,929283,464641,8536494,756339,8.14
2025-05-01,P0249,補強板 業務用,板金プレス部品,2020-02-13,1822,6334,11540548,8870188,1154054,577027,10601269,939279,8.14
2025-06-01,P0249,補強板 業務用,板金プレス部品,2020-02-13,1780,5060,9006800,6922722,900680,450340,8273742,733058,8.14
2025-07-01,P0249,補強板 業務用,板金プレス部品,2020-02-13,1807,7097,12824279,9856878,1282427,641213,11780518,1043761,8.14
2025-08-01,P0249,補強板 業務用,板金プレス部品,2020-02-13,1819,5995,10904905,8381626,1090490,545245,10017361,887544,8.14
2025-09-01,P0249,補強板 業務用,板金プレス部品,2020-02-13,1784,7080,12630720,9708106,1263072,631536,11602714,1028006,8.14
2025-10-01,P0249,補強板 業務用,板金プレス部品,2020-02-13,1773,7077,12547521,11572990,1254752,627376,13455118,-907597,-7.23
2025-11-01,P0249,補強板 業務用,板金プレス部品,2020-02-13,1777,7263,12906351,11903951,1290635,645317,13839903,-933552,-7.23
2025-12-01,P0249,補強板 業務用,板金プレス部品,2020-02-13,1772,5528,9795616,9034818,979561,489780,10504159,-708543,-7.23
2026-01-01,P0249,補強板 業務用,板金プレス部品,2020-02-13,1836,6839,12556404,11581183,1255640,627820,13464643,-908239,-7.23
2026-02-01,P0249,補強板 業務用,板金プレス部品,2020-02-13,1789,5603,10023767,9245249,1002376,501188,10748813,-725046,-7.23
2026-03-01,P0249,補強板 業務用,板金プレス部品,2020-02-13,1777,5559,9878343,9111120,987834,493917,10592871,-714528,-7.23
2024-04-01,P0250,補強板 HD,板金プレス部品,2022-04-25,2496,1666,4158336,3222208,415833,207916,3845957,312379,7.51
2024-05-01,P0250,補強板 HD,板金プレス部品,2022-04-25,2413,2367,5711571,4425778,571157,285578,5282513,429058,7.51
2024-06-01,P0250,補強板 HD,板金プレス部品,2022-04-25,2499,2045,5110455,3959986,511045,255522,4726553,383902,7.51
2024-07-01,P0250,補強板 HD,板金プレス部品,2022-04-25,2472,2306,5700432,4417147,570043,285021,5272211,428221,7.51
2024-08-01,P0250,補強板 HD,板金プレス部品,2022-04-25,2408,1635,3937080,3050762,393708,196854,3641324,295756,7.51
2024-09-01,P0250,補強板 HD,板金プレス部品,2022-04-25,2438,2259,5507442,4267603,550744,275372,5093719,413723,7.51
2024-10-01,P0250,補強板 HD,板金プレス部品,2022-04-25,2474,2157,5336418,4135080,533641,266820,4935541,400877,7.51
2024-11-01,P0250,補強板 HD,板金プレス部品,2022-04-25,2416,1958,4730528,3665588,473052,236526,4375166,355362,7.51
2024-12-01,P0250,補強板 HD,板金プレス部品,2022-04-25,2487,1930,4799910,3719351,479991,239995,4439337,360573,7.51
2025-01-01,P0250,補強板 HD,板金プレス部品,2022-04-25,2408,1885,4539080,3517239,453908,226954,4198101,340979,7.51
2025-02-01,P0250,補強板 HD,板金プレス部品,2022-04-25,2468,2393,5905924,4576378,590592,295296,5462266,443658,7.51
2025-03-01,P0250,補強板 HD,板金プレス部品,2022-04-25,2483,2054,5100082,3951948,510008,255004,4716960,383122,7.51
2025-04-01,P0250,補強板 HD,板金プレス部品,2022-04-25,2498,1949,4868602,3772579,486860,243430,4502869,365733,7.51
2025-05-01,P0250,補強板 HD,板金プレス部品,2022-04-25,2429,2310,5610990,4347840,561099,280549,5189488,421502,7.51
2025-06-01,P0250,補強板 HD,板金プレス部品,2022-04-25,2429,1917,4656393,3608142,465639,232819,4306600,349793,7.51
2025-07-01,P0250,補強板 HD,板金プレス部品,2022-04-25,2464,2150,5297600,4105001,529760,264880,4899641,397959,7.51
2025-08-01,P0250,補強板 HD,板金プレス部品,2022-04-25,2496,2039,5089344,3943627,508934,254467,4707028,382316,7.51
2025-09-01,P0250,補強板 HD,板金プレス部品,2022-04-25,2478,1999,4953522,3838382,495352,247676,4581410,372112,7.51
2025-10-01,P0250,補強板 HD,板金プレス部品,2022-04-25,2452,2149,5269348,4899731,526934,263467,5690132,-420784,-7.99
2025-11-01,P0250,補強板 HD,板金プレス部品,2022-04-25,2466,1651,4071366,3785781,407136,203568,4396485,-325119,-7.99
2025-12-01,P0250,補強板 HD,板金プレス部品,2022-04-25,2414,2137,5158718,4796861,515871,257935,5570667,-411949,-7.99
2026-01-01,P0250,補強板 HD,板金プレス部品,2022-04-25,2447,2261,5532667,5144579,553266,276633,5974478,-441811,-7.99
2026-02-01,P0250,補強板 HD,板金プレス部品,2022-04-25,2482,1879,4663678,4336545,466367,233183,5036095,-372417,-7.99
2026-03-01,P0250,補強板 HD,板金プレス部品,2022-04-25,2462,1895,4665490,4338230,466549,233274,5038053,-372563,-7.99
2024-04-01,P0251,ガスケット 小型,樹脂・ゴム部品,2019-01-03,107,1679,179653,110504,17965,8982,137451,42202,23.49
2024-05-01,P0251,ガスケット 小型,樹脂・ゴム部品,2019-01-03,106,1818,192708,118534,19270,9635,147439,45269,23.49
2024-06-01,P0251,ガスケット 小型,樹脂・ゴム部品,2019-01-03,105,2171,227955,140215,22795,11397,174407,53548,23.49
2024-07-01,P0251,ガスケット 小型,樹脂・ゴム部品,2019-01-03,107,2428,259796,159800,25979,12989,198768,61028,23.49
2024-08-01,P0251,ガスケット 小型,樹脂・ゴム部品,2019-01-03,109,1880,204920,126046,20492,10246,156784,48136,23.49
2024-09-01,P0251,ガスケット 小型,樹脂・ゴム部品,2019-01-03,108,2033,219564,135053,21956,10978,167987,51577,23.49
2024-10-01,P0251,ガスケット 小型,樹脂・ゴム部品,2019-01-03,109,2204,240236,147769,24023,12011,183803,56433,23.49
2024-11-01,P0251,ガスケット 小型,樹脂・ゴム部品,2019-01-03,106,1741,184546,113514,18454,9227,141195,43351,23.49
2024-12-01,P0251,ガスケット 小型,樹脂・ゴム部品,2019-01-03,105,2448,257040,158105,25704,12852,196661,60379,23.49
2025-01-01,P0251,ガスケット 小型,樹脂・ゴム部品,2019-01-03,108,2215,239220,147144,23922,11961,183027,56193,23.49
2025-02-01,P0251,ガスケット 小型,樹脂・ゴム部品,2019-01-03,109,2087,227483,139924,22748,11374,174046,53437,23.49
2025-03-01,P0251,ガスケット 小型,樹脂・ゴム部品,2019-01-03,106,2447,259382,159545,25938,12969,198452,60930,23.49
2025-04-01,P0251,ガスケット 小型,樹脂・ゴム部品,2019-01-03,108,2138,230904,142028,23090,11545,176663,54241,23.49
2025-05-01,P0251,ガスケット 小型,樹脂・ゴム部品,2019-01-03,109,1886,205574,126448,20557,10278,157283,48291,23.49
2025-06-01,P0251,ガスケット 小型,樹脂・ゴム部品,2019-01-03,106,2009,212954,130987,21295,10647,162929,50025,23.49
2025-07-01,P0251,ガスケット 小型,樹脂・ゴム部品,2019-01-03,109,2334,254406,156485,25440,12720,194645,59761,23.49
2025-08-01,P0251,ガスケット 小型,樹脂・ゴム部品,2019-01-03,109,1717,187153,115117,18715,9357,143189,43964,23.49
2025-09-01,P0251,ガスケット 小型,樹脂・ゴム部品,2019-01-03,105,1811,190155,116964,19015,9507,145486,44669,23.49
2025-10-01,P0251,ガスケット 小型,樹脂・ゴム部品,2019-01-03,109,1848,201432,141246,20143,10071,171460,29972,14.88
2025-11-01,P0251,ガスケット 小型,樹脂・ゴム部品,2019-01-03,106,1751,185606,130149,18560,9280,157989,27617,14.88
2025-12-01,P0251,ガスケット 小型,樹脂・ゴム部品,2019-01-03,107,2240,239680,168066,23968,11984,204018,35662,14.88
2026-01-01,P0251,ガスケット 小型,樹脂・ゴム部品,2019-01-03,106,1757,186242,130595,18624,9312,158531,27711,14.88
2026-02-01,P0251,ガスケット 小型,樹脂・ゴム部品,2019-01-03,108,2285,246780,173045,24678,12339,210062,36718,14.88
2026-03-01,P0251,ガスケット 小型,樹脂・ゴム部品,2019-01-03,106,2258,239348,167834,23934,11967,203735,35613,14.88
2024-04-01,P0252,ガスケット 中型,樹脂・ゴム部品,2023-12-16,186,1840,342240,272813,34224,17112,324149,18091,5.29
2024-05-01,P0252,ガスケット 中型,樹脂・ゴム部品,2023-12-16,187,1427,266849,212715,26684,13342,252741,14108,5.29
2024-06-01,P0252,ガスケット 中型,樹脂・ゴム部品,2023-12-16,185,1535,283975,226367,28397,14198,268962,15013,5.29
2024-07-01,P0252,ガスケット 中型,樹脂・ゴム部品,2023-12-16,187,1944,363528,289782,36352,18176,344310,19218,5.29
2024-08-01,P0252,ガスケット 中型,樹脂・ゴム部品,2023-12-16,185,1716,317460,253059,31746,15873,300678,16782,5.29
2024-09-01,P0252,ガスケット 中型,樹脂・ゴム部品,2023-12-16,188,1717,322796,257313,32279,16139,305731,17065,5.29
2024-10-01,P0252,ガスケット 中型,樹脂・ゴム部品,2023-12-16,187,1929,360723,287546,36072,18036,341654,19069,5.29
2024-11-01,P0252,ガスケット 中型,樹脂・ゴム部品,2023-12-16,186,1830,340380,271330,34038,17019,322387,17993,5.29
2024-12-01,P0252,ガスケット 中型,樹脂・ゴム部品,2023-12-16,191,1697,324127,258374,32412,16206,306992,17135,5.29
2025-01-01,P0252,ガスケット 中型,樹脂・ゴム部品,2023-12-16,189,1727,326403,260188,32640,16320,309148,17255,5.29
2025-02-01,P0252,ガスケット 中型,樹脂・ゴム部品,2023-12-16,191,1892,361372,288063,36137,18068,342268,19104,5.29
2025-03-01,P0252,ガスケット 中型,樹脂・ゴム部品,2023-12-16,185,1453,268805,214275,26880,13440,254595,14210,5.29
2025-04-01,P0252,ガスケット 中型,樹脂・ゴム部品,2023-12-16,191,1678,320498,255481,32049,16024,303554,16944,5.29
2025-05-01,P0252,ガスケット 中型,樹脂・ゴム部品,2023-12-16,186,1638,304668,242862,30466,15233,288561,16107,5.29
2025-06-01,P0252,ガスケット 中型,樹脂・ゴム部品,2023-12-16,184,1669,307096,244798,30709,15354,290861,16235,5.29
2025-07-01,P0252,ガスケット 中型,樹脂・ゴム部品,2023-12-16,185,1432,264920,211178,26492,13246,250916,14004,5.29
2025-08-01,P0252,ガスケット 中型,樹脂・ゴム部品,2023-12-16,189,1334,252126,200979,25212,12606,238797,13329,5.29
2025-09-01,P0252,ガスケット 中型,樹脂・ゴム部品,2023-12-16,185,1530,283050,225630,28305,14152,268087,14963,5.29
2025-10-01,P0252,ガスケット 中型,樹脂・ゴム部品,2023-12-16,186,1653,307458,279399,30745,15372,325516,-18058,-5.87
2025-11-01,P0252,ガスケット 中型,樹脂・ゴム部品,2023-12-16,186,1574,292764,266046,29276,14638,309960,-17196,-5.87
2025-12-01,P0252,ガスケット 中型,樹脂・ゴム部品,2023-12-16,189,1318,249102,226368,24910,12455,263733,-14631,-5.87
2026-01-01,P0252,ガスケット 中型,樹脂・ゴム部品,2023-12-16,185,1389,256965,233514,25696,12848,272058,-15093,-5.87
2026-02-01,P0252,ガスケット 中型,樹脂・ゴム部品,2023-12-16,186,1441,268026,243565,26802,13401,283768,-15742,-5.87
2026-03-01,P0252,ガスケット 中型,樹脂・ゴム部品,2023-12-16,186,1421,264306,240185,26430,13215,279830,-15524,-5.87
2024-04-01,P0253,ガスケット 大型,樹脂・ゴム部品,2020-01-19,305,456,139080,82249,13908,6954,103111,35969,25.86
2024-05-01,P0253,ガスケット 大型,樹脂・ゴム部品,2020-01-19,296,510,150960,89275,15096,7548,111919,39041,25.86
2024-06-01,P0253,ガスケット 大型,樹脂・ゴム部品,2020-01-19,296,558,165168,97677,16516,8258,122451,42717,25.86
2024-07-01,P0253,ガスケット 大型,樹脂・ゴム部品,2020-01-19,295,614,181130,107117,18113,9056,134286,46844,25.86
2024-08-01,P0253,ガスケット 大型,樹脂・ゴム部品,2020-01-19,306,546,167076,98805,16707,8353,123865,43211,25.86
2024-09-01,P0253,ガスケット 大型,樹脂・ゴム部品,2020-01-19,297,478,141966,83956,14196,7098,105250,36716,25.86
2024-10-01,P0253,ガスケット 大型,樹脂・ゴム部品,2020-01-19,306,576,176256,104234,17625,8812,130671,45585,25.86
2024-11-01,P0253,ガスケット 大型,樹脂・ゴム部品,2020-01-19,302,528,159456,94299,15945,7972,118216,41240,25.86
2024-12-01,P0253,ガスケット 大型,樹脂・ゴム部品,2020-01-19,302,477,144054,85191,14405,7202,106798,37256,25.86
2025-01-01,P0253,ガスケット 大型,樹脂・ゴム部品,2020-01-19,302,499,150698,89120,15069,7534,111723,38975,25.86
2025-02-01,P0253,ガスケット 大型,樹脂・ゴム部品,2020-01-19,301,462,139062,82238,13906,6953,103097,35965,25.86
2025-03-01,P0253,ガスケット 大型,樹脂・ゴム部品,2020-01-19,303,495,149985,88698,14998,7499,111195,38790,25.86
2025-04-01,P0253,ガスケット 大型,樹脂・ゴム部品,2020-01-19,305,608,185440,109665,18544,9272,137481,47959,25.86
2025-05-01,P0253,ガスケット 大型,樹脂・ゴム部品,2020-01-19,300,663,198900,117625,19890,9945,147460,51440,25.86
2025-06-01,P0253,ガスケット 大型,樹脂・ゴム部品,2020-01-19,295,591,174345,103104,17434,8717,129255,45090,25.86
2025-07-01,P0253,ガスケット 大型,樹脂・ゴム部品,2020-01-19,302,643,194186,114838,19418,9709,143965,50221,25.86
2025-08-01,P0253,ガスケット 大型,樹脂・ゴム部品,2020-01-19,300,536,160800,95094,16080,8040,119214,41586,25.86
2025-09-01,P0253,ガスケット 大型,樹脂・ゴム部品,2020-01-19,305,611,186355,110207,18635,9317,138159,48196,25.86
2025-10-01,P0253,ガスケット 大型,樹脂・ゴム部品,2020-01-19,301,622,187222,126220,18722,9361,154303,32919,17.58
2025-11-01,P0253,ガスケット 大型,樹脂・ゴム部品,2020-01-19,306,525,160650,108306,16065,8032,132403,28247,17.58
2025-12-01,P0253,ガスケット 大型,樹脂・ゴム部品,2020-01-19,301,583,175483,118306,17548,8774,144628,30855,17.58
2026-01-01,P0253,ガスケット 大型,樹脂・ゴム部品,2020-01-19,302,575,173650,117070,17365,8682,143117,30533,17.58
2026-02-01,P0253,ガスケット 大型,樹脂・ゴム部品,2020-01-19,301,601,180901,121959,18090,9045,149094,31807,17.58
2026-03-01,P0253,ガスケット 大型,樹脂・ゴム部品,2020-01-19,305,637,194285,130982,19428,9714,160124,34161,17.58
2024-04-01,P0254,ガスケット 業務用,樹脂・ゴム部品,2019-04-04,403,2785,1122355,668849,112235,56117,837201,285154,25.41
2024-05-01,P0254,ガスケット 業務用,樹脂・ゴム部品,2019-04-04,402,3366,1353132,806377,135313,67656,1009346,343786,25.41
2024-06-01,P0254,ガスケット 業務用,樹脂・ゴム部品,2019-04-04,395,3712,1466240,873782,146624,73312,1093718,372522,25.41
2024-07-01,P0254,ガスケット 業務用,樹脂・ゴム部品,2019-04-04,407,2938,1195766,712597,119576,59788,891961,303805,25.41
2024-08-01,P0254,ガスケット 業務用,樹脂・ゴム部品,2019-04-04,400,3775,1510000,899860,151000,75500,1126360,383640,25.41
2024-09-01,P0254,ガスケット 業務用,樹脂・ゴム部品,2019-04-04,400,2816,1126400,671259,112640,56320,840219,286181,25.41
2024-10-01,P0254,ガスケット 業務用,樹脂・ゴム部品,2019-04-04,402,3154,1267908,755589,126790,63395,945774,322134,25.41
2024-11-01,P0254,ガスケット 業務用,樹脂・ゴム部品,2019-04-04,398,2921,1162558,692807,116255,58127,867189,295369,25.41
2024-12-01,P0254,ガスケット 業務用,樹脂・ゴム部品,2019-04-04,403,3411,1374633,819190,137463,68731,1025384,349249,25.41
2025-01-01,P0254,ガスケット 業務用,樹脂・ゴム部品,2019-04-04,400,3419,1367600,814999,136760,68380,1020139,347461,25.41
2025-02-01,P0254,ガスケット 業務用,樹脂・ゴム部品,2019-04-04,399,3001,1197399,713570,119739,59869,893178,304221,25.41
2025-03-01,P0254,ガスケット 業務用,樹脂・ゴム部品,2019-04-04,400,3790,1516000,903435,151600,75800,1130835,385165,25.41
2025-04-01,P0254,ガスケット 業務用,樹脂・ゴム部品,2019-04-04,402,3347,1345494,801825,134549,67274,1003648,341846,25.41
2025-05-01,P0254,ガスケット 業務用,樹脂・ゴム部品,2019-04-04,399,3694,1473906,878350,147390,73695,1099435,374471,25.41
2025-06-01,P0254,ガスケット 業務用,樹脂・ゴム部品,2019-04-04,407,3126,1272282,758195,127228,63614,949037,323245,25.41
2025-07-01,P0254,ガスケット 業務用,樹脂・ゴム部品,2019-04-04,403,2775,1118325,666447,111832,55916,834195,284130,25.41
2025-08-01,P0254,ガスケット 業務用,樹脂・ゴム部品,2019-04-04,409,3082,1260538,751197,126053,63026,940276,320262,25.41
2025-09-01,P0254,ガスケット 業務用,樹脂・ゴム部品,2019-04-04,394,3495,1377030,820618,137703,68851,1027172,349858,25.41
2025-10-01,P0254,ガスケット 業務用,樹脂・ゴム部品,2019-04-04,405,3647,1477035,1003445,147703,73851,1224999,252036,17.06
2025-11-01,P0254,ガスケット 業務用,樹脂・ゴム部品,2019-04-04,397,3289,1305733,887068,130573,65286,1082927,222806,17.06
2025-12-01,P0254,ガスケット 業務用,樹脂・ゴム部品,2019-04-04,404,2760,1115040,757518,111504,55752,924774,190266,17.06
2026-01-01,P0254,ガスケット 業務用,樹脂・ゴム部品,2019-04-04,407,3134,1275538,866555,127553,63776,1057884,217654,17.06
2026-02-01,P0254,ガスケット 業務用,樹脂・ゴム部品,2019-04-04,404,2906,1174024,797590,117402,58701,973693,200331,17.06
2026-03-01,P0254,ガスケット 業務用,樹脂・ゴム部品,2019-04-04,404,2888,1166752,792650,116675,58337,967662,199090,17.06
2024-04-01,P0255,ガスケット HD,樹脂・ゴム部品,2022-07-27,549,593,325557,196690,32555,16277,245522,80035,24.58
2024-05-01,P0255,ガスケット HD,樹脂・ゴム部品,2022-07-27,552,647,357144,215774,35714,17857,269345,87799,24.58
2024-06-01,P0255,ガスケット HD,樹脂・ゴム部品,2022-07-27,548,688,377024,227785,37702,18851,284338,92686,24.58
2024-07-01,P0255,ガスケット HD,樹脂・ゴム部品,2022-07-27,559,634,354406,214120,35440,17720,267280,87126,24.58
2024-08-01,P0255,ガスケット HD,樹脂・ゴム部品,2022-07-27,546,502,274092,165597,27409,13704,206710,67382,24.58
2024-09-01,P0255,ガスケット HD,樹脂・ゴム部品,2022-07-27,559,573,320307,193518,32030,16015,241563,78744,24.58
2024-10-01,P0255,ガスケット HD,樹脂・ゴム部品,2022-07-27,547,735,402045,242902,40204,20102,303208,98837,24.58
2024-11-01,P0255,ガスケット HD,樹脂・ゴム部品,2022-07-27,561,671,376431,227427,37643,18821,283891,92540,24.58
2024-12-01,P0255,ガスケット HD,樹脂・ゴム部品,2022-07-27,557,662,368734,222776,36873,18436,278085,90649,24.58
2025-01-01,P0255,ガスケット HD,樹脂・ゴム部品,2022-07-27,557,736,409952,247679,40995,20497,309171,100781,24.58
2025-02-01,P0255,ガスケット HD,樹脂・ゴム部品,2022-07-27,551,704,387904,234358,38790,19395,292543,95361,24.58
2025-03-01,P0255,ガスケット HD,樹脂・ゴム部品,2022-07-27,568,696,395328,238843,39532,19766,298141,97187,24.58
2025-04-01,P0255,ガスケット HD,樹脂・ゴム部品,2022-07-27,552,722,398544,240786,39854,19927,300567,97977,24.58
2025-05-01,P0255,ガスケット HD,樹脂・ゴム部品,2022-07-27,547,706,386182,233318,38618,19309,291245,94937,24.58
2025-06-01,P0255,ガスケット HD,樹脂・ゴム部品,2022-07-27,553,664,367192,221845,36719,18359,276923,90269,24.58
2025-07-01,P0255,ガスケット HD,樹脂・ゴム部品,2022-07-27,555,660,366300,221306,36630,18315,276251,90049,24.58
2025-08-01,P0255,ガスケット HD,樹脂・ゴム部品,2022-07-27,551,498,274398,165782,27439,13719,206940,67458,24.58
2025-09-01,P0255,ガスケット HD,樹脂・ゴム部品,2022-07-27,555,507,281385,170003,28138,14069,212210,69175,24.58
2025-10-01,P0255,ガスケット HD,樹脂・ゴム部品,2022-07-27,562,705,396210,272889,39621,19810,332320,63890,16.13
2025-11-01,P0255,ガスケット HD,樹脂・ゴム部品,2022-07-27,563,692,389596,268334,38959,19479,326772,62824,16.13
2025-12-01,P0255,ガスケット HD,樹脂・ゴム部品,2022-07-27,557,589,328073,225960,32807,16403,275170,52903,16.13
2026-01-01,P0255,ガスケット HD,樹脂・ゴム部品,2022-07-27,548,622,340856,234764,34085,17042,285891,54965,16.13
2026-02-01,P0255,ガスケット HD,樹脂・ゴム部品,2022-07-27,561,645,361845,249220,36184,18092,303496,58349,16.13
2026-03-01,P0255,ガスケット HD,樹脂・ゴム部品,2022-07-27,562,648,364176,250826,36417,18208,305451,58725,16.13
2024-04-01,P0256,Oリング 小型,樹脂・ゴム部品,2023-01-02,46,1761,81006,53957,8100,4050,66107,14899,18.39
2024-05-01,P0256,Oリング 小型,樹脂・ゴム部品,2023-01-02,46,1834,84364,56194,8436,4218,68848,15516,18.39
2024-06-01,P0256,Oリング 小型,樹脂・ゴム部品,2023-01-02,46,1589,73094,48687,7309,3654,59650,13444,18.39
2024-07-01,P0256,Oリング 小型,樹脂・ゴム部品,2023-01-02,46,1447,66562,44336,6656,3328,54320,12242,18.39
2024-08-01,P0256,Oリング 小型,樹脂・ゴム部品,2023-01-02,47,1393,65471,43609,6547,3273,53429,12042,18.39
2024-09-01,P0256,Oリング 小型,樹脂・ゴム部品,2023-01-02,46,1857,85422,56899,8542,4271,69712,15710,18.39
2024-10-01,P0256,Oリング 小型,樹脂・ゴム部品,2023-01-02,47,1599,75153,50058,7515,3757,61330,13823,18.39
2024-11-01,P0256,Oリング 小型,樹脂・ゴム部品,2023-01-02,47,1564,73508,48963,7350,3675,59988,13520,18.39
2024-12-01,P0256,Oリング 小型,樹脂・ゴム部品,2023-01-02,46,1560,71760,47798,7176,3588,58562,13198,18.39
2025-01-01,P0256,Oリング 小型,樹脂・ゴム部品,2023-01-02,46,1375,63250,42130,6325,3162,51617,11633,18.39
2025-02-01,P0256,Oリング 小型,樹脂・ゴム部品,2023-01-02,47,1665,78255,52125,7825,3912,63862,14393,18.39
2025-03-01,P0256,Oリング 小型,樹脂・ゴム部品,2023-01-02,47,1361,63967,42608,6396,3198,52202,11765,18.39
2025-04-01,P0256,Oリング 小型,樹脂・ゴム部品,2023-01-02,46,1504,69184,46083,6918,3459,56460,12724,18.39
2025-05-01,P0256,Oリング 小型,樹脂・ゴム部品,2023-01-02,47,1846,86762,57791,8676,4338,70805,15957,18.39
2025-06-01,P0256,Oリング 小型,樹脂・ゴム部品,2023-01-02,46,1610,74060,49330,7406,3703,60439,13621,18.39
2025-07-01,P0256,Oリング 小型,樹脂・ゴム部品,2023-01-02,46,1385,63710,42436,6371,3185,51992,11718,18.39
2025-08-01,P0256,Oリング 小型,樹脂・ゴム部品,2023-01-02,46,1773,81558,54325,8155,4077,66557,15001,18.39
2025-09-01,P0256,Oリング 小型,樹脂・ゴム部品,2023-01-02,46,1718,79028,52640,7902,3951,64493,14535,18.39
2025-10-01,P0256,Oリング 小型,樹脂・ゴム部品,2023-01-02,46,1580,72680,55189,7268,3634,66091,6589,9.07
2025-11-01,P0256,Oリング 小型,樹脂・ゴム部品,2023-01-02,47,1596,75012,56960,7501,3750,68211,6801,9.07
2025-12-01,P0256,Oリング 小型,樹脂・ゴム部品,2023-01-02,47,1907,89629,68059,8962,4481,81502,8127,9.07
2026-01-01,P0256,Oリング 小型,樹脂・ゴム部品,2023-01-02,46,1719,79074,60044,7907,3953,71904,7170,9.07
2026-02-01,P0256,Oリング 小型,樹脂・ゴム部品,2023-01-02,47,1861,87467,66417,8746,4373,79536,7931,9.07
2026-03-01,P0256,Oリング 小型,樹脂・ゴム部品,2023-01-02,46,1841,84686,64306,8468,4234,77008,7678,9.07
2024-04-01,P0257,Oリング 中型,樹脂・ゴム部品,2021-07-19,75,204,15300,8720,1530,765,11015,4285,28.01
2024-05-01,P0257,Oリング 中型,樹脂・ゴム部品,2021-07-19,75,173,12975,7395,1297,648,9340,3635,28.02
2024-06-01,P0257,Oリング 中型,樹脂・ゴム部品,2021-07-19,75,189,14175,8079,1417,708,10204,3971,28.01
2024-07-01,P0257,Oリング 中型,樹脂・ゴム部品,2021-07-19,76,199,15124,8620,1512,756,10888,4236,28.01
2024-08-01,P0257,Oリング 中型,樹脂・ゴム部品,2021-07-19,74,186,13764,7844,1376,688,9908,3856,28.02
2024-09-01,P0257,Oリング 中型,樹脂・ゴム部品,2021-07-19,75,217,16275,9276,1627,813,11716,4559,28.01
2024-10-01,P0257,Oリング 中型,樹脂・ゴム部品,2021-07-19,75,181,13575,7737,1357,678,9772,3803,28.01
2024-11-01,P0257,Oリング 中型,樹脂・ゴム部品,2021-07-19,76,175,13300,7580,1330,665,9575,3725,28.01
2024-12-01,P0257,Oリング 中型,樹脂・ゴム部品,2021-07-19,77,149,11473,6539,1147,573,8259,3214,28.01
2025-01-01,P0257,Oリング 中型,樹脂・ゴム部品,2021-07-19,77,155,11935,6802,1193,596,8591,3344,28.02
2025-02-01,P0257,Oリング 中型,樹脂・ゴム部品,2021-07-19,74,194,14356,8182,1435,717,10334,4022,28.02
2025-03-01,P0257,Oリング 中型,樹脂・ゴム部品,2021-07-19,75,189,14175,8079,1417,708,10204,3971,28.01
2025-04-01,P0257,Oリング 中型,樹脂・ゴム部品,2021-07-19,76,218,16568,9443,1656,828,11927,4641,28.01
2025-05-01,P0257,Oリング 中型,樹脂・ゴム部品,2021-07-19,75,185,13875,7908,1387,693,9988,3887,28.01
2025-06-01,P0257,Oリング 中型,樹脂・ゴム部品,2021-07-19,76,222,16872,9616,1687,843,12146,4726,28.01
2025-07-01,P0257,Oリング 中型,樹脂・ゴム部品,2021-07-19,75,186,13950,7950,1395,697,10042,3908,28.01
2025-08-01,P0257,Oリング 中型,樹脂・ゴム部品,2021-07-19,76,172,13072,7450,1307,653,9410,3662,28.01
2025-09-01,P0257,Oリング 中型,樹脂・ゴム部品,2021-07-19,77,191,14707,8382,1470,735,10587,4120,28.01
2025-10-01,P0257,Oリング 中型,樹脂・ゴム部品,2021-07-19,76,189,14364,9333,1436,718,11487,2877,20.03
2025-11-01,P0257,Oリング 中型,樹脂・ゴム部品,2021-07-19,76,183,13908,9036,1390,695,11121,2787,20.04
2025-12-01,P0257,Oリング 中型,樹脂・ゴム部品,2021-07-19,77,179,13783,8955,1378,689,11022,2761,20.03
2026-01-01,P0257,Oリング 中型,樹脂・ゴム部品,2021-07-19,76,172,13072,8493,1307,653,10453,2619,20.04
2026-02-01,P0257,Oリング 中型,樹脂・ゴム部品,2021-07-19,76,214,16264,10567,1626,813,13006,3258,20.03
2026-03-01,P0257,Oリング 中型,樹脂・ゴム部品,2021-07-19,76,173,13148,8542,1314,657,10513,2635,20.04
2024-04-01,P0258,Oリング 大型,樹脂・ゴム部品,2019-04-07,122,167,20374,12361,2037,1018,15416,4958,24.33
2024-05-01,P0258,Oリング 大型,樹脂・ゴム部品,2019-04-07,118,228,26904,16323,2690,1345,20358,6546,24.33
2024-06-01,P0258,Oリング 大型,樹脂・ゴム部品,2019-04-07,120,239,28680,17400,2868,1434,21702,6978,24.33
2024-07-01,P0258,Oリング 大型,樹脂・ゴム部品,2019-04-07,122,236,28792,17468,2879,1439,21786,7006,24.33
2024-08-01,P0258,Oリング 大型,樹脂・ゴム部品,2019-04-07,122,236,28792,17468,2879,1439,21786,7006,24.33
2024-09-01,P0258,Oリング 大型,樹脂・ゴム部品,2019-04-07,121,242,29282,17766,2928,1464,22158,7124,24.33
2024-10-01,P0258,Oリング 大型,樹脂・ゴム部品,2019-04-07,120,181,21720,13177,2172,1086,16435,5285,24.33
2024-11-01,P0258,Oリング 大型,樹脂・ゴム部品,2019-04-07,119,223,26537,16100,2653,1326,20079,6458,24.34
2024-12-01,P0258,Oリング 大型,樹脂・ゴム部品,2019-04-07,119,238,28322,17183,2832,1416,21431,6891,24.33
2025-01-01,P0258,Oリング 大型,樹脂・ゴム部品,2019-04-07,120,234,28080,17036,2808,1404,21248,6832,24.33
2025-02-01,P0258,Oリング 大型,樹脂・ゴム部品,2019-04-07,123,231,28413,17238,2841,1420,21499,6914,24.33
2025-03-01,P0258,Oリング 大型,樹脂・ゴム部品,2019-04-07,121,197,23837,14462,2383,1191,18036,5801,24.34
2025-04-01,P0258,Oリング 大型,樹脂・ゴム部品,2019-04-07,122,181,22082,13397,2208,1104,16709,5373,24.33
2025-05-01,P0258,Oリング 大型,樹脂・ゴム部品,2019-04-07,120,229,27480,16672,2748,1374,20794,6686,24.33
2025-06-01,P0258,Oリング 大型,樹脂・ゴム部品,2019-04-07,120,164,19680,11940,1968,984,14892,4788,24.33
2025-07-01,P0258,Oリング 大型,樹脂・ゴム部品,2019-04-07,122,176,21472,13027,2147,1073,16247,5225,24.33
2025-08-01,P0258,Oリング 大型,樹脂・ゴム部品,2019-04-07,123,184,22632,13731,2263,1131,17125,5507,24.33
2025-09-01,P0258,Oリング 大型,樹脂・ゴム部品,2019-04-07,122,241,29402,17838,2940,1470,22248,7154,24.33
2025-10-01,P0258,Oリング 大型,樹脂・ゴム部品,2019-04-07,119,211,25109,17366,2510,1255,21131,3978,15.84
2025-11-01,P0258,Oリング 大型,樹脂・ゴム部品,2019-04-07,121,228,27588,19081,2758,1379,23218,4370,15.84
2025-12-01,P0258,Oリング 大型,樹脂・ゴム部品,2019-04-07,120,242,29040,20085,2904,1452,24441,4599,15.84
2026-01-01,P0258,Oリング 大型,樹脂・ゴム部品,2019-04-07,123,167,20541,14207,2054,1027,17288,3253,15.84
2026-02-01,P0258,Oリング 大型,樹脂・ゴム部品,2019-04-07,119,231,27489,19013,2748,1374,23135,4354,15.84
2026-03-01,P0258,Oリング 大型,樹脂・ゴム部品,2019-04-07,118,221,26078,18037,2607,1303,21947,4131,15.84
2024-04-01,P0259,Oリング 業務用,樹脂・ゴム部品,2019-04-29,177,358,63366,41631,6336,3168,51135,12231,19.3
2024-05-01,P0259,Oリング 業務用,樹脂・ゴム部品,2019-04-29,176,340,59840,39315,5984,2992,48291,11549,19.3
2024-06-01,P0259,Oリング 業務用,樹脂・ゴム部品,2019-04-29,176,372,65472,43015,6547,3273,52835,12637,19.3
2024-07-01,P0259,Oリング 業務用,樹脂・ゴム部品,2019-04-29,178,373,66394,43621,6639,3319,53579,12815,19.3
2024-08-01,P0259,Oリング 業務用,樹脂・ゴム部品,2019-04-29,179,410,73390,48217,7339,3669,59225,14165,19.3
2024-09-01,P0259,Oリング 業務用,樹脂・ゴム部品,2019-04-29,174,339,58986,38754,5898,2949,47601,11385,19.3
2024-10-01,P0259,Oリング 業務用,樹脂・ゴム部品,2019-04-29,180,429,77220,50734,7722,3861,62317,14903,19.3
2024-11-01,P0259,Oリング 業務用,樹脂・ゴム部品,2019-04-29,181,451,81631,53632,8163,4081,65876,15755,19.3
2024-12-01,P0259,Oリング 業務用,樹脂・ゴム部品,2019-04-29,180,399,71820,47186,7182,3591,57959,13861,19.3
2025-01-01,P0259,Oリング 業務用,樹脂・ゴム部品,2019-04-29,180,371,66780,43874,6678,3339,53891,12889,19.3
2025-02-01,P0259,Oリング 業務用,樹脂・ゴム部品,2019-04-29,180,447,80460,52862,8046,4023,64931,15529,19.3
2025-03-01,P0259,Oリング 業務用,樹脂・ゴム部品,2019-04-29,177,366,64782,42562,6478,3239,52279,12503,19.3
2025-04-01,P0259,Oリング 業務用,樹脂・ゴム部品,2019-04-29,177,347,61419,40352,6141,3070,49563,11856,19.3
2025-05-01,P0259,Oリング 業務用,樹脂・ゴム部品,2019-04-29,179,427,76433,50216,7643,3821,61680,14753,19.3
2025-06-01,P0259,Oリング 業務用,樹脂・ゴム部品,2019-04-29,179,340,60860,39985,6086,3043,49114,11746,19.3
2025-07-01,P0259,Oリング 業務用,樹脂・ゴム部品,2019-04-29,178,360,64080,42100,6408,3204,51712,12368,19.3
2025-08-01,P0259,Oリング 業務用,樹脂・ゴム部品,2019-04-29,178,359,63902,41984,6390,3195,51569,12333,19.3
2025-09-01,P0259,Oリング 業務用,樹脂・ゴム部品,2019-04-29,179,413,73927,48570,7392,3696,59658,14269,19.3
2025-10-01,P0259,Oリング 業務用,樹脂・ゴム部品,2019-04-29,177,417,73809,55282,7380,3690,66352,7457,10.1
2025-11-01,P0259,Oリング 業務用,樹脂・ゴム部品,2019-04-29,176,407,71632,53651,7163,3581,64395,7237,10.1
2025-12-01,P0259,Oリング 業務用,樹脂・ゴム部品,2019-04-29,178,375,66750,49994,6675,3337,60006,6744,10.1
2026-01-01,P0259,Oリング 業務用,樹脂・ゴム部品,2019-04-29,180,407,73260,54870,7326,3663,65859,7401,10.1
2026-02-01,P0259,Oリング 業務用,樹脂・ゴム部品,2019-04-29,180,349,62820,47051,6282,3141,56474,6346,10.1
2026-03-01,P0259,Oリング 業務用,樹脂・ゴム部品,2019-04-29,178,350,62300,46661,6230,3115,56006,6294,10.1
2024-04-01,P0260,Oリング HD,樹脂・ゴム部品,2023-04-20,250,559,139750,86653,13975,6987,107615,32135,22.99
2024-05-01,P0260,Oリング HD,樹脂・ゴム部品,2023-04-20,244,578,141032,87448,14103,7051,108602,32430,22.99
2024-06-01,P0260,Oリング HD,樹脂・ゴム部品,2023-04-20,251,615,154365,95715,15436,7718,118869,35496,22.99
2024-07-01,P0260,Oリング HD,樹脂・ゴム部品,2023-04-20,242,499,120758,74877,12075,6037,92989,27769,23.0
2024-08-01,P0260,Oリング HD,樹脂・ゴム部品,2023-04-20,250,473,118250,73322,11825,5912,91059,27191,22.99
2024-09-01,P0260,Oリング HD,樹脂・ゴム部品,2023-04-20,250,606,151500,93939,15150,7575,116664,34836,22.99
2024-10-01,P0260,Oリング HD,樹脂・ゴム部品,2023-04-20,242,492,119064,73827,11906,5953,91686,27378,22.99
2024-11-01,P0260,Oリング HD,樹脂・ゴム部品,2023-04-20,245,517,126665,78540,12666,6333,97539,29126,22.99
2024-12-01,P0260,Oリング HD,樹脂・ゴム部品,2023-04-20,243,436,105948,65694,10594,5297,81585,24363,23.0
2025-01-01,P0260,Oリング HD,樹脂・ゴム部品,2023-04-20,244,442,107848,66872,10784,5392,83048,24800,23.0
2025-02-01,P0260,Oリング HD,樹脂・ゴム部品,2023-04-20,245,566,138670,85984,13867,6933,106784,31886,22.99
2025-03-01,P0260,Oリング HD,樹脂・ゴム部品,2023-04-20,247,501,123747,76730,12374,6187,95291,28456,23.0
2025-04-01,P0260,Oリング HD,樹脂・ゴム部品,2023-04-20,249,608,151392,93872,15139,7569,116580,34812,22.99
2025-05-01,P0260,Oリング HD,樹脂・ゴム部品,2023-04-20,249,544,135456,83991,13545,6772,104308,31148,22.99
2025-06-01,P0260,Oリング HD,樹脂・ゴム部品,2023-04-20,248,559,138632,85960,13863,6931,106754,31878,22.99
2025-07-01,P0260,Oリング HD,樹脂・ゴム部品,2023-04-20,247,513,126711,78568,12671,6335,97574,29137,22.99
2025-08-01,P0260,Oリング HD,樹脂・ゴム部品,2023-04-20,245,506,123970,76869,12397,6198,95464,28506,22.99
2025-09-01,P0260,Oリング HD,樹脂・ゴム部品,2023-04-20,245,466,114170,70792,11417,5708,87917,26253,22.99
2025-10-01,P0260,Oリング HD,樹脂・ゴム部品,2023-04-20,247,499,123253,87123,12325,6162,105610,17643,14.31
2025-11-01,P0260,Oリング HD,樹脂・ゴム部品,2023-04-20,243,514,124902,88289,12490,6245,107024,17878,14.31
2025-12-01,P0260,Oリング HD,樹脂・ゴム部品,2023-04-20,245,481,117845,83301,11784,5892,100977,16868,14.31
2026-01-01,P0260,Oリング HD,樹脂・ゴム部品,2023-04-20,245,556,136220,96289,13622,6811,116722,19498,14.31
2026-02-01,P0260,Oリング HD,樹脂・ゴム部品,2023-04-20,242,412,99704,70477,9970,4985,85432,14272,14.31
2026-03-01,P0260,Oリング HD,樹脂・ゴム部品,2023-04-20,243,513,124659,88117,12465,6232,106814,17845,14.32
2024-04-01,P0261,オイルシール 小型,樹脂・ゴム部品,2020-01-03,150,3576,536400,346468,53640,26820,426928,109472,20.41
2024-05-01,P0261,オイルシール 小型,樹脂・ゴム部品,2020-01-03,145,3689,534905,345502,53490,26745,425737,109168,20.41
2024-06-01,P0261,オイルシール 小型,樹脂・ゴム部品,2020-01-03,149,3307,492743,318269,49274,24637,392180,100563,20.41
2024-07-01,P0261,オイルシール 小型,樹脂・ゴム部品,2020-01-03,150,3140,471000,304225,47100,23550,374875,96125,20.41
2024-08-01,P0261,オイルシール 小型,樹脂・ゴム部品,2020-01-03,145,3513,509385,329018,50938,25469,405425,103960,20.41
2024-09-01,P0261,オイルシール 小型,樹脂・ゴム部品,2020-01-03,150,3114,467100,301706,46710,23355,371771,95329,20.41
2024-10-01,P0261,オイルシール 小型,樹脂・ゴム部品,2020-01-03,150,4155,623250,402565,62325,31162,496052,127198,20.41
2024-11-01,P0261,オイルシール 小型,樹脂・ゴム部品,2020-01-03,149,3223,480227,310185,48022,24011,382218,98009,20.41
2024-12-01,P0261,オイルシール 小型,樹脂・ゴム部品,2020-01-03,147,3087,453789,293108,45378,22689,361175,92614,20.41
2025-01-01,P0261,オイルシール 小型,樹脂・ゴム部品,2020-01-03,150,3747,562050,363035,56205,28102,447342,114708,20.41
2025-02-01,P0261,オイルシール 小型,樹脂・ゴム部品,2020-01-03,147,3388,498036,321688,49803,24901,396392,101644,20.41
2025-03-01,P0261,オイルシール 小型,樹脂・ゴム部品,2020-01-03,147,3084,453348,292823,45334,22667,360824,92524,20.41
2025-04-01,P0261,オイルシール 小型,樹脂・ゴム部品,2020-01-03,150,2866,429900,277678,42990,21495,342163,87737,20.41
2025-05-01,P0261,オイルシール 小型,樹脂・ゴム部品,2020-01-03,149,2810,418690,270437,41869,20934,333240,85450,20.41
2025-06-01,P0261,オイルシール 小型,樹脂・ゴム部品,2020-01-03,147,3158,464226,299849,46422,23211,369482,94744,20.41
2025-07-01,P0261,オイルシール 小型,樹脂・ゴム部品,2020-01-03,147,3169,465843,300894,46584,23292,370770,95073,20.41
2025-08-01,P0261,オイルシール 小型,樹脂・ゴム部品,2020-01-03,148,3538,523624,338215,52362,26181,416758,106866,20.41
2025-09-01,P0261,オイルシール 小型,樹脂・ゴム部品,2020-01-03,147,4084,600348,387772,60034,30017,477823,122525,20.41
2025-10-01,P0261,オイルシール 小型,樹脂・ゴム部品,2020-01-03,150,3590,538500,396519,53850,26925,477294,61206,11.37
2025-11-01,P0261,オイルシール 小型,樹脂・ゴム部品,2020-01-03,150,3181,477150,351345,47715,23857,422917,54233,11.37
2025-12-01,P0261,オイルシール 小型,樹脂・ゴム部品,2020-01-03,150,4108,616200,453733,61620,30810,546163,70037,11.37
2026-01-01,P0261,オイルシール 小型,樹脂・ゴム部品,2020-01-03,149,3570,531930,391682,53193,26596,471471,60459,11.37
2026-02-01,P0261,オイルシール 小型,樹脂・ゴム部品,2020-01-03,148,3446,510008,375540,51000,25500,452040,57968,11.37
2026-03-01,P0261,オイルシール 小型,樹脂・ゴム部品,2020-01-03,146,4132,603272,444214,60327,30163,534704,68568,11.37
2024-04-01,P0262,オイルシール 中型,樹脂・ゴム部品,2021-07-09,252,1243,313236,191201,31323,15661,238185,75051,23.96
2024-05-01,P0262,オイルシール 中型,樹脂・ゴム部品,2021-07-09,258,1311,338238,206463,33823,16911,257197,81041,23.96
2024-06-01,P0262,オイルシール 中型,樹脂・ゴム部品,2021-07-09,259,1274,329966,201414,32996,16498,250908,79058,23.96
2024-07-01,P0262,オイルシール 中型,樹脂・ゴム部品,2021-07-09,260,1174,305240,186321,30524,15262,232107,73133,23.96
2024-08-01,P0262,オイルシール 中型,樹脂・ゴム部品,2021-07-09,259,1314,340326,207737,34032,17016,258785,81541,23.96
2024-09-01,P0262,オイルシール 中型,樹脂・ゴム部品,2021-07-09,255,1128,287640,175577,28764,14382,218723,68917,23.96
2024-10-01,P0262,オイルシール 中型,樹脂・ゴム部品,2021-07-09,251,1443,362193,221085,36219,18109,275413,86780,23.96
2024-11-01,P0262,オイルシール 中型,樹脂・ゴム部品,2021-07-09,258,1193,307794,187880,30779,15389,234048,73746,23.96
2024-12-01,P0262,オイルシール 中型,樹脂・ゴム部品,2021-07-09,259,1361,352499,215168,35249,17624,268041,84458,23.96
2025-01-01,P0262,オイルシール 中型,樹脂・ゴム部品,2021-07-09,260,1359,353340,215681,35334,17667,268682,84658,23.96
2025-02-01,P0262,オイルシール 中型,樹脂・ゴム部品,2021-07-09,257,1239,318423,194368,31842,15921,242131,76292,23.96
2025-03-01,P0262,オイルシール 中型,樹脂・ゴム部品,2021-07-09,258,1413,364554,222526,36455,18227,277208,87346,23.96
2025-04-01,P0262,オイルシール 中型,樹脂・ゴム部品,2021-07-09,254,1043,264922,161710,26492,13246,201448,63474,23.96
2025-05-01,P0262,オイルシール 中型,樹脂・ゴム部品,2021-07-09,258,1266,326628,199376,32662,16331,248369,78259,23.96
2025-06-01,P0262,オイルシール 中型,樹脂・ゴム部品,2021-07-09,258,1262,325596,198746,32559,16279,247584,78012,23.96
2025-07-01,P0262,オイルシール 中型,樹脂・ゴム部品,2021-07-09,253,1408,356224,217442,35622,17811,270875,85349,23.96
2025-08-01,P0262,オイルシール 中型,樹脂・ゴム部品,2021-07-09,256,1298,332288,202831,33228,16614,252673,79615,23.96
2025-09-01,P0262,オイルシール 中型,樹脂・ゴム部品,2021-07-09,255,1105,281775,171997,28177,14088,214262,67513,23.96
2025-10-01,P0262,オイルシール 中型,樹脂・ゴム部品,2021-07-09,259,1264,327376,227809,32737,16368,276914,50462,15.41
2025-11-01,P0262,オイルシール 中型,樹脂・ゴム部品,2021-07-09,251,1221,306471,213262,30647,15323,259232,47239,15.41
2025-12-01,P0262,オイルシール 中型,樹脂・ゴム部品,2021-07-09,259,1234,319606,222402,31960,15980,270342,49264,15.41
2026-01-01,P0262,オイルシール 中型,樹脂・ゴム部品,2021-07-09,254,1276,324104,225532,32410,16205,274147,49957,15.41
2026-02-01,P0262,オイルシール 中型,樹脂・ゴム部品,2021-07-09,252,1449,365148,254093,36514,18257,308864,56284,15.41
2026-03-01,P0262,オイルシール 中型,樹脂・ゴム部品,2021-07-09,255,1154,294270,204772,29427,14713,248912,45358,15.41
2024-04-01,P0263,オイルシール 大型,樹脂・ゴム部品,2020-09-07,381,531,202311,131035,20231,10115,161381,40930,20.23
2024-05-01,P0263,オイルシール 大型,樹脂・ゴム部品,2020-09-07,391,523,204493,132448,20449,10224,163121,41372,20.23
2024-06-01,P0263,オイルシール 大型,樹脂・ゴム部品,2020-09-07,394,543,213942,138568,21394,10697,170659,43283,20.23
2024-07-01,P0263,オイルシール 大型,樹脂・ゴム部品,2020-09-07,383,521,199543,129242,19954,9977,159173,40370,20.23
2024-08-01,P0263,オイルシール 大型,樹脂・ゴム部品,2020-09-07,394,434,170996,110753,17099,8549,136401,34595,20.23
2024-09-01,P0263,オイルシール 大型,樹脂・ゴム部品,2020-09-07,388,487,188956,122385,18895,9447,150727,38229,20.23
2024-10-01,P0263,オイルシール 大型,樹脂・ゴム部品,2020-09-07,393,546,214578,138980,21457,10728,171165,43413,20.23
2024-11-01,P0263,オイルシール 大型,樹脂・ゴム部品,2020-09-07,393,511,200823,130071,20082,10041,160194,40629,20.23
2024-12-01,P0263,オイルシール 大型,樹脂・ゴム部品,2020-09-07,391,396,154836,100286,15483,7741,123510,31326,20.23
2025-01-01,P0263,オイルシール 大型,樹脂・ゴム部品,2020-09-07,381,556,211836,137204,21183,10591,168978,42858,20.23
2025-02-01,P0263,オイルシール 大型,樹脂・ゴム部品,2020-09-07,392,417,163464,105874,16346,8173,130393,33071,20.23
2025-03-01,P0263,オイルシール 大型,樹脂・ゴム部品,2020-09-07,381,472,179832,116476,17983,8991,143450,36382,20.23
2025-04-01,P0263,オイルシール 大型,樹脂・ゴム部品,2020-09-07,385,425,163625,105978,16362,8181,130521,33104,20.23
2025-05-01,P0263,オイルシール 大型,樹脂・ゴム部品,2020-09-07,393,435,170955,110726,17095,8547,136368,34587,20.23
2025-06-01,P0263,オイルシール 大型,樹脂・ゴム部品,2020-09-07,391,499,195109,126370,19510,9755,155635,39474,20.23
2025-07-01,P0263,オイルシール 大型,樹脂・ゴム部品,2020-09-07,386,377,145522,94253,14552,7276,116081,29441,20.23
2025-08-01,P0263,オイルシール 大型,樹脂・ゴム部品,2020-09-07,393,434,170562,110471,17056,8528,136055,34507,20.23
2025-09-01,P0263,オイルシール 大型,樹脂・ゴム部品,2020-09-07,386,554,213844,138505,21384,10692,170581,43263,20.23
2025-10-01,P0263,オイルシール 大型,樹脂・ゴム部品,2020-09-07,380,557,211660,156283,21166,10583,188032,23628,11.16
2025-11-01,P0263,オイルシール 大型,樹脂・ゴム部品,2020-09-07,392,436,170912,126196,17091,8545,151832,19080,11.16
2025-12-01,P0263,オイルシール 大型,樹脂・ゴム部品,2020-09-07,394,442,174148,128585,17414,8707,154706,19442,11.16
2026-01-01,P0263,オイルシール 大型,樹脂・ゴム部品,2020-09-07,392,416,163072,120407,16307,8153,144867,18205,11.16
2026-02-01,P0263,オイルシール 大型,樹脂・ゴム部品,2020-09-07,383,413,158179,116794,15817,7908,140519,17660,11.16
2026-03-01,P0263,オイルシール 大型,樹脂・ゴム部品,2020-09-07,394,458,180452,133240,18045,9022,160307,20145,11.16
2024-04-01,P0264,オイルシール 業務用,樹脂・ゴム部品,2019-11-18,521,10348,5391308,3542110,539130,269565,4350805,1040503,19.3
2024-05-01,P0264,オイルシール 業務用,樹脂・ゴム部品,2019-11-18,522,8076,4215672,2769713,421567,210783,3402063,813609,19.3
2024-06-01,P0264,オイルシール 業務用,樹脂・ゴム部品,2019-11-18,526,11073,5824398,3826652,582439,291219,4700310,1124088,19.3
2024-07-01,P0264,オイルシール 業務用,樹脂・ゴム部品,2019-11-18,534,9145,4883430,3208432,488343,244171,3940946,942484,19.3
2024-08-01,P0264,オイルシール 業務用,樹脂・ゴム部品,2019-11-18,530,10147,5377910,3533308,537791,268895,4339994,1037916,19.3
2024-09-01,P0264,オイルシール 業務用,樹脂・ゴム部品,2019-11-18,530,7871,4171630,2740777,417163,208581,3366521,805109,19.3
2024-10-01,P0264,オイルシール 業務用,樹脂・ゴム部品,2019-11-18,526,10756,5657656,3717102,565765,282882,4565749,1091907,19.3
2024-11-01,P0264,オイルシール 業務用,樹脂・ゴム部品,2019-11-18,521,10636,5541356,3640693,554135,277067,4471895,1069461,19.3
2024-12-01,P0264,オイルシール 業務用,樹脂・ゴム部品,2019-11-18,541,11420,6178220,4059115,617822,308911,4985848,1192372,19.3
2025-01-01,P0264,オイルシール 業務用,樹脂・ゴム部品,2019-11-18,531,7864,4175784,2743506,417578,208789,3369873,805911,19.3
2025-02-01,P0264,オイルシール 業務用,樹脂・ゴム部品,2019-11-18,539,9479,5109181,3356752,510918,255459,4123129,986052,19.3
2025-03-01,P0264,オイルシール 業務用,樹脂・ゴム部品,2019-11-18,534,9978,5328252,3500682,532825,266412,4299919,1028333,19.3
2025-04-01,P0264,オイルシール 業務用,樹脂・ゴム部品,2019-11-18,522,8649,4514778,2966227,451477,225738,3643442,871336,19.3
2025-05-01,P0264,オイルシール 業務用,樹脂・ゴム部品,2019-11-18,534,10573,5645982,3709432,564598,282299,4556329,1089653,19.3
2025-06-01,P0264,オイルシール 業務用,樹脂・ゴム部品,2019-11-18,539,11123,5995297,3938934,599529,299764,4838227,1157070,19.3
2025-07-01,P0264,オイルシール 業務用,樹脂・ゴム部品,2019-11-18,532,10332,5496624,3611303,549662,274831,4435796,1060828,19.3
2025-08-01,P0264,オイルシール 業務用,樹脂・ゴム部品,2019-11-18,538,11444,6156872,4045089,615687,307843,4968619,1188253,19.3
2025-09-01,P0264,オイルシール 業務用,樹脂・ゴム部品,2019-11-18,542,11320,6135440,4031008,613544,306772,4951324,1184116,19.3
2025-10-01,P0264,オイルシール 業務用,樹脂・ゴム部品,2019-11-18,536,9439,5059304,3789340,505930,252965,4548235,511069,10.1
2025-11-01,P0264,オイルシール 業務用,樹脂・ゴム部品,2019-11-18,525,10556,5541900,4150797,554190,277095,4982082,559818,10.1
2025-12-01,P0264,オイルシール 業務用,樹脂・ゴム部品,2019-11-18,530,10354,5487620,4110142,548762,274381,4933285,554335,10.1
2026-01-01,P0264,オイルシール 業務用,樹脂・ゴム部品,2019-11-18,525,9624,5052600,3784319,505260,252630,4542209,510391,10.1
2026-02-01,P0264,オイルシール 業務用,樹脂・ゴム部品,2019-11-18,536,10779,5777544,4327291,577754,288877,5193922,583622,10.1
2026-03-01,P0264,オイルシール 業務用,樹脂・ゴム部品,2019-11-18,524,9944,5210656,3902700,521065,260532,4684297,526359,10.1
2024-04-01,P0265,オイルシール HD,樹脂・ゴム部品,2019-12-02,717,794,569298,361481,56929,28464,446874,122424,21.5
2024-05-01,P0265,オイルシール HD,樹脂・ゴム部品,2019-12-02,733,897,657501,417486,65750,32875,516111,141390,21.5
2024-06-01,P0265,オイルシール HD,樹脂・ゴム部品,2019-12-02,724,914,661736,420176,66173,33086,519435,142301,21.5
2024-07-01,P0265,オイルシール HD,樹脂・ゴム部品,2019-12-02,719,1087,781553,496255,78155,39077,613487,168066,21.5
2024-08-01,P0265,オイルシール HD,樹脂・ゴム部品,2019-12-02,711,1091,775701,492539,77570,38785,608894,166807,21.5
2024-09-01,P0265,オイルシール HD,樹脂・ゴム部品,2019-12-02,710,894,634740,403034,63474,31737,498245,136495,21.5
2024-10-01,P0265,オイルシール HD,樹脂・ゴム部品,2019-12-02,735,969,712215,452228,71221,35610,559059,153156,21.5
2024-11-01,P0265,オイルシール HD,樹脂・ゴム部品,2019-12-02,725,1005,728625,462647,72862,36431,571940,156685,21.5
2024-12-01,P0265,オイルシール HD,樹脂・ゴム部品,2019-12-02,734,862,632708,401744,63270,31635,496649,136059,21.5
2025-01-01,P0265,オイルシール HD,樹脂・ゴム部品,2019-12-02,715,935,668525,424486,66852,33426,524764,143761,21.5
2025-02-01,P0265,オイルシール HD,樹脂・ゴム部品,2019-12-02,719,1130,812470,515886,81247,40623,637756,174714,21.5
2025-03-01,P0265,オイルシール HD,樹脂・ゴム部品,2019-12-02,708,897,635076,403247,63507,31753,498507,136569,21.5
2025-04-01,P0265,オイルシール HD,樹脂・ゴム部品,2019-12-02,730,824,601520,381941,60152,30076,472169,129351,21.5
2025-05-01,P0265,オイルシール HD,樹脂・ゴム部品,2019-12-02,735,939,690165,438227,69016,34508,541751,148414,21.5
2025-06-01,P0265,オイルシール HD,樹脂・ゴム部品,2019-12-02,725,788,571300,362752,57130,28565,448447,122853,21.5
2025-07-01,P0265,オイルシール HD,樹脂・ゴム部品,2019-12-02,725,1029,746025,473696,74602,37301,585599,160426,21.5
2025-08-01,P0265,オイルシール HD,樹脂・ゴム部品,2019-12-02,724,957,692868,439943,69286,34643,543872,148996,21.5
2025-09-01,P0265,オイルシール HD,樹脂・ゴム部品,2019-12-02,732,1017,744444,472692,74444,37222,584358,160086,21.5
2025-10-01,P0265,オイルシール HD,樹脂・ゴム部品,2019-12-02,720,884,636480,460718,63648,31824,556190,80290,12.61
2025-11-01,P0265,オイルシール HD,樹脂・ゴム部品,2019-12-02,716,997,713852,516725,71385,35692,623802,90050,12.61
2025-12-01,P0265,オイルシール HD,樹脂・ゴム部品,2019-12-02,735,824,605640,438395,60564,30282,529241,76399,12.61
2026-01-01,P0265,オイルシール HD,樹脂・ゴム部品,2019-12-02,714,830,592620,428970,59262,29631,517863,74757,12.61
2026-02-01,P0265,オイルシール HD,樹脂・ゴム部品,2019-12-02,709,990,701910,508080,70191,35095,613366,88544,12.61
2026-03-01,P0265,オイルシール HD,樹脂・ゴム部品,2019-12-02,709,769,545221,394660,54522,27261,476443,68778,12.61
2024-04-01,P0266,プラスチックギア 小型,樹脂・ゴム部品,2023-05-17,541,392,212072,140703,21207,10603,172513,39559,18.65
2024-05-01,P0266,プラスチックギア 小型,樹脂・ゴム部品,2023-05-17,532,378,201096,133421,20109,10054,163584,37512,18.65
2024-06-01,P0266,プラスチックギア 小型,樹脂・ゴム部品,2023-05-17,529,420,222180,147410,22218,11109,180737,41443,18.65
2024-07-01,P0266,プラスチックギア 小型,樹脂・ゴム部品,2023-05-17,531,393,208683,138455,20868,10434,169757,38926,18.65
2024-08-01,P0266,プラスチックギア 小型,樹脂・ゴム部品,2023-05-17,531,378,200718,133170,20071,10035,163276,37442,18.65
2024-09-01,P0266,プラスチックギア 小型,樹脂・ゴム部品,2023-05-17,542,325,176150,116870,17615,8807,143292,32858,18.65
2024-10-01,P0266,プラスチックギア 小型,樹脂・ゴム部品,2023-05-17,541,481,260221,172649,26022,13011,211682,48539,18.65
2024-11-01,P0266,プラスチックギア 小型,樹脂・ゴム部品,2023-05-17,539,324,174636,115866,17463,8731,142060,32576,18.65
2024-12-01,P0266,プラスチックギア 小型,樹脂・ゴム部品,2023-05-17,525,415,217875,144553,21787,10893,177233,40642,18.65
2025-01-01,P0266,プラスチックギア 小型,樹脂・ゴム部品,2023-05-17,539,474,255486,169507,25548,12774,207829,47657,18.65
2025-02-01,P0266,プラスチックギア 小型,樹脂・ゴム部品,2023-05-17,543,346,187878,124651,18787,9393,152831,35047,18.65
2025-03-01,P0266,プラスチックギア 小型,樹脂・ゴム部品,2023-05-17,533,343,182819,121295,18281,9140,148716,34103,18.65
2025-04-01,P0266,プラスチックギア 小型,樹脂・ゴム部品,2023-05-17,526,348,183048,121447,18304,9152,148903,34145,18.65
2025-05-01,P0266,プラスチックギア 小型,樹脂・ゴム部品,2023-05-17,535,479,256265,170024,25626,12813,208463,47802,18.65
2025-06-01,P0266,プラスチックギア 小型,樹脂・ゴム部品,2023-05-17,539,365,196735,130528,19673,9836,160037,36698,18.65
2025-07-01,P0266,プラスチックギア 小型,樹脂・ゴム部品,2023-05-17,542,464,251488,166855,25148,12574,204577,46911,18.65
2025-08-01,P0266,プラスチックギア 小型,樹脂・ゴム部品,2023-05-17,542,474,256908,170451,25690,12845,208986,47922,18.65
2025-09-01,P0266,プラスチックギア 小型,樹脂・ゴム部品,2023-05-17,530,426,225780,149798,22578,11289,183665,42115,18.65
2025-10-01,P0266,プラスチックギア 小型,樹脂・ゴム部品,2023-05-17,525,472,247800,187425,24780,12390,224595,23205,9.36
2025-11-01,P0266,プラスチックギア 小型,樹脂・ゴム部品,2023-05-17,532,350,186200,140833,18620,9310,168763,17437,9.36
2025-12-01,P0266,プラスチックギア 小型,樹脂・ゴム部品,2023-05-17,536,369,197784,149595,19778,9889,179262,18522,9.36
2026-01-01,P0266,プラスチックギア 小型,樹脂・ゴム部品,2023-05-17,533,469,249977,189072,24997,12498,226567,23410,9.36
2026-02-01,P0266,プラスチックギア 小型,樹脂・ゴム部品,2023-05-17,532,412,219184,165781,21918,10959,198658,20526,9.36
2026-03-01,P0266,プラスチックギア 小型,樹脂・ゴム部品,2023-05-17,525,437,229425,173527,22942,11471,207940,21485,9.36
2024-04-01,P0267,プラスチックギア 中型,樹脂・ゴム部品,2022-09-23,864,656,566784,333031,56678,28339,418048,148736,26.24
2024-05-01,P0267,プラスチックギア 中型,樹脂・ゴム部品,2022-09-23,857,598,512486,301126,51248,25624,377998,134488,26.24
2024-06-01,P0267,プラスチックギア 中型,樹脂・ゴム部品,2022-09-23,869,510,443190,260409,44319,22159,326887,116303,26.24
2024-07-01,P0267,プラスチックギア 中型,樹脂・ゴム部品,2022-09-23,861,601,517461,304050,51746,25873,381669,135792,26.24
2024-08-01,P0267,プラスチックギア 中型,樹脂・ゴム部品,2022-09-23,871,719,626249,367971,62624,31312,461907,164342,26.24
2024-09-01,P0267,プラスチックギア 中型,樹脂・ゴム部品,2022-09-23,868,551,478268,281021,47826,23913,352760,125508,26.24
2024-10-01,P0267,プラスチックギア 中型,樹脂・ゴム部品,2022-09-23,852,530,451560,265328,45156,22578,333062,118498,26.24
2024-11-01,P0267,プラスチックギア 中型,樹脂・ゴム部品,2022-09-23,850,674,572900,336625,57290,28645,422560,150340,26.24
2024-12-01,P0267,プラスチックギア 中型,樹脂・ゴム部品,2022-09-23,876,566,495816,291331,49581,24790,365702,130114,26.24
2025-01-01,P0267,プラスチックギア 中型,樹脂・ゴム部品,2022-09-23,877,680,596360,350409,59636,29818,439863,156497,26.24
2025-02-01,P0267,プラスチックギア 中型,樹脂・ゴム部品,2022-09-23,856,716,612896,360125,61289,30644,452058,160838,26.24
2025-03-01,P0267,プラスチックギア 中型,樹脂・ゴム部品,2022-09-23,858,654,561132,329710,56113,28056,413879,147253,26.24
2025-04-01,P0267,プラスチックギア 中型,樹脂・ゴム部品,2022-09-23,857,670,574190,337383,57419,28709,423511,150679,26.24
2025-05-01,P0267,プラスチックギア 中型,樹脂・ゴム部品,2022-09-23,848,497,421456,247639,42145,21072,310856,110600,26.24
2025-06-01,P0267,プラスチックギア 中型,樹脂・ゴム部品,2022-09-23,848,688,583424,342808,58342,29171,430321,153103,26.24
2025-07-01,P0267,プラスチックギア 中型,樹脂・ゴム部品,2022-09-23,875,646,565250,332130,56525,28262,416917,148333,26.24
2025-08-01,P0267,プラスチックギア 中型,樹脂・ゴム部品,2022-09-23,860,681,585660,344122,58566,29283,431971,153689,26.24
2025-09-01,P0267,プラスチックギア 中型,樹脂・ゴム部品,2022-09-23,877,549,481473,282904,48147,24073,355124,126349,26.24
2025-10-01,P0267,プラスチックギア 中型,樹脂・ゴム部品,2022-09-23,859,637,547183,366526,54718,27359,448603,98580,18.02
2025-11-01,P0267,プラスチックギア 中型,樹脂・ゴム部品,2022-09-23,853,731,623543,417675,62354,31177,511206,112337,18.02
2025-12-01,P0267,プラスチックギア 中型,樹脂・ゴム部品,2022-09-23,849,607,515343,345198,51534,25767,422499,92844,18.02
2026-01-01,P0267,プラスチックギア 中型,樹脂・ゴム部品,2022-09-23,859,528,453552,303808,45355,22677,371840,81712,18.02
2026-02-01,P0267,プラスチックギア 中型,樹脂・ゴム部品,2022-09-23,857,671,575047,385190,57504,28752,471446,103601,18.02
2026-03-01,P0267,プラスチックギア 中型,樹脂・ゴム部品,2022-09-23,873,668,583164,390627,58316,29158,478101,105063,18.02
2024-04-01,P0268,プラスチックギア 大型,樹脂・ゴム部品,2021-10-02,1419,440,624360,513454,62436,31218,607108,17252,2.76
2024-05-01,P0268,プラスチックギア 大型,樹脂・ゴム部品,2021-10-02,1415,462,653730,537607,65373,32686,635666,18064,2.76
2024-06-01,P0268,プラスチックギア 大型,樹脂・ゴム部品,2021-10-02,1415,511,723065,594626,72306,36153,703085,19980,2.76
2024-07-01,P0268,プラスチックギア 大型,樹脂・ゴム部品,2021-10-02,1412,477,673524,553885,67352,33676,654913,18611,2.76
2024-08-01,P0268,プラスチックギア 大型,樹脂・ゴム部品,2021-10-02,1385,458,634330,521653,63433,31716,616802,17528,2.76
2024-09-01,P0268,プラスチックギア 大型,樹脂・ゴム部品,2021-10-02,1394,563,784822,645413,78482,39241,763136,21686,2.76
2024-10-01,P0268,プラスチックギア 大型,樹脂・ゴム部品,2021-10-02,1414,582,822948,676767,82294,41147,800208,22740,2.76
2024-11-01,P0268,プラスチックギア 大型,樹脂・ゴム部品,2021-10-02,1416,565,800040,657928,80004,40002,777934,22106,2.76
2024-12-01,P0268,プラスチックギア 大型,樹脂・ゴム部品,2021-10-02,1427,602,859054,706459,85905,42952,835316,23738,2.76
2025-01-01,P0268,プラスチックギア 大型,樹脂・ゴム部品,2021-10-02,1408,448,630784,518737,63078,31539,613354,17430,2.76
2025-02-01,P0268,プラスチックギア 大型,樹脂・ゴム部品,2021-10-02,1388,592,821696,675737,82169,41084,798990,22706,2.76
2025-03-01,P0268,プラスチックギア 大型,樹脂・ゴム部品,2021-10-02,1390,487,676930,556686,67693,33846,658225,18705,2.76
2025-04-01,P0268,プラスチックギア 大型,樹脂・ゴム部品,2021-10-02,1396,554,773384,636007,77338,38669,752014,21370,2.76
2025-05-01,P0268,プラスチックギア 大型,樹脂・ゴム部品,2021-10-02,1410,574,809340,665576,80934,40467,786977,22363,2.76
2025-06-01,P0268,プラスチックギア 大型,樹脂・ゴム部品,2021-10-02,1390,572,795080,653849,79508,39754,773111,21969,2.76
2025-07-01,P0268,プラスチックギア 大型,樹脂・ゴム部品,2021-10-02,1413,596,842148,692556,84214,42107,818877,23271,2.76
2025-08-01,P0268,プラスチックギア 大型,樹脂・ゴム部品,2021-10-02,1387,459,636633,523547,63663,31831,619041,17592,2.76
2025-09-01,P0268,プラスチックギア 大型,樹脂・ゴム部品,2021-10-02,1428,495,706860,581299,70686,35343,687328,19532,2.76
2025-10-01,P0268,プラスチックギア 大型,樹脂・ゴム部品,2021-10-02,1377,501,689877,646760,68987,34493,750240,-60363,-8.75
2025-11-01,P0268,プラスチックギア 大型,樹脂・ゴム部品,2021-10-02,1377,461,634797,595122,63479,31739,690340,-55543,-8.75
2025-12-01,P0268,プラスチックギア 大型,樹脂・ゴム部品,2021-10-02,1420,517,734140,688256,73414,36707,798377,-64237,-8.75
2026-01-01,P0268,プラスチックギア 大型,樹脂・ゴム部品,2021-10-02,1423,528,751344,704385,75134,37567,817086,-65742,-8.75
2026-02-01,P0268,プラスチックギア 大型,樹脂・ゴム部品,2021-10-02,1402,441,618282,579639,61828,30914,672381,-54099,-8.75
2026-03-01,P0268,プラスチックギア 大型,樹脂・ゴム部品,2021-10-02,1413,600,847800,794813,84780,42390,921983,-74183,-8.75
2024-04-01,P0269,プラスチックギア 業務用,樹脂・ゴム部品,2020-04-16,1888,1196,2258048,1384646,225804,112902,1723352,534696,23.68
2024-05-01,P0269,プラスチックギア 業務用,樹脂・ゴム部品,2020-04-16,1862,1409,2623558,1608778,262355,131177,2002310,621248,23.68
2024-06-01,P0269,プラスチックギア 業務用,樹脂・ゴム部品,2020-04-16,1873,1482,2775786,1702125,277578,138789,2118492,657294,23.68
2024-07-01,P0269,プラスチックギア 業務用,樹脂・ゴム部品,2020-04-16,1908,1101,2100708,1288164,210070,105035,1603269,497439,23.68
2024-08-01,P0269,プラスチックギア 業務用,樹脂・ゴム部品,2020-04-16,1916,1423,2726468,1671883,272646,136323,2080852,645616,23.68
2024-09-01,P0269,プラスチックギア 業務用,樹脂・ゴム部品,2020-04-16,1871,1522,2847662,1746200,284766,142383,2173349,674313,23.68
2024-10-01,P0269,プラスチックギア 業務用,樹脂・ゴム部品,2020-04-16,1925,1390,2675750,1640783,267575,133787,2042145,633605,23.68
2024-11-01,P0269,プラスチックギア 業務用,樹脂・ゴム部品,2020-04-16,1885,1181,2226185,1365107,222618,111309,1699034,527151,23.68
2024-12-01,P0269,プラスチックギア 業務用,樹脂・ゴム部品,2020-04-16,1858,1531,2844598,1744321,284459,142229,2171009,673589,23.68
2025-01-01,P0269,プラスチックギア 業務用,樹脂・ゴム部品,2020-04-16,1887,1541,2907867,1783118,290786,145393,2219297,688570,23.68
2025-02-01,P0269,プラスチックギア 業務用,樹脂・ゴム部品,2020-04-16,1897,1522,2887234,1770466,288723,144361,2203550,683684,23.68
2025-03-01,P0269,プラスチックギア 業務用,樹脂・ゴム部品,2020-04-16,1908,1406,2682648,1645013,268264,134132,2047409,635239,23.68
2025-04-01,P0269,プラスチックギア 業務用,樹脂・ゴム部品,2020-04-16,1897,1088,2063936,1265615,206393,103196,1575204,488732,23.68
2025-05-01,P0269,プラスチックギア 業務用,樹脂・ゴム部品,2020-04-16,1922,1539,2957958,1813834,295795,147897,2257526,700432,23.68
2025-06-01,P0269,プラスチックギア 業務用,樹脂・ゴム部品,2020-04-16,1899,1562,2966238,1818911,296623,148311,2263845,702393,23.68
2025-07-01,P0269,プラスチックギア 業務用,樹脂・ゴム部品,2020-04-16,1891,1386,2620926,1607164,262092,131046,2000302,620624,23.68
2025-08-01,P0269,プラスチックギア 業務用,樹脂・ゴム部品,2020-04-16,1896,1372,2601312,1595137,260131,130065,1985333,615979,23.68
2025-09-01,P0269,プラスチックギア 業務用,樹脂・ゴム部品,2020-04-16,1856,1075,1995200,1223466,199520,99760,1522746,472454,23.68
2025-10-01,P0269,プラスチックギア 業務用,樹脂・ゴム部品,2020-04-16,1873,1378,2580994,1804253,258099,129049,2191401,389593,15.09
2025-11-01,P0269,プラスチックギア 業務用,樹脂・ゴム部品,2020-04-16,1864,1211,2257304,1577976,225730,112865,1916571,340733,15.09
2025-12-01,P0269,プラスチックギア 業務用,樹脂・ゴム部品,2020-04-16,1923,1474,2834502,1981469,283450,141725,2406644,427858,15.09
2026-01-01,P0269,プラスチックギア 業務用,樹脂・ゴム部品,2020-04-16,1921,1383,2656743,1857205,265674,132837,2255716,401027,15.09
2026-02-01,P0269,プラスチックギア 業務用,樹脂・ゴム部品,2020-04-16,1866,1518,2832588,1980131,283258,141629,2405018,427570,15.09
2026-03-01,P0269,プラスチックギア 業務用,樹脂・ゴム部品,2020-04-16,1866,1133,2114178,1477923,211417,105708,1795048,319130,15.09
2024-04-01,P0270,プラスチックギア HD,樹脂・ゴム部品,2022-10-15,2610,382,997020,621102,99702,49851,770655,226365,22.7
2024-05-01,P0270,プラスチックギア HD,樹脂・ゴム部品,2022-10-15,2644,431,1139564,709901,113956,56978,880835,258729,22.7
2024-06-01,P0270,プラスチックギア HD,樹脂・ゴム部品,2022-10-15,2684,349,936716,583535,93671,46835,724041,212675,22.7
2024-07-01,P0270,プラスチックギア HD,樹脂・ゴム部品,2022-10-15,2662,437,1163294,724684,116329,58164,899177,264117,22.7
2024-08-01,P0270,プラスチックギア HD,樹脂・ゴム部品,2022-10-15,2683,413,1108079,690287,110807,55403,856497,251582,22.7
2024-09-01,P0270,プラスチックギア HD,樹脂・ゴム部品,2022-10-15,2673,385,1029105,641090,102910,51455,795455,233650,22.7
2024-10-01,P0270,プラスチックギア HD,樹脂・ゴム部品,2022-10-15,2638,305,804590,501226,80459,40229,621914,182676,22.7
2024-11-01,P0270,プラスチックギア HD,樹脂・ゴム部品,2022-10-15,2584,370,956080,595598,95608,47804,739010,217070,22.7
2024-12-01,P0270,プラスチックギア HD,樹脂・ゴム部品,2022-10-15,2582,309,797838,497020,79783,39891,616694,181144,22.7
2025-01-01,P0270,プラスチックギア HD,樹脂・ゴム部品,2022-10-15,2585,339,876315,545908,87631,43815,677354,198961,22.7
2025-02-01,P0270,プラスチックギア HD,樹脂・ゴム部品,2022-10-15,2665,358,954070,594346,95407,47703,737456,216614,22.7
2025-03-01,P0270,プラスチックギア HD,樹脂・ゴム部品,2022-10-15,2651,387,1025937,639116,102593,51296,793005,232932,22.7
2025-04-01,P0270,プラスチックギア HD,樹脂・ゴム部品,2022-10-15,2668,300,800400,498616,80040,40020,618676,181724,22.7
2025-05-01,P0270,プラスチックギア HD,樹脂・ゴム部品,2022-10-15,2612,317,828004,515812,82800,41400,640012,187992,22.7
2025-06-01,P0270,プラスチックギア HD,樹脂・ゴム部品,2022-10-15,2678,372,996216,620601,99621,49810,770032,226184,22.7
2025-07-01,P0270,プラスチックギア HD,樹脂・ゴム部品,2022-10-15,2662,444,1181928,736292,118192,59096,913580,268348,22.7
2025-08-01,P0270,プラスチックギア HD,樹脂・ゴム部品,2022-10-15,2635,404,1064540,663164,106454,53227,822845,241695,22.7
2025-09-01,P0270,プラスチックギア HD,樹脂・ゴム部品,2022-10-15,2595,394,1022430,636931,102243,51121,790295,232135,22.7
2025-10-01,P0270,プラスチックギア HD,樹脂・ゴム部品,2022-10-15,2684,336,901824,640451,90182,45091,775724,126100,13.98
2025-11-01,P0270,プラスチックギア HD,樹脂・ゴム部品,2022-10-15,2614,441,1152774,818669,115277,57638,991584,161190,13.98
2025-12-01,P0270,プラスチックギア HD,樹脂・ゴム部品,2022-10-15,2604,331,861924,612115,86192,43096,741403,120521,13.98
2026-01-01,P0270,プラスチックギア HD,樹脂・ゴム部品,2022-10-15,2603,368,957904,680277,95790,47895,823962,133942,13.98
2026-02-01,P0270,プラスチックギア HD,樹脂・ゴム部品,2022-10-15,2588,392,1014496,720467,101449,50724,872640,141856,13.98
2026-03-01,P0270,プラスチックギア HD,樹脂・ゴム部品,2022-10-15,2609,311,811399,576233,81139,40569,697941,113458,13.98
2024-04-01,P0271,絶縁カバー 小型,樹脂・ゴム部品,2023-03-21,251,2270,569770,336687,56977,28488,422152,147618,25.91
2024-05-01,P0271,絶縁カバー 小型,樹脂・ゴム部品,2023-03-21,254,2596,659384,389641,65938,32969,488548,170836,25.91
2024-06-01,P0271,絶縁カバー 小型,樹脂・ゴム部品,2023-03-21,254,2255,572770,338459,57277,28638,424374,148396,25.91
2024-07-01,P0271,絶縁カバー 小型,樹脂・ゴム部品,2023-03-21,253,2234,565202,333987,56520,28260,418767,146435,25.91
2024-08-01,P0271,絶縁カバー 小型,樹脂・ゴム部品,2023-03-21,256,2395,613120,362303,61312,30656,454271,158849,25.91
2024-09-01,P0271,絶縁カバー 小型,樹脂・ゴム部品,2023-03-21,254,2914,740156,437371,74015,37007,548393,191763,25.91
2024-10-01,P0271,絶縁カバー 小型,樹脂・ゴム部品,2023-03-21,248,2849,706552,417513,70655,35327,523495,183057,25.91
2024-11-01,P0271,絶縁カバー 小型,樹脂・ゴム部品,2023-03-21,248,2594,643312,380144,64331,32165,476640,166672,25.91
2024-12-01,P0271,絶縁カバー 小型,樹脂・ゴム部品,2023-03-21,252,2225,560700,331327,56070,28035,415432,145268,25.91
2025-01-01,P0271,絶縁カバー 小型,樹脂・ゴム部品,2023-03-21,254,2680,680720,402249,68072,34036,504357,176363,25.91
2025-02-01,P0271,絶縁カバー 小型,樹脂・ゴム部品,2023-03-21,252,2804,706608,417546,70660,35330,523536,183072,25.91
2025-03-01,P0271,絶縁カバー 小型,樹脂・ゴム部品,2023-03-21,255,2860,729300,430956,72930,36465,540351,188949,25.91
2025-04-01,P0271,絶縁カバー 小型,樹脂・ゴム部品,2023-03-21,249,2784,693216,409633,69321,34660,513614,179602,25.91
2025-05-01,P0271,絶縁カバー 小型,樹脂・ゴム部品,2023-03-21,254,2474,628396,371330,62839,31419,465588,162808,25.91
2025-06-01,P0271,絶縁カバー 小型,樹脂・ゴム部品,2023-03-21,247,2908,718276,424441,71827,35913,532181,186095,25.91
2025-07-01,P0271,絶縁カバー 小型,樹脂・ゴム部品,2023-03-21,250,2274,568500,335936,56850,28425,421211,147289,25.91
2025-08-01,P0271,絶縁カバー 小型,樹脂・ゴム部品,2023-03-21,255,2236,570180,336929,57018,28509,422456,147724,25.91
2025-09-01,P0271,絶縁カバー 小型,樹脂・ゴム部品,2023-03-21,250,1998,499500,295163,49950,24975,370088,129412,25.91
2025-10-01,P0271,絶縁カバー 小型,樹脂・ゴム部品,2023-03-21,251,2650,665150,448075,66515,33257,547847,117303,17.64
2025-11-01,P0271,絶縁カバー 小型,樹脂・ゴム部品,2023-03-21,253,2095,530035,357055,53003,26501,436559,93476,17.64
2025-12-01,P0271,絶縁カバー 小型,樹脂・ゴム部品,2023-03-21,256,2465,631040,425097,63104,31552,519753,111287,17.64
2026-01-01,P0271,絶縁カバー 小型,樹脂・ゴム部品,2023-03-21,256,2686,687616,463209,68761,34380,566350,121266,17.64
2026-02-01,P0271,絶縁カバー 小型,樹脂・ゴム部品,2023-03-21,254,2137,542798,365653,54279,27139,447071,95727,17.64
2026-03-01,P0271,絶縁カバー 小型,樹脂・ゴム部品,2023-03-21,254,2494,633476,426738,63347,31673,521758,111718,17.64
2024-04-01,P0272,絶縁カバー 中型,樹脂・ゴム部品,2019-05-01,391,1476,577116,333339,57711,28855,419905,157211,27.24
2024-05-01,P0272,絶縁カバー 中型,樹脂・ゴム部品,2019-05-01,404,1894,765176,441962,76517,38258,556737,208439,27.24
2024-06-01,P0272,絶縁カバー 中型,樹脂・ゴム部品,2019-05-01,401,1443,578643,334221,57864,28932,421017,157626,27.24
2024-07-01,P0272,絶縁カバー 中型,樹脂・ゴム部品,2019-05-01,399,1827,728973,421051,72897,36448,530396,198577,27.24
2024-08-01,P0272,絶縁カバー 中型,樹脂・ゴム部品,2019-05-01,405,1546,626130,361650,62613,31306,455569,170561,27.24
2024-09-01,P0272,絶縁カバー 中型,樹脂・ゴム部品,2019-05-01,402,1763,708726,409357,70872,35436,515665,193061,27.24
2024-10-01,P0272,絶縁カバー 中型,樹脂・ゴム部品,2019-05-01,402,1770,711540,410982,71154,35577,517713,193827,27.24
2024-11-01,P0272,絶縁カバー 中型,樹脂・ゴム部品,2019-05-01,405,1431,579555,334748,57955,28977,421680,157875,27.24
2024-12-01,P0272,絶縁カバー 中型,樹脂・ゴム部品,2019-05-01,404,1525,616100,355856,61610,30805,448271,167829,27.24
2025-01-01,P0272,絶縁カバー 中型,樹脂・ゴム部品,2019-05-01,401,1931,774331,447250,77433,38716,563399,210932,27.24
2025-02-01,P0272,絶縁カバー 中型,樹脂・ゴム部品,2019-05-01,392,1734,679728,392608,67972,33986,494566,185162,27.24
2025-03-01,P0272,絶縁カバー 中型,樹脂・ゴム部品,2019-05-01,400,1626,650400,375668,65040,32520,473228,177172,27.24
2025-04-01,P0272,絶縁カバー 中型,樹脂・ゴム部品,2019-05-01,392,1389,544488,314494,54448,27224,396166,148322,27.24
2025-05-01,P0272,絶縁カバー 中型,樹脂・ゴム部品,2019-05-01,396,1998,791208,456998,79120,39560,575678,215530,27.24
2025-06-01,P0272,絶縁カバー 中型,樹脂・ゴム部品,2019-05-01,395,1568,619360,357739,61936,30968,450643,168717,27.24
2025-07-01,P0272,絶縁カバー 中型,樹脂・ゴム部品,2019-05-01,398,1766,702868,405973,70286,35143,511402,191466,27.24
2025-08-01,P0272,絶縁カバー 中型,樹脂・ゴム部品,2019-05-01,399,1862,742938,429118,74293,37146,540557,202381,27.24
2025-09-01,P0272,絶縁カバー 中型,樹脂・ゴム部品,2019-05-01,398,1345,535310,309192,53531,26765,389488,145822,27.24
2025-10-01,P0272,絶縁カバー 中型,樹脂・ゴム部品,2019-05-01,404,1371,553884,364710,55388,27694,447792,106092,19.15
2025-11-01,P0272,絶縁カバー 中型,樹脂・ゴム部品,2019-05-01,394,1410,555540,365800,55554,27777,449131,106409,19.15
2025-12-01,P0272,絶縁カバー 中型,樹脂・ゴム部品,2019-05-01,394,1642,646948,425989,64694,32347,523030,123918,19.15
2026-01-01,P0272,絶縁カバー 中型,樹脂・ゴム部品,2019-05-01,398,1695,674610,444203,67461,33730,545394,129216,19.15
2026-02-01,P0272,絶縁カバー 中型,樹脂・ゴム部品,2019-05-01,392,1970,772240,508488,77224,38612,624324,147916,19.15
2026-03-01,P0272,絶縁カバー 中型,樹脂・ゴム部品,2019-05-01,402,1720,691440,455285,69144,34572,559001,132439,19.15
2024-04-01,P0273,絶縁カバー 大型,樹脂・ゴム部品,2023-03-14,658,863,567854,378039,56785,28392,463216,104638,18.43
2024-05-01,P0273,絶縁カバー 大型,樹脂・ゴム部品,2023-03-14,660,913,602580,401158,60258,30129,491545,111035,18.43
2024-06-01,P0273,絶縁カバー 大型,樹脂・ゴム部品,2023-03-14,646,891,575586,383187,57558,28779,469524,106062,18.43
2024-07-01,P0273,絶縁カバー 大型,樹脂・ゴム部品,2023-03-14,641,956,612796,407959,61279,30639,499877,112919,18.43
2024-08-01,P0273,絶縁カバー 大型,樹脂・ゴム部品,2023-03-14,655,846,554130,368903,55413,27706,452022,102108,18.43
2024-09-01,P0273,絶縁カバー 大型,樹脂・ゴム部品,2023-03-14,659,941,620119,412834,62011,31005,505850,114269,18.43
2024-10-01,P0273,絶縁カバー 大型,樹脂・ゴム部品,2023-03-14,654,683,446682,297371,44668,22334,364373,82309,18.43
2024-11-01,P0273,絶縁カバー 大型,樹脂・ゴム部品,2023-03-14,656,722,473632,315313,47363,23681,386357,87275,18.43
2024-12-01,P0273,絶縁カバー 大型,樹脂・ゴム部品,2023-03-14,640,884,565760,376645,56576,28288,461509,104251,18.43
2025-01-01,P0273,絶縁カバー 大型,樹脂・ゴム部品,2023-03-14,648,928,601344,400335,60134,30067,490536,110808,18.43
2025-02-01,P0273,絶縁カバー 大型,樹脂・ゴム部品,2023-03-14,661,833,550613,366561,55061,27530,449152,101461,18.43
2025-03-01,P0273,絶縁カバー 大型,樹脂・ゴム部品,2023-03-14,651,870,566370,377051,56637,28318,462006,104364,18.43
2025-04-01,P0273,絶縁カバー 大型,樹脂・ゴム部品,2023-03-14,641,660,423060,281645,42306,21153,345104,77956,18.43
2025-05-01,P0273,絶縁カバー 大型,樹脂・ゴム部品,2023-03-14,644,663,426972,284249,42697,21348,348294,78678,18.43
2025-06-01,P0273,絶縁カバー 大型,樹脂・ゴム部品,2023-03-14,649,768,498432,331823,49843,24921,406587,91845,18.43
2025-07-01,P0273,絶縁カバー 大型,樹脂・ゴム部品,2023-03-14,640,881,563840,375367,56384,28192,459943,103897,18.43
2025-08-01,P0273,絶縁カバー 大型,樹脂・ゴム部品,2023-03-14,659,852,561468,373788,56146,28073,458007,103461,18.43
2025-09-01,P0273,絶縁カバー 大型,樹脂・ゴム部品,2023-03-14,653,715,466895,310828,46689,23344,380861,86034,18.43
2025-10-01,P0273,絶縁カバー 大型,樹脂・ゴム部品,2023-03-14,649,670,434830,330008,43483,21741,395232,39598,9.11
2025-11-01,P0273,絶縁カバー 大型,樹脂・ゴム部品,2023-03-14,636,898,571128,433450,57112,28556,519118,52010,9.11
2025-12-01,P0273,絶縁カバー 大型,樹脂・ゴム部品,2023-03-14,658,764,502712,381526,50271,25135,456932,45780,9.11
2026-01-01,P0273,絶縁カバー 大型,樹脂・ゴム部品,2023-03-14,654,729,476766,361835,47676,23838,433349,43417,9.11
2026-02-01,P0273,絶縁カバー 大型,樹脂・ゴム部品,2023-03-14,640,855,547200,415290,54720,27360,497370,49830,9.11
2026-03-01,P0273,絶縁カバー 大型,樹脂・ゴム部品,2023-03-14,649,898,582802,442310,58280,29140,529730,53072,9.11
2024-04-01,P0274,絶縁カバー 業務用,樹脂・ゴム部品,2023-09-04,882,460,405720,234495,40572,20286,295353,110367,27.2
2024-05-01,P0274,絶縁カバー 業務用,樹脂・ゴム部品,2023-09-04,873,428,373644,215956,37364,18682,272002,101642,27.2
2024-06-01,P0274,絶縁カバー 業務用,樹脂・ゴム部品,2023-09-04,891,333,296703,171486,29670,14835,215991,80712,27.2
2024-07-01,P0274,絶縁カバー 業務用,樹脂・ゴム部品,2023-09-04,875,417,364875,210887,36487,18243,265617,99258,27.2
2024-08-01,P0274,絶縁カバー 業務用,樹脂・ゴム部品,2023-09-04,883,428,377924,218429,37792,18896,275117,102807,27.2
2024-09-01,P0274,絶縁カバー 業務用,樹脂・ゴム部品,2023-09-04,893,366,326838,188903,32683,16341,237927,88911,27.2
2024-10-01,P0274,絶縁カバー 業務用,樹脂・ゴム部品,2023-09-04,883,408,360264,208222,36026,18013,262261,98003,27.2
2024-11-01,P0274,絶縁カバー 業務用,樹脂・ゴム部品,2023-09-04,884,432,381888,220721,38188,19094,278003,103885,27.2
2024-12-01,P0274,絶縁カバー 業務用,樹脂・ゴム部品,2023-09-04,894,458,409452,236652,40945,20472,298069,111383,27.2
2025-01-01,P0274,絶縁カバー 業務用,樹脂・ゴム部品,2023-09-04,881,367,323327,186874,32332,16166,235372,87955,27.2
2025-02-01,P0274,絶縁カバー 業務用,樹脂・ゴム部品,2023-09-04,896,461,413056,238735,41305,20652,300692,112364,27.2
2025-03-01,P0274,絶縁カバー 業務用,樹脂・ゴム部品,2023-09-04,875,341,298375,172452,29837,14918,217207,81168,27.2
2025-04-01,P0274,絶縁カバー 業務用,樹脂・ゴム部品,2023-09-04,896,368,329728,190573,32972,16486,240031,89697,27.2
2025-05-01,P0274,絶縁カバー 業務用,樹脂・ゴム部品,2023-09-04,893,456,407208,235355,40720,20360,296435,110773,27.2
2025-06-01,P0274,絶縁カバー 業務用,樹脂・ゴム部品,2023-09-04,896,355,318080,183841,31808,15904,231553,86527,27.2
2025-07-01,P0274,絶縁カバー 業務用,樹脂・ゴム部品,2023-09-04,880,317,278960,161231,27896,13948,203075,75885,27.2
2025-08-01,P0274,絶縁カバー 業務用,樹脂・ゴム部品,2023-09-04,884,370,327080,189043,32708,16354,238105,88975,27.2
2025-09-01,P0274,絶縁カバー 業務用,樹脂・ゴム部品,2023-09-04,873,399,348327,201323,34832,17416,253571,94756,27.2
2025-10-01,P0274,絶縁カバー 業務用,樹脂・ゴム部品,2023-09-04,893,343,306299,201817,30629,15314,247760,58539,19.11
2025-11-01,P0274,絶縁カバー 業務用,樹脂・ゴム部品,2023-09-04,882,323,284886,187708,28488,14244,230440,54446,19.11
2025-12-01,P0274,絶縁カバー 業務用,樹脂・ゴム部品,2023-09-04,876,341,298716,196820,29871,14935,241626,57090,19.11
2026-01-01,P0274,絶縁カバー 業務用,樹脂・ゴム部品,2023-09-04,890,355,315950,208176,31595,15797,255568,60382,19.11
2026-02-01,P0274,絶縁カバー 業務用,樹脂・ゴム部品,2023-09-04,875,383,335125,220810,33512,16756,271078,64047,19.11
2026-03-01,P0274,絶縁カバー 業務用,樹脂・ゴム部品,2023-09-04,868,441,382788,252214,38278,19139,309631,73157,19.11
2024-04-01,P0275,絶縁カバー HD,樹脂・ゴム部品,2019-07-10,1303,1086,1415058,1072376,141505,70752,1284633,130425,9.22
2024-05-01,P0275,絶縁カバー HD,樹脂・ゴム部品,2019-07-10,1284,969,1244196,942891,124419,62209,1129519,114677,9.22
2024-06-01,P0275,絶縁カバー HD,樹脂・ゴム部品,2019-07-10,1285,1267,1628095,1233822,162809,81404,1478035,150060,9.22
2024-07-01,P0275,絶縁カバー HD,樹脂・ゴム部品,2019-07-10,1262,1360,1716320,1300682,171632,85816,1558130,158190,9.22
2024-08-01,P0275,絶縁カバー HD,樹脂・ゴム部品,2019-07-10,1300,1167,1517100,1149706,151710,75855,1377271,139829,9.22
2024-09-01,P0275,絶縁カバー HD,樹脂・ゴム部品,2019-07-10,1281,1395,1786995,1354241,178699,89349,1622289,164706,9.22
2024-10-01,P0275,絶縁カバー HD,樹脂・ゴム部品,2019-07-10,1295,1235,1599325,1212019,159932,79966,1451917,147408,9.22
2024-11-01,P0275,絶縁カバー HD,樹脂・ゴム部品,2019-07-10,1301,1343,1747243,1324116,174724,87362,1586202,161041,9.22
2024-12-01,P0275,絶縁カバー HD,樹脂・ゴム部品,2019-07-10,1277,1374,1754598,1329690,175459,87729,1592878,161720,9.22
2025-01-01,P0275,絶縁カバー HD,樹脂・ゴム部品,2019-07-10,1281,1280,1639680,1242601,163968,81984,1488553,151127,9.22
2025-02-01,P0275,絶縁カバー HD,樹脂・ゴム部品,2019-07-10,1298,1023,1327854,1006290,132785,66392,1205467,122387,9.22
2025-03-01,P0275,絶縁カバー HD,樹脂・ゴム部品,2019-07-10,1259,1257,1582563,1199316,158256,79128,1436700,145863,9.22
2025-04-01,P0275,絶縁カバー HD,樹脂・ゴム部品,2019-07-10,1270,1293,1642110,1244443,164211,82105,1490759,151351,9.22
2025-05-01,P0275,絶縁カバー HD,樹脂・ゴム部品,2019-07-10,1287,999,1285713,974354,128571,64285,1167210,118503,9.22
2025-06-01,P0275,絶縁カバー HD,樹脂・ゴム部品,2019-07-10,1282,1320,1692240,1282433,169224,84612,1536269,155971,9.22
2025-07-01,P0275,絶縁カバー HD,樹脂・ゴム部品,2019-07-10,1285,969,1245165,943625,124516,62258,1130399,114766,9.22
2025-08-01,P0275,絶縁カバー HD,樹脂・ゴム部品,2019-07-10,1303,969,1262607,956843,126260,63130,1146233,116374,9.22
2025-09-01,P0275,絶縁カバー HD,樹脂・ゴム部品,2019-07-10,1301,1095,1424595,1079603,142459,71229,1293291,131304,9.22
2025-10-01,P0275,絶縁カバー HD,樹脂・ゴム部品,2019-07-10,1261,972,1225692,1058910,122569,61284,1242763,-17071,-1.39
2025-11-01,P0275,絶縁カバー HD,樹脂・ゴム部品,2019-07-10,1295,1184,1533280,1324644,153328,76664,1554636,-21356,-1.39
2025-12-01,P0275,絶縁カバー HD,樹脂・ゴム部品,2019-07-10,1283,1421,1823143,1575065,182314,91157,1848536,-25393,-1.39
2026-01-01,P0275,絶縁カバー HD,樹脂・ゴム部品,2019-07-10,1258,1138,1431604,1236803,143160,71580,1451543,-19939,-1.39
2026-02-01,P0275,絶縁カバー HD,樹脂・ゴム部品,2019-07-10,1275,1248,1591200,1374682,159120,79560,1613362,-22162,-1.39
2026-03-01,P0275,絶縁カバー HD,樹脂・ゴム部品,2019-07-10,1280,1405,1798400,1553688,179840,89920,1823448,-25048,-1.39
2024-04-01,P0276,筐体カバー 小型,樹脂・ゴム部品,2021-02-10,856,1374,1176144,667473,117614,58807,843894,332250,28.25
2024-05-01,P0276,筐体カバー 小型,樹脂・ゴム部品,2021-02-10,883,1178,1040174,590309,104017,52008,746334,293840,28.25
2024-06-01,P0276,筐体カバー 小型,樹脂・ゴム部品,2021-02-10,872,1170,1020240,578996,102024,51012,732032,288208,28.25
2024-07-01,P0276,筐体カバー 小型,樹脂・ゴム部品,2021-02-10,860,1386,1191960,676449,119196,59598,855243,336717,28.25
2024-08-01,P0276,筐体カバー 小型,樹脂・ゴム部品,2021-02-10,866,1397,1209802,686574,120980,60490,868044,341758,28.25
2024-09-01,P0276,筐体カバー 小型,樹脂・ゴム部品,2021-02-10,864,1251,1080864,613401,108086,54043,775530,305334,28.25
2024-10-01,P0276,筐体カバー 小型,樹脂・ゴム部品,2021-02-10,854,1219,1041026,590792,104102,52051,746945,294081,28.25
2024-11-01,P0276,筐体カバー 小型,樹脂・ゴム部品,2021-02-10,867,996,863532,490063,86353,43176,619592,243940,28.25
2024-12-01,P0276,筐体カバー 小型,樹脂・ゴム部品,2021-02-10,874,1127,984998,558996,98499,49249,706744,278254,28.25
2025-01-01,P0276,筐体カバー 小型,樹脂・ゴム部品,2021-02-10,858,983,843414,478645,84341,42170,605156,238258,28.25
2025-02-01,P0276,筐体カバー 小型,樹脂・ゴム部品,2021-02-10,867,1066,924222,524505,92422,46211,663138,261084,28.25
2025-03-01,P0276,筐体カバー 小型,樹脂・ゴム部品,2021-02-10,857,1084,928988,527209,92898,46449,666556,262432,28.25
2025-04-01,P0276,筐体カバー 小型,樹脂・ゴム部品,2021-02-10,878,1253,1100134,624337,110013,55006,789356,310778,28.25
2025-05-01,P0276,筐体カバー 小型,樹脂・ゴム部品,2021-02-10,862,1296,1117152,633994,111715,55857,801566,315586,28.25
2025-06-01,P0276,筐体カバー 小型,樹脂・ゴム部品,2021-02-10,873,1377,1202121,682215,120212,60106,862533,339588,28.25
2025-07-01,P0276,筐体カバー 小型,樹脂・ゴム部品,2021-02-10,860,1262,1085320,615929,108532,54266,778727,306593,28.25
2025-08-01,P0276,筐体カバー 小型,樹脂・ゴム部品,2021-02-10,869,1082,940258,533605,94025,47012,674642,265616,28.25
2025-09-01,P0276,筐体カバー 小型,樹脂・ゴム部品,2021-02-10,876,1080,946080,536909,94608,47304,678821,267259,28.25
2025-10-01,P0276,筐体カバー 小型,樹脂・ゴム部品,2021-02-10,857,1114,954698,617652,95469,47734,760855,193843,20.3
2025-11-01,P0276,筐体カバー 小型,樹脂・ゴム部品,2021-02-10,857,1038,889566,575514,88956,44478,708948,180618,20.3
2025-12-01,P0276,筐体カバー 小型,樹脂・ゴム部品,2021-02-10,852,1177,1002804,648775,100280,50140,799195,203609,20.3
2026-01-01,P0276,筐体カバー 小型,樹脂・ゴム部品,2021-02-10,862,1227,1057674,684274,105767,52883,842924,214750,20.3
2026-02-01,P0276,筐体カバー 小型,樹脂・ゴム部品,2021-02-10,885,1232,1090320,705394,109032,54516,868942,221378,20.3
2026-03-01,P0276,筐体カバー 小型,樹脂・ゴム部品,2021-02-10,872,1384,1206848,780784,120684,60342,961810,245038,20.3
2024-04-01,P0277,筐体カバー 中型,樹脂・ゴム部品,2023-08-24,1504,833,1252832,698059,125283,62641,885983,366849,29.28
2024-05-01,P0277,筐体カバー 中型,樹脂・ゴム部品,2023-08-24,1455,769,1118895,623431,111889,55944,791264,327631,29.28
2024-06-01,P0277,筐体カバー 中型,樹脂・ゴム部品,2023-08-24,1450,854,1238300,689962,123830,61915,875707,362593,29.28
2024-07-01,P0277,筐体カバー 中型,樹脂・ゴム部品,2023-08-24,1454,854,1241716,691865,124171,62085,878121,363595,29.28
2024-08-01,P0277,筐体カバー 中型,樹脂・ゴム部品,2023-08-24,1495,651,973245,542277,97324,48662,688263,284982,29.28
2024-09-01,P0277,筐体カバー 中型,樹脂・ゴム部品,2023-08-24,1482,831,1231542,686196,123154,61577,870927,360615,29.28
2024-10-01,P0277,筐体カバー 中型,樹脂・ゴム部品,2023-08-24,1499,871,1305629,727477,130562,65281,923320,382309,29.28
2024-11-01,P0277,筐体カバー 中型,樹脂・ゴム部品,2023-08-24,1508,759,1144572,637738,114457,57228,809423,335149,29.28
2024-12-01,P0277,筐体カバー 中型,樹脂・ゴム部品,2023-08-24,1459,728,1062152,591815,106215,53107,751137,311015,29.28
2025-01-01,P0277,筐体カバー 中型,樹脂・ゴム部品,2023-08-24,1474,879,1295646,721914,129564,64782,916260,379386,29.28
2025-02-01,P0277,筐体カバー 中型,樹脂・ゴム部品,2023-08-24,1453,888,1290264,718915,129026,64513,912454,377810,29.28
2025-03-01,P0277,筐体カバー 中型,樹脂・ゴム部品,2023-08-24,1451,652,946052,527126,94605,47302,669033,277019,29.28
2025-04-01,P0277,筐体カバー 中型,樹脂・ゴム部品,2023-08-24,1498,804,1204392,671069,120439,60219,851727,352665,29.28
2025-05-01,P0277,筐体カバー 中型,樹脂・ゴム部品,2023-08-24,1454,742,1078868,601129,107886,53943,762958,315910,29.28
2025-06-01,P0277,筐体カバー 中型,樹脂・ゴム部品,2023-08-24,1470,733,1077510,600372,107751,53875,761998,315512,29.28
2025-07-01,P0277,筐体カバー 中型,樹脂・ゴム部品,2023-08-24,1488,816,1214208,676538,121420,60710,858668,355540,29.28
2025-08-01,P0277,筐体カバー 中型,樹脂・ゴム部品,2023-08-24,1474,649,956626,533017,95662,47831,676510,280116,29.28
2025-09-01,P0277,筐体カバー 中型,樹脂・ゴム部品,2023-08-24,1464,816,1194624,665626,119462,59731,844819,349805,29.28
2025-10-01,P0277,筐体カバー 中型,樹脂・ゴム部品,2023-08-24,1485,743,1103355,700841,110335,55167,866343,237012,21.48
2025-11-01,P0277,筐体カバー 中型,樹脂・ゴム部品,2023-08-24,1451,742,1076642,683873,107664,53832,845369,231273,21.48
2025-12-01,P0277,筐体カバー 中型,樹脂・ゴム部品,2023-08-24,1495,686,1025570,651432,102557,51278,805267,220303,21.48
2026-01-01,P0277,筐体カバー 中型,樹脂・ゴム部品,2023-08-24,1497,694,1038918,659911,103891,51945,815747,223171,21.48
2026-02-01,P0277,筐体カバー 中型,樹脂・ゴム部品,2023-08-24,1477,762,1125474,714891,112547,56273,883711,241763,21.48
2026-03-01,P0277,筐体カバー 中型,樹脂・ゴム部品,2023-08-24,1472,856,1260032,800361,126003,63001,989365,270667,21.48
2024-04-01,P0278,筐体カバー 大型,樹脂・ゴム部品,2022-01-19,2345,184,431480,287144,43148,21574,351866,79614,18.45
2024-05-01,P0278,筐体カバー 大型,樹脂・ゴム部品,2022-01-19,2357,216,509112,338807,50911,25455,415173,93939,18.45
2024-06-01,P0278,筐体カバー 大型,樹脂・ゴム部品,2022-01-19,2321,215,499015,332088,49901,24950,406939,92076,18.45
2024-07-01,P0278,筐体カバー 大型,樹脂・ゴム部品,2022-01-19,2300,201,462300,307654,46230,23115,376999,85301,18.45
2024-08-01,P0278,筐体カバー 大型,樹脂・ゴム部品,2022-01-19,2291,248,568168,378108,56816,28408,463332,104836,18.45
2024-09-01,P0278,筐体カバー 大型,樹脂・ゴム部品,2022-01-19,2284,254,580136,386073,58013,29006,473092,107044,18.45
2024-10-01,P0278,筐体カバー 大型,樹脂・ゴム部品,2022-01-19,2287,221,505427,336355,50542,25271,412168,93259,18.45
2024-11-01,P0278,筐体カバー 大型,樹脂・ゴム部品,2022-01-19,2302,243,559386,372264,55938,27969,456171,103215,18.45
2024-12-01,P0278,筐体カバー 大型,樹脂・ゴム部品,2022-01-19,2367,225,532575,354422,53257,26628,434307,98268,18.45
2025-01-01,P0278,筐体カバー 大型,樹脂・ゴム部品,2022-01-19,2299,232,533368,354949,53336,26668,434953,98415,18.45
2025-02-01,P0278,筐体カバー 大型,樹脂・ゴム部品,2022-01-19,2323,245,569135,378752,56913,28456,464121,105014,18.45
2025-03-01,P0278,筐体カバー 大型,樹脂・ゴム部品,2022-01-19,2327,176,409552,272551,40955,20477,333983,75569,18.45
2025-04-01,P0278,筐体カバー 大型,樹脂・ゴム部品,2022-01-19,2322,246,571212,380134,57121,28560,465815,105397,18.45
2025-05-01,P0278,筐体カバー 大型,樹脂・ゴム部品,2022-01-19,2348,241,565868,376578,56586,28293,461457,104411,18.45
2025-06-01,P0278,筐体カバー 大型,樹脂・ゴム部品,2022-01-19,2312,215,497080,330800,49708,24854,405362,91718,18.45
2025-07-01,P0278,筐体カバー 大型,樹脂・ゴム部品,2022-01-19,2316,239,553524,368363,55352,27676,451391,102133,18.45
2025-08-01,P0278,筐体カバー 大型,樹脂・ゴム部品,2022-01-19,2312,190,439280,292335,43928,21964,358227,81053,18.45
2025-09-01,P0278,筐体カバー 大型,樹脂・ゴム部品,2022-01-19,2308,252,581616,387058,58161,29080,474299,107317,18.45
2025-10-01,P0278,筐体カバー 大型,樹脂・ゴム部品,2022-01-19,2294,195,447330,339369,44733,22366,406468,40862,9.13
2025-11-01,P0278,筐体カバー 大型,樹脂・ゴム部品,2022-01-19,2373,180,427140,324052,42714,21357,388123,39017,9.13
2025-12-01,P0278,筐体カバー 大型,樹脂・ゴム部品,2022-01-19,2350,222,521700,395790,52170,26085,474045,47655,9.13
2026-01-01,P0278,筐体カバー 大型,樹脂・ゴム部品,2022-01-19,2315,243,562545,426778,56254,28127,511159,51386,9.13
2026-02-01,P0278,筐体カバー 大型,樹脂・ゴム部品,2022-01-19,2371,245,580895,440699,58089,29044,527832,53063,9.13
2026-03-01,P0278,筐体カバー 大型,樹脂・ゴム部品,2022-01-19,2348,240,563520,427517,56352,28176,512045,51475,9.13
2024-04-01,P0279,筐体カバー 業務用,樹脂・ゴム部品,2019-12-30,3117,359,1119003,632228,111900,55950,800078,318925,28.5
2024-05-01,P0279,筐体カバー 業務用,樹脂・ゴム部品,2019-12-30,3152,347,1093744,617957,109374,54687,782018,311726,28.5
2024-06-01,P0279,筐体カバー 業務用,樹脂・ゴム部品,2019-12-30,3219,324,1042956,589262,104295,52147,745704,297252,28.5
2024-07-01,P0279,筐体カバー 業務用,樹脂・ゴム部品,2019-12-30,3109,329,1022861,577908,102286,51143,731337,291524,28.5
2024-08-01,P0279,筐体カバー 業務用,樹脂・ゴム部品,2019-12-30,3224,344,1109056,626608,110905,55452,792965,316091,28.5
2024-09-01,P0279,筐体カバー 業務用,樹脂・ゴム部品,2019-12-30,3215,334,1073810,606694,107381,53690,767765,306045,28.5
2024-10-01,P0279,筐体カバー 業務用,樹脂・ゴム部品,2019-12-30,3215,357,1147755,648472,114775,57387,820634,327121,28.5
2024-11-01,P0279,筐体カバー 業務用,樹脂・ゴム部品,2019-12-30,3166,296,937136,529474,93713,46856,670043,267093,28.5
2024-12-01,P0279,筐体カバー 業務用,樹脂・ゴム部品,2019-12-30,3222,360,1159920,655346,115992,57996,829334,330586,28.5
2025-01-01,P0279,筐体カバー 業務用,樹脂・ゴム部品,2019-12-30,3129,271,847959,479090,84795,42397,606282,241677,28.5
2025-02-01,P0279,筐体カバー 業務用,樹脂・ゴム部品,2019-12-30,3204,296,948384,535829,94838,47419,678086,270298,28.5
2025-03-01,P0279,筐体カバー 業務用,樹脂・ゴム部品,2019-12-30,3180,363,1154340,652193,115434,57717,825344,328996,28.5
2025-04-01,P0279,筐体カバー 業務用,樹脂・ゴム部品,2019-12-30,3145,267,839715,474432,83971,41985,600388,239327,28.5
2025-05-01,P0279,筐体カバー 業務用,樹脂・ゴム部品,2019-12-30,3150,361,1137150,642481,113715,56857,813053,324097,28.5
2025-06-01,P0279,筐体カバー 業務用,樹脂・ゴム部品,2019-12-30,3144,265,833160,470729,83316,41658,595703,237457,28.5
2025-07-01,P0279,筐体カバー 業務用,樹脂・ゴム部品,2019-12-30,3169,354,1121826,633823,112182,56091,802096,319730,28.5
2025-08-01,P0279,筐体カバー 業務用,樹脂・ゴム部品,2019-12-30,3146,274,862004,487025,86200,43100,616325,245679,28.5
2025-09-01,P0279,筐体カバー 業務用,樹脂・ゴム部品,2019-12-30,3161,373,1179053,666156,117905,58952,843013,336040,28.5
2025-10-01,P0279,筐体カバー 業務用,樹脂・ゴム部品,2019-12-30,3126,308,962808,620136,96280,48140,764556,198252,20.59
2025-11-01,P0279,筐体カバー 業務用,樹脂・ゴム部品,2019-12-30,3209,291,933819,601464,93381,46690,741535,192284,20.59
2025-12-01,P0279,筐体カバー 業務用,樹脂・ゴム部品,2019-12-30,3161,352,1112672,716662,111267,55633,883562,229110,20.59
2026-01-01,P0279,筐体カバー 業務用,樹脂・ゴム部品,2019-12-30,3154,365,1151210,741484,115121,57560,914165,237045,20.59
2026-02-01,P0279,筐体カバー 業務用,樹脂・ゴム部品,2019-12-30,3110,362,1125820,725130,112582,56291,894003,231817,20.59
2026-03-01,P0279,筐体カバー 業務用,樹脂・ゴム部品,2019-12-30,3215,296,951640,612943,95164,47582,755689,195951,20.59
2024-04-01,P0280,筐体カバー HD,樹脂・ゴム部品,2023-04-05,4645,15178,70501810,46289736,7050181,3525090,56865007,13636803,19.34
2024-05-01,P0280,筐体カバー HD,樹脂・ゴム部品,2023-04-05,4652,15503,72119956,47352171,7211995,3605997,58170163,13949793,19.34
2024-06-01,P0280,筐体カバー HD,樹脂・ゴム部品,2023-04-05,4607,12412,57182084,37544335,5718208,2859104,46121647,11060437,19.34
2024-07-01,P0280,筐体カバー HD,樹脂・ゴム部品,2023-04-05,4630,14651,67834130,44538204,6783413,3391706,54713323,13120807,19.34
2024-08-01,P0280,筐体カバー HD,樹脂・ゴム部品,2023-04-05,4609,15886,73218574,48073496,7321857,3660928,59056281,14162293,19.34
2024-09-01,P0280,筐体カバー HD,樹脂・ゴム部品,2023-04-05,4561,11993,54700073,35914708,5470007,2735003,44119718,10580355,19.34
2024-10-01,P0280,筐体カバー HD,樹脂・ゴム部品,2023-04-05,4523,15671,70879933,46538002,7087993,3543996,57169991,13709942,19.34
2024-11-01,P0280,筐体カバー HD,樹脂・ゴム部品,2023-04-05,4531,15799,71585269,47001108,7158526,3579263,57738897,13846372,19.34
2024-12-01,P0280,筐体カバー HD,樹脂・ゴム部品,2023-04-05,4669,13169,61486061,40370219,6148606,3074303,49593128,11892933,19.34
2025-01-01,P0280,筐体カバー HD,樹脂・ゴム部品,2023-04-05,4673,13257,61949961,40674805,6194996,3097498,49967299,11982662,19.34
2025-02-01,P0280,筐体カバー HD,樹脂・ゴム部品,2023-04-05,4616,11565,53384040,35050634,5338404,2669202,43058240,10325800,19.34
2025-03-01,P0280,筐体カバー HD,樹脂・ゴム部品,2023-04-05,4686,14220,66634920,43750832,6663492,3331746,53746070,12888850,19.34
2025-04-01,P0280,筐体カバー HD,樹脂・ゴム部品,2023-04-05,4584,11528,52844352,34696288,5284435,2642217,42622940,10221412,19.34
2025-05-01,P0280,筐体カバー HD,樹脂・ゴム部品,2023-04-05,4702,14643,68851386,45206109,6885138,3442569,55533816,13317570,19.34
2025-06-01,P0280,筐体カバー HD,樹脂・ゴム部品,2023-04-05,4677,15684,73354068,48162458,7335406,3667703,59165567,14188501,19.34
2025-07-01,P0280,筐体カバー HD,樹脂・ゴム部品,2023-04-05,4625,13860,64102500,42088108,6410250,3205125,51703483,12399017,19.34
2025-08-01,P0280,筐体カバー HD,樹脂・ゴム部品,2023-04-05,4682,15740,73694680,48386095,7369468,3684734,59440297,14254383,19.34
2025-09-01,P0280,筐体カバー HD,樹脂・ゴム部品,2023-04-05,4672,15430,72088960,47331819,7208896,3604448,58145163,13943797,19.34
2025-10-01,P0280,筐体カバー HD,樹脂・ゴム部品,2023-04-05,4542,15856,72017952,53905125,7201795,3600897,64707817,7310135,10.15
2025-11-01,P0280,筐体カバー HD,樹脂・ゴム部品,2023-04-05,4701,12624,59345424,44419793,5934542,2967271,53321606,6023818,10.15
2025-12-01,P0280,筐体カバー HD,樹脂・ゴム部品,2023-04-05,4554,14012,63810648,47761993,6381064,3190532,57333589,6477059,10.15
2026-01-01,P0280,筐体カバー HD,樹脂・ゴム部品,2023-04-05,4640,13783,63953120,47868633,6395312,3197656,57461601,6491519,10.15
2026-02-01,P0280,筐体カバー HD,樹脂・ゴム部品,2023-04-05,4671,15573,72741483,54446685,7274148,3637074,65357907,7383576,10.15
2026-03-01,P0280,筐体カバー HD,樹脂・ゴム部品,2023-04-05,4605,11284,51962820,38893945,5196282,2598141,46688368,5274452,10.15
2024-04-01,P0281,防振マウント 小型,樹脂・ゴム部品,2019-06-07,383,1274,487942,293821,48794,24397,367012,120930,24.78
2024-05-01,P0281,防振マウント 小型,樹脂・ゴム部品,2019-06-07,390,1157,451230,271714,45123,22561,339398,111832,24.78
2024-06-01,P0281,防振マウント 小型,樹脂・ゴム部品,2019-06-07,389,1158,450462,271252,45046,22523,338821,111641,24.78
2024-07-01,P0281,防振マウント 小型,樹脂・ゴム部品,2019-06-07,390,1197,466830,281108,46683,23341,351132,115698,24.78
2024-08-01,P0281,防振マウント 小型,樹脂・ゴム部品,2019-06-07,386,922,355892,214305,35589,17794,267688,88204,24.78
2024-09-01,P0281,防振マウント 小型,樹脂・ゴム部品,2019-06-07,386,1123,433478,261025,43347,21673,326045,107433,24.78
2024-10-01,P0281,防振マウント 小型,樹脂・ゴム部品,2019-06-07,386,1217,469762,282873,46976,23488,353337,116425,24.78
2024-11-01,P0281,防振マウント 小型,樹脂・ゴム部品,2019-06-07,383,1247,477601,287594,47760,23880,359234,118367,24.78
2024-12-01,P0281,防振マウント 小型,樹脂・ゴム部品,2019-06-07,384,1221,468864,282333,46886,23443,352662,116202,24.78
2025-01-01,P0281,防振マウント 小型,樹脂・ゴム部品,2019-06-07,386,1115,430390,259165,43039,21519,323723,106667,24.78
2025-02-01,P0281,防振マウント 小型,樹脂・ゴム部品,2019-06-07,384,1163,446592,268921,44659,22329,335909,110683,24.78
2025-03-01,P0281,防振マウント 小型,樹脂・ゴム部品,2019-06-07,390,1233,480870,289562,48087,24043,361692,119178,24.78
2025-04-01,P0281,防振マウント 小型,樹脂・ゴム部品,2019-06-07,392,1304,511168,307807,51116,25558,384481,126687,24.78
2025-05-01,P0281,防振マウント 小型,樹脂・ゴム部品,2019-06-07,394,1150,453100,272840,45310,22655,340805,112295,24.78
2025-06-01,P0281,防振マウント 小型,樹脂・ゴム部品,2019-06-07,391,979,382789,230501,38278,19139,287918,94871,24.78
2025-07-01,P0281,防振マウント 小型,樹脂・ゴム部品,2019-06-07,392,1054,413168,248795,41316,20658,310769,102399,24.78
2025-08-01,P0281,防振マウント 小型,樹脂・ゴム部品,2019-06-07,387,893,345591,208102,34559,17279,259940,85651,24.78
2025-09-01,P0281,防振マウント 小型,樹脂・ゴム部品,2019-06-07,388,1169,453572,273124,45357,22678,341159,112413,24.78
2025-10-01,P0281,防振マウント 小型,樹脂・ゴム部品,2019-06-07,388,987,382956,262886,38295,19147,320328,62628,16.35
2025-11-01,P0281,防振マウント 小型,樹脂・ゴム部品,2019-06-07,384,1257,482688,331349,48268,24134,403751,78937,16.35
2025-12-01,P0281,防振マウント 小型,樹脂・ゴム部品,2019-06-07,396,1044,413424,283802,41342,20671,345815,67609,16.35
2026-01-01,P0281,防振マウント 小型,樹脂・ゴム部品,2019-06-07,381,1284,489204,335822,48920,24460,409202,80002,16.35
2026-02-01,P0281,防振マウント 小型,樹脂・ゴム部品,2019-06-07,382,1116,426312,292649,42631,21315,356595,69717,16.35
2026-03-01,P0281,防振マウント 小型,樹脂・ゴム部品,2019-06-07,388,1289,500132,343324,50013,25006,418343,81789,16.35
2024-04-01,P0282,防振マウント 中型,樹脂・ゴム部品,2021-11-18,701,1405,984905,563507,98490,49245,711242,273663,27.79
2024-05-01,P0282,防振マウント 中型,樹脂・ゴム部品,2021-11-18,708,1326,938808,537133,93880,46940,677953,260855,27.79
2024-06-01,P0282,防振マウント 中型,樹脂・ゴム部品,2021-11-18,701,1540,1079540,617652,107954,53977,779583,299957,27.79
2024-07-01,P0282,防振マウント 中型,樹脂・ゴム部品,2021-11-18,691,1756,1213396,694237,121339,60669,876245,337151,27.79
2024-08-01,P0282,防振マウント 中型,樹脂・ゴム部品,2021-11-18,697,1345,937465,536365,93746,46873,676984,260481,27.79
2024-09-01,P0282,防振マウント 中型,樹脂・ゴム部品,2021-11-18,687,1723,1183701,677247,118370,59185,854802,328899,27.79
2024-10-01,P0282,防振マウント 中型,樹脂・ゴム部品,2021-11-18,700,1728,1209600,692065,120960,60480,873505,336095,27.79
2024-11-01,P0282,防振マウント 中型,樹脂・ゴム部品,2021-11-18,701,1584,1110384,635299,111038,55519,801856,308528,27.79
2024-12-01,P0282,防振マウント 中型,樹脂・ゴム部品,2021-11-18,692,1271,879532,503219,87953,43976,635148,244384,27.79
2025-01-01,P0282,防振マウント 中型,樹脂・ゴム部品,2021-11-18,697,1703,1186991,679130,118699,59349,857178,329813,27.79
2025-02-01,P0282,防振マウント 中型,樹脂・ゴム部品,2021-11-18,712,1583,1127096,644861,112709,56354,813924,313172,27.79
2025-03-01,P0282,防振マウント 中型,樹脂・ゴム部品,2021-11-18,698,1265,882970,505186,88297,44148,637631,245339,27.79
2025-04-01,P0282,防振マウント 中型,樹脂・ゴム部品,2021-11-18,688,1460,1004480,574707,100448,50224,725379,279101,27.79
2025-05-01,P0282,防振マウント 中型,樹脂・ゴム部品,2021-11-18,712,1824,1298688,743037,129868,64934,937839,360849,27.79
2025-06-01,P0282,防振マウント 中型,樹脂・ゴム部品,2021-11-18,712,1429,1017448,582127,101744,50872,734743,282705,27.79
2025-07-01,P0282,防振マウント 中型,樹脂・ゴム部品,2021-11-18,713,1258,896954,513187,89695,44847,647729,249225,27.79
2025-08-01,P0282,防振マウント 中型,樹脂・ゴム部品,2021-11-18,692,1753,1213076,694054,121307,60653,876014,337062,27.79
2025-09-01,P0282,防振マウント 中型,樹脂・ゴム部品,2021-11-18,708,1607,1137756,650960,113775,56887,821622,316134,27.79
2025-10-01,P0282,防振マウント 中型,樹脂・ゴム部品,2021-11-18,695,1434,996630,650046,99663,49831,799540,197090,19.78
2025-11-01,P0282,防振マウント 中型,樹脂・ゴム部品,2021-11-18,690,1625,1121250,731329,112125,56062,899516,221734,19.78
2025-12-01,P0282,防振マウント 中型,樹脂・ゴム部品,2021-11-18,692,1309,905828,590821,90582,45291,726694,179134,19.78
2026-01-01,P0282,防振マウント 中型,樹脂・ゴム部品,2021-11-18,696,1695,1179720,769465,117972,58986,946423,233297,19.78
2026-02-01,P0282,防振マウント 中型,樹脂・ゴム部品,2021-11-18,691,1550,1071050,698586,107105,53552,859243,211807,19.78
2026-03-01,P0282,防振マウント 中型,樹脂・ゴム部品,2021-11-18,704,1356,954624,622648,95462,47731,765841,188783,19.78
2024-04-01,P0283,防振マウント 大型,樹脂・ゴム部品,2022-12-21,1082,411,444702,300714,44470,22235,367419,77283,17.38
2024-05-01,P0283,防振マウント 大型,樹脂・ゴム部品,2022-12-21,1081,411,444291,300436,44429,22214,367079,77212,17.38
2024-06-01,P0283,防振マウント 大型,樹脂・ゴム部品,2022-12-21,1067,438,467346,316026,46734,23367,386127,81219,17.38
2024-07-01,P0283,防振マウント 大型,樹脂・ゴム部品,2022-12-21,1076,446,479896,324512,47989,23994,396495,83401,17.38
2024-08-01,P0283,防振マウント 大型,樹脂・ゴム部品,2022-12-21,1089,314,341946,231229,34194,17097,282520,59426,17.38
2024-09-01,P0283,防振マウント 大型,樹脂・ゴム部品,2022-12-21,1085,342,371070,250923,37107,18553,306583,64487,17.38
2024-10-01,P0283,防振マウント 大型,樹脂・ゴム部品,2022-12-21,1099,432,474768,321045,47476,23738,392259,82509,17.38
2024-11-01,P0283,防振マウント 大型,樹脂・ゴム部品,2022-12-21,1107,400,442800,299428,44280,22140,365848,76952,17.38
2024-12-01,P0283,防振マウント 大型,樹脂・ゴム部品,2022-12-21,1066,379,404014,273200,40401,20200,333801,70213,17.38
2025-01-01,P0283,防振マウント 大型,樹脂・ゴム部品,2022-12-21,1074,434,466116,315194,46611,23305,385110,81006,17.38
2025-02-01,P0283,防振マウント 大型,樹脂・ゴム部品,2022-12-21,1068,335,357780,241936,35778,17889,295603,62177,17.38
2025-03-01,P0283,防振マウント 大型,樹脂・ゴム部品,2022-12-21,1079,358,386282,261209,38628,19314,319151,67131,17.38
2025-04-01,P0283,防振マウント 大型,樹脂・ゴム部品,2022-12-21,1091,355,387305,261901,38730,19365,319996,67309,17.38
2025-05-01,P0283,防振マウント 大型,樹脂・ゴム部品,2022-12-21,1106,424,468944,317106,46894,23447,387447,81497,17.38
2025-06-01,P0283,防振マウント 大型,樹脂・ゴム部品,2022-12-21,1071,322,344862,233200,34486,17243,284929,59933,17.38
2025-07-01,P0283,防振マウント 大型,樹脂・ゴム部品,2022-12-21,1069,399,426531,288426,42653,21326,352405,74126,17.38
2025-08-01,P0283,防振マウント 大型,樹脂・ゴム部品,2022-12-21,1092,365,398580,269525,39858,19929,329312,69268,17.38
2025-09-01,P0283,防振マウント 大型,樹脂・ゴム部品,2022-12-21,1074,428,459672,310837,45967,22983,379787,79885,17.38
2025-10-01,P0283,防振マウント 大型,樹脂・ゴム部品,2022-12-21,1093,411,449223,346299,44922,22461,413682,35541,7.91
2025-11-01,P0283,防振マウント 大型,樹脂・ゴム部品,2022-12-21,1078,440,474320,365646,47432,23716,436794,37526,7.91
2025-12-01,P0283,防振マウント 大型,樹脂・ゴム部品,2022-12-21,1097,424,465128,358560,46512,23256,428328,36800,7.91
2026-01-01,P0283,防振マウント 大型,樹脂・ゴム部品,2022-12-21,1092,345,376740,290423,37674,18837,346934,29806,7.91
2026-02-01,P0283,防振マウント 大型,樹脂・ゴム部品,2022-12-21,1077,412,443724,342060,44372,22186,408618,35106,7.91
2026-03-01,P0283,防振マウント 大型,樹脂・ゴム部品,2022-12-21,1084,378,409752,315871,40975,20487,377333,32419,7.91
2024-04-01,P0284,防振マウント 業務用,樹脂・ゴム部品,2021-12-03,1440,389,560160,331469,56016,28008,415493,144667,25.83
2024-05-01,P0284,防振マウント 業務用,樹脂・ゴム部品,2021-12-03,1448,425,615400,364157,61540,30770,456467,158933,25.83
2024-06-01,P0284,防振マウント 業務用,樹脂・ゴム部品,2021-12-03,1440,521,750240,443947,75024,37512,556483,193757,25.83
2024-07-01,P0284,防振マウント 業務用,樹脂・ゴム部品,2021-12-03,1429,494,705926,417725,70592,35296,523613,182313,25.83
2024-08-01,P0284,防振マウント 業務用,樹脂・ゴム部品,2021-12-03,1454,450,654300,387176,65430,32715,485321,168979,25.83
2024-09-01,P0284,防振マウント 業務用,樹脂・ゴム部品,2021-12-03,1455,415,603825,357308,60382,30191,447881,155944,25.83
2024-10-01,P0284,防振マウント 業務用,樹脂・ゴム部品,2021-12-03,1462,516,754392,446404,75439,37719,559562,194830,25.83
2024-11-01,P0284,防振マウント 業務用,樹脂・ゴム部品,2021-12-03,1440,440,633600,374927,63360,31680,469967,163633,25.83
2024-12-01,P0284,防振マウント 業務用,樹脂・ゴム部品,2021-12-03,1463,396,579348,342824,57934,28967,429725,149623,25.83
2025-01-01,P0284,防振マウント 業務用,樹脂・ゴム部品,2021-12-03,1447,520,752440,445249,75244,37622,558115,194325,25.83
2025-02-01,P0284,防振マウント 業務用,樹脂・ゴム部品,2021-12-03,1427,532,759164,449228,75916,37958,563102,196062,25.83
2025-03-01,P0284,防振マウント 業務用,樹脂・ゴム部品,2021-12-03,1457,506,737242,436256,73724,36862,546842,190400,25.83
2025-04-01,P0284,防振マウント 業務用,樹脂・ゴム部品,2021-12-03,1466,406,595196,352201,59519,29759,441479,153717,25.83
2025-05-01,P0284,防振マウント 業務用,樹脂・ゴム部品,2021-12-03,1466,563,825358,488398,82535,41267,612200,213158,25.83
2025-06-01,P0284,防振マウント 業務用,樹脂・ゴム部品,2021-12-03,1428,546,779688,461373,77968,38984,578325,201363,25.83
2025-07-01,P0284,防振マウント 業務用,樹脂・ゴム部品,2021-12-03,1418,502,711836,421222,71183,35591,527996,183840,25.83
2025-08-01,P0284,防振マウント 業務用,樹脂・ゴム部品,2021-12-03,1420,536,761120,450386,76112,38056,564554,196566,25.83
2025-09-01,P0284,防振マウント 業務用,樹脂・ゴム部品,2021-12-03,1425,558,795150,470522,79515,39757,589794,205356,25.83
2025-10-01,P0284,防振マウント 業務用,樹脂・ゴム部品,2021-12-03,1415,420,594300,400905,59430,29715,490050,104250,17.54
2025-11-01,P0284,防振マウント 業務用,樹脂・ゴム部品,2021-12-03,1421,527,748867,505174,74886,37443,617503,131364,17.54
2025-12-01,P0284,防振マウント 業務用,樹脂・ゴム部品,2021-12-03,1420,427,606340,409027,60634,30317,499978,106362,17.54
2026-01-01,P0284,防振マウント 業務用,樹脂・ゴム部品,2021-12-03,1465,448,656320,442743,65632,32816,541191,115129,17.54
2026-02-01,P0284,防振マウント 業務用,樹脂・ゴム部品,2021-12-03,1426,484,690184,465587,69018,34509,569114,121070,17.54
2026-03-01,P0284,防振マウント 業務用,樹脂・ゴム部品,2021-12-03,1412,422,595864,401960,59586,29793,491339,104525,17.54
2024-04-01,P0285,防振マウント HD,樹脂・ゴム部品,2021-03-13,2074,596,1236104,774558,123610,61805,959973,276131,22.34
2024-05-01,P0285,防振マウント HD,樹脂・ゴム部品,2021-03-13,2098,594,1246212,780892,124621,62310,967823,278389,22.34
2024-06-01,P0285,防振マウント HD,樹脂・ゴム部品,2021-03-13,2077,777,1613829,1011246,161382,80691,1253319,360510,22.34
2024-07-01,P0285,防振マウント HD,樹脂・ゴム部品,2021-03-13,2124,756,1605744,1006180,160574,80287,1247041,358703,22.34
2024-08-01,P0285,防振マウント HD,樹脂・ゴム部品,2021-03-13,2087,814,1698818,1064501,169881,84940,1319322,379496,22.34
2024-09-01,P0285,防振マウント HD,樹脂・ゴム部品,2021-03-13,2144,789,1691616,1059988,169161,84580,1313729,377887,22.34
2024-10-01,P0285,防振マウント HD,樹脂・ゴム部品,2021-03-13,2140,840,1797600,1126399,179760,89880,1396039,401561,22.34
2024-11-01,P0285,防振マウント HD,樹脂・ゴム部品,2021-03-13,2151,599,1288449,807358,128844,64422,1000624,287825,22.34
2024-12-01,P0285,防振マウント HD,樹脂・ゴム部品,2021-03-13,2089,795,1660755,1040650,166075,83037,1289762,370993,22.34
2025-01-01,P0285,防振マウント HD,樹脂・ゴム部品,2021-03-13,2150,611,1313650,823150,131365,65682,1020197,293453,22.34
2025-02-01,P0285,防振マウント HD,樹脂・ゴム部品,2021-03-13,2137,608,1299296,814155,129929,64964,1009048,290248,22.34
2025-03-01,P0285,防振マウント HD,樹脂・ゴム部品,2021-03-13,2132,679,1447628,907102,144762,72381,1124245,323383,22.34
2025-04-01,P0285,防振マウント HD,樹脂・ゴム部品,2021-03-13,2133,590,1258470,788573,125847,62923,977343,281127,22.34
2025-05-01,P0285,防振マウント HD,樹脂・ゴム部品,2021-03-13,2147,709,1522223,953844,152222,76111,1182177,340046,22.34
2025-06-01,P0285,防振マウント HD,樹脂・ゴム部品,2021-03-13,2080,618,1285440,805473,128544,64272,998289,287151,22.34
2025-07-01,P0285,防振マウント HD,樹脂・ゴム部品,2021-03-13,2078,620,1288360,807303,128836,64418,1000557,287803,22.34
2025-08-01,P0285,防振マウント HD,樹脂・ゴム部品,2021-03-13,2082,841,1750962,1097175,175096,87548,1359819,391143,22.34
2025-09-01,P0285,防振マウント HD,樹脂・ゴム部品,2021-03-13,2140,621,1328940,832731,132894,66447,1032072,296868,22.34
2025-10-01,P0285,防振マウント HD,樹脂・ゴム部品,2021-03-13,2090,634,1325060,946541,132506,66253,1145300,179760,13.57
2025-11-01,P0285,防振マウント HD,樹脂・ゴム部品,2021-03-13,2105,754,1587170,1133777,158717,79358,1371852,215318,13.57
2025-12-01,P0285,防振マウント HD,樹脂・ゴム部品,2021-03-13,2125,801,1702125,1215894,170212,85106,1471212,230913,13.57
2026-01-01,P0285,防振マウント HD,樹脂・ゴム部品,2021-03-13,2122,646,1370812,979224,137081,68540,1184845,185967,13.57
2026-02-01,P0285,防振マウント HD,樹脂・ゴム部品,2021-03-13,2102,809,1700518,1214746,170051,85025,1469822,230696,13.57
2026-03-01,P0285,防振マウント HD,樹脂・ゴム部品,2021-03-13,2106,773,1627938,1162899,162793,81396,1407088,220850,13.57
2024-04-01,P0286,ゴムホース 小型,樹脂・ゴム部品,2021-02-26,566,1015,574490,385184,57449,28724,471357,103133,17.95
2024-05-01,P0286,ゴムホース 小型,樹脂・ゴム部品,2021-02-26,567,912,517104,346707,51710,25855,424272,92832,17.95
2024-06-01,P0286,ゴムホース 小型,樹脂・ゴム部品,2021-02-26,579,1012,585948,392866,58594,29297,480757,105191,17.95
2024-07-01,P0286,ゴムホース 小型,樹脂・ゴム部品,2021-02-26,567,864,489888,328460,48988,24494,401942,87946,17.95
2024-08-01,P0286,ゴムホース 小型,樹脂・ゴム部品,2021-02-26,572,1087,621764,416880,62176,31088,510144,111620,17.95
2024-09-01,P0286,ゴムホース 小型,樹脂・ゴム部品,2021-02-26,567,845,479115,321237,47911,23955,393103,86012,17.95
2024-10-01,P0286,ゴムホース 小型,樹脂・ゴム部品,2021-02-26,571,957,546447,366381,54644,27322,448347,98100,17.95
2024-11-01,P0286,ゴムホース 小型,樹脂・ゴム部品,2021-02-26,581,1056,613536,411363,61353,30676,503392,110144,17.95
2024-12-01,P0286,ゴムホース 小型,樹脂・ゴム部品,2021-02-26,578,744,430032,288327,43003,21501,352831,77201,17.95
2025-01-01,P0286,ゴムホース 小型,樹脂・ゴム部品,2021-02-26,565,829,468385,314042,46838,23419,384299,84086,17.95
2025-02-01,P0286,ゴムホース 小型,樹脂・ゴム部品,2021-02-26,570,973,554610,371854,55461,27730,455045,99565,17.95
2025-03-01,P0286,ゴムホース 小型,樹脂・ゴム部品,2021-02-26,578,1077,622506,417377,62250,31125,510752,111754,17.95
2025-04-01,P0286,ゴムホース 小型,樹脂・ゴム部品,2021-02-26,588,820,482160,323278,48216,24108,395602,86558,17.95
2025-05-01,P0286,ゴムホース 小型,樹脂・ゴム部品,2021-02-26,569,946,538274,360901,53827,26913,441641,96633,17.95
2025-06-01,P0286,ゴムホース 小型,樹脂・ゴム部品,2021-02-26,587,935,548845,367989,54884,27442,450315,98530,17.95
2025-07-01,P0286,ゴムホース 小型,樹脂・ゴム部品,2021-02-26,575,900,517500,346973,51750,25875,424598,92902,17.95
2025-08-01,P0286,ゴムホース 小型,樹脂・ゴム部品,2021-02-26,571,914,521894,349919,52189,26094,428202,93692,17.95
2025-09-01,P0286,ゴムホース 小型,樹脂・ゴム部品,2021-02-26,578,803,464134,311192,46413,23206,380811,83323,17.95
2025-10-01,P0286,ゴムホース 小型,樹脂・ゴム部品,2021-02-26,582,1075,625650,478213,62565,31282,572060,53590,8.57
2025-11-01,P0286,ゴムホース 小型,樹脂・ゴム部品,2021-02-26,574,778,446572,341336,44657,22328,408321,38251,8.57
2025-12-01,P0286,ゴムホース 小型,樹脂・ゴム部品,2021-02-26,572,745,426140,325718,42614,21307,389639,36501,8.57
2026-01-01,P0286,ゴムホース 小型,樹脂・ゴム部品,2021-02-26,572,991,566852,433271,56685,28342,518298,48554,8.57
2026-02-01,P0286,ゴムホース 小型,樹脂・ゴム部品,2021-02-26,576,1055,607680,464478,60768,30384,555630,52050,8.57
2026-03-01,P0286,ゴムホース 小型,樹脂・ゴム部品,2021-02-26,585,991,579735,443118,57973,28986,530077,49658,8.57
2024-04-01,P0287,ゴムホース 中型,樹脂・ゴム部品,2020-06-15,944,2557,2413808,1469130,241380,120690,1831200,582608,24.14
2024-05-01,P0287,ゴムホース 中型,樹脂・ゴム部品,2020-06-15,925,2266,2096050,1275731,209605,104802,1590138,505912,24.14
2024-06-01,P0287,ゴムホース 中型,樹脂・ゴム部品,2020-06-15,947,2028,1920516,1168895,192051,96025,1456971,463545,24.14
2024-07-01,P0287,ゴムホース 中型,樹脂・ゴム部品,2020-06-15,949,1813,1720537,1047180,172053,86026,1305259,415278,24.14
2024-08-01,P0287,ゴムホース 中型,樹脂・ゴム部品,2020-06-15,941,2054,1932814,1176380,193281,96640,1466301,466513,24.14
2024-09-01,P0287,ゴムホース 中型,樹脂・ゴム部品,2020-06-15,949,2056,1951144,1187536,195114,97557,1480207,470937,24.14
2024-10-01,P0287,ゴムホース 中型,樹脂・ゴム部品,2020-06-15,927,1797,1665819,1013877,166581,83290,1263748,402071,24.14
2024-11-01,P0287,ゴムホース 中型,樹脂・ゴム部品,2020-06-15,924,2531,2338644,1423383,233864,116932,1774179,564465,24.14
2024-12-01,P0287,ゴムホース 中型,樹脂・ゴム部品,2020-06-15,947,2008,1901576,1157367,190157,95078,1442602,458974,24.14
2025-01-01,P0287,ゴムホース 中型,樹脂・ゴム部品,2020-06-15,918,2498,2293164,1395702,229316,114658,1739676,553488,24.14
2025-02-01,P0287,ゴムホース 中型,樹脂・ゴム部品,2020-06-15,922,2277,2099394,1277766,209939,104969,1592674,506720,24.14
2025-03-01,P0287,ゴムホース 中型,樹脂・ゴム部品,2020-06-15,937,1955,1831835,1114920,183183,91591,1389694,442141,24.14
2025-04-01,P0287,ゴムホース 中型,樹脂・ゴム部品,2020-06-15,931,1874,1744694,1061883,174469,87234,1323586,421108,24.14
2025-05-01,P0287,ゴムホース 中型,樹脂・ゴム部品,2020-06-15,946,1991,1883486,1146357,188348,94174,1428879,454607,24.14
2025-06-01,P0287,ゴムホース 中型,樹脂・ゴム部品,2020-06-15,922,2255,2079110,1265421,207911,103955,1577287,501823,24.14
2025-07-01,P0287,ゴムホース 中型,樹脂・ゴム部品,2020-06-15,945,2583,2440935,1485641,244093,122046,1851780,589155,24.14
2025-08-01,P0287,ゴムホース 中型,樹脂・ゴム部品,2020-06-15,950,1999,1899050,1155830,189905,94952,1440687,458363,24.14
2025-09-01,P0287,ゴムホース 中型,樹脂・ゴム部品,2020-06-15,925,2001,1850925,1126539,185092,92546,1404177,446748,24.14
2025-10-01,P0287,ゴムホース 中型,樹脂・ゴム部品,2020-06-15,920,2106,1937520,1344338,193752,96876,1634966,302554,15.62
2025-11-01,P0287,ゴムホース 中型,樹脂・ゴム部品,2020-06-15,935,2372,2217820,1538823,221782,110891,1871496,346324,15.62
2025-12-01,P0287,ゴムホース 中型,樹脂・ゴム部品,2020-06-15,923,2555,2358265,1636270,235826,117913,1990009,368256,15.62
2026-01-01,P0287,ゴムホース 中型,樹脂・ゴム部品,2020-06-15,927,1915,1775205,1231717,177520,88760,1497997,277208,15.62
2026-02-01,P0287,ゴムホース 中型,樹脂・ゴム部品,2020-06-15,949,1894,1797406,1247121,179740,89870,1516731,280675,15.62
2026-03-01,P0287,ゴムホース 中型,樹脂・ゴム部品,2020-06-15,944,2398,2263712,1570665,226371,113185,1910221,353491,15.62
2024-04-01,P0288,ゴムホース 大型,樹脂・ゴム部品,2022-04-17,1506,1063,1600878,947228,160087,80043,1187358,413520,25.83
2024-05-01,P0288,ゴムホース 大型,樹脂・ゴム部品,2022-04-17,1548,1151,1781748,1054247,178174,89087,1321508,460240,25.83
2024-06-01,P0288,ゴムホース 大型,樹脂・ゴム部品,2022-04-17,1498,1104,1653792,978537,165379,82689,1226605,427187,25.83
2024-07-01,P0288,ゴムホース 大型,樹脂・ゴム部品,2022-04-17,1509,1260,1901340,1125009,190134,95067,1410210,491130,25.83
2024-08-01,P0288,ゴムホース 大型,樹脂・ゴム部品,2022-04-17,1498,1205,1805090,1068059,180509,90254,1338822,466268,25.83
2024-09-01,P0288,ゴムホース 大型,樹脂・ゴム部品,2022-04-17,1521,1189,1808469,1070058,180846,90423,1341327,467142,25.83
2024-10-01,P0288,ゴムホース 大型,樹脂・ゴム部品,2022-04-17,1541,1365,2103465,1244605,210346,105173,1560124,543341,25.83
2024-11-01,P0288,ゴムホース 大型,樹脂・ゴム部品,2022-04-17,1545,965,1490925,882169,149092,74546,1105807,385118,25.83
2024-12-01,P0288,ゴムホース 大型,樹脂・ゴム部品,2022-04-17,1537,1323,2033451,1203178,203345,101672,1508195,525256,25.83
2025-01-01,P0288,ゴムホース 大型,樹脂・ゴム部品,2022-04-17,1546,1388,2145848,1269683,214584,107292,1591559,554289,25.83
2025-02-01,P0288,ゴムホース 大型,樹脂・ゴム部品,2022-04-17,1520,1051,1597520,945241,159752,79876,1184869,412651,25.83
2025-03-01,P0288,ゴムホース 大型,樹脂・ゴム部品,2022-04-17,1528,1113,1700664,1006271,170066,85033,1261370,439294,25.83
2025-04-01,P0288,ゴムホース 大型,樹脂・ゴム部品,2022-04-17,1535,1400,2149000,1271548,214900,107450,1593898,555102,25.83
2025-05-01,P0288,ゴムホース 大型,樹脂・ゴム部品,2022-04-17,1554,1096,1703184,1007762,170318,85159,1263239,439945,25.83
2025-06-01,P0288,ゴムホース 大型,樹脂・ゴム部品,2022-04-17,1513,1279,1935127,1145001,193512,96756,1435269,499858,25.83
2025-07-01,P0288,ゴムホース 大型,樹脂・ゴム部品,2022-04-17,1518,1377,2090286,1236807,209028,104514,1550349,539937,25.83
2025-08-01,P0288,ゴムホース 大型,樹脂・ゴム部品,2022-04-17,1526,1192,1818992,1076284,181899,90949,1349132,469860,25.83
2025-09-01,P0288,ゴムホース 大型,樹脂・ゴム部品,2022-04-17,1513,1385,2095505,1239895,209550,104775,1554220,541285,25.83
2025-10-01,P0288,ゴムホース 大型,樹脂・ゴム部品,2022-04-17,1537,1106,1699922,1146648,169992,84996,1401636,298286,17.55
2025-11-01,P0288,ゴムホース 大型,樹脂・ゴム部品,2022-04-17,1504,1368,2057472,1387826,205747,102873,1696446,361026,17.55
2025-12-01,P0288,ゴムホース 大型,樹脂・ゴム部品,2022-04-17,1555,1047,1628085,1098192,162808,81404,1342404,285681,17.55
2026-01-01,P0288,ゴムホース 大型,樹脂・ゴム部品,2022-04-17,1518,1316,1997688,1347500,199768,99884,1647152,350536,17.55
2026-02-01,P0288,ゴムホース 大型,樹脂・ゴム部品,2022-04-17,1526,1117,1704542,1149764,170454,85227,1405445,299097,17.55
2026-03-01,P0288,ゴムホース 大型,樹脂・ゴム部品,2022-04-17,1531,1267,1939777,1308437,193977,96988,1599402,340375,17.55
2024-04-01,P0289,ゴムホース 業務用,樹脂・ゴム部品,2023-04-25,2030,1002,2034060,1162644,203406,101703,1467753,566307,27.84
2024-05-01,P0289,ゴムホース 業務用,樹脂・ゴム部品,2023-04-25,2035,1004,2043140,1167834,204314,102157,1474305,568835,27.84
2024-06-01,P0289,ゴムホース 業務用,樹脂・ゴム部品,2023-04-25,1975,997,1969075,1125499,196907,98453,1420859,548216,27.84
2024-07-01,P0289,ゴムホース 業務用,樹脂・ゴム部品,2023-04-25,1982,1064,2108848,1205392,210884,105442,1521718,587130,27.84
2024-08-01,P0289,ゴムホース 業務用,樹脂・ゴム部品,2023-04-25,2017,1172,2363924,1351190,236392,118196,1705778,658146,27.84
2024-09-01,P0289,ゴムホース 業務用,樹脂・ゴム部品,2023-04-25,2006,1411,2830466,1617860,283046,141523,2042429,788037,27.84
2024-10-01,P0289,ゴムホース 業務用,樹脂・ゴム部品,2023-04-25,1990,1236,2459640,1405901,245964,122982,1774847,684793,27.84
2024-11-01,P0289,ゴムホース 業務用,樹脂・ゴム部品,2023-04-25,1973,1366,2695118,1540497,269511,134755,1944763,750355,27.84
2024-12-01,P0289,ゴムホース 業務用,樹脂・ゴム部品,2023-04-25,1972,1123,2214556,1265813,221455,110727,1597995,616561,27.84
2025-01-01,P0289,ゴムホース 業務用,樹脂・ゴム部品,2023-04-25,2011,1080,2171880,1241420,217188,108594,1567202,604678,27.84
2025-02-01,P0289,ゴムホース 業務用,樹脂・ゴム部品,2023-04-25,1972,1037,2044964,1168877,204496,102248,1475621,569343,27.84
2025-03-01,P0289,ゴムホース 業務用,樹脂・ゴム部品,2023-04-25,1974,1379,2722146,1555946,272214,136107,1964267,757879,27.84
2025-04-01,P0289,ゴムホース 業務用,樹脂・ゴム部品,2023-04-25,1993,1272,2535096,1449030,253509,126754,1829293,705803,27.84
2025-05-01,P0289,ゴムホース 業務用,樹脂・ゴム部品,2023-04-25,2021,1413,2855673,1632268,285567,142783,2060618,795055,27.84
2025-06-01,P0289,ゴムホース 業務用,樹脂・ゴム部品,2023-04-25,2036,1005,2046180,1169572,204618,102309,1476499,569681,27.84
2025-07-01,P0289,ゴムホース 業務用,樹脂・ゴム部品,2023-04-25,1988,1178,2341864,1338581,234186,117093,1689860,652004,27.84
2025-08-01,P0289,ゴムホース 業務用,樹脂・ゴム部品,2023-04-25,2022,1304,2636688,1507099,263668,131834,1902601,734087,27.84
2025-09-01,P0289,ゴムホース 業務用,樹脂・ゴム部品,2023-04-25,1993,1124,2240132,1280432,224013,112006,1616451,623681,27.84
2025-10-01,P0289,ゴムホース 業務用,樹脂・ゴム部品,2023-04-25,2012,1052,2116624,1379214,211662,105831,1696707,419917,19.84
2025-11-01,P0289,ゴムホース 業務用,樹脂・ゴム部品,2023-04-25,1998,1443,2883114,1878667,288311,144155,2311133,571981,19.84
2025-12-01,P0289,ゴムホース 業務用,樹脂・ゴム部品,2023-04-25,1979,1462,2893298,1885303,289329,144664,2319296,574002,19.84
2026-01-01,P0289,ゴムホース 業務用,樹脂・ゴム部品,2023-04-25,2039,1364,2781196,1812256,278119,139059,2229434,551762,19.84
2026-02-01,P0289,ゴムホース 業務用,樹脂・ゴム部品,2023-04-25,1973,1311,2586603,1685457,258660,129330,2073447,513156,19.84
2026-03-01,P0289,ゴムホース 業務用,樹脂・ゴム部品,2023-04-25,1971,1135,2237085,1457708,223708,111854,1793270,443815,19.84
2024-04-01,P0290,ゴムホース HD,樹脂・ゴム部品,2020-01-27,2852,4807,13709564,8886815,1370956,685478,10943249,2766315,20.18
2024-05-01,P0290,ゴムホース HD,樹脂・ゴム部品,2020-01-27,2840,3468,9849120,6384397,984912,492456,7861765,1987355,20.18
2024-06-01,P0290,ゴムホース HD,樹脂・ゴム部品,2020-01-27,2874,4122,11846628,7679222,1184662,592331,9456215,2390413,20.18
2024-07-01,P0290,ゴムホース HD,樹脂・ゴム部品,2020-01-27,2895,3575,10349625,6708835,1034962,517481,8261278,2088347,20.18
2024-08-01,P0290,ゴムホース HD,樹脂・ゴム部品,2020-01-27,2881,3348,9645588,6252464,964558,482279,7699301,1946287,20.18
2024-09-01,P0290,ゴムホース HD,樹脂・ゴム部品,2020-01-27,2824,3889,10982536,7119101,1098253,549126,8766480,2216056,20.18
2024-10-01,P0290,ゴムホース HD,樹脂・ゴム部品,2020-01-27,2886,4224,12190464,7902104,1219046,609523,9730673,2459791,20.18
2024-11-01,P0290,ゴムホース HD,樹脂・ゴム部品,2020-01-27,2901,3912,11348712,7356463,1134871,567435,9058769,2289943,20.18
2024-12-01,P0290,ゴムホース HD,樹脂・ゴム部品,2020-01-27,2842,4023,11433366,7411338,1143336,571668,9126342,2307024,20.18
2025-01-01,P0290,ゴムホース HD,樹脂・ゴム部品,2020-01-27,2917,4736,13814912,8955104,1381491,690745,11027340,2787572,20.18
2025-02-01,P0290,ゴムホース HD,樹脂・ゴム部品,2020-01-27,2918,3360,9804480,6355461,980448,490224,7826133,1978347,20.18
2025-03-01,P0290,ゴムホース HD,樹脂・ゴム部品,2020-01-27,2821,4450,12553450,8137399,1255345,627672,10020416,2533034,20.18
2025-04-01,P0290,ゴムホース HD,樹脂・ゴム部品,2020-01-27,2813,4039,11361707,7364887,1136170,568085,9069142,2292565,20.18
2025-05-01,P0290,ゴムホース HD,樹脂・ゴム部品,2020-01-27,2916,4151,12104316,7846261,1210431,605215,9661907,2442409,20.18
2025-06-01,P0290,ゴムホース HD,樹脂・ゴム部品,2020-01-27,2867,3797,10885999,7056523,1088599,544299,8689421,2196578,20.18
2025-07-01,P0290,ゴムホース HD,樹脂・ゴム部品,2020-01-27,2871,3571,10252341,6645773,1025234,512617,8183624,2068717,20.18
2025-08-01,P0290,ゴムホース HD,樹脂・ゴム部品,2020-01-27,2834,4493,12733162,8253892,1273316,636658,10163866,2569296,20.18
2025-09-01,P0290,ゴムホース HD,樹脂・ゴム部品,2020-01-27,2850,4094,11667900,7563367,1166790,583395,9313552,2354348,20.18
2025-10-01,P0290,ゴムホース HD,樹脂・ゴム部品,2020-01-27,2890,4406,12733340,9409568,1273334,636667,11319569,1413771,11.1
2025-11-01,P0290,ゴムホース HD,樹脂・ゴム部品,2020-01-27,2852,4327,12340604,9119347,1234060,617030,10970437,1370167,11.1
2025-12-01,P0290,ゴムホース HD,樹脂・ゴム部品,2020-01-27,2884,4167,12017628,8880678,1201762,600881,10683321,1334307,11.1
2026-01-01,P0290,ゴムホース HD,樹脂・ゴム部品,2020-01-27,2875,4298,12356750,9131279,1235675,617837,10984791,1371959,11.1
2026-02-01,P0290,ゴムホース HD,樹脂・ゴム部品,2020-01-27,2838,4596,13043448,9638729,1304344,652172,11595245,1448203,11.1
2026-03-01,P0290,ゴムホース HD,樹脂・ゴム部品,2020-01-27,2920,3296,9624320,7112092,962432,481216,8555740,1068580,11.1
2024-04-01,P0291,ダンパー 小型,樹脂・ゴム部品,2022-04-13,753,151,113703,71366,11370,5685,88421,25282,22.24
2024-05-01,P0291,ダンパー 小型,樹脂・ゴム部品,2022-04-13,751,152,114152,71648,11415,5707,88770,25382,22.24
2024-06-01,P0291,ダンパー 小型,樹脂・ゴム部品,2022-04-13,756,147,111132,69753,11113,5556,86422,24710,22.23
2024-07-01,P0291,ダンパー 小型,樹脂・ゴム部品,2022-04-13,745,131,97595,61256,9759,4879,75894,21701,22.24
2024-08-01,P0291,ダンパー 小型,樹脂・ゴム部品,2022-04-13,742,104,77168,48435,7716,3858,60009,17159,22.24
2024-09-01,P0291,ダンパー 小型,樹脂・ゴム部品,2022-04-13,743,153,113679,71351,11367,5683,88401,25278,22.24
2024-10-01,P0291,ダンパー 小型,樹脂・ゴム部品,2022-04-13,750,143,107250,67316,10725,5362,83403,23847,22.23
2024-11-01,P0291,ダンパー 小型,樹脂・ゴム部品,2022-04-13,764,120,91680,57543,9168,4584,71295,20385,22.23
2024-12-01,P0291,ダンパー 小型,樹脂・ゴム部品,2022-04-13,752,106,79712,50032,7971,3985,61988,17724,22.24
2025-01-01,P0291,ダンパー 小型,樹脂・ゴム部品,2022-04-13,737,128,94336,59211,9433,4716,73360,20976,22.24
2025-02-01,P0291,ダンパー 小型,樹脂・ゴム部品,2022-04-13,755,115,86825,54496,8682,4341,67519,19306,22.24
2025-03-01,P0291,ダンパー 小型,樹脂・ゴム部品,2022-04-13,759,109,82731,51927,8273,4136,64336,18395,22.23
2025-04-01,P0291,ダンパー 小型,樹脂・ゴム部品,2022-04-13,738,136,100368,62997,10036,5018,78051,22317,22.24
2025-05-01,P0291,ダンパー 小型,樹脂・ゴム部品,2022-04-13,739,119,87941,55197,8794,4397,68388,19553,22.23
2025-06-01,P0291,ダンパー 小型,樹脂・ゴム部品,2022-04-13,750,145,108750,68258,10875,5437,84570,24180,22.23
2025-07-01,P0291,ダンパー 小型,樹脂・ゴム部品,2022-04-13,751,104,78104,49022,7810,3905,60737,17367,22.24
2025-08-01,P0291,ダンパー 小型,樹脂・ゴム部品,2022-04-13,754,129,97266,61050,9726,4863,75639,21627,22.23
2025-09-01,P0291,ダンパー 小型,樹脂・ゴム部品,2022-04-13,736,106,78016,48967,7801,3900,60668,17348,22.24
2025-10-01,P0291,ダンパー 小型,樹脂・ゴム部品,2022-04-13,755,122,92110,65907,9211,4605,79723,12387,13.45
2025-11-01,P0291,ダンパー 小型,樹脂・ゴム部品,2022-04-13,743,139,103277,73898,10327,5163,89388,13889,13.45
2025-12-01,P0291,ダンパー 小型,樹脂・ゴム部品,2022-04-13,755,115,86825,62126,8682,4341,75149,11676,13.45
2026-01-01,P0291,ダンパー 小型,樹脂・ゴム部品,2022-04-13,751,105,78855,56423,7885,3942,68250,10605,13.45
2026-02-01,P0291,ダンパー 小型,樹脂・ゴム部品,2022-04-13,742,126,93492,66896,9349,4674,80919,12573,13.45
2026-03-01,P0291,ダンパー 小型,樹脂・ゴム部品,2022-04-13,741,131,97071,69457,9707,4853,84017,13054,13.45
2024-04-01,P0292,ダンパー 中型,樹脂・ゴム部品,2023-09-22,1182,328,387696,259797,38769,19384,317950,69746,17.99
2024-05-01,P0292,ダンパー 中型,樹脂・ゴム部品,2023-09-22,1164,383,445812,298741,44581,22290,365612,80200,17.99
2024-06-01,P0292,ダンパー 中型,樹脂・ゴム部品,2023-09-22,1198,399,478002,320312,47800,23900,392012,85990,17.99
2024-07-01,P0292,ダンパー 中型,樹脂・ゴム部品,2023-09-22,1172,451,528572,354199,52857,26428,433484,95088,17.99
2024-08-01,P0292,ダンパー 中型,樹脂・ゴム部品,2023-09-22,1177,337,396649,265797,39664,19832,325293,71356,17.99
2024-09-01,P0292,ダンパー 中型,樹脂・ゴム部品,2023-09-22,1182,441,521262,349301,52126,26063,427490,93772,17.99
2024-10-01,P0292,ダンパー 中型,樹脂・ゴム部品,2023-09-22,1198,351,420498,281778,42049,21024,344851,75647,17.99
2024-11-01,P0292,ダンパー 中型,樹脂・ゴム部品,2023-09-22,1189,311,369779,247791,36977,18488,303256,66523,17.99
2024-12-01,P0292,ダンパー 中型,樹脂・ゴム部品,2023-09-22,1192,374,445808,298739,44580,22290,365609,80199,17.99
2025-01-01,P0292,ダンパー 中型,樹脂・ゴム部品,2023-09-22,1178,417,491226,329174,49122,24561,402857,88369,17.99
2025-02-01,P0292,ダンパー 中型,樹脂・ゴム部品,2023-09-22,1188,403,478764,320823,47876,23938,392637,86127,17.99
2025-03-01,P0292,ダンパー 中型,樹脂・ゴム部品,2023-09-22,1205,326,392830,263238,39283,19641,322162,70668,17.99
2025-04-01,P0292,ダンパー 中型,樹脂・ゴム部品,2023-09-22,1207,421,508147,340512,50814,25407,416733,91414,17.99
2025-05-01,P0292,ダンパー 中型,樹脂・ゴム部品,2023-09-22,1174,415,487210,326482,48721,24360,399563,87647,17.99
2025-06-01,P0292,ダンパー 中型,樹脂・ゴム部品,2023-09-22,1181,371,438151,293608,43815,21907,359330,78821,17.99
2025-07-01,P0292,ダンパー 中型,樹脂・ゴム部品,2023-09-22,1182,311,367602,246332,36760,18380,301472,66130,17.99
2025-08-01,P0292,ダンパー 中型,樹脂・ゴム部品,2023-09-22,1163,358,416354,279001,41635,20817,341453,74901,17.99
2025-09-01,P0292,ダンパー 中型,樹脂・ゴム部品,2023-09-22,1170,435,508950,341050,50895,25447,417392,91558,17.99
2025-10-01,P0292,ダンパー 中型,樹脂・ゴム部品,2023-09-22,1200,382,458400,350181,45840,22920,418941,39459,8.61
2025-11-01,P0292,ダンパー 中型,樹脂・ゴム部品,2023-09-22,1171,398,466058,356031,46605,23302,425938,40120,8.61
2025-12-01,P0292,ダンパー 中型,樹脂・ゴム部品,2023-09-22,1199,400,479600,366377,47960,23980,438317,41283,8.61
2026-01-01,P0292,ダンパー 中型,樹脂・ゴム部品,2023-09-22,1178,436,513608,392356,51360,25680,469396,44212,8.61
2026-02-01,P0292,ダンパー 中型,樹脂・ゴム部品,2023-09-22,1192,310,369520,282284,36952,18476,337712,31808,8.61
2026-03-01,P0292,ダンパー 中型,樹脂・ゴム部品,2023-09-22,1200,340,408000,311680,40800,20400,372880,35120,8.61
2024-04-01,P0293,ダンパー 大型,樹脂・ゴム部品,2020-09-04,1865,488,910120,581070,91012,45506,717588,192532,21.15
2024-05-01,P0293,ダンパー 大型,樹脂・ゴム部品,2020-09-04,1860,454,844440,539136,84444,42222,665802,178638,21.15
2024-06-01,P0293,ダンパー 大型,樹脂・ゴム部品,2020-09-04,1807,464,838448,535310,83844,41922,661076,177372,21.15
2024-07-01,P0293,ダンパー 大型,樹脂・ゴム部品,2020-09-04,1845,492,907740,579550,90774,45387,715711,192029,21.15
2024-08-01,P0293,ダンパー 大型,樹脂・ゴム部品,2020-09-04,1812,524,949488,606204,94948,47474,748626,200862,21.15
2024-09-01,P0293,ダンパー 大型,樹脂・ゴム部品,2020-09-04,1854,410,760140,485314,76014,38007,599335,160805,21.15
2024-10-01,P0293,ダンパー 大型,樹脂・ゴム部品,2020-09-04,1840,363,667920,426436,66792,33396,526624,141296,21.15
2024-11-01,P0293,ダンパー 大型,樹脂・ゴム部品,2020-09-04,1806,446,805476,514259,80547,40273,635079,170397,21.15
2024-12-01,P0293,ダンパー 大型,樹脂・ゴム部品,2020-09-04,1853,381,705993,450744,70599,35299,556642,149351,21.15
2025-01-01,P0293,ダンパー 大型,樹脂・ゴム部品,2020-09-04,1849,354,654546,417897,65454,32727,516078,138468,21.15
2025-02-01,P0293,ダンパー 大型,樹脂・ゴム部品,2020-09-04,1841,480,883680,564189,88368,44184,696741,186939,21.15
2025-03-01,P0293,ダンパー 大型,樹脂・ゴム部品,2020-09-04,1796,424,761504,486185,76150,38075,600410,161094,21.15
2025-04-01,P0293,ダンパー 大型,樹脂・ゴム部品,2020-09-04,1803,493,888879,567508,88887,44443,700838,188041,21.15
2025-05-01,P0293,ダンパー 大型,樹脂・ゴム部品,2020-09-04,1863,401,747063,476965,74706,37353,589024,158039,21.15
2025-06-01,P0293,ダンパー 大型,樹脂・ゴム部品,2020-09-04,1813,405,734265,468794,73426,36713,578933,155332,21.15
2025-07-01,P0293,ダンパー 大型,樹脂・ゴム部品,2020-09-04,1800,523,941400,601041,94140,47070,742251,199149,21.15
2025-08-01,P0293,ダンパー 大型,樹脂・ゴム部品,2020-09-04,1826,380,693880,443010,69388,34694,547092,146788,21.15
2025-09-01,P0293,ダンパー 大型,樹脂・ゴム部品,2020-09-04,1859,490,910910,581574,91091,45545,718210,192700,21.15
2025-10-01,P0293,ダンパー 大型,樹脂・ゴム部品,2020-09-04,1865,484,902660,656990,90266,45133,792389,110271,12.22
2025-11-01,P0293,ダンパー 大型,樹脂・ゴム部品,2020-09-04,1839,354,651006,473826,65100,32550,571476,79530,12.22
2025-12-01,P0293,ダンパー 大型,樹脂・ゴム部品,2020-09-04,1861,372,692292,503876,69229,34614,607719,84573,12.22
2026-01-01,P0293,ダンパー 大型,樹脂・ゴム部品,2020-09-04,1816,516,937056,682025,93705,46852,822582,114474,12.22
2026-02-01,P0293,ダンパー 大型,樹脂・ゴム部品,2020-09-04,1840,497,914480,665593,91448,45724,802765,111715,12.22
2026-03-01,P0293,ダンパー 大型,樹脂・ゴム部品,2020-09-04,1838,369,678222,493635,67822,33911,595368,82854,12.22
2024-04-01,P0294,ダンパー 業務用,樹脂・ゴム部品,2022-09-18,2677,542,1450934,891648,145093,72546,1109287,341647,23.55
2024-05-01,P0294,ダンパー 業務用,樹脂・ゴム部品,2022-09-18,2722,700,1905400,1170933,190540,95270,1456743,448657,23.55
2024-06-01,P0294,ダンパー 業務用,樹脂・ゴム部品,2022-09-18,2755,571,1573105,966726,157310,78655,1202691,370414,23.55
2024-07-01,P0294,ダンパー 業務用,樹脂・ゴム部品,2022-09-18,2710,612,1658520,1019217,165852,82926,1267995,390525,23.55
2024-08-01,P0294,ダンパー 業務用,樹脂・ゴム部品,2022-09-18,2767,493,1364131,838305,136413,68206,1042924,321207,23.55
2024-09-01,P0294,ダンパー 業務用,樹脂・ゴム部品,2022-09-18,2750,584,1606000,986942,160600,80300,1227842,378158,23.55
2024-10-01,P0294,ダンパー 業務用,樹脂・ゴム部品,2022-09-18,2679,672,1800288,1106338,180028,90014,1376380,423908,23.55
2024-11-01,P0294,ダンパー 業務用,樹脂・ゴム部品,2022-09-18,2759,672,1854048,1139376,185404,92702,1417482,436566,23.55
2024-12-01,P0294,ダンパー 業務用,樹脂・ゴム部品,2022-09-18,2702,693,1872486,1150706,187248,93624,1431578,440908,23.55
2025-01-01,P0294,ダンパー 業務用,樹脂・ゴム部品,2022-09-18,2749,546,1500954,922387,150095,75047,1147529,353425,23.55
2025-02-01,P0294,ダンパー 業務用,樹脂・ゴム部品,2022-09-18,2785,688,1916080,1177496,191608,95804,1464908,451172,23.55
2025-03-01,P0294,ダンパー 業務用,樹脂・ゴム部品,2022-09-18,2736,568,1554048,955015,155404,77702,1188121,365927,23.55
2025-04-01,P0294,ダンパー 業務用,樹脂・ゴム部品,2022-09-18,2753,510,1404030,862824,140403,70201,1073428,330602,23.55
2025-05-01,P0294,ダンパー 業務用,樹脂・ゴム部品,2022-09-18,2764,667,1843588,1132948,184358,92179,1409485,434103,23.55
2025-06-01,P0294,ダンパー 業務用,樹脂・ゴム部品,2022-09-18,2782,551,1532882,942008,153288,76644,1171940,360942,23.55
2025-07-01,P0294,ダンパー 業務用,樹脂・ゴム部品,2022-09-18,2731,498,1360038,835789,136003,68001,1039793,320245,23.55
2025-08-01,P0294,ダンパー 業務用,樹脂・ゴム部品,2022-09-18,2735,600,1641000,1008450,164100,82050,1254600,386400,23.55
2025-09-01,P0294,ダンパー 業務用,樹脂・ゴム部品,2022-09-18,2743,648,1777464,1092312,177746,88873,1358931,418533,23.55
2025-10-01,P0294,ダンパー 業務用,樹脂・ゴム部品,2022-09-18,2697,488,1316136,922044,131613,65806,1119463,196673,14.94
2025-11-01,P0294,ダンパー 業務用,樹脂・ゴム部品,2022-09-18,2753,595,1638035,1147556,163803,81901,1393260,244775,14.94
2025-12-01,P0294,ダンパー 業務用,樹脂・ゴム部品,2022-09-18,2716,591,1605156,1124522,160515,80257,1365294,239862,14.94
2026-01-01,P0294,ダンパー 業務用,樹脂・ゴム部品,2022-09-18,2763,482,1331766,932994,133176,66588,1132758,199008,14.94
2026-02-01,P0294,ダンパー 業務用,樹脂・ゴム部品,2022-09-18,2736,587,1606032,1125136,160603,80301,1366040,239992,14.94
2026-03-01,P0294,ダンパー 業務用,樹脂・ゴム部品,2022-09-18,2706,580,1569480,1099529,156948,78474,1334951,234529,14.94
2024-04-01,P0295,ダンパー HD,樹脂・ゴム部品,2023-04-02,3733,491,1832903,1086898,183290,91645,1361833,471070,25.7
2024-05-01,P0295,ダンパー HD,樹脂・ゴム部品,2023-04-02,3673,541,1987093,1178332,198709,99354,1476395,510698,25.7
2024-06-01,P0295,ダンパー HD,樹脂・ゴム部品,2023-04-02,3686,713,2628118,1558455,262811,131405,1952671,675447,25.7
2024-07-01,P0295,ダンパー HD,樹脂・ゴム部品,2023-04-02,3686,598,2204228,1307091,220422,110211,1637724,566504,25.7
2024-08-01,P0295,ダンパー HD,樹脂・ゴム部品,2023-04-02,3629,545,1977805,1172824,197780,98890,1469494,508311,25.7
2024-09-01,P0295,ダンパー HD,樹脂・ゴム部品,2023-04-02,3699,679,2511621,1489373,251162,125581,1866116,645505,25.7
2024-10-01,P0295,ダンパー HD,樹脂・ゴム部品,2023-04-02,3770,647,2439190,1446422,243919,121959,1812300,626890,25.7
2024-11-01,P0295,ダンパー HD,樹脂・ゴム部品,2023-04-02,3728,477,1778256,1054493,177825,88912,1321230,457026,25.7
2024-12-01,P0295,ダンパー HD,樹脂・ゴム部品,2023-04-02,3696,504,1862784,1104618,186278,93139,1384035,478749,25.7
2025-01-01,P0295,ダンパー HD,樹脂・ゴム部品,2023-04-02,3639,678,2467242,1463057,246724,123362,1833143,634099,25.7
2025-02-01,P0295,ダンパー HD,樹脂・ゴム部品,2023-04-02,3714,712,2644368,1568091,264436,132218,1964745,679623,25.7
2025-03-01,P0295,ダンパー HD,樹脂・ゴム部品,2023-04-02,3631,570,2069670,1227300,206967,103483,1537750,531920,25.7
2025-04-01,P0295,ダンパー HD,樹脂・ゴム部品,2023-04-02,3702,616,2280432,1352280,228043,114021,1694344,586088,25.7
2025-05-01,P0295,ダンパー HD,樹脂・ゴム部品,2023-04-02,3701,527,1950427,1156589,195042,97521,1449152,501275,25.7
2025-06-01,P0295,ダンパー HD,樹脂・ゴム部品,2023-04-02,3776,479,1808704,1072548,180870,90435,1343853,464851,25.7
2025-07-01,P0295,ダンパー HD,樹脂・ゴム部品,2023-04-02,3700,555,2053500,1217711,205350,102675,1525736,527764,25.7
2025-08-01,P0295,ダンパー HD,樹脂・ゴム部品,2023-04-02,3734,663,2475642,1468038,247564,123782,1839384,636258,25.7
2025-09-01,P0295,ダンパー HD,樹脂・ゴム部品,2023-04-02,3768,688,2592384,1537265,259238,129619,1926122,666262,25.7
2025-10-01,P0295,ダンパー HD,樹脂・ゴム部品,2023-04-02,3686,521,1920406,1298217,192040,96020,1586277,334129,17.4
2025-11-01,P0295,ダンパー HD,樹脂・ゴム部品,2023-04-02,3635,639,2322765,1570217,232276,116138,1918631,404134,17.4
2025-12-01,P0295,ダンパー HD,樹脂・ゴム部品,2023-04-02,3629,647,2347963,1587251,234796,117398,1939445,408518,17.4
2026-01-01,P0295,ダンパー HD,樹脂・ゴム部品,2023-04-02,3735,694,2592090,1752284,259209,129604,2141097,450993,17.4
2026-02-01,P0295,ダンパー HD,樹脂・ゴム部品,2023-04-02,3692,611,2255812,1524956,225581,112790,1863327,392485,17.4
2026-03-01,P0295,ダンパー HD,樹脂・ゴム部品,2023-04-02,3738,711,2657718,1796649,265771,132885,2195305,462413,17.4
2024-04-01,P0296,コネクタハウジング 小型,樹脂・ゴム部品,2021-10-28,201,2845,571845,326452,57184,28592,412228,159617,27.91
2024-05-01,P0296,コネクタハウジング 小型,樹脂・ゴム部品,2021-10-28,202,2069,417938,238590,41793,20896,301279,116659,27.91
2024-06-01,P0296,コネクタハウジング 小型,樹脂・ゴム部品,2021-10-28,206,2674,550844,314463,55084,27542,397089,153755,27.91
2024-07-01,P0296,コネクタハウジング 小型,樹脂・ゴム部品,2021-10-28,208,2342,487136,278094,48713,24356,351163,135973,27.91
2024-08-01,P0296,コネクタハウジング 小型,樹脂・ゴム部品,2021-10-28,207,2108,436356,249105,43635,21817,314557,121799,27.91
2024-09-01,P0296,コネクタハウジング 小型,樹脂・ゴム部品,2021-10-28,204,2498,509592,290914,50959,25479,367352,142240,27.91
2024-10-01,P0296,コネクタハウジング 小型,樹脂・ゴム部品,2021-10-28,206,2040,420240,239905,42024,21012,302941,117299,27.91
2024-11-01,P0296,コネクタハウジング 小型,樹脂・ゴム部品,2021-10-28,203,2791,566573,323443,56657,28328,408428,158145,27.91
2024-12-01,P0296,コネクタハウジング 小型,樹脂・ゴム部品,2021-10-28,205,2535,519675,296670,51967,25983,374620,145055,27.91
2025-01-01,P0296,コネクタハウジング 小型,樹脂・ゴム部品,2021-10-28,205,2384,488720,278998,48872,24436,352306,136414,27.91
2025-02-01,P0296,コネクタハウジング 小型,樹脂・ゴム部品,2021-10-28,208,2451,509808,291037,50980,25490,367507,142301,27.91
2025-03-01,P0296,コネクタハウジング 小型,樹脂・ゴム部品,2021-10-28,201,2738,550338,314175,55033,27516,396724,153614,27.91
2025-04-01,P0296,コネクタハウジング 小型,樹脂・ゴム部品,2021-10-28,203,2820,572460,326803,57246,28623,412672,159788,27.91
2025-05-01,P0296,コネクタハウジング 小型,樹脂・ゴム部品,2021-10-28,205,2956,605980,345939,60598,30299,436836,169144,27.91
2025-06-01,P0296,コネクタハウジング 小型,樹脂・ゴム部品,2021-10-28,206,2042,420652,240140,42065,21032,303237,117415,27.91
2025-07-01,P0296,コネクタハウジング 小型,樹脂・ゴム部品,2021-10-28,208,2146,446368,254820,44636,22318,321774,124594,27.91
2025-08-01,P0296,コネクタハウジング 小型,樹脂・ゴム部品,2021-10-28,206,2969,611614,349156,61161,30580,440897,170717,27.91
2025-09-01,P0296,コネクタハウジング 小型,樹脂・ゴム部品,2021-10-28,205,2551,522955,298542,52295,26147,376984,145971,27.91
2025-10-01,P0296,コネクタハウジング 小型,樹脂・ゴム部品,2021-10-28,201,2446,491646,319962,49164,24582,393708,97938,19.92
2025-11-01,P0296,コネクタハウジング 小型,樹脂・ゴム部品,2021-10-28,203,2950,598850,389731,59885,29942,479558,119292,19.92
2025-12-01,P0296,コネクタハウジング 小型,樹脂・ゴム部品,2021-10-28,202,2329,470458,306173,47045,23522,376740,93718,19.92
2026-01-01,P0296,コネクタハウジング 小型,樹脂・ゴム部品,2021-10-28,208,3014,626912,407993,62691,31345,502029,124883,19.92
2026-02-01,P0296,コネクタハウジング 小型,樹脂・ゴム部品,2021-10-28,203,2366,480298,312577,48029,24014,384620,95678,19.92
2026-03-01,P0296,コネクタハウジング 小型,樹脂・ゴム部品,2021-10-28,204,2825,576300,375055,57630,28815,461500,114800,19.92
2024-04-01,P0297,コネクタハウジング 中型,樹脂・ゴム部品,2023-04-04,354,6776,2398704,1620334,239870,119935,1980139,418565,17.45
2024-05-01,P0297,コネクタハウジング 中型,樹脂・ゴム部品,2023-04-04,353,4881,1722993,1163888,172299,86149,1422336,300657,17.45
2024-06-01,P0297,コネクタハウジング 中型,樹脂・ゴム部品,2023-04-04,349,6976,2434624,1644598,243462,121731,2009791,424833,17.45
2024-07-01,P0297,コネクタハウジング 中型,樹脂・ゴム部品,2023-04-04,349,6730,2348770,1586603,234877,117438,1938918,409852,17.45
2024-08-01,P0297,コネクタハウジング 中型,樹脂・ゴム部品,2023-04-04,353,6939,2449467,1654624,244946,122473,2022043,427424,17.45
2024-09-01,P0297,コネクタハウジング 中型,樹脂・ゴム部品,2023-04-04,350,4896,1713600,1157543,171360,85680,1414583,299017,17.45
2024-10-01,P0297,コネクタハウジング 中型,樹脂・ゴム部品,2023-04-04,349,4787,1670663,1128539,167066,83533,1379138,291525,17.45
2024-11-01,P0297,コネクタハウジング 中型,樹脂・ゴム部品,2023-04-04,347,6809,2362723,1596029,236272,118136,1950437,412286,17.45
2024-12-01,P0297,コネクタハウジング 中型,樹脂・ゴム部品,2023-04-04,345,6891,2377395,1605940,237739,118869,1962548,414847,17.45
2025-01-01,P0297,コネクタハウジング 中型,樹脂・ゴム部品,2023-04-04,357,6223,2221611,1500707,222161,111080,1833948,387663,17.45
2025-02-01,P0297,コネクタハウジング 中型,樹脂・ゴム部品,2023-04-04,356,6198,2206488,1490491,220648,110324,1821463,385025,17.45
2025-03-01,P0297,コネクタハウジング 中型,樹脂・ゴム部品,2023-04-04,352,6985,2458720,1660875,245872,122936,2029683,429037,17.45
2025-04-01,P0297,コネクタハウジング 中型,樹脂・ゴム部品,2023-04-04,344,6498,2235312,1509962,223531,111765,1845258,390054,17.45
2025-05-01,P0297,コネクタハウジング 中型,樹脂・ゴム部品,2023-04-04,348,5669,1972812,1332642,197281,98640,1628563,344249,17.45
2025-06-01,P0297,コネクタハウジング 中型,樹脂・ゴム部品,2023-04-04,353,6596,2328388,1572835,232838,116419,1922092,406296,17.45
2025-07-01,P0297,コネクタハウジング 中型,樹脂・ゴム部品,2023-04-04,357,6106,2179842,1472492,217984,108992,1799468,380374,17.45
2025-08-01,P0297,コネクタハウジング 中型,樹脂・ゴム部品,2023-04-04,357,4878,1741446,1176353,174144,87072,1437569,303877,17.45
2025-09-01,P0297,コネクタハウジング 中型,樹脂・ゴム部品,2023-04-04,348,4906,1707288,1153279,170728,85364,1409371,297917,17.45
2025-10-01,P0297,コネクタハウジング 中型,樹脂・ゴム部品,2023-04-04,348,6143,2137764,1646237,213776,106888,1966901,170863,7.99
2025-11-01,P0297,コネクタハウジング 中型,樹脂・ゴム部品,2023-04-04,354,6265,2217810,1707879,221781,110890,2040550,177260,7.99
2025-12-01,P0297,コネクタハウジング 中型,樹脂・ゴム部品,2023-04-04,346,6606,2285676,1760141,228567,114283,2102991,182685,7.99
2026-01-01,P0297,コネクタハウジング 中型,樹脂・ゴム部品,2023-04-04,344,5096,1753024,1349959,175302,87651,1612912,140112,7.99
2026-02-01,P0297,コネクタハウジング 中型,樹脂・ゴム部品,2023-04-04,345,5817,2006865,1545435,200686,100343,1846464,160401,7.99
2026-03-01,P0297,コネクタハウジング 中型,樹脂・ゴム部品,2023-04-04,355,5415,1922325,1480333,192232,96116,1768681,153644,7.99
2024-04-01,P0298,コネクタハウジング 大型,樹脂・ゴム部品,2019-12-09,553,648,358344,237997,35834,17917,291748,66596,18.58
2024-05-01,P0298,コネクタハウジング 大型,樹脂・ゴム部品,2019-12-09,557,589,328073,217892,32807,16403,267102,60971,18.58
2024-06-01,P0298,コネクタハウジング 大型,樹脂・ゴム部品,2019-12-09,563,545,306835,203787,30683,15341,249811,57024,18.58
2024-07-01,P0298,コネクタハウジング 大型,樹脂・ゴム部品,2019-12-09,568,676,383968,255015,38396,19198,312609,71359,18.58
2024-08-01,P0298,コネクタハウジング 大型,樹脂・ゴム部品,2019-12-09,568,520,295360,196166,29536,14768,240470,54890,18.58
2024-09-01,P0298,コネクタハウジング 大型,樹脂・ゴム部品,2019-12-09,555,678,376290,249916,37629,18814,306359,69931,18.58
2024-10-01,P0298,コネクタハウジング 大型,樹脂・ゴム部品,2019-12-09,558,646,360468,239408,36046,18023,293477,66991,18.58
2024-11-01,P0298,コネクタハウジング 大型,樹脂・ゴム部品,2019-12-09,574,494,283556,188326,28355,14177,230858,52698,18.58
2024-12-01,P0298,コネクタハウジング 大型,樹脂・ゴム部品,2019-12-09,570,459,261630,173763,26163,13081,213007,48623,18.58
2025-01-01,P0298,コネクタハウジング 大型,樹脂・ゴム部品,2019-12-09,567,479,271593,180380,27159,13579,221118,50475,18.58
2025-02-01,P0298,コネクタハウジング 大型,樹脂・ゴム部品,2019-12-09,573,602,344946,229099,34494,17247,280840,64106,18.58
2025-03-01,P0298,コネクタハウジング 大型,樹脂・ゴム部品,2019-12-09,569,648,368712,244883,36871,18435,300189,68523,18.58
2025-04-01,P0298,コネクタハウジング 大型,樹脂・ゴム部品,2019-12-09,557,546,304122,201985,30412,15206,247603,56519,18.58
2025-05-01,P0298,コネクタハウジング 大型,樹脂・ゴム部品,2019-12-09,564,605,341220,226624,34122,17061,277807,63413,18.58
2025-06-01,P0298,コネクタハウジング 大型,樹脂・ゴム部品,2019-12-09,575,477,274275,182162,27427,13713,223302,50973,18.58
2025-07-01,P0298,コネクタハウジング 大型,樹脂・ゴム部品,2019-12-09,553,531,293643,195025,29364,14682,239071,54572,18.58
2025-08-01,P0298,コネクタハウジング 大型,樹脂・ゴム部品,2019-12-09,566,666,376956,250358,37695,18847,306900,70056,18.58
2025-09-01,P0298,コネクタハウジング 大型,樹脂・ゴム部品,2019-12-09,557,627,349239,231950,34923,17461,284334,64905,18.58
2025-10-01,P0298,コネクタハウジング 大型,樹脂・ゴム部品,2019-12-09,568,552,313536,237391,31353,15676,284420,29116,9.29
2025-11-01,P0298,コネクタハウジング 大型,樹脂・ゴム部品,2019-12-09,569,517,294173,222730,29417,14708,266855,27318,9.29
2025-12-01,P0298,コネクタハウジング 大型,樹脂・ゴム部品,2019-12-09,558,513,286254,216734,28625,14312,259671,26583,9.29
2026-01-01,P0298,コネクタハウジング 大型,樹脂・ゴム部品,2019-12-09,560,462,258720,195887,25872,12936,234695,24025,9.29
2026-02-01,P0298,コネクタハウジング 大型,樹脂・ゴム部品,2019-12-09,570,516,294120,222690,29412,14706,266808,27312,9.29
2026-03-01,P0298,コネクタハウジング 大型,樹脂・ゴム部品,2019-12-09,557,590,328630,248819,32863,16431,298113,30517,9.29
2024-04-01,P0299,コネクタハウジング 業務用,樹脂・ゴム部品,2022-08-24,790,8547,6752130,4136552,675213,337606,5149371,1602759,23.74
2024-05-01,P0299,コネクタハウジング 業務用,樹脂・ゴム部品,2022-08-24,799,11092,8862508,5429431,886250,443125,6758806,2103702,23.74
2024-06-01,P0299,コネクタハウジング 業務用,樹脂・ゴム部品,2022-08-24,786,10181,8002266,4902422,800226,400113,6102761,1899505,23.74
2024-07-01,P0299,コネクタハウジング 業務用,樹脂・ゴム部品,2022-08-24,801,8159,6535359,4003752,653535,326767,4984054,1551305,23.74
2024-08-01,P0299,コネクタハウジング 業務用,樹脂・ゴム部品,2022-08-24,796,9862,7850152,4809232,785015,392507,5986754,1863398,23.74
2024-09-01,P0299,コネクタハウジング 業務用,樹脂・ゴム部品,2022-08-24,788,11426,9003688,5515922,900368,450184,6866474,2137214,23.74
2024-10-01,P0299,コネクタハウジング 業務用,樹脂・ゴム部品,2022-08-24,794,10756,8540264,5232015,854026,427013,6513054,2027210,23.74
2024-11-01,P0299,コネクタハウジング 業務用,樹脂・ゴム部品,2022-08-24,778,8584,6678352,4091353,667835,333917,5093105,1585247,23.74
2024-12-01,P0299,コネクタハウジング 業務用,樹脂・ゴム部品,2022-08-24,786,10047,7896942,4837897,789694,394847,6022438,1874504,23.74
2025-01-01,P0299,コネクタハウジング 業務用,樹脂・ゴム部品,2022-08-24,799,10352,8271248,5067208,827124,413562,6307894,1963354,23.74
2025-02-01,P0299,コネクタハウジング 業務用,樹脂・ゴム部品,2022-08-24,794,9430,7487420,4587012,748742,374371,5710125,1777295,23.74
2025-03-01,P0299,コネクタハウジング 業務用,樹脂・ゴム部品,2022-08-24,792,10087,7988904,4894236,798890,399445,6092571,1896333,23.74
2025-04-01,P0299,コネクタハウジング 業務用,樹脂・ゴム部品,2022-08-24,779,11050,8607950,5273482,860795,430397,6564674,2043276,23.74
2025-05-01,P0299,コネクタハウジング 業務用,樹脂・ゴム部品,2022-08-24,778,11444,8903432,5454502,890343,445171,6790016,2113416,23.74
2025-06-01,P0299,コネクタハウジング 業務用,樹脂・ゴム部品,2022-08-24,799,8480,6775520,4150881,677552,338776,5167209,1608311,23.74
2025-07-01,P0299,コネクタハウジング 業務用,樹脂・ゴム部品,2022-08-24,785,8007,6285495,3850678,628549,314274,4793501,1491994,23.74
2025-08-01,P0299,コネクタハウジング 業務用,樹脂・ゴム部品,2022-08-24,800,8272,6617600,4054135,661760,330880,5046775,1570825,23.74
2025-09-01,P0299,コネクタハウジング 業務用,樹脂・ゴム部品,2022-08-24,779,9904,7715216,4726567,771521,385760,5883848,1831368,23.74
2025-10-01,P0299,コネクタハウジング 業務用,樹脂・ゴム部品,2022-08-24,783,9448,7397784,5166592,739778,369889,6276259,1121525,15.16
2025-11-01,P0299,コネクタハウジング 業務用,樹脂・ゴム部品,2022-08-24,780,11397,8889660,6208515,888966,444483,7541964,1347696,15.16
2025-12-01,P0299,コネクタハウジング 業務用,樹脂・ゴム部品,2022-08-24,792,9978,7902576,5519138,790257,395128,6704523,1198053,15.16
2026-01-01,P0299,コネクタハウジング 業務用,樹脂・ゴム部品,2022-08-24,807,9901,7990107,5580269,799010,399505,6778784,1211323,15.16
2026-02-01,P0299,コネクタハウジング 業務用,樹脂・ゴム部品,2022-08-24,800,8992,7193600,5023991,719360,359680,6103031,1090569,15.16
2026-03-01,P0299,コネクタハウジング 業務用,樹脂・ゴム部品,2022-08-24,798,9399,7500402,5238260,750040,375020,6363320,1137082,15.16
2024-04-01,P0300,コネクタハウジング HD,樹脂・ゴム部品,2022-01-13,1024,251,257024,153725,25702,12851,192278,64746,25.19
2024-05-01,P0300,コネクタハウジング HD,樹脂・ゴム部品,2022-01-13,1061,237,251457,150395,25145,12572,188112,63345,25.19
2024-06-01,P0300,コネクタハウジング HD,樹脂・ゴム部品,2022-01-13,1031,315,324765,194241,32476,16238,242955,81810,25.19
2024-07-01,P0300,コネクタハウジング HD,樹脂・ゴム部品,2022-01-13,1050,286,300300,179608,30030,15015,224653,75647,25.19
2024-08-01,P0300,コネクタハウジング HD,樹脂・ゴム部品,2022-01-13,1039,266,276374,165298,27637,13818,206753,69621,25.19
2024-09-01,P0300,コネクタハウジング HD,樹脂・ゴム部品,2022-01-13,1030,307,316210,189124,31621,15810,236555,79655,25.19
2024-10-01,P0300,コネクタハウジング HD,樹脂・ゴム部品,2022-01-13,1029,285,293265,175401,29326,14663,219390,73875,25.19
2024-11-01,P0300,コネクタハウジング HD,樹脂・ゴム部品,2022-01-13,1049,226,237074,141793,23707,11853,177353,59721,25.19
2024-12-01,P0300,コネクタハウジング HD,樹脂・ゴム部品,2022-01-13,1062,306,324972,194365,32497,16248,243110,81862,25.19
2025-01-01,P0300,コネクタハウジング HD,樹脂・ゴム部品,2022-01-13,1051,246,258546,154635,25854,12927,193416,65130,25.19
2025-02-01,P0300,コネクタハウジング HD,樹脂・ゴム部品,2022-01-13,1048,333,348984,208726,34898,17449,261073,87911,25.19
2025-03-01,P0300,コネクタハウジング HD,樹脂・ゴム部品,2022-01-13,1062,335,355770,212785,35577,17788,266150,89620,25.19
2025-04-01,P0300,コネクタハウジング HD,樹脂・ゴム部品,2022-01-13,1062,316,335592,200716,33559,16779,251054,84538,25.19
2025-05-01,P0300,コネクタハウジング HD,樹脂・ゴム部品,2022-01-13,1041,297,309177,184918,30917,15458,231293,77884,25.19
2025-06-01,P0300,コネクタハウジング HD,樹脂・ゴム部品,2022-01-13,1055,330,348150,208227,34815,17407,260449,87701,25.19
2025-07-01,P0300,コネクタハウジング HD,樹脂・ゴム部品,2022-01-13,1033,238,245854,147044,24585,12292,183921,61933,25.19
2025-08-01,P0300,コネクタハウジング HD,樹脂・ゴム部品,2022-01-13,1056,255,269280,161055,26928,13464,201447,67833,25.19
2025-09-01,P0300,コネクタハウジング HD,樹脂・ゴム部品,2022-01-13,1033,252,260316,155694,26031,13015,194740,65576,25.19
2025-10-01,P0300,コネクタハウジング HD,樹脂・ゴム部品,2022-01-13,1024,284,290816,198287,29081,14540,241908,48908,16.82
2025-11-01,P0300,コネクタハウジング HD,樹脂・ゴム部品,2022-01-13,1041,335,348735,237778,34873,17436,290087,58648,16.82
2025-12-01,P0300,コネクタハウジング HD,樹脂・ゴム部品,2022-01-13,1032,247,254904,173801,25490,12745,212036,42868,16.82
2026-01-01,P0300,コネクタハウジング HD,樹脂・ゴム部品,2022-01-13,1047,316,330852,225585,33085,16542,275212,55640,16.82
2026-02-01,P0300,コネクタハウジング HD,樹脂・ゴム部品,2022-01-13,1034,278,287452,195993,28745,14372,239110,48342,16.82
2026-03-01,P0300,コネクタハウジング HD,樹脂・ゴム部品,2022-01-13,1053,328,345384,235493,34538,17269,287300,58084,16.82
